# insulators
# generated for a 36 m 220 kV double-circuit tower, 200 m span, 4.5 m sag
# 6888 vertices, 3360 triangles
# generated by tools/gen_powerline.py -- do not hand-edit
o insulators
v 0.0000 -5.4600 19.7160
v 0.0000 -5.4600 19.6549
v 0.0823 -5.4867 19.6549
v 0.0823 -5.4867 19.7160
v 0.0823 -5.4867 19.7160
v 0.0823 -5.4867 19.6549
v 0.1331 -5.5567 19.6549
v 0.1331 -5.5567 19.7160
v 0.1331 -5.5567 19.7160
v 0.1331 -5.5567 19.6549
v 0.1331 -5.6433 19.6549
v 0.1331 -5.6433 19.7160
v 0.1331 -5.6433 19.7160
v 0.1331 -5.6433 19.6549
v 0.0823 -5.7133 19.6549
v 0.0823 -5.7133 19.7160
v 0.0823 -5.7133 19.7160
v 0.0823 -5.7133 19.6549
v 0.0000 -5.7400 19.6549
v 0.0000 -5.7400 19.7160
v 0.0000 -5.7400 19.7160
v 0.0000 -5.7400 19.6549
v -0.0823 -5.7133 19.6549
v -0.0823 -5.7133 19.7160
v -0.0823 -5.7133 19.7160
v -0.0823 -5.7133 19.6549
v -0.1331 -5.6433 19.6549
v -0.1331 -5.6433 19.7160
v -0.1331 -5.6433 19.7160
v -0.1331 -5.6433 19.6549
v -0.1331 -5.5567 19.6549
v -0.1331 -5.5567 19.7160
v -0.1331 -5.5567 19.7160
v -0.1331 -5.5567 19.6549
v -0.0823 -5.4867 19.6549
v -0.0823 -5.4867 19.7160
v -0.0823 -5.4867 19.7160
v -0.0823 -5.4867 19.6549
v 0.0000 -5.4600 19.6549
v 0.0000 -5.4600 19.7160
v 0.0000 -5.6000 19.7160
v 0.0000 -5.4600 19.7160
v 0.0823 -5.4867 19.7160
v 0.0823 -5.4867 19.7160
v 0.1331 -5.5567 19.7160
v 0.1331 -5.5567 19.7160
v 0.1331 -5.6433 19.7160
v 0.1331 -5.6433 19.7160
v 0.0823 -5.7133 19.7160
v 0.0823 -5.7133 19.7160
v 0.0000 -5.7400 19.7160
v 0.0000 -5.7400 19.7160
v -0.0823 -5.7133 19.7160
v -0.0823 -5.7133 19.7160
v -0.1331 -5.6433 19.7160
v -0.1331 -5.6433 19.7160
v -0.1331 -5.5567 19.7160
v -0.1331 -5.5567 19.7160
v -0.0823 -5.4867 19.7160
v -0.0823 -5.4867 19.7160
v 0.0000 -5.4600 19.7160
v 0.0000 -5.6000 19.6549
v 0.0000 -5.4600 19.6549
v 0.0823 -5.4867 19.6549
v 0.0823 -5.4867 19.6549
v 0.1331 -5.5567 19.6549
v 0.1331 -5.5567 19.6549
v 0.1331 -5.6433 19.6549
v 0.1331 -5.6433 19.6549
v 0.0823 -5.7133 19.6549
v 0.0823 -5.7133 19.6549
v 0.0000 -5.7400 19.6549
v 0.0000 -5.7400 19.6549
v -0.0823 -5.7133 19.6549
v -0.0823 -5.7133 19.6549
v -0.1331 -5.6433 19.6549
v -0.1331 -5.6433 19.6549
v -0.1331 -5.5567 19.6549
v -0.1331 -5.5567 19.6549
v -0.0823 -5.4867 19.6549
v -0.0823 -5.4867 19.6549
v 0.0000 -5.4600 19.6549
v 0.0000 -5.4600 19.5803
v 0.0000 -5.4600 19.5192
v 0.0823 -5.4867 19.5192
v 0.0823 -5.4867 19.5803
v 0.0823 -5.4867 19.5803
v 0.0823 -5.4867 19.5192
v 0.1331 -5.5567 19.5192
v 0.1331 -5.5567 19.5803
v 0.1331 -5.5567 19.5803
v 0.1331 -5.5567 19.5192
v 0.1331 -5.6433 19.5192
v 0.1331 -5.6433 19.5803
v 0.1331 -5.6433 19.5803
v 0.1331 -5.6433 19.5192
v 0.0823 -5.7133 19.5192
v 0.0823 -5.7133 19.5803
v 0.0823 -5.7133 19.5803
v 0.0823 -5.7133 19.5192
v 0.0000 -5.7400 19.5192
v 0.0000 -5.7400 19.5803
v 0.0000 -5.7400 19.5803
v 0.0000 -5.7400 19.5192
v -0.0823 -5.7133 19.5192
v -0.0823 -5.7133 19.5803
v -0.0823 -5.7133 19.5803
v -0.0823 -5.7133 19.5192
v -0.1331 -5.6433 19.5192
v -0.1331 -5.6433 19.5803
v -0.1331 -5.6433 19.5803
v -0.1331 -5.6433 19.5192
v -0.1331 -5.5567 19.5192
v -0.1331 -5.5567 19.5803
v -0.1331 -5.5567 19.5803
v -0.1331 -5.5567 19.5192
v -0.0823 -5.4867 19.5192
v -0.0823 -5.4867 19.5803
v -0.0823 -5.4867 19.5803
v -0.0823 -5.4867 19.5192
v 0.0000 -5.4600 19.5192
v 0.0000 -5.4600 19.5803
v 0.0000 -5.6000 19.5803
v 0.0000 -5.4600 19.5803
v 0.0823 -5.4867 19.5803
v 0.0823 -5.4867 19.5803
v 0.1331 -5.5567 19.5803
v 0.1331 -5.5567 19.5803
v 0.1331 -5.6433 19.5803
v 0.1331 -5.6433 19.5803
v 0.0823 -5.7133 19.5803
v 0.0823 -5.7133 19.5803
v 0.0000 -5.7400 19.5803
v 0.0000 -5.7400 19.5803
v -0.0823 -5.7133 19.5803
v -0.0823 -5.7133 19.5803
v -0.1331 -5.6433 19.5803
v -0.1331 -5.6433 19.5803
v -0.1331 -5.5567 19.5803
v -0.1331 -5.5567 19.5803
v -0.0823 -5.4867 19.5803
v -0.0823 -5.4867 19.5803
v 0.0000 -5.4600 19.5803
v 0.0000 -5.6000 19.5192
v 0.0000 -5.4600 19.5192
v 0.0823 -5.4867 19.5192
v 0.0823 -5.4867 19.5192
v 0.1331 -5.5567 19.5192
v 0.1331 -5.5567 19.5192
v 0.1331 -5.6433 19.5192
v 0.1331 -5.6433 19.5192
v 0.0823 -5.7133 19.5192
v 0.0823 -5.7133 19.5192
v 0.0000 -5.7400 19.5192
v 0.0000 -5.7400 19.5192
v -0.0823 -5.7133 19.5192
v -0.0823 -5.7133 19.5192
v -0.1331 -5.6433 19.5192
v -0.1331 -5.6433 19.5192
v -0.1331 -5.5567 19.5192
v -0.1331 -5.5567 19.5192
v -0.0823 -5.4867 19.5192
v -0.0823 -5.4867 19.5192
v 0.0000 -5.4600 19.5192
v 0.0000 -5.4600 19.4446
v 0.0000 -5.4600 19.3835
v 0.0823 -5.4867 19.3835
v 0.0823 -5.4867 19.4446
v 0.0823 -5.4867 19.4446
v 0.0823 -5.4867 19.3835
v 0.1331 -5.5567 19.3835
v 0.1331 -5.5567 19.4446
v 0.1331 -5.5567 19.4446
v 0.1331 -5.5567 19.3835
v 0.1331 -5.6433 19.3835
v 0.1331 -5.6433 19.4446
v 0.1331 -5.6433 19.4446
v 0.1331 -5.6433 19.3835
v 0.0823 -5.7133 19.3835
v 0.0823 -5.7133 19.4446
v 0.0823 -5.7133 19.4446
v 0.0823 -5.7133 19.3835
v 0.0000 -5.7400 19.3835
v 0.0000 -5.7400 19.4446
v 0.0000 -5.7400 19.4446
v 0.0000 -5.7400 19.3835
v -0.0823 -5.7133 19.3835
v -0.0823 -5.7133 19.4446
v -0.0823 -5.7133 19.4446
v -0.0823 -5.7133 19.3835
v -0.1331 -5.6433 19.3835
v -0.1331 -5.6433 19.4446
v -0.1331 -5.6433 19.4446
v -0.1331 -5.6433 19.3835
v -0.1331 -5.5567 19.3835
v -0.1331 -5.5567 19.4446
v -0.1331 -5.5567 19.4446
v -0.1331 -5.5567 19.3835
v -0.0823 -5.4867 19.3835
v -0.0823 -5.4867 19.4446
v -0.0823 -5.4867 19.4446
v -0.0823 -5.4867 19.3835
v 0.0000 -5.4600 19.3835
v 0.0000 -5.4600 19.4446
v 0.0000 -5.6000 19.4446
v 0.0000 -5.4600 19.4446
v 0.0823 -5.4867 19.4446
v 0.0823 -5.4867 19.4446
v 0.1331 -5.5567 19.4446
v 0.1331 -5.5567 19.4446
v 0.1331 -5.6433 19.4446
v 0.1331 -5.6433 19.4446
v 0.0823 -5.7133 19.4446
v 0.0823 -5.7133 19.4446
v 0.0000 -5.7400 19.4446
v 0.0000 -5.7400 19.4446
v -0.0823 -5.7133 19.4446
v -0.0823 -5.7133 19.4446
v -0.1331 -5.6433 19.4446
v -0.1331 -5.6433 19.4446
v -0.1331 -5.5567 19.4446
v -0.1331 -5.5567 19.4446
v -0.0823 -5.4867 19.4446
v -0.0823 -5.4867 19.4446
v 0.0000 -5.4600 19.4446
v 0.0000 -5.6000 19.3835
v 0.0000 -5.4600 19.3835
v 0.0823 -5.4867 19.3835
v 0.0823 -5.4867 19.3835
v 0.1331 -5.5567 19.3835
v 0.1331 -5.5567 19.3835
v 0.1331 -5.6433 19.3835
v 0.1331 -5.6433 19.3835
v 0.0823 -5.7133 19.3835
v 0.0823 -5.7133 19.3835
v 0.0000 -5.7400 19.3835
v 0.0000 -5.7400 19.3835
v -0.0823 -5.7133 19.3835
v -0.0823 -5.7133 19.3835
v -0.1331 -5.6433 19.3835
v -0.1331 -5.6433 19.3835
v -0.1331 -5.5567 19.3835
v -0.1331 -5.5567 19.3835
v -0.0823 -5.4867 19.3835
v -0.0823 -5.4867 19.3835
v 0.0000 -5.4600 19.3835
v 0.0000 -5.4600 19.3089
v 0.0000 -5.4600 19.2478
v 0.0823 -5.4867 19.2478
v 0.0823 -5.4867 19.3089
v 0.0823 -5.4867 19.3089
v 0.0823 -5.4867 19.2478
v 0.1331 -5.5567 19.2478
v 0.1331 -5.5567 19.3089
v 0.1331 -5.5567 19.3089
v 0.1331 -5.5567 19.2478
v 0.1331 -5.6433 19.2478
v 0.1331 -5.6433 19.3089
v 0.1331 -5.6433 19.3089
v 0.1331 -5.6433 19.2478
v 0.0823 -5.7133 19.2478
v 0.0823 -5.7133 19.3089
v 0.0823 -5.7133 19.3089
v 0.0823 -5.7133 19.2478
v 0.0000 -5.7400 19.2478
v 0.0000 -5.7400 19.3089
v 0.0000 -5.7400 19.3089
v 0.0000 -5.7400 19.2478
v -0.0823 -5.7133 19.2478
v -0.0823 -5.7133 19.3089
v -0.0823 -5.7133 19.3089
v -0.0823 -5.7133 19.2478
v -0.1331 -5.6433 19.2478
v -0.1331 -5.6433 19.3089
v -0.1331 -5.6433 19.3089
v -0.1331 -5.6433 19.2478
v -0.1331 -5.5567 19.2478
v -0.1331 -5.5567 19.3089
v -0.1331 -5.5567 19.3089
v -0.1331 -5.5567 19.2478
v -0.0823 -5.4867 19.2478
v -0.0823 -5.4867 19.3089
v -0.0823 -5.4867 19.3089
v -0.0823 -5.4867 19.2478
v 0.0000 -5.4600 19.2478
v 0.0000 -5.4600 19.3089
v 0.0000 -5.6000 19.3089
v 0.0000 -5.4600 19.3089
v 0.0823 -5.4867 19.3089
v 0.0823 -5.4867 19.3089
v 0.1331 -5.5567 19.3089
v 0.1331 -5.5567 19.3089
v 0.1331 -5.6433 19.3089
v 0.1331 -5.6433 19.3089
v 0.0823 -5.7133 19.3089
v 0.0823 -5.7133 19.3089
v 0.0000 -5.7400 19.3089
v 0.0000 -5.7400 19.3089
v -0.0823 -5.7133 19.3089
v -0.0823 -5.7133 19.3089
v -0.1331 -5.6433 19.3089
v -0.1331 -5.6433 19.3089
v -0.1331 -5.5567 19.3089
v -0.1331 -5.5567 19.3089
v -0.0823 -5.4867 19.3089
v -0.0823 -5.4867 19.3089
v 0.0000 -5.4600 19.3089
v 0.0000 -5.6000 19.2478
v 0.0000 -5.4600 19.2478
v 0.0823 -5.4867 19.2478
v 0.0823 -5.4867 19.2478
v 0.1331 -5.5567 19.2478
v 0.1331 -5.5567 19.2478
v 0.1331 -5.6433 19.2478
v 0.1331 -5.6433 19.2478
v 0.0823 -5.7133 19.2478
v 0.0823 -5.7133 19.2478
v 0.0000 -5.7400 19.2478
v 0.0000 -5.7400 19.2478
v -0.0823 -5.7133 19.2478
v -0.0823 -5.7133 19.2478
v -0.1331 -5.6433 19.2478
v -0.1331 -5.6433 19.2478
v -0.1331 -5.5567 19.2478
v -0.1331 -5.5567 19.2478
v -0.0823 -5.4867 19.2478
v -0.0823 -5.4867 19.2478
v 0.0000 -5.4600 19.2478
v 0.0000 -5.4600 19.1731
v 0.0000 -5.4600 19.1121
v 0.0823 -5.4867 19.1121
v 0.0823 -5.4867 19.1731
v 0.0823 -5.4867 19.1731
v 0.0823 -5.4867 19.1121
v 0.1331 -5.5567 19.1121
v 0.1331 -5.5567 19.1731
v 0.1331 -5.5567 19.1731
v 0.1331 -5.5567 19.1121
v 0.1331 -5.6433 19.1121
v 0.1331 -5.6433 19.1731
v 0.1331 -5.6433 19.1731
v 0.1331 -5.6433 19.1121
v 0.0823 -5.7133 19.1121
v 0.0823 -5.7133 19.1731
v 0.0823 -5.7133 19.1731
v 0.0823 -5.7133 19.1121
v 0.0000 -5.7400 19.1121
v 0.0000 -5.7400 19.1731
v 0.0000 -5.7400 19.1731
v 0.0000 -5.7400 19.1121
v -0.0823 -5.7133 19.1121
v -0.0823 -5.7133 19.1731
v -0.0823 -5.7133 19.1731
v -0.0823 -5.7133 19.1121
v -0.1331 -5.6433 19.1121
v -0.1331 -5.6433 19.1731
v -0.1331 -5.6433 19.1731
v -0.1331 -5.6433 19.1121
v -0.1331 -5.5567 19.1121
v -0.1331 -5.5567 19.1731
v -0.1331 -5.5567 19.1731
v -0.1331 -5.5567 19.1121
v -0.0823 -5.4867 19.1121
v -0.0823 -5.4867 19.1731
v -0.0823 -5.4867 19.1731
v -0.0823 -5.4867 19.1121
v 0.0000 -5.4600 19.1121
v 0.0000 -5.4600 19.1731
v 0.0000 -5.6000 19.1731
v 0.0000 -5.4600 19.1731
v 0.0823 -5.4867 19.1731
v 0.0823 -5.4867 19.1731
v 0.1331 -5.5567 19.1731
v 0.1331 -5.5567 19.1731
v 0.1331 -5.6433 19.1731
v 0.1331 -5.6433 19.1731
v 0.0823 -5.7133 19.1731
v 0.0823 -5.7133 19.1731
v 0.0000 -5.7400 19.1731
v 0.0000 -5.7400 19.1731
v -0.0823 -5.7133 19.1731
v -0.0823 -5.7133 19.1731
v -0.1331 -5.6433 19.1731
v -0.1331 -5.6433 19.1731
v -0.1331 -5.5567 19.1731
v -0.1331 -5.5567 19.1731
v -0.0823 -5.4867 19.1731
v -0.0823 -5.4867 19.1731
v 0.0000 -5.4600 19.1731
v 0.0000 -5.6000 19.1121
v 0.0000 -5.4600 19.1121
v 0.0823 -5.4867 19.1121
v 0.0823 -5.4867 19.1121
v 0.1331 -5.5567 19.1121
v 0.1331 -5.5567 19.1121
v 0.1331 -5.6433 19.1121
v 0.1331 -5.6433 19.1121
v 0.0823 -5.7133 19.1121
v 0.0823 -5.7133 19.1121
v 0.0000 -5.7400 19.1121
v 0.0000 -5.7400 19.1121
v -0.0823 -5.7133 19.1121
v -0.0823 -5.7133 19.1121
v -0.1331 -5.6433 19.1121
v -0.1331 -5.6433 19.1121
v -0.1331 -5.5567 19.1121
v -0.1331 -5.5567 19.1121
v -0.0823 -5.4867 19.1121
v -0.0823 -5.4867 19.1121
v 0.0000 -5.4600 19.1121
v 0.0000 -5.4600 19.0374
v 0.0000 -5.4600 18.9764
v 0.0823 -5.4867 18.9764
v 0.0823 -5.4867 19.0374
v 0.0823 -5.4867 19.0374
v 0.0823 -5.4867 18.9764
v 0.1331 -5.5567 18.9764
v 0.1331 -5.5567 19.0374
v 0.1331 -5.5567 19.0374
v 0.1331 -5.5567 18.9764
v 0.1331 -5.6433 18.9764
v 0.1331 -5.6433 19.0374
v 0.1331 -5.6433 19.0374
v 0.1331 -5.6433 18.9764
v 0.0823 -5.7133 18.9764
v 0.0823 -5.7133 19.0374
v 0.0823 -5.7133 19.0374
v 0.0823 -5.7133 18.9764
v 0.0000 -5.7400 18.9764
v 0.0000 -5.7400 19.0374
v 0.0000 -5.7400 19.0374
v 0.0000 -5.7400 18.9764
v -0.0823 -5.7133 18.9764
v -0.0823 -5.7133 19.0374
v -0.0823 -5.7133 19.0374
v -0.0823 -5.7133 18.9764
v -0.1331 -5.6433 18.9764
v -0.1331 -5.6433 19.0374
v -0.1331 -5.6433 19.0374
v -0.1331 -5.6433 18.9764
v -0.1331 -5.5567 18.9764
v -0.1331 -5.5567 19.0374
v -0.1331 -5.5567 19.0374
v -0.1331 -5.5567 18.9764
v -0.0823 -5.4867 18.9764
v -0.0823 -5.4867 19.0374
v -0.0823 -5.4867 19.0374
v -0.0823 -5.4867 18.9764
v 0.0000 -5.4600 18.9764
v 0.0000 -5.4600 19.0374
v 0.0000 -5.6000 19.0374
v 0.0000 -5.4600 19.0374
v 0.0823 -5.4867 19.0374
v 0.0823 -5.4867 19.0374
v 0.1331 -5.5567 19.0374
v 0.1331 -5.5567 19.0374
v 0.1331 -5.6433 19.0374
v 0.1331 -5.6433 19.0374
v 0.0823 -5.7133 19.0374
v 0.0823 -5.7133 19.0374
v 0.0000 -5.7400 19.0374
v 0.0000 -5.7400 19.0374
v -0.0823 -5.7133 19.0374
v -0.0823 -5.7133 19.0374
v -0.1331 -5.6433 19.0374
v -0.1331 -5.6433 19.0374
v -0.1331 -5.5567 19.0374
v -0.1331 -5.5567 19.0374
v -0.0823 -5.4867 19.0374
v -0.0823 -5.4867 19.0374
v 0.0000 -5.4600 19.0374
v 0.0000 -5.6000 18.9764
v 0.0000 -5.4600 18.9764
v 0.0823 -5.4867 18.9764
v 0.0823 -5.4867 18.9764
v 0.1331 -5.5567 18.9764
v 0.1331 -5.5567 18.9764
v 0.1331 -5.6433 18.9764
v 0.1331 -5.6433 18.9764
v 0.0823 -5.7133 18.9764
v 0.0823 -5.7133 18.9764
v 0.0000 -5.7400 18.9764
v 0.0000 -5.7400 18.9764
v -0.0823 -5.7133 18.9764
v -0.0823 -5.7133 18.9764
v -0.1331 -5.6433 18.9764
v -0.1331 -5.6433 18.9764
v -0.1331 -5.5567 18.9764
v -0.1331 -5.5567 18.9764
v -0.0823 -5.4867 18.9764
v -0.0823 -5.4867 18.9764
v 0.0000 -5.4600 18.9764
v 0.0000 -5.4600 18.9017
v 0.0000 -5.4600 18.8406
v 0.0823 -5.4867 18.8406
v 0.0823 -5.4867 18.9017
v 0.0823 -5.4867 18.9017
v 0.0823 -5.4867 18.8406
v 0.1331 -5.5567 18.8406
v 0.1331 -5.5567 18.9017
v 0.1331 -5.5567 18.9017
v 0.1331 -5.5567 18.8406
v 0.1331 -5.6433 18.8406
v 0.1331 -5.6433 18.9017
v 0.1331 -5.6433 18.9017
v 0.1331 -5.6433 18.8406
v 0.0823 -5.7133 18.8406
v 0.0823 -5.7133 18.9017
v 0.0823 -5.7133 18.9017
v 0.0823 -5.7133 18.8406
v 0.0000 -5.7400 18.8406
v 0.0000 -5.7400 18.9017
v 0.0000 -5.7400 18.9017
v 0.0000 -5.7400 18.8406
v -0.0823 -5.7133 18.8406
v -0.0823 -5.7133 18.9017
v -0.0823 -5.7133 18.9017
v -0.0823 -5.7133 18.8406
v -0.1331 -5.6433 18.8406
v -0.1331 -5.6433 18.9017
v -0.1331 -5.6433 18.9017
v -0.1331 -5.6433 18.8406
v -0.1331 -5.5567 18.8406
v -0.1331 -5.5567 18.9017
v -0.1331 -5.5567 18.9017
v -0.1331 -5.5567 18.8406
v -0.0823 -5.4867 18.8406
v -0.0823 -5.4867 18.9017
v -0.0823 -5.4867 18.9017
v -0.0823 -5.4867 18.8406
v 0.0000 -5.4600 18.8406
v 0.0000 -5.4600 18.9017
v 0.0000 -5.6000 18.9017
v 0.0000 -5.4600 18.9017
v 0.0823 -5.4867 18.9017
v 0.0823 -5.4867 18.9017
v 0.1331 -5.5567 18.9017
v 0.1331 -5.5567 18.9017
v 0.1331 -5.6433 18.9017
v 0.1331 -5.6433 18.9017
v 0.0823 -5.7133 18.9017
v 0.0823 -5.7133 18.9017
v 0.0000 -5.7400 18.9017
v 0.0000 -5.7400 18.9017
v -0.0823 -5.7133 18.9017
v -0.0823 -5.7133 18.9017
v -0.1331 -5.6433 18.9017
v -0.1331 -5.6433 18.9017
v -0.1331 -5.5567 18.9017
v -0.1331 -5.5567 18.9017
v -0.0823 -5.4867 18.9017
v -0.0823 -5.4867 18.9017
v 0.0000 -5.4600 18.9017
v 0.0000 -5.6000 18.8406
v 0.0000 -5.4600 18.8406
v 0.0823 -5.4867 18.8406
v 0.0823 -5.4867 18.8406
v 0.1331 -5.5567 18.8406
v 0.1331 -5.5567 18.8406
v 0.1331 -5.6433 18.8406
v 0.1331 -5.6433 18.8406
v 0.0823 -5.7133 18.8406
v 0.0823 -5.7133 18.8406
v 0.0000 -5.7400 18.8406
v 0.0000 -5.7400 18.8406
v -0.0823 -5.7133 18.8406
v -0.0823 -5.7133 18.8406
v -0.1331 -5.6433 18.8406
v -0.1331 -5.6433 18.8406
v -0.1331 -5.5567 18.8406
v -0.1331 -5.5567 18.8406
v -0.0823 -5.4867 18.8406
v -0.0823 -5.4867 18.8406
v 0.0000 -5.4600 18.8406
v 0.0000 -5.4600 18.7660
v 0.0000 -5.4600 18.7049
v 0.0823 -5.4867 18.7049
v 0.0823 -5.4867 18.7660
v 0.0823 -5.4867 18.7660
v 0.0823 -5.4867 18.7049
v 0.1331 -5.5567 18.7049
v 0.1331 -5.5567 18.7660
v 0.1331 -5.5567 18.7660
v 0.1331 -5.5567 18.7049
v 0.1331 -5.6433 18.7049
v 0.1331 -5.6433 18.7660
v 0.1331 -5.6433 18.7660
v 0.1331 -5.6433 18.7049
v 0.0823 -5.7133 18.7049
v 0.0823 -5.7133 18.7660
v 0.0823 -5.7133 18.7660
v 0.0823 -5.7133 18.7049
v 0.0000 -5.7400 18.7049
v 0.0000 -5.7400 18.7660
v 0.0000 -5.7400 18.7660
v 0.0000 -5.7400 18.7049
v -0.0823 -5.7133 18.7049
v -0.0823 -5.7133 18.7660
v -0.0823 -5.7133 18.7660
v -0.0823 -5.7133 18.7049
v -0.1331 -5.6433 18.7049
v -0.1331 -5.6433 18.7660
v -0.1331 -5.6433 18.7660
v -0.1331 -5.6433 18.7049
v -0.1331 -5.5567 18.7049
v -0.1331 -5.5567 18.7660
v -0.1331 -5.5567 18.7660
v -0.1331 -5.5567 18.7049
v -0.0823 -5.4867 18.7049
v -0.0823 -5.4867 18.7660
v -0.0823 -5.4867 18.7660
v -0.0823 -5.4867 18.7049
v 0.0000 -5.4600 18.7049
v 0.0000 -5.4600 18.7660
v 0.0000 -5.6000 18.7660
v 0.0000 -5.4600 18.7660
v 0.0823 -5.4867 18.7660
v 0.0823 -5.4867 18.7660
v 0.1331 -5.5567 18.7660
v 0.1331 -5.5567 18.7660
v 0.1331 -5.6433 18.7660
v 0.1331 -5.6433 18.7660
v 0.0823 -5.7133 18.7660
v 0.0823 -5.7133 18.7660
v 0.0000 -5.7400 18.7660
v 0.0000 -5.7400 18.7660
v -0.0823 -5.7133 18.7660
v -0.0823 -5.7133 18.7660
v -0.1331 -5.6433 18.7660
v -0.1331 -5.6433 18.7660
v -0.1331 -5.5567 18.7660
v -0.1331 -5.5567 18.7660
v -0.0823 -5.4867 18.7660
v -0.0823 -5.4867 18.7660
v 0.0000 -5.4600 18.7660
v 0.0000 -5.6000 18.7049
v 0.0000 -5.4600 18.7049
v 0.0823 -5.4867 18.7049
v 0.0823 -5.4867 18.7049
v 0.1331 -5.5567 18.7049
v 0.1331 -5.5567 18.7049
v 0.1331 -5.6433 18.7049
v 0.1331 -5.6433 18.7049
v 0.0823 -5.7133 18.7049
v 0.0823 -5.7133 18.7049
v 0.0000 -5.7400 18.7049
v 0.0000 -5.7400 18.7049
v -0.0823 -5.7133 18.7049
v -0.0823 -5.7133 18.7049
v -0.1331 -5.6433 18.7049
v -0.1331 -5.6433 18.7049
v -0.1331 -5.5567 18.7049
v -0.1331 -5.5567 18.7049
v -0.0823 -5.4867 18.7049
v -0.0823 -5.4867 18.7049
v 0.0000 -5.4600 18.7049
v 0.0000 -5.4600 18.6303
v 0.0000 -5.4600 18.5692
v 0.0823 -5.4867 18.5692
v 0.0823 -5.4867 18.6303
v 0.0823 -5.4867 18.6303
v 0.0823 -5.4867 18.5692
v 0.1331 -5.5567 18.5692
v 0.1331 -5.5567 18.6303
v 0.1331 -5.5567 18.6303
v 0.1331 -5.5567 18.5692
v 0.1331 -5.6433 18.5692
v 0.1331 -5.6433 18.6303
v 0.1331 -5.6433 18.6303
v 0.1331 -5.6433 18.5692
v 0.0823 -5.7133 18.5692
v 0.0823 -5.7133 18.6303
v 0.0823 -5.7133 18.6303
v 0.0823 -5.7133 18.5692
v 0.0000 -5.7400 18.5692
v 0.0000 -5.7400 18.6303
v 0.0000 -5.7400 18.6303
v 0.0000 -5.7400 18.5692
v -0.0823 -5.7133 18.5692
v -0.0823 -5.7133 18.6303
v -0.0823 -5.7133 18.6303
v -0.0823 -5.7133 18.5692
v -0.1331 -5.6433 18.5692
v -0.1331 -5.6433 18.6303
v -0.1331 -5.6433 18.6303
v -0.1331 -5.6433 18.5692
v -0.1331 -5.5567 18.5692
v -0.1331 -5.5567 18.6303
v -0.1331 -5.5567 18.6303
v -0.1331 -5.5567 18.5692
v -0.0823 -5.4867 18.5692
v -0.0823 -5.4867 18.6303
v -0.0823 -5.4867 18.6303
v -0.0823 -5.4867 18.5692
v 0.0000 -5.4600 18.5692
v 0.0000 -5.4600 18.6303
v 0.0000 -5.6000 18.6303
v 0.0000 -5.4600 18.6303
v 0.0823 -5.4867 18.6303
v 0.0823 -5.4867 18.6303
v 0.1331 -5.5567 18.6303
v 0.1331 -5.5567 18.6303
v 0.1331 -5.6433 18.6303
v 0.1331 -5.6433 18.6303
v 0.0823 -5.7133 18.6303
v 0.0823 -5.7133 18.6303
v 0.0000 -5.7400 18.6303
v 0.0000 -5.7400 18.6303
v -0.0823 -5.7133 18.6303
v -0.0823 -5.7133 18.6303
v -0.1331 -5.6433 18.6303
v -0.1331 -5.6433 18.6303
v -0.1331 -5.5567 18.6303
v -0.1331 -5.5567 18.6303
v -0.0823 -5.4867 18.6303
v -0.0823 -5.4867 18.6303
v 0.0000 -5.4600 18.6303
v 0.0000 -5.6000 18.5692
v 0.0000 -5.4600 18.5692
v 0.0823 -5.4867 18.5692
v 0.0823 -5.4867 18.5692
v 0.1331 -5.5567 18.5692
v 0.1331 -5.5567 18.5692
v 0.1331 -5.6433 18.5692
v 0.1331 -5.6433 18.5692
v 0.0823 -5.7133 18.5692
v 0.0823 -5.7133 18.5692
v 0.0000 -5.7400 18.5692
v 0.0000 -5.7400 18.5692
v -0.0823 -5.7133 18.5692
v -0.0823 -5.7133 18.5692
v -0.1331 -5.6433 18.5692
v -0.1331 -5.6433 18.5692
v -0.1331 -5.5567 18.5692
v -0.1331 -5.5567 18.5692
v -0.0823 -5.4867 18.5692
v -0.0823 -5.4867 18.5692
v 0.0000 -5.4600 18.5692
v 0.0000 -5.4600 18.4946
v 0.0000 -5.4600 18.4335
v 0.0823 -5.4867 18.4335
v 0.0823 -5.4867 18.4946
v 0.0823 -5.4867 18.4946
v 0.0823 -5.4867 18.4335
v 0.1331 -5.5567 18.4335
v 0.1331 -5.5567 18.4946
v 0.1331 -5.5567 18.4946
v 0.1331 -5.5567 18.4335
v 0.1331 -5.6433 18.4335
v 0.1331 -5.6433 18.4946
v 0.1331 -5.6433 18.4946
v 0.1331 -5.6433 18.4335
v 0.0823 -5.7133 18.4335
v 0.0823 -5.7133 18.4946
v 0.0823 -5.7133 18.4946
v 0.0823 -5.7133 18.4335
v 0.0000 -5.7400 18.4335
v 0.0000 -5.7400 18.4946
v 0.0000 -5.7400 18.4946
v 0.0000 -5.7400 18.4335
v -0.0823 -5.7133 18.4335
v -0.0823 -5.7133 18.4946
v -0.0823 -5.7133 18.4946
v -0.0823 -5.7133 18.4335
v -0.1331 -5.6433 18.4335
v -0.1331 -5.6433 18.4946
v -0.1331 -5.6433 18.4946
v -0.1331 -5.6433 18.4335
v -0.1331 -5.5567 18.4335
v -0.1331 -5.5567 18.4946
v -0.1331 -5.5567 18.4946
v -0.1331 -5.5567 18.4335
v -0.0823 -5.4867 18.4335
v -0.0823 -5.4867 18.4946
v -0.0823 -5.4867 18.4946
v -0.0823 -5.4867 18.4335
v 0.0000 -5.4600 18.4335
v 0.0000 -5.4600 18.4946
v 0.0000 -5.6000 18.4946
v 0.0000 -5.4600 18.4946
v 0.0823 -5.4867 18.4946
v 0.0823 -5.4867 18.4946
v 0.1331 -5.5567 18.4946
v 0.1331 -5.5567 18.4946
v 0.1331 -5.6433 18.4946
v 0.1331 -5.6433 18.4946
v 0.0823 -5.7133 18.4946
v 0.0823 -5.7133 18.4946
v 0.0000 -5.7400 18.4946
v 0.0000 -5.7400 18.4946
v -0.0823 -5.7133 18.4946
v -0.0823 -5.7133 18.4946
v -0.1331 -5.6433 18.4946
v -0.1331 -5.6433 18.4946
v -0.1331 -5.5567 18.4946
v -0.1331 -5.5567 18.4946
v -0.0823 -5.4867 18.4946
v -0.0823 -5.4867 18.4946
v 0.0000 -5.4600 18.4946
v 0.0000 -5.6000 18.4335
v 0.0000 -5.4600 18.4335
v 0.0823 -5.4867 18.4335
v 0.0823 -5.4867 18.4335
v 0.1331 -5.5567 18.4335
v 0.1331 -5.5567 18.4335
v 0.1331 -5.6433 18.4335
v 0.1331 -5.6433 18.4335
v 0.0823 -5.7133 18.4335
v 0.0823 -5.7133 18.4335
v 0.0000 -5.7400 18.4335
v 0.0000 -5.7400 18.4335
v -0.0823 -5.7133 18.4335
v -0.0823 -5.7133 18.4335
v -0.1331 -5.6433 18.4335
v -0.1331 -5.6433 18.4335
v -0.1331 -5.5567 18.4335
v -0.1331 -5.5567 18.4335
v -0.0823 -5.4867 18.4335
v -0.0823 -5.4867 18.4335
v 0.0000 -5.4600 18.4335
v 0.0000 -5.4600 18.3589
v 0.0000 -5.4600 18.2978
v 0.0823 -5.4867 18.2978
v 0.0823 -5.4867 18.3589
v 0.0823 -5.4867 18.3589
v 0.0823 -5.4867 18.2978
v 0.1331 -5.5567 18.2978
v 0.1331 -5.5567 18.3589
v 0.1331 -5.5567 18.3589
v 0.1331 -5.5567 18.2978
v 0.1331 -5.6433 18.2978
v 0.1331 -5.6433 18.3589
v 0.1331 -5.6433 18.3589
v 0.1331 -5.6433 18.2978
v 0.0823 -5.7133 18.2978
v 0.0823 -5.7133 18.3589
v 0.0823 -5.7133 18.3589
v 0.0823 -5.7133 18.2978
v 0.0000 -5.7400 18.2978
v 0.0000 -5.7400 18.3589
v 0.0000 -5.7400 18.3589
v 0.0000 -5.7400 18.2978
v -0.0823 -5.7133 18.2978
v -0.0823 -5.7133 18.3589
v -0.0823 -5.7133 18.3589
v -0.0823 -5.7133 18.2978
v -0.1331 -5.6433 18.2978
v -0.1331 -5.6433 18.3589
v -0.1331 -5.6433 18.3589
v -0.1331 -5.6433 18.2978
v -0.1331 -5.5567 18.2978
v -0.1331 -5.5567 18.3589
v -0.1331 -5.5567 18.3589
v -0.1331 -5.5567 18.2978
v -0.0823 -5.4867 18.2978
v -0.0823 -5.4867 18.3589
v -0.0823 -5.4867 18.3589
v -0.0823 -5.4867 18.2978
v 0.0000 -5.4600 18.2978
v 0.0000 -5.4600 18.3589
v 0.0000 -5.6000 18.3589
v 0.0000 -5.4600 18.3589
v 0.0823 -5.4867 18.3589
v 0.0823 -5.4867 18.3589
v 0.1331 -5.5567 18.3589
v 0.1331 -5.5567 18.3589
v 0.1331 -5.6433 18.3589
v 0.1331 -5.6433 18.3589
v 0.0823 -5.7133 18.3589
v 0.0823 -5.7133 18.3589
v 0.0000 -5.7400 18.3589
v 0.0000 -5.7400 18.3589
v -0.0823 -5.7133 18.3589
v -0.0823 -5.7133 18.3589
v -0.1331 -5.6433 18.3589
v -0.1331 -5.6433 18.3589
v -0.1331 -5.5567 18.3589
v -0.1331 -5.5567 18.3589
v -0.0823 -5.4867 18.3589
v -0.0823 -5.4867 18.3589
v 0.0000 -5.4600 18.3589
v 0.0000 -5.6000 18.2978
v 0.0000 -5.4600 18.2978
v 0.0823 -5.4867 18.2978
v 0.0823 -5.4867 18.2978
v 0.1331 -5.5567 18.2978
v 0.1331 -5.5567 18.2978
v 0.1331 -5.6433 18.2978
v 0.1331 -5.6433 18.2978
v 0.0823 -5.7133 18.2978
v 0.0823 -5.7133 18.2978
v 0.0000 -5.7400 18.2978
v 0.0000 -5.7400 18.2978
v -0.0823 -5.7133 18.2978
v -0.0823 -5.7133 18.2978
v -0.1331 -5.6433 18.2978
v -0.1331 -5.6433 18.2978
v -0.1331 -5.5567 18.2978
v -0.1331 -5.5567 18.2978
v -0.0823 -5.4867 18.2978
v -0.0823 -5.4867 18.2978
v 0.0000 -5.4600 18.2978
v 0.0000 -5.4600 18.2231
v 0.0000 -5.4600 18.1621
v 0.0823 -5.4867 18.1621
v 0.0823 -5.4867 18.2231
v 0.0823 -5.4867 18.2231
v 0.0823 -5.4867 18.1621
v 0.1331 -5.5567 18.1621
v 0.1331 -5.5567 18.2231
v 0.1331 -5.5567 18.2231
v 0.1331 -5.5567 18.1621
v 0.1331 -5.6433 18.1621
v 0.1331 -5.6433 18.2231
v 0.1331 -5.6433 18.2231
v 0.1331 -5.6433 18.1621
v 0.0823 -5.7133 18.1621
v 0.0823 -5.7133 18.2231
v 0.0823 -5.7133 18.2231
v 0.0823 -5.7133 18.1621
v 0.0000 -5.7400 18.1621
v 0.0000 -5.7400 18.2231
v 0.0000 -5.7400 18.2231
v 0.0000 -5.7400 18.1621
v -0.0823 -5.7133 18.1621
v -0.0823 -5.7133 18.2231
v -0.0823 -5.7133 18.2231
v -0.0823 -5.7133 18.1621
v -0.1331 -5.6433 18.1621
v -0.1331 -5.6433 18.2231
v -0.1331 -5.6433 18.2231
v -0.1331 -5.6433 18.1621
v -0.1331 -5.5567 18.1621
v -0.1331 -5.5567 18.2231
v -0.1331 -5.5567 18.2231
v -0.1331 -5.5567 18.1621
v -0.0823 -5.4867 18.1621
v -0.0823 -5.4867 18.2231
v -0.0823 -5.4867 18.2231
v -0.0823 -5.4867 18.1621
v 0.0000 -5.4600 18.1621
v 0.0000 -5.4600 18.2231
v 0.0000 -5.6000 18.2231
v 0.0000 -5.4600 18.2231
v 0.0823 -5.4867 18.2231
v 0.0823 -5.4867 18.2231
v 0.1331 -5.5567 18.2231
v 0.1331 -5.5567 18.2231
v 0.1331 -5.6433 18.2231
v 0.1331 -5.6433 18.2231
v 0.0823 -5.7133 18.2231
v 0.0823 -5.7133 18.2231
v 0.0000 -5.7400 18.2231
v 0.0000 -5.7400 18.2231
v -0.0823 -5.7133 18.2231
v -0.0823 -5.7133 18.2231
v -0.1331 -5.6433 18.2231
v -0.1331 -5.6433 18.2231
v -0.1331 -5.5567 18.2231
v -0.1331 -5.5567 18.2231
v -0.0823 -5.4867 18.2231
v -0.0823 -5.4867 18.2231
v 0.0000 -5.4600 18.2231
v 0.0000 -5.6000 18.1621
v 0.0000 -5.4600 18.1621
v 0.0823 -5.4867 18.1621
v 0.0823 -5.4867 18.1621
v 0.1331 -5.5567 18.1621
v 0.1331 -5.5567 18.1621
v 0.1331 -5.6433 18.1621
v 0.1331 -5.6433 18.1621
v 0.0823 -5.7133 18.1621
v 0.0823 -5.7133 18.1621
v 0.0000 -5.7400 18.1621
v 0.0000 -5.7400 18.1621
v -0.0823 -5.7133 18.1621
v -0.0823 -5.7133 18.1621
v -0.1331 -5.6433 18.1621
v -0.1331 -5.6433 18.1621
v -0.1331 -5.5567 18.1621
v -0.1331 -5.5567 18.1621
v -0.0823 -5.4867 18.1621
v -0.0823 -5.4867 18.1621
v 0.0000 -5.4600 18.1621
v 0.0000 -5.4600 18.0874
v 0.0000 -5.4600 18.0264
v 0.0823 -5.4867 18.0264
v 0.0823 -5.4867 18.0874
v 0.0823 -5.4867 18.0874
v 0.0823 -5.4867 18.0264
v 0.1331 -5.5567 18.0264
v 0.1331 -5.5567 18.0874
v 0.1331 -5.5567 18.0874
v 0.1331 -5.5567 18.0264
v 0.1331 -5.6433 18.0264
v 0.1331 -5.6433 18.0874
v 0.1331 -5.6433 18.0874
v 0.1331 -5.6433 18.0264
v 0.0823 -5.7133 18.0264
v 0.0823 -5.7133 18.0874
v 0.0823 -5.7133 18.0874
v 0.0823 -5.7133 18.0264
v 0.0000 -5.7400 18.0264
v 0.0000 -5.7400 18.0874
v 0.0000 -5.7400 18.0874
v 0.0000 -5.7400 18.0264
v -0.0823 -5.7133 18.0264
v -0.0823 -5.7133 18.0874
v -0.0823 -5.7133 18.0874
v -0.0823 -5.7133 18.0264
v -0.1331 -5.6433 18.0264
v -0.1331 -5.6433 18.0874
v -0.1331 -5.6433 18.0874
v -0.1331 -5.6433 18.0264
v -0.1331 -5.5567 18.0264
v -0.1331 -5.5567 18.0874
v -0.1331 -5.5567 18.0874
v -0.1331 -5.5567 18.0264
v -0.0823 -5.4867 18.0264
v -0.0823 -5.4867 18.0874
v -0.0823 -5.4867 18.0874
v -0.0823 -5.4867 18.0264
v 0.0000 -5.4600 18.0264
v 0.0000 -5.4600 18.0874
v 0.0000 -5.6000 18.0874
v 0.0000 -5.4600 18.0874
v 0.0823 -5.4867 18.0874
v 0.0823 -5.4867 18.0874
v 0.1331 -5.5567 18.0874
v 0.1331 -5.5567 18.0874
v 0.1331 -5.6433 18.0874
v 0.1331 -5.6433 18.0874
v 0.0823 -5.7133 18.0874
v 0.0823 -5.7133 18.0874
v 0.0000 -5.7400 18.0874
v 0.0000 -5.7400 18.0874
v -0.0823 -5.7133 18.0874
v -0.0823 -5.7133 18.0874
v -0.1331 -5.6433 18.0874
v -0.1331 -5.6433 18.0874
v -0.1331 -5.5567 18.0874
v -0.1331 -5.5567 18.0874
v -0.0823 -5.4867 18.0874
v -0.0823 -5.4867 18.0874
v 0.0000 -5.4600 18.0874
v 0.0000 -5.6000 18.0264
v 0.0000 -5.4600 18.0264
v 0.0823 -5.4867 18.0264
v 0.0823 -5.4867 18.0264
v 0.1331 -5.5567 18.0264
v 0.1331 -5.5567 18.0264
v 0.1331 -5.6433 18.0264
v 0.1331 -5.6433 18.0264
v 0.0823 -5.7133 18.0264
v 0.0823 -5.7133 18.0264
v 0.0000 -5.7400 18.0264
v 0.0000 -5.7400 18.0264
v -0.0823 -5.7133 18.0264
v -0.0823 -5.7133 18.0264
v -0.1331 -5.6433 18.0264
v -0.1331 -5.6433 18.0264
v -0.1331 -5.5567 18.0264
v -0.1331 -5.5567 18.0264
v -0.0823 -5.4867 18.0264
v -0.0823 -5.4867 18.0264
v 0.0000 -5.4600 18.0264
v 0.0000 -5.4600 17.9517
v 0.0000 -5.4600 17.8906
v 0.0823 -5.4867 17.8906
v 0.0823 -5.4867 17.9517
v 0.0823 -5.4867 17.9517
v 0.0823 -5.4867 17.8906
v 0.1331 -5.5567 17.8906
v 0.1331 -5.5567 17.9517
v 0.1331 -5.5567 17.9517
v 0.1331 -5.5567 17.8906
v 0.1331 -5.6433 17.8906
v 0.1331 -5.6433 17.9517
v 0.1331 -5.6433 17.9517
v 0.1331 -5.6433 17.8906
v 0.0823 -5.7133 17.8906
v 0.0823 -5.7133 17.9517
v 0.0823 -5.7133 17.9517
v 0.0823 -5.7133 17.8906
v 0.0000 -5.7400 17.8906
v 0.0000 -5.7400 17.9517
v 0.0000 -5.7400 17.9517
v 0.0000 -5.7400 17.8906
v -0.0823 -5.7133 17.8906
v -0.0823 -5.7133 17.9517
v -0.0823 -5.7133 17.9517
v -0.0823 -5.7133 17.8906
v -0.1331 -5.6433 17.8906
v -0.1331 -5.6433 17.9517
v -0.1331 -5.6433 17.9517
v -0.1331 -5.6433 17.8906
v -0.1331 -5.5567 17.8906
v -0.1331 -5.5567 17.9517
v -0.1331 -5.5567 17.9517
v -0.1331 -5.5567 17.8906
v -0.0823 -5.4867 17.8906
v -0.0823 -5.4867 17.9517
v -0.0823 -5.4867 17.9517
v -0.0823 -5.4867 17.8906
v 0.0000 -5.4600 17.8906
v 0.0000 -5.4600 17.9517
v 0.0000 -5.6000 17.9517
v 0.0000 -5.4600 17.9517
v 0.0823 -5.4867 17.9517
v 0.0823 -5.4867 17.9517
v 0.1331 -5.5567 17.9517
v 0.1331 -5.5567 17.9517
v 0.1331 -5.6433 17.9517
v 0.1331 -5.6433 17.9517
v 0.0823 -5.7133 17.9517
v 0.0823 -5.7133 17.9517
v 0.0000 -5.7400 17.9517
v 0.0000 -5.7400 17.9517
v -0.0823 -5.7133 17.9517
v -0.0823 -5.7133 17.9517
v -0.1331 -5.6433 17.9517
v -0.1331 -5.6433 17.9517
v -0.1331 -5.5567 17.9517
v -0.1331 -5.5567 17.9517
v -0.0823 -5.4867 17.9517
v -0.0823 -5.4867 17.9517
v 0.0000 -5.4600 17.9517
v 0.0000 -5.6000 17.8906
v 0.0000 -5.4600 17.8906
v 0.0823 -5.4867 17.8906
v 0.0823 -5.4867 17.8906
v 0.1331 -5.5567 17.8906
v 0.1331 -5.5567 17.8906
v 0.1331 -5.6433 17.8906
v 0.1331 -5.6433 17.8906
v 0.0823 -5.7133 17.8906
v 0.0823 -5.7133 17.8906
v 0.0000 -5.7400 17.8906
v 0.0000 -5.7400 17.8906
v -0.0823 -5.7133 17.8906
v -0.0823 -5.7133 17.8906
v -0.1331 -5.6433 17.8906
v -0.1331 -5.6433 17.8906
v -0.1331 -5.5567 17.8906
v -0.1331 -5.5567 17.8906
v -0.0823 -5.4867 17.8906
v -0.0823 -5.4867 17.8906
v 0.0000 -5.4600 17.8906
v 0.0000 5.7400 19.7160
v 0.0000 5.7400 19.6549
v 0.0823 5.7133 19.6549
v 0.0823 5.7133 19.7160
v 0.0823 5.7133 19.7160
v 0.0823 5.7133 19.6549
v 0.1331 5.6433 19.6549
v 0.1331 5.6433 19.7160
v 0.1331 5.6433 19.7160
v 0.1331 5.6433 19.6549
v 0.1331 5.5567 19.6549
v 0.1331 5.5567 19.7160
v 0.1331 5.5567 19.7160
v 0.1331 5.5567 19.6549
v 0.0823 5.4867 19.6549
v 0.0823 5.4867 19.7160
v 0.0823 5.4867 19.7160
v 0.0823 5.4867 19.6549
v 0.0000 5.4600 19.6549
v 0.0000 5.4600 19.7160
v 0.0000 5.4600 19.7160
v 0.0000 5.4600 19.6549
v -0.0823 5.4867 19.6549
v -0.0823 5.4867 19.7160
v -0.0823 5.4867 19.7160
v -0.0823 5.4867 19.6549
v -0.1331 5.5567 19.6549
v -0.1331 5.5567 19.7160
v -0.1331 5.5567 19.7160
v -0.1331 5.5567 19.6549
v -0.1331 5.6433 19.6549
v -0.1331 5.6433 19.7160
v -0.1331 5.6433 19.7160
v -0.1331 5.6433 19.6549
v -0.0823 5.7133 19.6549
v -0.0823 5.7133 19.7160
v -0.0823 5.7133 19.7160
v -0.0823 5.7133 19.6549
v 0.0000 5.7400 19.6549
v 0.0000 5.7400 19.7160
v 0.0000 5.6000 19.7160
v 0.0000 5.7400 19.7160
v 0.0823 5.7133 19.7160
v 0.0823 5.7133 19.7160
v 0.1331 5.6433 19.7160
v 0.1331 5.6433 19.7160
v 0.1331 5.5567 19.7160
v 0.1331 5.5567 19.7160
v 0.0823 5.4867 19.7160
v 0.0823 5.4867 19.7160
v 0.0000 5.4600 19.7160
v 0.0000 5.4600 19.7160
v -0.0823 5.4867 19.7160
v -0.0823 5.4867 19.7160
v -0.1331 5.5567 19.7160
v -0.1331 5.5567 19.7160
v -0.1331 5.6433 19.7160
v -0.1331 5.6433 19.7160
v -0.0823 5.7133 19.7160
v -0.0823 5.7133 19.7160
v 0.0000 5.7400 19.7160
v 0.0000 5.6000 19.6549
v 0.0000 5.7400 19.6549
v 0.0823 5.7133 19.6549
v 0.0823 5.7133 19.6549
v 0.1331 5.6433 19.6549
v 0.1331 5.6433 19.6549
v 0.1331 5.5567 19.6549
v 0.1331 5.5567 19.6549
v 0.0823 5.4867 19.6549
v 0.0823 5.4867 19.6549
v 0.0000 5.4600 19.6549
v 0.0000 5.4600 19.6549
v -0.0823 5.4867 19.6549
v -0.0823 5.4867 19.6549
v -0.1331 5.5567 19.6549
v -0.1331 5.5567 19.6549
v -0.1331 5.6433 19.6549
v -0.1331 5.6433 19.6549
v -0.0823 5.7133 19.6549
v -0.0823 5.7133 19.6549
v 0.0000 5.7400 19.6549
v 0.0000 5.7400 19.5803
v 0.0000 5.7400 19.5192
v 0.0823 5.7133 19.5192
v 0.0823 5.7133 19.5803
v 0.0823 5.7133 19.5803
v 0.0823 5.7133 19.5192
v 0.1331 5.6433 19.5192
v 0.1331 5.6433 19.5803
v 0.1331 5.6433 19.5803
v 0.1331 5.6433 19.5192
v 0.1331 5.5567 19.5192
v 0.1331 5.5567 19.5803
v 0.1331 5.5567 19.5803
v 0.1331 5.5567 19.5192
v 0.0823 5.4867 19.5192
v 0.0823 5.4867 19.5803
v 0.0823 5.4867 19.5803
v 0.0823 5.4867 19.5192
v 0.0000 5.4600 19.5192
v 0.0000 5.4600 19.5803
v 0.0000 5.4600 19.5803
v 0.0000 5.4600 19.5192
v -0.0823 5.4867 19.5192
v -0.0823 5.4867 19.5803
v -0.0823 5.4867 19.5803
v -0.0823 5.4867 19.5192
v -0.1331 5.5567 19.5192
v -0.1331 5.5567 19.5803
v -0.1331 5.5567 19.5803
v -0.1331 5.5567 19.5192
v -0.1331 5.6433 19.5192
v -0.1331 5.6433 19.5803
v -0.1331 5.6433 19.5803
v -0.1331 5.6433 19.5192
v -0.0823 5.7133 19.5192
v -0.0823 5.7133 19.5803
v -0.0823 5.7133 19.5803
v -0.0823 5.7133 19.5192
v 0.0000 5.7400 19.5192
v 0.0000 5.7400 19.5803
v 0.0000 5.6000 19.5803
v 0.0000 5.7400 19.5803
v 0.0823 5.7133 19.5803
v 0.0823 5.7133 19.5803
v 0.1331 5.6433 19.5803
v 0.1331 5.6433 19.5803
v 0.1331 5.5567 19.5803
v 0.1331 5.5567 19.5803
v 0.0823 5.4867 19.5803
v 0.0823 5.4867 19.5803
v 0.0000 5.4600 19.5803
v 0.0000 5.4600 19.5803
v -0.0823 5.4867 19.5803
v -0.0823 5.4867 19.5803
v -0.1331 5.5567 19.5803
v -0.1331 5.5567 19.5803
v -0.1331 5.6433 19.5803
v -0.1331 5.6433 19.5803
v -0.0823 5.7133 19.5803
v -0.0823 5.7133 19.5803
v 0.0000 5.7400 19.5803
v 0.0000 5.6000 19.5192
v 0.0000 5.7400 19.5192
v 0.0823 5.7133 19.5192
v 0.0823 5.7133 19.5192
v 0.1331 5.6433 19.5192
v 0.1331 5.6433 19.5192
v 0.1331 5.5567 19.5192
v 0.1331 5.5567 19.5192
v 0.0823 5.4867 19.5192
v 0.0823 5.4867 19.5192
v 0.0000 5.4600 19.5192
v 0.0000 5.4600 19.5192
v -0.0823 5.4867 19.5192
v -0.0823 5.4867 19.5192
v -0.1331 5.5567 19.5192
v -0.1331 5.5567 19.5192
v -0.1331 5.6433 19.5192
v -0.1331 5.6433 19.5192
v -0.0823 5.7133 19.5192
v -0.0823 5.7133 19.5192
v 0.0000 5.7400 19.5192
v 0.0000 5.7400 19.4446
v 0.0000 5.7400 19.3835
v 0.0823 5.7133 19.3835
v 0.0823 5.7133 19.4446
v 0.0823 5.7133 19.4446
v 0.0823 5.7133 19.3835
v 0.1331 5.6433 19.3835
v 0.1331 5.6433 19.4446
v 0.1331 5.6433 19.4446
v 0.1331 5.6433 19.3835
v 0.1331 5.5567 19.3835
v 0.1331 5.5567 19.4446
v 0.1331 5.5567 19.4446
v 0.1331 5.5567 19.3835
v 0.0823 5.4867 19.3835
v 0.0823 5.4867 19.4446
v 0.0823 5.4867 19.4446
v 0.0823 5.4867 19.3835
v 0.0000 5.4600 19.3835
v 0.0000 5.4600 19.4446
v 0.0000 5.4600 19.4446
v 0.0000 5.4600 19.3835
v -0.0823 5.4867 19.3835
v -0.0823 5.4867 19.4446
v -0.0823 5.4867 19.4446
v -0.0823 5.4867 19.3835
v -0.1331 5.5567 19.3835
v -0.1331 5.5567 19.4446
v -0.1331 5.5567 19.4446
v -0.1331 5.5567 19.3835
v -0.1331 5.6433 19.3835
v -0.1331 5.6433 19.4446
v -0.1331 5.6433 19.4446
v -0.1331 5.6433 19.3835
v -0.0823 5.7133 19.3835
v -0.0823 5.7133 19.4446
v -0.0823 5.7133 19.4446
v -0.0823 5.7133 19.3835
v 0.0000 5.7400 19.3835
v 0.0000 5.7400 19.4446
v 0.0000 5.6000 19.4446
v 0.0000 5.7400 19.4446
v 0.0823 5.7133 19.4446
v 0.0823 5.7133 19.4446
v 0.1331 5.6433 19.4446
v 0.1331 5.6433 19.4446
v 0.1331 5.5567 19.4446
v 0.1331 5.5567 19.4446
v 0.0823 5.4867 19.4446
v 0.0823 5.4867 19.4446
v 0.0000 5.4600 19.4446
v 0.0000 5.4600 19.4446
v -0.0823 5.4867 19.4446
v -0.0823 5.4867 19.4446
v -0.1331 5.5567 19.4446
v -0.1331 5.5567 19.4446
v -0.1331 5.6433 19.4446
v -0.1331 5.6433 19.4446
v -0.0823 5.7133 19.4446
v -0.0823 5.7133 19.4446
v 0.0000 5.7400 19.4446
v 0.0000 5.6000 19.3835
v 0.0000 5.7400 19.3835
v 0.0823 5.7133 19.3835
v 0.0823 5.7133 19.3835
v 0.1331 5.6433 19.3835
v 0.1331 5.6433 19.3835
v 0.1331 5.5567 19.3835
v 0.1331 5.5567 19.3835
v 0.0823 5.4867 19.3835
v 0.0823 5.4867 19.3835
v 0.0000 5.4600 19.3835
v 0.0000 5.4600 19.3835
v -0.0823 5.4867 19.3835
v -0.0823 5.4867 19.3835
v -0.1331 5.5567 19.3835
v -0.1331 5.5567 19.3835
v -0.1331 5.6433 19.3835
v -0.1331 5.6433 19.3835
v -0.0823 5.7133 19.3835
v -0.0823 5.7133 19.3835
v 0.0000 5.7400 19.3835
v 0.0000 5.7400 19.3089
v 0.0000 5.7400 19.2478
v 0.0823 5.7133 19.2478
v 0.0823 5.7133 19.3089
v 0.0823 5.7133 19.3089
v 0.0823 5.7133 19.2478
v 0.1331 5.6433 19.2478
v 0.1331 5.6433 19.3089
v 0.1331 5.6433 19.3089
v 0.1331 5.6433 19.2478
v 0.1331 5.5567 19.2478
v 0.1331 5.5567 19.3089
v 0.1331 5.5567 19.3089
v 0.1331 5.5567 19.2478
v 0.0823 5.4867 19.2478
v 0.0823 5.4867 19.3089
v 0.0823 5.4867 19.3089
v 0.0823 5.4867 19.2478
v 0.0000 5.4600 19.2478
v 0.0000 5.4600 19.3089
v 0.0000 5.4600 19.3089
v 0.0000 5.4600 19.2478
v -0.0823 5.4867 19.2478
v -0.0823 5.4867 19.3089
v -0.0823 5.4867 19.3089
v -0.0823 5.4867 19.2478
v -0.1331 5.5567 19.2478
v -0.1331 5.5567 19.3089
v -0.1331 5.5567 19.3089
v -0.1331 5.5567 19.2478
v -0.1331 5.6433 19.2478
v -0.1331 5.6433 19.3089
v -0.1331 5.6433 19.3089
v -0.1331 5.6433 19.2478
v -0.0823 5.7133 19.2478
v -0.0823 5.7133 19.3089
v -0.0823 5.7133 19.3089
v -0.0823 5.7133 19.2478
v 0.0000 5.7400 19.2478
v 0.0000 5.7400 19.3089
v 0.0000 5.6000 19.3089
v 0.0000 5.7400 19.3089
v 0.0823 5.7133 19.3089
v 0.0823 5.7133 19.3089
v 0.1331 5.6433 19.3089
v 0.1331 5.6433 19.3089
v 0.1331 5.5567 19.3089
v 0.1331 5.5567 19.3089
v 0.0823 5.4867 19.3089
v 0.0823 5.4867 19.3089
v 0.0000 5.4600 19.3089
v 0.0000 5.4600 19.3089
v -0.0823 5.4867 19.3089
v -0.0823 5.4867 19.3089
v -0.1331 5.5567 19.3089
v -0.1331 5.5567 19.3089
v -0.1331 5.6433 19.3089
v -0.1331 5.6433 19.3089
v -0.0823 5.7133 19.3089
v -0.0823 5.7133 19.3089
v 0.0000 5.7400 19.3089
v 0.0000 5.6000 19.2478
v 0.0000 5.7400 19.2478
v 0.0823 5.7133 19.2478
v 0.0823 5.7133 19.2478
v 0.1331 5.6433 19.2478
v 0.1331 5.6433 19.2478
v 0.1331 5.5567 19.2478
v 0.1331 5.5567 19.2478
v 0.0823 5.4867 19.2478
v 0.0823 5.4867 19.2478
v 0.0000 5.4600 19.2478
v 0.0000 5.4600 19.2478
v -0.0823 5.4867 19.2478
v -0.0823 5.4867 19.2478
v -0.1331 5.5567 19.2478
v -0.1331 5.5567 19.2478
v -0.1331 5.6433 19.2478
v -0.1331 5.6433 19.2478
v -0.0823 5.7133 19.2478
v -0.0823 5.7133 19.2478
v 0.0000 5.7400 19.2478
v 0.0000 5.7400 19.1731
v 0.0000 5.7400 19.1121
v 0.0823 5.7133 19.1121
v 0.0823 5.7133 19.1731
v 0.0823 5.7133 19.1731
v 0.0823 5.7133 19.1121
v 0.1331 5.6433 19.1121
v 0.1331 5.6433 19.1731
v 0.1331 5.6433 19.1731
v 0.1331 5.6433 19.1121
v 0.1331 5.5567 19.1121
v 0.1331 5.5567 19.1731
v 0.1331 5.5567 19.1731
v 0.1331 5.5567 19.1121
v 0.0823 5.4867 19.1121
v 0.0823 5.4867 19.1731
v 0.0823 5.4867 19.1731
v 0.0823 5.4867 19.1121
v 0.0000 5.4600 19.1121
v 0.0000 5.4600 19.1731
v 0.0000 5.4600 19.1731
v 0.0000 5.4600 19.1121
v -0.0823 5.4867 19.1121
v -0.0823 5.4867 19.1731
v -0.0823 5.4867 19.1731
v -0.0823 5.4867 19.1121
v -0.1331 5.5567 19.1121
v -0.1331 5.5567 19.1731
v -0.1331 5.5567 19.1731
v -0.1331 5.5567 19.1121
v -0.1331 5.6433 19.1121
v -0.1331 5.6433 19.1731
v -0.1331 5.6433 19.1731
v -0.1331 5.6433 19.1121
v -0.0823 5.7133 19.1121
v -0.0823 5.7133 19.1731
v -0.0823 5.7133 19.1731
v -0.0823 5.7133 19.1121
v 0.0000 5.7400 19.1121
v 0.0000 5.7400 19.1731
v 0.0000 5.6000 19.1731
v 0.0000 5.7400 19.1731
v 0.0823 5.7133 19.1731
v 0.0823 5.7133 19.1731
v 0.1331 5.6433 19.1731
v 0.1331 5.6433 19.1731
v 0.1331 5.5567 19.1731
v 0.1331 5.5567 19.1731
v 0.0823 5.4867 19.1731
v 0.0823 5.4867 19.1731
v 0.0000 5.4600 19.1731
v 0.0000 5.4600 19.1731
v -0.0823 5.4867 19.1731
v -0.0823 5.4867 19.1731
v -0.1331 5.5567 19.1731
v -0.1331 5.5567 19.1731
v -0.1331 5.6433 19.1731
v -0.1331 5.6433 19.1731
v -0.0823 5.7133 19.1731
v -0.0823 5.7133 19.1731
v 0.0000 5.7400 19.1731
v 0.0000 5.6000 19.1121
v 0.0000 5.7400 19.1121
v 0.0823 5.7133 19.1121
v 0.0823 5.7133 19.1121
v 0.1331 5.6433 19.1121
v 0.1331 5.6433 19.1121
v 0.1331 5.5567 19.1121
v 0.1331 5.5567 19.1121
v 0.0823 5.4867 19.1121
v 0.0823 5.4867 19.1121
v 0.0000 5.4600 19.1121
v 0.0000 5.4600 19.1121
v -0.0823 5.4867 19.1121
v -0.0823 5.4867 19.1121
v -0.1331 5.5567 19.1121
v -0.1331 5.5567 19.1121
v -0.1331 5.6433 19.1121
v -0.1331 5.6433 19.1121
v -0.0823 5.7133 19.1121
v -0.0823 5.7133 19.1121
v 0.0000 5.7400 19.1121
v 0.0000 5.7400 19.0374
v 0.0000 5.7400 18.9764
v 0.0823 5.7133 18.9764
v 0.0823 5.7133 19.0374
v 0.0823 5.7133 19.0374
v 0.0823 5.7133 18.9764
v 0.1331 5.6433 18.9764
v 0.1331 5.6433 19.0374
v 0.1331 5.6433 19.0374
v 0.1331 5.6433 18.9764
v 0.1331 5.5567 18.9764
v 0.1331 5.5567 19.0374
v 0.1331 5.5567 19.0374
v 0.1331 5.5567 18.9764
v 0.0823 5.4867 18.9764
v 0.0823 5.4867 19.0374
v 0.0823 5.4867 19.0374
v 0.0823 5.4867 18.9764
v 0.0000 5.4600 18.9764
v 0.0000 5.4600 19.0374
v 0.0000 5.4600 19.0374
v 0.0000 5.4600 18.9764
v -0.0823 5.4867 18.9764
v -0.0823 5.4867 19.0374
v -0.0823 5.4867 19.0374
v -0.0823 5.4867 18.9764
v -0.1331 5.5567 18.9764
v -0.1331 5.5567 19.0374
v -0.1331 5.5567 19.0374
v -0.1331 5.5567 18.9764
v -0.1331 5.6433 18.9764
v -0.1331 5.6433 19.0374
v -0.1331 5.6433 19.0374
v -0.1331 5.6433 18.9764
v -0.0823 5.7133 18.9764
v -0.0823 5.7133 19.0374
v -0.0823 5.7133 19.0374
v -0.0823 5.7133 18.9764
v 0.0000 5.7400 18.9764
v 0.0000 5.7400 19.0374
v 0.0000 5.6000 19.0374
v 0.0000 5.7400 19.0374
v 0.0823 5.7133 19.0374
v 0.0823 5.7133 19.0374
v 0.1331 5.6433 19.0374
v 0.1331 5.6433 19.0374
v 0.1331 5.5567 19.0374
v 0.1331 5.5567 19.0374
v 0.0823 5.4867 19.0374
v 0.0823 5.4867 19.0374
v 0.0000 5.4600 19.0374
v 0.0000 5.4600 19.0374
v -0.0823 5.4867 19.0374
v -0.0823 5.4867 19.0374
v -0.1331 5.5567 19.0374
v -0.1331 5.5567 19.0374
v -0.1331 5.6433 19.0374
v -0.1331 5.6433 19.0374
v -0.0823 5.7133 19.0374
v -0.0823 5.7133 19.0374
v 0.0000 5.7400 19.0374
v 0.0000 5.6000 18.9764
v 0.0000 5.7400 18.9764
v 0.0823 5.7133 18.9764
v 0.0823 5.7133 18.9764
v 0.1331 5.6433 18.9764
v 0.1331 5.6433 18.9764
v 0.1331 5.5567 18.9764
v 0.1331 5.5567 18.9764
v 0.0823 5.4867 18.9764
v 0.0823 5.4867 18.9764
v 0.0000 5.4600 18.9764
v 0.0000 5.4600 18.9764
v -0.0823 5.4867 18.9764
v -0.0823 5.4867 18.9764
v -0.1331 5.5567 18.9764
v -0.1331 5.5567 18.9764
v -0.1331 5.6433 18.9764
v -0.1331 5.6433 18.9764
v -0.0823 5.7133 18.9764
v -0.0823 5.7133 18.9764
v 0.0000 5.7400 18.9764
v 0.0000 5.7400 18.9017
v 0.0000 5.7400 18.8406
v 0.0823 5.7133 18.8406
v 0.0823 5.7133 18.9017
v 0.0823 5.7133 18.9017
v 0.0823 5.7133 18.8406
v 0.1331 5.6433 18.8406
v 0.1331 5.6433 18.9017
v 0.1331 5.6433 18.9017
v 0.1331 5.6433 18.8406
v 0.1331 5.5567 18.8406
v 0.1331 5.5567 18.9017
v 0.1331 5.5567 18.9017
v 0.1331 5.5567 18.8406
v 0.0823 5.4867 18.8406
v 0.0823 5.4867 18.9017
v 0.0823 5.4867 18.9017
v 0.0823 5.4867 18.8406
v 0.0000 5.4600 18.8406
v 0.0000 5.4600 18.9017
v 0.0000 5.4600 18.9017
v 0.0000 5.4600 18.8406
v -0.0823 5.4867 18.8406
v -0.0823 5.4867 18.9017
v -0.0823 5.4867 18.9017
v -0.0823 5.4867 18.8406
v -0.1331 5.5567 18.8406
v -0.1331 5.5567 18.9017
v -0.1331 5.5567 18.9017
v -0.1331 5.5567 18.8406
v -0.1331 5.6433 18.8406
v -0.1331 5.6433 18.9017
v -0.1331 5.6433 18.9017
v -0.1331 5.6433 18.8406
v -0.0823 5.7133 18.8406
v -0.0823 5.7133 18.9017
v -0.0823 5.7133 18.9017
v -0.0823 5.7133 18.8406
v 0.0000 5.7400 18.8406
v 0.0000 5.7400 18.9017
v 0.0000 5.6000 18.9017
v 0.0000 5.7400 18.9017
v 0.0823 5.7133 18.9017
v 0.0823 5.7133 18.9017
v 0.1331 5.6433 18.9017
v 0.1331 5.6433 18.9017
v 0.1331 5.5567 18.9017
v 0.1331 5.5567 18.9017
v 0.0823 5.4867 18.9017
v 0.0823 5.4867 18.9017
v 0.0000 5.4600 18.9017
v 0.0000 5.4600 18.9017
v -0.0823 5.4867 18.9017
v -0.0823 5.4867 18.9017
v -0.1331 5.5567 18.9017
v -0.1331 5.5567 18.9017
v -0.1331 5.6433 18.9017
v -0.1331 5.6433 18.9017
v -0.0823 5.7133 18.9017
v -0.0823 5.7133 18.9017
v 0.0000 5.7400 18.9017
v 0.0000 5.6000 18.8406
v 0.0000 5.7400 18.8406
v 0.0823 5.7133 18.8406
v 0.0823 5.7133 18.8406
v 0.1331 5.6433 18.8406
v 0.1331 5.6433 18.8406
v 0.1331 5.5567 18.8406
v 0.1331 5.5567 18.8406
v 0.0823 5.4867 18.8406
v 0.0823 5.4867 18.8406
v 0.0000 5.4600 18.8406
v 0.0000 5.4600 18.8406
v -0.0823 5.4867 18.8406
v -0.0823 5.4867 18.8406
v -0.1331 5.5567 18.8406
v -0.1331 5.5567 18.8406
v -0.1331 5.6433 18.8406
v -0.1331 5.6433 18.8406
v -0.0823 5.7133 18.8406
v -0.0823 5.7133 18.8406
v 0.0000 5.7400 18.8406
v 0.0000 5.7400 18.7660
v 0.0000 5.7400 18.7049
v 0.0823 5.7133 18.7049
v 0.0823 5.7133 18.7660
v 0.0823 5.7133 18.7660
v 0.0823 5.7133 18.7049
v 0.1331 5.6433 18.7049
v 0.1331 5.6433 18.7660
v 0.1331 5.6433 18.7660
v 0.1331 5.6433 18.7049
v 0.1331 5.5567 18.7049
v 0.1331 5.5567 18.7660
v 0.1331 5.5567 18.7660
v 0.1331 5.5567 18.7049
v 0.0823 5.4867 18.7049
v 0.0823 5.4867 18.7660
v 0.0823 5.4867 18.7660
v 0.0823 5.4867 18.7049
v 0.0000 5.4600 18.7049
v 0.0000 5.4600 18.7660
v 0.0000 5.4600 18.7660
v 0.0000 5.4600 18.7049
v -0.0823 5.4867 18.7049
v -0.0823 5.4867 18.7660
v -0.0823 5.4867 18.7660
v -0.0823 5.4867 18.7049
v -0.1331 5.5567 18.7049
v -0.1331 5.5567 18.7660
v -0.1331 5.5567 18.7660
v -0.1331 5.5567 18.7049
v -0.1331 5.6433 18.7049
v -0.1331 5.6433 18.7660
v -0.1331 5.6433 18.7660
v -0.1331 5.6433 18.7049
v -0.0823 5.7133 18.7049
v -0.0823 5.7133 18.7660
v -0.0823 5.7133 18.7660
v -0.0823 5.7133 18.7049
v 0.0000 5.7400 18.7049
v 0.0000 5.7400 18.7660
v 0.0000 5.6000 18.7660
v 0.0000 5.7400 18.7660
v 0.0823 5.7133 18.7660
v 0.0823 5.7133 18.7660
v 0.1331 5.6433 18.7660
v 0.1331 5.6433 18.7660
v 0.1331 5.5567 18.7660
v 0.1331 5.5567 18.7660
v 0.0823 5.4867 18.7660
v 0.0823 5.4867 18.7660
v 0.0000 5.4600 18.7660
v 0.0000 5.4600 18.7660
v -0.0823 5.4867 18.7660
v -0.0823 5.4867 18.7660
v -0.1331 5.5567 18.7660
v -0.1331 5.5567 18.7660
v -0.1331 5.6433 18.7660
v -0.1331 5.6433 18.7660
v -0.0823 5.7133 18.7660
v -0.0823 5.7133 18.7660
v 0.0000 5.7400 18.7660
v 0.0000 5.6000 18.7049
v 0.0000 5.7400 18.7049
v 0.0823 5.7133 18.7049
v 0.0823 5.7133 18.7049
v 0.1331 5.6433 18.7049
v 0.1331 5.6433 18.7049
v 0.1331 5.5567 18.7049
v 0.1331 5.5567 18.7049
v 0.0823 5.4867 18.7049
v 0.0823 5.4867 18.7049
v 0.0000 5.4600 18.7049
v 0.0000 5.4600 18.7049
v -0.0823 5.4867 18.7049
v -0.0823 5.4867 18.7049
v -0.1331 5.5567 18.7049
v -0.1331 5.5567 18.7049
v -0.1331 5.6433 18.7049
v -0.1331 5.6433 18.7049
v -0.0823 5.7133 18.7049
v -0.0823 5.7133 18.7049
v 0.0000 5.7400 18.7049
v 0.0000 5.7400 18.6303
v 0.0000 5.7400 18.5692
v 0.0823 5.7133 18.5692
v 0.0823 5.7133 18.6303
v 0.0823 5.7133 18.6303
v 0.0823 5.7133 18.5692
v 0.1331 5.6433 18.5692
v 0.1331 5.6433 18.6303
v 0.1331 5.6433 18.6303
v 0.1331 5.6433 18.5692
v 0.1331 5.5567 18.5692
v 0.1331 5.5567 18.6303
v 0.1331 5.5567 18.6303
v 0.1331 5.5567 18.5692
v 0.0823 5.4867 18.5692
v 0.0823 5.4867 18.6303
v 0.0823 5.4867 18.6303
v 0.0823 5.4867 18.5692
v 0.0000 5.4600 18.5692
v 0.0000 5.4600 18.6303
v 0.0000 5.4600 18.6303
v 0.0000 5.4600 18.5692
v -0.0823 5.4867 18.5692
v -0.0823 5.4867 18.6303
v -0.0823 5.4867 18.6303
v -0.0823 5.4867 18.5692
v -0.1331 5.5567 18.5692
v -0.1331 5.5567 18.6303
v -0.1331 5.5567 18.6303
v -0.1331 5.5567 18.5692
v -0.1331 5.6433 18.5692
v -0.1331 5.6433 18.6303
v -0.1331 5.6433 18.6303
v -0.1331 5.6433 18.5692
v -0.0823 5.7133 18.5692
v -0.0823 5.7133 18.6303
v -0.0823 5.7133 18.6303
v -0.0823 5.7133 18.5692
v 0.0000 5.7400 18.5692
v 0.0000 5.7400 18.6303
v 0.0000 5.6000 18.6303
v 0.0000 5.7400 18.6303
v 0.0823 5.7133 18.6303
v 0.0823 5.7133 18.6303
v 0.1331 5.6433 18.6303
v 0.1331 5.6433 18.6303
v 0.1331 5.5567 18.6303
v 0.1331 5.5567 18.6303
v 0.0823 5.4867 18.6303
v 0.0823 5.4867 18.6303
v 0.0000 5.4600 18.6303
v 0.0000 5.4600 18.6303
v -0.0823 5.4867 18.6303
v -0.0823 5.4867 18.6303
v -0.1331 5.5567 18.6303
v -0.1331 5.5567 18.6303
v -0.1331 5.6433 18.6303
v -0.1331 5.6433 18.6303
v -0.0823 5.7133 18.6303
v -0.0823 5.7133 18.6303
v 0.0000 5.7400 18.6303
v 0.0000 5.6000 18.5692
v 0.0000 5.7400 18.5692
v 0.0823 5.7133 18.5692
v 0.0823 5.7133 18.5692
v 0.1331 5.6433 18.5692
v 0.1331 5.6433 18.5692
v 0.1331 5.5567 18.5692
v 0.1331 5.5567 18.5692
v 0.0823 5.4867 18.5692
v 0.0823 5.4867 18.5692
v 0.0000 5.4600 18.5692
v 0.0000 5.4600 18.5692
v -0.0823 5.4867 18.5692
v -0.0823 5.4867 18.5692
v -0.1331 5.5567 18.5692
v -0.1331 5.5567 18.5692
v -0.1331 5.6433 18.5692
v -0.1331 5.6433 18.5692
v -0.0823 5.7133 18.5692
v -0.0823 5.7133 18.5692
v 0.0000 5.7400 18.5692
v 0.0000 5.7400 18.4946
v 0.0000 5.7400 18.4335
v 0.0823 5.7133 18.4335
v 0.0823 5.7133 18.4946
v 0.0823 5.7133 18.4946
v 0.0823 5.7133 18.4335
v 0.1331 5.6433 18.4335
v 0.1331 5.6433 18.4946
v 0.1331 5.6433 18.4946
v 0.1331 5.6433 18.4335
v 0.1331 5.5567 18.4335
v 0.1331 5.5567 18.4946
v 0.1331 5.5567 18.4946
v 0.1331 5.5567 18.4335
v 0.0823 5.4867 18.4335
v 0.0823 5.4867 18.4946
v 0.0823 5.4867 18.4946
v 0.0823 5.4867 18.4335
v 0.0000 5.4600 18.4335
v 0.0000 5.4600 18.4946
v 0.0000 5.4600 18.4946
v 0.0000 5.4600 18.4335
v -0.0823 5.4867 18.4335
v -0.0823 5.4867 18.4946
v -0.0823 5.4867 18.4946
v -0.0823 5.4867 18.4335
v -0.1331 5.5567 18.4335
v -0.1331 5.5567 18.4946
v -0.1331 5.5567 18.4946
v -0.1331 5.5567 18.4335
v -0.1331 5.6433 18.4335
v -0.1331 5.6433 18.4946
v -0.1331 5.6433 18.4946
v -0.1331 5.6433 18.4335
v -0.0823 5.7133 18.4335
v -0.0823 5.7133 18.4946
v -0.0823 5.7133 18.4946
v -0.0823 5.7133 18.4335
v 0.0000 5.7400 18.4335
v 0.0000 5.7400 18.4946
v 0.0000 5.6000 18.4946
v 0.0000 5.7400 18.4946
v 0.0823 5.7133 18.4946
v 0.0823 5.7133 18.4946
v 0.1331 5.6433 18.4946
v 0.1331 5.6433 18.4946
v 0.1331 5.5567 18.4946
v 0.1331 5.5567 18.4946
v 0.0823 5.4867 18.4946
v 0.0823 5.4867 18.4946
v 0.0000 5.4600 18.4946
v 0.0000 5.4600 18.4946
v -0.0823 5.4867 18.4946
v -0.0823 5.4867 18.4946
v -0.1331 5.5567 18.4946
v -0.1331 5.5567 18.4946
v -0.1331 5.6433 18.4946
v -0.1331 5.6433 18.4946
v -0.0823 5.7133 18.4946
v -0.0823 5.7133 18.4946
v 0.0000 5.7400 18.4946
v 0.0000 5.6000 18.4335
v 0.0000 5.7400 18.4335
v 0.0823 5.7133 18.4335
v 0.0823 5.7133 18.4335
v 0.1331 5.6433 18.4335
v 0.1331 5.6433 18.4335
v 0.1331 5.5567 18.4335
v 0.1331 5.5567 18.4335
v 0.0823 5.4867 18.4335
v 0.0823 5.4867 18.4335
v 0.0000 5.4600 18.4335
v 0.0000 5.4600 18.4335
v -0.0823 5.4867 18.4335
v -0.0823 5.4867 18.4335
v -0.1331 5.5567 18.4335
v -0.1331 5.5567 18.4335
v -0.1331 5.6433 18.4335
v -0.1331 5.6433 18.4335
v -0.0823 5.7133 18.4335
v -0.0823 5.7133 18.4335
v 0.0000 5.7400 18.4335
v 0.0000 5.7400 18.3589
v 0.0000 5.7400 18.2978
v 0.0823 5.7133 18.2978
v 0.0823 5.7133 18.3589
v 0.0823 5.7133 18.3589
v 0.0823 5.7133 18.2978
v 0.1331 5.6433 18.2978
v 0.1331 5.6433 18.3589
v 0.1331 5.6433 18.3589
v 0.1331 5.6433 18.2978
v 0.1331 5.5567 18.2978
v 0.1331 5.5567 18.3589
v 0.1331 5.5567 18.3589
v 0.1331 5.5567 18.2978
v 0.0823 5.4867 18.2978
v 0.0823 5.4867 18.3589
v 0.0823 5.4867 18.3589
v 0.0823 5.4867 18.2978
v 0.0000 5.4600 18.2978
v 0.0000 5.4600 18.3589
v 0.0000 5.4600 18.3589
v 0.0000 5.4600 18.2978
v -0.0823 5.4867 18.2978
v -0.0823 5.4867 18.3589
v -0.0823 5.4867 18.3589
v -0.0823 5.4867 18.2978
v -0.1331 5.5567 18.2978
v -0.1331 5.5567 18.3589
v -0.1331 5.5567 18.3589
v -0.1331 5.5567 18.2978
v -0.1331 5.6433 18.2978
v -0.1331 5.6433 18.3589
v -0.1331 5.6433 18.3589
v -0.1331 5.6433 18.2978
v -0.0823 5.7133 18.2978
v -0.0823 5.7133 18.3589
v -0.0823 5.7133 18.3589
v -0.0823 5.7133 18.2978
v 0.0000 5.7400 18.2978
v 0.0000 5.7400 18.3589
v 0.0000 5.6000 18.3589
v 0.0000 5.7400 18.3589
v 0.0823 5.7133 18.3589
v 0.0823 5.7133 18.3589
v 0.1331 5.6433 18.3589
v 0.1331 5.6433 18.3589
v 0.1331 5.5567 18.3589
v 0.1331 5.5567 18.3589
v 0.0823 5.4867 18.3589
v 0.0823 5.4867 18.3589
v 0.0000 5.4600 18.3589
v 0.0000 5.4600 18.3589
v -0.0823 5.4867 18.3589
v -0.0823 5.4867 18.3589
v -0.1331 5.5567 18.3589
v -0.1331 5.5567 18.3589
v -0.1331 5.6433 18.3589
v -0.1331 5.6433 18.3589
v -0.0823 5.7133 18.3589
v -0.0823 5.7133 18.3589
v 0.0000 5.7400 18.3589
v 0.0000 5.6000 18.2978
v 0.0000 5.7400 18.2978
v 0.0823 5.7133 18.2978
v 0.0823 5.7133 18.2978
v 0.1331 5.6433 18.2978
v 0.1331 5.6433 18.2978
v 0.1331 5.5567 18.2978
v 0.1331 5.5567 18.2978
v 0.0823 5.4867 18.2978
v 0.0823 5.4867 18.2978
v 0.0000 5.4600 18.2978
v 0.0000 5.4600 18.2978
v -0.0823 5.4867 18.2978
v -0.0823 5.4867 18.2978
v -0.1331 5.5567 18.2978
v -0.1331 5.5567 18.2978
v -0.1331 5.6433 18.2978
v -0.1331 5.6433 18.2978
v -0.0823 5.7133 18.2978
v -0.0823 5.7133 18.2978
v 0.0000 5.7400 18.2978
v 0.0000 5.7400 18.2231
v 0.0000 5.7400 18.1621
v 0.0823 5.7133 18.1621
v 0.0823 5.7133 18.2231
v 0.0823 5.7133 18.2231
v 0.0823 5.7133 18.1621
v 0.1331 5.6433 18.1621
v 0.1331 5.6433 18.2231
v 0.1331 5.6433 18.2231
v 0.1331 5.6433 18.1621
v 0.1331 5.5567 18.1621
v 0.1331 5.5567 18.2231
v 0.1331 5.5567 18.2231
v 0.1331 5.5567 18.1621
v 0.0823 5.4867 18.1621
v 0.0823 5.4867 18.2231
v 0.0823 5.4867 18.2231
v 0.0823 5.4867 18.1621
v 0.0000 5.4600 18.1621
v 0.0000 5.4600 18.2231
v 0.0000 5.4600 18.2231
v 0.0000 5.4600 18.1621
v -0.0823 5.4867 18.1621
v -0.0823 5.4867 18.2231
v -0.0823 5.4867 18.2231
v -0.0823 5.4867 18.1621
v -0.1331 5.5567 18.1621
v -0.1331 5.5567 18.2231
v -0.1331 5.5567 18.2231
v -0.1331 5.5567 18.1621
v -0.1331 5.6433 18.1621
v -0.1331 5.6433 18.2231
v -0.1331 5.6433 18.2231
v -0.1331 5.6433 18.1621
v -0.0823 5.7133 18.1621
v -0.0823 5.7133 18.2231
v -0.0823 5.7133 18.2231
v -0.0823 5.7133 18.1621
v 0.0000 5.7400 18.1621
v 0.0000 5.7400 18.2231
v 0.0000 5.6000 18.2231
v 0.0000 5.7400 18.2231
v 0.0823 5.7133 18.2231
v 0.0823 5.7133 18.2231
v 0.1331 5.6433 18.2231
v 0.1331 5.6433 18.2231
v 0.1331 5.5567 18.2231
v 0.1331 5.5567 18.2231
v 0.0823 5.4867 18.2231
v 0.0823 5.4867 18.2231
v 0.0000 5.4600 18.2231
v 0.0000 5.4600 18.2231
v -0.0823 5.4867 18.2231
v -0.0823 5.4867 18.2231
v -0.1331 5.5567 18.2231
v -0.1331 5.5567 18.2231
v -0.1331 5.6433 18.2231
v -0.1331 5.6433 18.2231
v -0.0823 5.7133 18.2231
v -0.0823 5.7133 18.2231
v 0.0000 5.7400 18.2231
v 0.0000 5.6000 18.1621
v 0.0000 5.7400 18.1621
v 0.0823 5.7133 18.1621
v 0.0823 5.7133 18.1621
v 0.1331 5.6433 18.1621
v 0.1331 5.6433 18.1621
v 0.1331 5.5567 18.1621
v 0.1331 5.5567 18.1621
v 0.0823 5.4867 18.1621
v 0.0823 5.4867 18.1621
v 0.0000 5.4600 18.1621
v 0.0000 5.4600 18.1621
v -0.0823 5.4867 18.1621
v -0.0823 5.4867 18.1621
v -0.1331 5.5567 18.1621
v -0.1331 5.5567 18.1621
v -0.1331 5.6433 18.1621
v -0.1331 5.6433 18.1621
v -0.0823 5.7133 18.1621
v -0.0823 5.7133 18.1621
v 0.0000 5.7400 18.1621
v 0.0000 5.7400 18.0874
v 0.0000 5.7400 18.0264
v 0.0823 5.7133 18.0264
v 0.0823 5.7133 18.0874
v 0.0823 5.7133 18.0874
v 0.0823 5.7133 18.0264
v 0.1331 5.6433 18.0264
v 0.1331 5.6433 18.0874
v 0.1331 5.6433 18.0874
v 0.1331 5.6433 18.0264
v 0.1331 5.5567 18.0264
v 0.1331 5.5567 18.0874
v 0.1331 5.5567 18.0874
v 0.1331 5.5567 18.0264
v 0.0823 5.4867 18.0264
v 0.0823 5.4867 18.0874
v 0.0823 5.4867 18.0874
v 0.0823 5.4867 18.0264
v 0.0000 5.4600 18.0264
v 0.0000 5.4600 18.0874
v 0.0000 5.4600 18.0874
v 0.0000 5.4600 18.0264
v -0.0823 5.4867 18.0264
v -0.0823 5.4867 18.0874
v -0.0823 5.4867 18.0874
v -0.0823 5.4867 18.0264
v -0.1331 5.5567 18.0264
v -0.1331 5.5567 18.0874
v -0.1331 5.5567 18.0874
v -0.1331 5.5567 18.0264
v -0.1331 5.6433 18.0264
v -0.1331 5.6433 18.0874
v -0.1331 5.6433 18.0874
v -0.1331 5.6433 18.0264
v -0.0823 5.7133 18.0264
v -0.0823 5.7133 18.0874
v -0.0823 5.7133 18.0874
v -0.0823 5.7133 18.0264
v 0.0000 5.7400 18.0264
v 0.0000 5.7400 18.0874
v 0.0000 5.6000 18.0874
v 0.0000 5.7400 18.0874
v 0.0823 5.7133 18.0874
v 0.0823 5.7133 18.0874
v 0.1331 5.6433 18.0874
v 0.1331 5.6433 18.0874
v 0.1331 5.5567 18.0874
v 0.1331 5.5567 18.0874
v 0.0823 5.4867 18.0874
v 0.0823 5.4867 18.0874
v 0.0000 5.4600 18.0874
v 0.0000 5.4600 18.0874
v -0.0823 5.4867 18.0874
v -0.0823 5.4867 18.0874
v -0.1331 5.5567 18.0874
v -0.1331 5.5567 18.0874
v -0.1331 5.6433 18.0874
v -0.1331 5.6433 18.0874
v -0.0823 5.7133 18.0874
v -0.0823 5.7133 18.0874
v 0.0000 5.7400 18.0874
v 0.0000 5.6000 18.0264
v 0.0000 5.7400 18.0264
v 0.0823 5.7133 18.0264
v 0.0823 5.7133 18.0264
v 0.1331 5.6433 18.0264
v 0.1331 5.6433 18.0264
v 0.1331 5.5567 18.0264
v 0.1331 5.5567 18.0264
v 0.0823 5.4867 18.0264
v 0.0823 5.4867 18.0264
v 0.0000 5.4600 18.0264
v 0.0000 5.4600 18.0264
v -0.0823 5.4867 18.0264
v -0.0823 5.4867 18.0264
v -0.1331 5.5567 18.0264
v -0.1331 5.5567 18.0264
v -0.1331 5.6433 18.0264
v -0.1331 5.6433 18.0264
v -0.0823 5.7133 18.0264
v -0.0823 5.7133 18.0264
v 0.0000 5.7400 18.0264
v 0.0000 5.7400 17.9517
v 0.0000 5.7400 17.8906
v 0.0823 5.7133 17.8906
v 0.0823 5.7133 17.9517
v 0.0823 5.7133 17.9517
v 0.0823 5.7133 17.8906
v 0.1331 5.6433 17.8906
v 0.1331 5.6433 17.9517
v 0.1331 5.6433 17.9517
v 0.1331 5.6433 17.8906
v 0.1331 5.5567 17.8906
v 0.1331 5.5567 17.9517
v 0.1331 5.5567 17.9517
v 0.1331 5.5567 17.8906
v 0.0823 5.4867 17.8906
v 0.0823 5.4867 17.9517
v 0.0823 5.4867 17.9517
v 0.0823 5.4867 17.8906
v 0.0000 5.4600 17.8906
v 0.0000 5.4600 17.9517
v 0.0000 5.4600 17.9517
v 0.0000 5.4600 17.8906
v -0.0823 5.4867 17.8906
v -0.0823 5.4867 17.9517
v -0.0823 5.4867 17.9517
v -0.0823 5.4867 17.8906
v -0.1331 5.5567 17.8906
v -0.1331 5.5567 17.9517
v -0.1331 5.5567 17.9517
v -0.1331 5.5567 17.8906
v -0.1331 5.6433 17.8906
v -0.1331 5.6433 17.9517
v -0.1331 5.6433 17.9517
v -0.1331 5.6433 17.8906
v -0.0823 5.7133 17.8906
v -0.0823 5.7133 17.9517
v -0.0823 5.7133 17.9517
v -0.0823 5.7133 17.8906
v 0.0000 5.7400 17.8906
v 0.0000 5.7400 17.9517
v 0.0000 5.6000 17.9517
v 0.0000 5.7400 17.9517
v 0.0823 5.7133 17.9517
v 0.0823 5.7133 17.9517
v 0.1331 5.6433 17.9517
v 0.1331 5.6433 17.9517
v 0.1331 5.5567 17.9517
v 0.1331 5.5567 17.9517
v 0.0823 5.4867 17.9517
v 0.0823 5.4867 17.9517
v 0.0000 5.4600 17.9517
v 0.0000 5.4600 17.9517
v -0.0823 5.4867 17.9517
v -0.0823 5.4867 17.9517
v -0.1331 5.5567 17.9517
v -0.1331 5.5567 17.9517
v -0.1331 5.6433 17.9517
v -0.1331 5.6433 17.9517
v -0.0823 5.7133 17.9517
v -0.0823 5.7133 17.9517
v 0.0000 5.7400 17.9517
v 0.0000 5.6000 17.8906
v 0.0000 5.7400 17.8906
v 0.0823 5.7133 17.8906
v 0.0823 5.7133 17.8906
v 0.1331 5.6433 17.8906
v 0.1331 5.6433 17.8906
v 0.1331 5.5567 17.8906
v 0.1331 5.5567 17.8906
v 0.0823 5.4867 17.8906
v 0.0823 5.4867 17.8906
v 0.0000 5.4600 17.8906
v 0.0000 5.4600 17.8906
v -0.0823 5.4867 17.8906
v -0.0823 5.4867 17.8906
v -0.1331 5.5567 17.8906
v -0.1331 5.5567 17.8906
v -0.1331 5.6433 17.8906
v -0.1331 5.6433 17.8906
v -0.0823 5.7133 17.8906
v -0.0823 5.7133 17.8906
v 0.0000 5.7400 17.8906
v 0.0000 -6.2600 25.1880
v 0.0000 -6.2600 25.1269
v 0.0823 -6.2867 25.1269
v 0.0823 -6.2867 25.1880
v 0.0823 -6.2867 25.1880
v 0.0823 -6.2867 25.1269
v 0.1331 -6.3567 25.1269
v 0.1331 -6.3567 25.1880
v 0.1331 -6.3567 25.1880
v 0.1331 -6.3567 25.1269
v 0.1331 -6.4433 25.1269
v 0.1331 -6.4433 25.1880
v 0.1331 -6.4433 25.1880
v 0.1331 -6.4433 25.1269
v 0.0823 -6.5133 25.1269
v 0.0823 -6.5133 25.1880
v 0.0823 -6.5133 25.1880
v 0.0823 -6.5133 25.1269
v 0.0000 -6.5400 25.1269
v 0.0000 -6.5400 25.1880
v 0.0000 -6.5400 25.1880
v 0.0000 -6.5400 25.1269
v -0.0823 -6.5133 25.1269
v -0.0823 -6.5133 25.1880
v -0.0823 -6.5133 25.1880
v -0.0823 -6.5133 25.1269
v -0.1331 -6.4433 25.1269
v -0.1331 -6.4433 25.1880
v -0.1331 -6.4433 25.1880
v -0.1331 -6.4433 25.1269
v -0.1331 -6.3567 25.1269
v -0.1331 -6.3567 25.1880
v -0.1331 -6.3567 25.1880
v -0.1331 -6.3567 25.1269
v -0.0823 -6.2867 25.1269
v -0.0823 -6.2867 25.1880
v -0.0823 -6.2867 25.1880
v -0.0823 -6.2867 25.1269
v 0.0000 -6.2600 25.1269
v 0.0000 -6.2600 25.1880
v 0.0000 -6.4000 25.1880
v 0.0000 -6.2600 25.1880
v 0.0823 -6.2867 25.1880
v 0.0823 -6.2867 25.1880
v 0.1331 -6.3567 25.1880
v 0.1331 -6.3567 25.1880
v 0.1331 -6.4433 25.1880
v 0.1331 -6.4433 25.1880
v 0.0823 -6.5133 25.1880
v 0.0823 -6.5133 25.1880
v 0.0000 -6.5400 25.1880
v 0.0000 -6.5400 25.1880
v -0.0823 -6.5133 25.1880
v -0.0823 -6.5133 25.1880
v -0.1331 -6.4433 25.1880
v -0.1331 -6.4433 25.1880
v -0.1331 -6.3567 25.1880
v -0.1331 -6.3567 25.1880
v -0.0823 -6.2867 25.1880
v -0.0823 -6.2867 25.1880
v 0.0000 -6.2600 25.1880
v 0.0000 -6.4000 25.1269
v 0.0000 -6.2600 25.1269
v 0.0823 -6.2867 25.1269
v 0.0823 -6.2867 25.1269
v 0.1331 -6.3567 25.1269
v 0.1331 -6.3567 25.1269
v 0.1331 -6.4433 25.1269
v 0.1331 -6.4433 25.1269
v 0.0823 -6.5133 25.1269
v 0.0823 -6.5133 25.1269
v 0.0000 -6.5400 25.1269
v 0.0000 -6.5400 25.1269
v -0.0823 -6.5133 25.1269
v -0.0823 -6.5133 25.1269
v -0.1331 -6.4433 25.1269
v -0.1331 -6.4433 25.1269
v -0.1331 -6.3567 25.1269
v -0.1331 -6.3567 25.1269
v -0.0823 -6.2867 25.1269
v -0.0823 -6.2867 25.1269
v 0.0000 -6.2600 25.1269
v 0.0000 -6.2600 25.0523
v 0.0000 -6.2600 24.9912
v 0.0823 -6.2867 24.9912
v 0.0823 -6.2867 25.0523
v 0.0823 -6.2867 25.0523
v 0.0823 -6.2867 24.9912
v 0.1331 -6.3567 24.9912
v 0.1331 -6.3567 25.0523
v 0.1331 -6.3567 25.0523
v 0.1331 -6.3567 24.9912
v 0.1331 -6.4433 24.9912
v 0.1331 -6.4433 25.0523
v 0.1331 -6.4433 25.0523
v 0.1331 -6.4433 24.9912
v 0.0823 -6.5133 24.9912
v 0.0823 -6.5133 25.0523
v 0.0823 -6.5133 25.0523
v 0.0823 -6.5133 24.9912
v 0.0000 -6.5400 24.9912
v 0.0000 -6.5400 25.0523
v 0.0000 -6.5400 25.0523
v 0.0000 -6.5400 24.9912
v -0.0823 -6.5133 24.9912
v -0.0823 -6.5133 25.0523
v -0.0823 -6.5133 25.0523
v -0.0823 -6.5133 24.9912
v -0.1331 -6.4433 24.9912
v -0.1331 -6.4433 25.0523
v -0.1331 -6.4433 25.0523
v -0.1331 -6.4433 24.9912
v -0.1331 -6.3567 24.9912
v -0.1331 -6.3567 25.0523
v -0.1331 -6.3567 25.0523
v -0.1331 -6.3567 24.9912
v -0.0823 -6.2867 24.9912
v -0.0823 -6.2867 25.0523
v -0.0823 -6.2867 25.0523
v -0.0823 -6.2867 24.9912
v 0.0000 -6.2600 24.9912
v 0.0000 -6.2600 25.0523
v 0.0000 -6.4000 25.0523
v 0.0000 -6.2600 25.0523
v 0.0823 -6.2867 25.0523
v 0.0823 -6.2867 25.0523
v 0.1331 -6.3567 25.0523
v 0.1331 -6.3567 25.0523
v 0.1331 -6.4433 25.0523
v 0.1331 -6.4433 25.0523
v 0.0823 -6.5133 25.0523
v 0.0823 -6.5133 25.0523
v 0.0000 -6.5400 25.0523
v 0.0000 -6.5400 25.0523
v -0.0823 -6.5133 25.0523
v -0.0823 -6.5133 25.0523
v -0.1331 -6.4433 25.0523
v -0.1331 -6.4433 25.0523
v -0.1331 -6.3567 25.0523
v -0.1331 -6.3567 25.0523
v -0.0823 -6.2867 25.0523
v -0.0823 -6.2867 25.0523
v 0.0000 -6.2600 25.0523
v 0.0000 -6.4000 24.9912
v 0.0000 -6.2600 24.9912
v 0.0823 -6.2867 24.9912
v 0.0823 -6.2867 24.9912
v 0.1331 -6.3567 24.9912
v 0.1331 -6.3567 24.9912
v 0.1331 -6.4433 24.9912
v 0.1331 -6.4433 24.9912
v 0.0823 -6.5133 24.9912
v 0.0823 -6.5133 24.9912
v 0.0000 -6.5400 24.9912
v 0.0000 -6.5400 24.9912
v -0.0823 -6.5133 24.9912
v -0.0823 -6.5133 24.9912
v -0.1331 -6.4433 24.9912
v -0.1331 -6.4433 24.9912
v -0.1331 -6.3567 24.9912
v -0.1331 -6.3567 24.9912
v -0.0823 -6.2867 24.9912
v -0.0823 -6.2867 24.9912
v 0.0000 -6.2600 24.9912
v 0.0000 -6.2600 24.9166
v 0.0000 -6.2600 24.8555
v 0.0823 -6.2867 24.8555
v 0.0823 -6.2867 24.9166
v 0.0823 -6.2867 24.9166
v 0.0823 -6.2867 24.8555
v 0.1331 -6.3567 24.8555
v 0.1331 -6.3567 24.9166
v 0.1331 -6.3567 24.9166
v 0.1331 -6.3567 24.8555
v 0.1331 -6.4433 24.8555
v 0.1331 -6.4433 24.9166
v 0.1331 -6.4433 24.9166
v 0.1331 -6.4433 24.8555
v 0.0823 -6.5133 24.8555
v 0.0823 -6.5133 24.9166
v 0.0823 -6.5133 24.9166
v 0.0823 -6.5133 24.8555
v 0.0000 -6.5400 24.8555
v 0.0000 -6.5400 24.9166
v 0.0000 -6.5400 24.9166
v 0.0000 -6.5400 24.8555
v -0.0823 -6.5133 24.8555
v -0.0823 -6.5133 24.9166
v -0.0823 -6.5133 24.9166
v -0.0823 -6.5133 24.8555
v -0.1331 -6.4433 24.8555
v -0.1331 -6.4433 24.9166
v -0.1331 -6.4433 24.9166
v -0.1331 -6.4433 24.8555
v -0.1331 -6.3567 24.8555
v -0.1331 -6.3567 24.9166
v -0.1331 -6.3567 24.9166
v -0.1331 -6.3567 24.8555
v -0.0823 -6.2867 24.8555
v -0.0823 -6.2867 24.9166
v -0.0823 -6.2867 24.9166
v -0.0823 -6.2867 24.8555
v 0.0000 -6.2600 24.8555
v 0.0000 -6.2600 24.9166
v 0.0000 -6.4000 24.9166
v 0.0000 -6.2600 24.9166
v 0.0823 -6.2867 24.9166
v 0.0823 -6.2867 24.9166
v 0.1331 -6.3567 24.9166
v 0.1331 -6.3567 24.9166
v 0.1331 -6.4433 24.9166
v 0.1331 -6.4433 24.9166
v 0.0823 -6.5133 24.9166
v 0.0823 -6.5133 24.9166
v 0.0000 -6.5400 24.9166
v 0.0000 -6.5400 24.9166
v -0.0823 -6.5133 24.9166
v -0.0823 -6.5133 24.9166
v -0.1331 -6.4433 24.9166
v -0.1331 -6.4433 24.9166
v -0.1331 -6.3567 24.9166
v -0.1331 -6.3567 24.9166
v -0.0823 -6.2867 24.9166
v -0.0823 -6.2867 24.9166
v 0.0000 -6.2600 24.9166
v 0.0000 -6.4000 24.8555
v 0.0000 -6.2600 24.8555
v 0.0823 -6.2867 24.8555
v 0.0823 -6.2867 24.8555
v 0.1331 -6.3567 24.8555
v 0.1331 -6.3567 24.8555
v 0.1331 -6.4433 24.8555
v 0.1331 -6.4433 24.8555
v 0.0823 -6.5133 24.8555
v 0.0823 -6.5133 24.8555
v 0.0000 -6.5400 24.8555
v 0.0000 -6.5400 24.8555
v -0.0823 -6.5133 24.8555
v -0.0823 -6.5133 24.8555
v -0.1331 -6.4433 24.8555
v -0.1331 -6.4433 24.8555
v -0.1331 -6.3567 24.8555
v -0.1331 -6.3567 24.8555
v -0.0823 -6.2867 24.8555
v -0.0823 -6.2867 24.8555
v 0.0000 -6.2600 24.8555
v 0.0000 -6.2600 24.7809
v 0.0000 -6.2600 24.7198
v 0.0823 -6.2867 24.7198
v 0.0823 -6.2867 24.7809
v 0.0823 -6.2867 24.7809
v 0.0823 -6.2867 24.7198
v 0.1331 -6.3567 24.7198
v 0.1331 -6.3567 24.7809
v 0.1331 -6.3567 24.7809
v 0.1331 -6.3567 24.7198
v 0.1331 -6.4433 24.7198
v 0.1331 -6.4433 24.7809
v 0.1331 -6.4433 24.7809
v 0.1331 -6.4433 24.7198
v 0.0823 -6.5133 24.7198
v 0.0823 -6.5133 24.7809
v 0.0823 -6.5133 24.7809
v 0.0823 -6.5133 24.7198
v 0.0000 -6.5400 24.7198
v 0.0000 -6.5400 24.7809
v 0.0000 -6.5400 24.7809
v 0.0000 -6.5400 24.7198
v -0.0823 -6.5133 24.7198
v -0.0823 -6.5133 24.7809
v -0.0823 -6.5133 24.7809
v -0.0823 -6.5133 24.7198
v -0.1331 -6.4433 24.7198
v -0.1331 -6.4433 24.7809
v -0.1331 -6.4433 24.7809
v -0.1331 -6.4433 24.7198
v -0.1331 -6.3567 24.7198
v -0.1331 -6.3567 24.7809
v -0.1331 -6.3567 24.7809
v -0.1331 -6.3567 24.7198
v -0.0823 -6.2867 24.7198
v -0.0823 -6.2867 24.7809
v -0.0823 -6.2867 24.7809
v -0.0823 -6.2867 24.7198
v 0.0000 -6.2600 24.7198
v 0.0000 -6.2600 24.7809
v 0.0000 -6.4000 24.7809
v 0.0000 -6.2600 24.7809
v 0.0823 -6.2867 24.7809
v 0.0823 -6.2867 24.7809
v 0.1331 -6.3567 24.7809
v 0.1331 -6.3567 24.7809
v 0.1331 -6.4433 24.7809
v 0.1331 -6.4433 24.7809
v 0.0823 -6.5133 24.7809
v 0.0823 -6.5133 24.7809
v 0.0000 -6.5400 24.7809
v 0.0000 -6.5400 24.7809
v -0.0823 -6.5133 24.7809
v -0.0823 -6.5133 24.7809
v -0.1331 -6.4433 24.7809
v -0.1331 -6.4433 24.7809
v -0.1331 -6.3567 24.7809
v -0.1331 -6.3567 24.7809
v -0.0823 -6.2867 24.7809
v -0.0823 -6.2867 24.7809
v 0.0000 -6.2600 24.7809
v 0.0000 -6.4000 24.7198
v 0.0000 -6.2600 24.7198
v 0.0823 -6.2867 24.7198
v 0.0823 -6.2867 24.7198
v 0.1331 -6.3567 24.7198
v 0.1331 -6.3567 24.7198
v 0.1331 -6.4433 24.7198
v 0.1331 -6.4433 24.7198
v 0.0823 -6.5133 24.7198
v 0.0823 -6.5133 24.7198
v 0.0000 -6.5400 24.7198
v 0.0000 -6.5400 24.7198
v -0.0823 -6.5133 24.7198
v -0.0823 -6.5133 24.7198
v -0.1331 -6.4433 24.7198
v -0.1331 -6.4433 24.7198
v -0.1331 -6.3567 24.7198
v -0.1331 -6.3567 24.7198
v -0.0823 -6.2867 24.7198
v -0.0823 -6.2867 24.7198
v 0.0000 -6.2600 24.7198
v 0.0000 -6.2600 24.6451
v 0.0000 -6.2600 24.5841
v 0.0823 -6.2867 24.5841
v 0.0823 -6.2867 24.6451
v 0.0823 -6.2867 24.6451
v 0.0823 -6.2867 24.5841
v 0.1331 -6.3567 24.5841
v 0.1331 -6.3567 24.6451
v 0.1331 -6.3567 24.6451
v 0.1331 -6.3567 24.5841
v 0.1331 -6.4433 24.5841
v 0.1331 -6.4433 24.6451
v 0.1331 -6.4433 24.6451
v 0.1331 -6.4433 24.5841
v 0.0823 -6.5133 24.5841
v 0.0823 -6.5133 24.6451
v 0.0823 -6.5133 24.6451
v 0.0823 -6.5133 24.5841
v 0.0000 -6.5400 24.5841
v 0.0000 -6.5400 24.6451
v 0.0000 -6.5400 24.6451
v 0.0000 -6.5400 24.5841
v -0.0823 -6.5133 24.5841
v -0.0823 -6.5133 24.6451
v -0.0823 -6.5133 24.6451
v -0.0823 -6.5133 24.5841
v -0.1331 -6.4433 24.5841
v -0.1331 -6.4433 24.6451
v -0.1331 -6.4433 24.6451
v -0.1331 -6.4433 24.5841
v -0.1331 -6.3567 24.5841
v -0.1331 -6.3567 24.6451
v -0.1331 -6.3567 24.6451
v -0.1331 -6.3567 24.5841
v -0.0823 -6.2867 24.5841
v -0.0823 -6.2867 24.6451
v -0.0823 -6.2867 24.6451
v -0.0823 -6.2867 24.5841
v 0.0000 -6.2600 24.5841
v 0.0000 -6.2600 24.6451
v 0.0000 -6.4000 24.6451
v 0.0000 -6.2600 24.6451
v 0.0823 -6.2867 24.6451
v 0.0823 -6.2867 24.6451
v 0.1331 -6.3567 24.6451
v 0.1331 -6.3567 24.6451
v 0.1331 -6.4433 24.6451
v 0.1331 -6.4433 24.6451
v 0.0823 -6.5133 24.6451
v 0.0823 -6.5133 24.6451
v 0.0000 -6.5400 24.6451
v 0.0000 -6.5400 24.6451
v -0.0823 -6.5133 24.6451
v -0.0823 -6.5133 24.6451
v -0.1331 -6.4433 24.6451
v -0.1331 -6.4433 24.6451
v -0.1331 -6.3567 24.6451
v -0.1331 -6.3567 24.6451
v -0.0823 -6.2867 24.6451
v -0.0823 -6.2867 24.6451
v 0.0000 -6.2600 24.6451
v 0.0000 -6.4000 24.5841
v 0.0000 -6.2600 24.5841
v 0.0823 -6.2867 24.5841
v 0.0823 -6.2867 24.5841
v 0.1331 -6.3567 24.5841
v 0.1331 -6.3567 24.5841
v 0.1331 -6.4433 24.5841
v 0.1331 -6.4433 24.5841
v 0.0823 -6.5133 24.5841
v 0.0823 -6.5133 24.5841
v 0.0000 -6.5400 24.5841
v 0.0000 -6.5400 24.5841
v -0.0823 -6.5133 24.5841
v -0.0823 -6.5133 24.5841
v -0.1331 -6.4433 24.5841
v -0.1331 -6.4433 24.5841
v -0.1331 -6.3567 24.5841
v -0.1331 -6.3567 24.5841
v -0.0823 -6.2867 24.5841
v -0.0823 -6.2867 24.5841
v 0.0000 -6.2600 24.5841
v 0.0000 -6.2600 24.5094
v 0.0000 -6.2600 24.4484
v 0.0823 -6.2867 24.4484
v 0.0823 -6.2867 24.5094
v 0.0823 -6.2867 24.5094
v 0.0823 -6.2867 24.4484
v 0.1331 -6.3567 24.4484
v 0.1331 -6.3567 24.5094
v 0.1331 -6.3567 24.5094
v 0.1331 -6.3567 24.4484
v 0.1331 -6.4433 24.4484
v 0.1331 -6.4433 24.5094
v 0.1331 -6.4433 24.5094
v 0.1331 -6.4433 24.4484
v 0.0823 -6.5133 24.4484
v 0.0823 -6.5133 24.5094
v 0.0823 -6.5133 24.5094
v 0.0823 -6.5133 24.4484
v 0.0000 -6.5400 24.4484
v 0.0000 -6.5400 24.5094
v 0.0000 -6.5400 24.5094
v 0.0000 -6.5400 24.4484
v -0.0823 -6.5133 24.4484
v -0.0823 -6.5133 24.5094
v -0.0823 -6.5133 24.5094
v -0.0823 -6.5133 24.4484
v -0.1331 -6.4433 24.4484
v -0.1331 -6.4433 24.5094
v -0.1331 -6.4433 24.5094
v -0.1331 -6.4433 24.4484
v -0.1331 -6.3567 24.4484
v -0.1331 -6.3567 24.5094
v -0.1331 -6.3567 24.5094
v -0.1331 -6.3567 24.4484
v -0.0823 -6.2867 24.4484
v -0.0823 -6.2867 24.5094
v -0.0823 -6.2867 24.5094
v -0.0823 -6.2867 24.4484
v 0.0000 -6.2600 24.4484
v 0.0000 -6.2600 24.5094
v 0.0000 -6.4000 24.5094
v 0.0000 -6.2600 24.5094
v 0.0823 -6.2867 24.5094
v 0.0823 -6.2867 24.5094
v 0.1331 -6.3567 24.5094
v 0.1331 -6.3567 24.5094
v 0.1331 -6.4433 24.5094
v 0.1331 -6.4433 24.5094
v 0.0823 -6.5133 24.5094
v 0.0823 -6.5133 24.5094
v 0.0000 -6.5400 24.5094
v 0.0000 -6.5400 24.5094
v -0.0823 -6.5133 24.5094
v -0.0823 -6.5133 24.5094
v -0.1331 -6.4433 24.5094
v -0.1331 -6.4433 24.5094
v -0.1331 -6.3567 24.5094
v -0.1331 -6.3567 24.5094
v -0.0823 -6.2867 24.5094
v -0.0823 -6.2867 24.5094
v 0.0000 -6.2600 24.5094
v 0.0000 -6.4000 24.4484
v 0.0000 -6.2600 24.4484
v 0.0823 -6.2867 24.4484
v 0.0823 -6.2867 24.4484
v 0.1331 -6.3567 24.4484
v 0.1331 -6.3567 24.4484
v 0.1331 -6.4433 24.4484
v 0.1331 -6.4433 24.4484
v 0.0823 -6.5133 24.4484
v 0.0823 -6.5133 24.4484
v 0.0000 -6.5400 24.4484
v 0.0000 -6.5400 24.4484
v -0.0823 -6.5133 24.4484
v -0.0823 -6.5133 24.4484
v -0.1331 -6.4433 24.4484
v -0.1331 -6.4433 24.4484
v -0.1331 -6.3567 24.4484
v -0.1331 -6.3567 24.4484
v -0.0823 -6.2867 24.4484
v -0.0823 -6.2867 24.4484
v 0.0000 -6.2600 24.4484
v 0.0000 -6.2600 24.3737
v 0.0000 -6.2600 24.3126
v 0.0823 -6.2867 24.3126
v 0.0823 -6.2867 24.3737
v 0.0823 -6.2867 24.3737
v 0.0823 -6.2867 24.3126
v 0.1331 -6.3567 24.3126
v 0.1331 -6.3567 24.3737
v 0.1331 -6.3567 24.3737
v 0.1331 -6.3567 24.3126
v 0.1331 -6.4433 24.3126
v 0.1331 -6.4433 24.3737
v 0.1331 -6.4433 24.3737
v 0.1331 -6.4433 24.3126
v 0.0823 -6.5133 24.3126
v 0.0823 -6.5133 24.3737
v 0.0823 -6.5133 24.3737
v 0.0823 -6.5133 24.3126
v 0.0000 -6.5400 24.3126
v 0.0000 -6.5400 24.3737
v 0.0000 -6.5400 24.3737
v 0.0000 -6.5400 24.3126
v -0.0823 -6.5133 24.3126
v -0.0823 -6.5133 24.3737
v -0.0823 -6.5133 24.3737
v -0.0823 -6.5133 24.3126
v -0.1331 -6.4433 24.3126
v -0.1331 -6.4433 24.3737
v -0.1331 -6.4433 24.3737
v -0.1331 -6.4433 24.3126
v -0.1331 -6.3567 24.3126
v -0.1331 -6.3567 24.3737
v -0.1331 -6.3567 24.3737
v -0.1331 -6.3567 24.3126
v -0.0823 -6.2867 24.3126
v -0.0823 -6.2867 24.3737
v -0.0823 -6.2867 24.3737
v -0.0823 -6.2867 24.3126
v 0.0000 -6.2600 24.3126
v 0.0000 -6.2600 24.3737
v 0.0000 -6.4000 24.3737
v 0.0000 -6.2600 24.3737
v 0.0823 -6.2867 24.3737
v 0.0823 -6.2867 24.3737
v 0.1331 -6.3567 24.3737
v 0.1331 -6.3567 24.3737
v 0.1331 -6.4433 24.3737
v 0.1331 -6.4433 24.3737
v 0.0823 -6.5133 24.3737
v 0.0823 -6.5133 24.3737
v 0.0000 -6.5400 24.3737
v 0.0000 -6.5400 24.3737
v -0.0823 -6.5133 24.3737
v -0.0823 -6.5133 24.3737
v -0.1331 -6.4433 24.3737
v -0.1331 -6.4433 24.3737
v -0.1331 -6.3567 24.3737
v -0.1331 -6.3567 24.3737
v -0.0823 -6.2867 24.3737
v -0.0823 -6.2867 24.3737
v 0.0000 -6.2600 24.3737
v 0.0000 -6.4000 24.3126
v 0.0000 -6.2600 24.3126
v 0.0823 -6.2867 24.3126
v 0.0823 -6.2867 24.3126
v 0.1331 -6.3567 24.3126
v 0.1331 -6.3567 24.3126
v 0.1331 -6.4433 24.3126
v 0.1331 -6.4433 24.3126
v 0.0823 -6.5133 24.3126
v 0.0823 -6.5133 24.3126
v 0.0000 -6.5400 24.3126
v 0.0000 -6.5400 24.3126
v -0.0823 -6.5133 24.3126
v -0.0823 -6.5133 24.3126
v -0.1331 -6.4433 24.3126
v -0.1331 -6.4433 24.3126
v -0.1331 -6.3567 24.3126
v -0.1331 -6.3567 24.3126
v -0.0823 -6.2867 24.3126
v -0.0823 -6.2867 24.3126
v 0.0000 -6.2600 24.3126
v 0.0000 -6.2600 24.2380
v 0.0000 -6.2600 24.1769
v 0.0823 -6.2867 24.1769
v 0.0823 -6.2867 24.2380
v 0.0823 -6.2867 24.2380
v 0.0823 -6.2867 24.1769
v 0.1331 -6.3567 24.1769
v 0.1331 -6.3567 24.2380
v 0.1331 -6.3567 24.2380
v 0.1331 -6.3567 24.1769
v 0.1331 -6.4433 24.1769
v 0.1331 -6.4433 24.2380
v 0.1331 -6.4433 24.2380
v 0.1331 -6.4433 24.1769
v 0.0823 -6.5133 24.1769
v 0.0823 -6.5133 24.2380
v 0.0823 -6.5133 24.2380
v 0.0823 -6.5133 24.1769
v 0.0000 -6.5400 24.1769
v 0.0000 -6.5400 24.2380
v 0.0000 -6.5400 24.2380
v 0.0000 -6.5400 24.1769
v -0.0823 -6.5133 24.1769
v -0.0823 -6.5133 24.2380
v -0.0823 -6.5133 24.2380
v -0.0823 -6.5133 24.1769
v -0.1331 -6.4433 24.1769
v -0.1331 -6.4433 24.2380
v -0.1331 -6.4433 24.2380
v -0.1331 -6.4433 24.1769
v -0.1331 -6.3567 24.1769
v -0.1331 -6.3567 24.2380
v -0.1331 -6.3567 24.2380
v -0.1331 -6.3567 24.1769
v -0.0823 -6.2867 24.1769
v -0.0823 -6.2867 24.2380
v -0.0823 -6.2867 24.2380
v -0.0823 -6.2867 24.1769
v 0.0000 -6.2600 24.1769
v 0.0000 -6.2600 24.2380
v 0.0000 -6.4000 24.2380
v 0.0000 -6.2600 24.2380
v 0.0823 -6.2867 24.2380
v 0.0823 -6.2867 24.2380
v 0.1331 -6.3567 24.2380
v 0.1331 -6.3567 24.2380
v 0.1331 -6.4433 24.2380
v 0.1331 -6.4433 24.2380
v 0.0823 -6.5133 24.2380
v 0.0823 -6.5133 24.2380
v 0.0000 -6.5400 24.2380
v 0.0000 -6.5400 24.2380
v -0.0823 -6.5133 24.2380
v -0.0823 -6.5133 24.2380
v -0.1331 -6.4433 24.2380
v -0.1331 -6.4433 24.2380
v -0.1331 -6.3567 24.2380
v -0.1331 -6.3567 24.2380
v -0.0823 -6.2867 24.2380
v -0.0823 -6.2867 24.2380
v 0.0000 -6.2600 24.2380
v 0.0000 -6.4000 24.1769
v 0.0000 -6.2600 24.1769
v 0.0823 -6.2867 24.1769
v 0.0823 -6.2867 24.1769
v 0.1331 -6.3567 24.1769
v 0.1331 -6.3567 24.1769
v 0.1331 -6.4433 24.1769
v 0.1331 -6.4433 24.1769
v 0.0823 -6.5133 24.1769
v 0.0823 -6.5133 24.1769
v 0.0000 -6.5400 24.1769
v 0.0000 -6.5400 24.1769
v -0.0823 -6.5133 24.1769
v -0.0823 -6.5133 24.1769
v -0.1331 -6.4433 24.1769
v -0.1331 -6.4433 24.1769
v -0.1331 -6.3567 24.1769
v -0.1331 -6.3567 24.1769
v -0.0823 -6.2867 24.1769
v -0.0823 -6.2867 24.1769
v 0.0000 -6.2600 24.1769
v 0.0000 -6.2600 24.1023
v 0.0000 -6.2600 24.0412
v 0.0823 -6.2867 24.0412
v 0.0823 -6.2867 24.1023
v 0.0823 -6.2867 24.1023
v 0.0823 -6.2867 24.0412
v 0.1331 -6.3567 24.0412
v 0.1331 -6.3567 24.1023
v 0.1331 -6.3567 24.1023
v 0.1331 -6.3567 24.0412
v 0.1331 -6.4433 24.0412
v 0.1331 -6.4433 24.1023
v 0.1331 -6.4433 24.1023
v 0.1331 -6.4433 24.0412
v 0.0823 -6.5133 24.0412
v 0.0823 -6.5133 24.1023
v 0.0823 -6.5133 24.1023
v 0.0823 -6.5133 24.0412
v 0.0000 -6.5400 24.0412
v 0.0000 -6.5400 24.1023
v 0.0000 -6.5400 24.1023
v 0.0000 -6.5400 24.0412
v -0.0823 -6.5133 24.0412
v -0.0823 -6.5133 24.1023
v -0.0823 -6.5133 24.1023
v -0.0823 -6.5133 24.0412
v -0.1331 -6.4433 24.0412
v -0.1331 -6.4433 24.1023
v -0.1331 -6.4433 24.1023
v -0.1331 -6.4433 24.0412
v -0.1331 -6.3567 24.0412
v -0.1331 -6.3567 24.1023
v -0.1331 -6.3567 24.1023
v -0.1331 -6.3567 24.0412
v -0.0823 -6.2867 24.0412
v -0.0823 -6.2867 24.1023
v -0.0823 -6.2867 24.1023
v -0.0823 -6.2867 24.0412
v 0.0000 -6.2600 24.0412
v 0.0000 -6.2600 24.1023
v 0.0000 -6.4000 24.1023
v 0.0000 -6.2600 24.1023
v 0.0823 -6.2867 24.1023
v 0.0823 -6.2867 24.1023
v 0.1331 -6.3567 24.1023
v 0.1331 -6.3567 24.1023
v 0.1331 -6.4433 24.1023
v 0.1331 -6.4433 24.1023
v 0.0823 -6.5133 24.1023
v 0.0823 -6.5133 24.1023
v 0.0000 -6.5400 24.1023
v 0.0000 -6.5400 24.1023
v -0.0823 -6.5133 24.1023
v -0.0823 -6.5133 24.1023
v -0.1331 -6.4433 24.1023
v -0.1331 -6.4433 24.1023
v -0.1331 -6.3567 24.1023
v -0.1331 -6.3567 24.1023
v -0.0823 -6.2867 24.1023
v -0.0823 -6.2867 24.1023
v 0.0000 -6.2600 24.1023
v 0.0000 -6.4000 24.0412
v 0.0000 -6.2600 24.0412
v 0.0823 -6.2867 24.0412
v 0.0823 -6.2867 24.0412
v 0.1331 -6.3567 24.0412
v 0.1331 -6.3567 24.0412
v 0.1331 -6.4433 24.0412
v 0.1331 -6.4433 24.0412
v 0.0823 -6.5133 24.0412
v 0.0823 -6.5133 24.0412
v 0.0000 -6.5400 24.0412
v 0.0000 -6.5400 24.0412
v -0.0823 -6.5133 24.0412
v -0.0823 -6.5133 24.0412
v -0.1331 -6.4433 24.0412
v -0.1331 -6.4433 24.0412
v -0.1331 -6.3567 24.0412
v -0.1331 -6.3567 24.0412
v -0.0823 -6.2867 24.0412
v -0.0823 -6.2867 24.0412
v 0.0000 -6.2600 24.0412
v 0.0000 -6.2600 23.9666
v 0.0000 -6.2600 23.9055
v 0.0823 -6.2867 23.9055
v 0.0823 -6.2867 23.9666
v 0.0823 -6.2867 23.9666
v 0.0823 -6.2867 23.9055
v 0.1331 -6.3567 23.9055
v 0.1331 -6.3567 23.9666
v 0.1331 -6.3567 23.9666
v 0.1331 -6.3567 23.9055
v 0.1331 -6.4433 23.9055
v 0.1331 -6.4433 23.9666
v 0.1331 -6.4433 23.9666
v 0.1331 -6.4433 23.9055
v 0.0823 -6.5133 23.9055
v 0.0823 -6.5133 23.9666
v 0.0823 -6.5133 23.9666
v 0.0823 -6.5133 23.9055
v 0.0000 -6.5400 23.9055
v 0.0000 -6.5400 23.9666
v 0.0000 -6.5400 23.9666
v 0.0000 -6.5400 23.9055
v -0.0823 -6.5133 23.9055
v -0.0823 -6.5133 23.9666
v -0.0823 -6.5133 23.9666
v -0.0823 -6.5133 23.9055
v -0.1331 -6.4433 23.9055
v -0.1331 -6.4433 23.9666
v -0.1331 -6.4433 23.9666
v -0.1331 -6.4433 23.9055
v -0.1331 -6.3567 23.9055
v -0.1331 -6.3567 23.9666
v -0.1331 -6.3567 23.9666
v -0.1331 -6.3567 23.9055
v -0.0823 -6.2867 23.9055
v -0.0823 -6.2867 23.9666
v -0.0823 -6.2867 23.9666
v -0.0823 -6.2867 23.9055
v 0.0000 -6.2600 23.9055
v 0.0000 -6.2600 23.9666
v 0.0000 -6.4000 23.9666
v 0.0000 -6.2600 23.9666
v 0.0823 -6.2867 23.9666
v 0.0823 -6.2867 23.9666
v 0.1331 -6.3567 23.9666
v 0.1331 -6.3567 23.9666
v 0.1331 -6.4433 23.9666
v 0.1331 -6.4433 23.9666
v 0.0823 -6.5133 23.9666
v 0.0823 -6.5133 23.9666
v 0.0000 -6.5400 23.9666
v 0.0000 -6.5400 23.9666
v -0.0823 -6.5133 23.9666
v -0.0823 -6.5133 23.9666
v -0.1331 -6.4433 23.9666
v -0.1331 -6.4433 23.9666
v -0.1331 -6.3567 23.9666
v -0.1331 -6.3567 23.9666
v -0.0823 -6.2867 23.9666
v -0.0823 -6.2867 23.9666
v 0.0000 -6.2600 23.9666
v 0.0000 -6.4000 23.9055
v 0.0000 -6.2600 23.9055
v 0.0823 -6.2867 23.9055
v 0.0823 -6.2867 23.9055
v 0.1331 -6.3567 23.9055
v 0.1331 -6.3567 23.9055
v 0.1331 -6.4433 23.9055
v 0.1331 -6.4433 23.9055
v 0.0823 -6.5133 23.9055
v 0.0823 -6.5133 23.9055
v 0.0000 -6.5400 23.9055
v 0.0000 -6.5400 23.9055
v -0.0823 -6.5133 23.9055
v -0.0823 -6.5133 23.9055
v -0.1331 -6.4433 23.9055
v -0.1331 -6.4433 23.9055
v -0.1331 -6.3567 23.9055
v -0.1331 -6.3567 23.9055
v -0.0823 -6.2867 23.9055
v -0.0823 -6.2867 23.9055
v 0.0000 -6.2600 23.9055
v 0.0000 -6.2600 23.8309
v 0.0000 -6.2600 23.7698
v 0.0823 -6.2867 23.7698
v 0.0823 -6.2867 23.8309
v 0.0823 -6.2867 23.8309
v 0.0823 -6.2867 23.7698
v 0.1331 -6.3567 23.7698
v 0.1331 -6.3567 23.8309
v 0.1331 -6.3567 23.8309
v 0.1331 -6.3567 23.7698
v 0.1331 -6.4433 23.7698
v 0.1331 -6.4433 23.8309
v 0.1331 -6.4433 23.8309
v 0.1331 -6.4433 23.7698
v 0.0823 -6.5133 23.7698
v 0.0823 -6.5133 23.8309
v 0.0823 -6.5133 23.8309
v 0.0823 -6.5133 23.7698
v 0.0000 -6.5400 23.7698
v 0.0000 -6.5400 23.8309
v 0.0000 -6.5400 23.8309
v 0.0000 -6.5400 23.7698
v -0.0823 -6.5133 23.7698
v -0.0823 -6.5133 23.8309
v -0.0823 -6.5133 23.8309
v -0.0823 -6.5133 23.7698
v -0.1331 -6.4433 23.7698
v -0.1331 -6.4433 23.8309
v -0.1331 -6.4433 23.8309
v -0.1331 -6.4433 23.7698
v -0.1331 -6.3567 23.7698
v -0.1331 -6.3567 23.8309
v -0.1331 -6.3567 23.8309
v -0.1331 -6.3567 23.7698
v -0.0823 -6.2867 23.7698
v -0.0823 -6.2867 23.8309
v -0.0823 -6.2867 23.8309
v -0.0823 -6.2867 23.7698
v 0.0000 -6.2600 23.7698
v 0.0000 -6.2600 23.8309
v 0.0000 -6.4000 23.8309
v 0.0000 -6.2600 23.8309
v 0.0823 -6.2867 23.8309
v 0.0823 -6.2867 23.8309
v 0.1331 -6.3567 23.8309
v 0.1331 -6.3567 23.8309
v 0.1331 -6.4433 23.8309
v 0.1331 -6.4433 23.8309
v 0.0823 -6.5133 23.8309
v 0.0823 -6.5133 23.8309
v 0.0000 -6.5400 23.8309
v 0.0000 -6.5400 23.8309
v -0.0823 -6.5133 23.8309
v -0.0823 -6.5133 23.8309
v -0.1331 -6.4433 23.8309
v -0.1331 -6.4433 23.8309
v -0.1331 -6.3567 23.8309
v -0.1331 -6.3567 23.8309
v -0.0823 -6.2867 23.8309
v -0.0823 -6.2867 23.8309
v 0.0000 -6.2600 23.8309
v 0.0000 -6.4000 23.7698
v 0.0000 -6.2600 23.7698
v 0.0823 -6.2867 23.7698
v 0.0823 -6.2867 23.7698
v 0.1331 -6.3567 23.7698
v 0.1331 -6.3567 23.7698
v 0.1331 -6.4433 23.7698
v 0.1331 -6.4433 23.7698
v 0.0823 -6.5133 23.7698
v 0.0823 -6.5133 23.7698
v 0.0000 -6.5400 23.7698
v 0.0000 -6.5400 23.7698
v -0.0823 -6.5133 23.7698
v -0.0823 -6.5133 23.7698
v -0.1331 -6.4433 23.7698
v -0.1331 -6.4433 23.7698
v -0.1331 -6.3567 23.7698
v -0.1331 -6.3567 23.7698
v -0.0823 -6.2867 23.7698
v -0.0823 -6.2867 23.7698
v 0.0000 -6.2600 23.7698
v 0.0000 -6.2600 23.6951
v 0.0000 -6.2600 23.6341
v 0.0823 -6.2867 23.6341
v 0.0823 -6.2867 23.6951
v 0.0823 -6.2867 23.6951
v 0.0823 -6.2867 23.6341
v 0.1331 -6.3567 23.6341
v 0.1331 -6.3567 23.6951
v 0.1331 -6.3567 23.6951
v 0.1331 -6.3567 23.6341
v 0.1331 -6.4433 23.6341
v 0.1331 -6.4433 23.6951
v 0.1331 -6.4433 23.6951
v 0.1331 -6.4433 23.6341
v 0.0823 -6.5133 23.6341
v 0.0823 -6.5133 23.6951
v 0.0823 -6.5133 23.6951
v 0.0823 -6.5133 23.6341
v 0.0000 -6.5400 23.6341
v 0.0000 -6.5400 23.6951
v 0.0000 -6.5400 23.6951
v 0.0000 -6.5400 23.6341
v -0.0823 -6.5133 23.6341
v -0.0823 -6.5133 23.6951
v -0.0823 -6.5133 23.6951
v -0.0823 -6.5133 23.6341
v -0.1331 -6.4433 23.6341
v -0.1331 -6.4433 23.6951
v -0.1331 -6.4433 23.6951
v -0.1331 -6.4433 23.6341
v -0.1331 -6.3567 23.6341
v -0.1331 -6.3567 23.6951
v -0.1331 -6.3567 23.6951
v -0.1331 -6.3567 23.6341
v -0.0823 -6.2867 23.6341
v -0.0823 -6.2867 23.6951
v -0.0823 -6.2867 23.6951
v -0.0823 -6.2867 23.6341
v 0.0000 -6.2600 23.6341
v 0.0000 -6.2600 23.6951
v 0.0000 -6.4000 23.6951
v 0.0000 -6.2600 23.6951
v 0.0823 -6.2867 23.6951
v 0.0823 -6.2867 23.6951
v 0.1331 -6.3567 23.6951
v 0.1331 -6.3567 23.6951
v 0.1331 -6.4433 23.6951
v 0.1331 -6.4433 23.6951
v 0.0823 -6.5133 23.6951
v 0.0823 -6.5133 23.6951
v 0.0000 -6.5400 23.6951
v 0.0000 -6.5400 23.6951
v -0.0823 -6.5133 23.6951
v -0.0823 -6.5133 23.6951
v -0.1331 -6.4433 23.6951
v -0.1331 -6.4433 23.6951
v -0.1331 -6.3567 23.6951
v -0.1331 -6.3567 23.6951
v -0.0823 -6.2867 23.6951
v -0.0823 -6.2867 23.6951
v 0.0000 -6.2600 23.6951
v 0.0000 -6.4000 23.6341
v 0.0000 -6.2600 23.6341
v 0.0823 -6.2867 23.6341
v 0.0823 -6.2867 23.6341
v 0.1331 -6.3567 23.6341
v 0.1331 -6.3567 23.6341
v 0.1331 -6.4433 23.6341
v 0.1331 -6.4433 23.6341
v 0.0823 -6.5133 23.6341
v 0.0823 -6.5133 23.6341
v 0.0000 -6.5400 23.6341
v 0.0000 -6.5400 23.6341
v -0.0823 -6.5133 23.6341
v -0.0823 -6.5133 23.6341
v -0.1331 -6.4433 23.6341
v -0.1331 -6.4433 23.6341
v -0.1331 -6.3567 23.6341
v -0.1331 -6.3567 23.6341
v -0.0823 -6.2867 23.6341
v -0.0823 -6.2867 23.6341
v 0.0000 -6.2600 23.6341
v 0.0000 -6.2600 23.5594
v 0.0000 -6.2600 23.4984
v 0.0823 -6.2867 23.4984
v 0.0823 -6.2867 23.5594
v 0.0823 -6.2867 23.5594
v 0.0823 -6.2867 23.4984
v 0.1331 -6.3567 23.4984
v 0.1331 -6.3567 23.5594
v 0.1331 -6.3567 23.5594
v 0.1331 -6.3567 23.4984
v 0.1331 -6.4433 23.4984
v 0.1331 -6.4433 23.5594
v 0.1331 -6.4433 23.5594
v 0.1331 -6.4433 23.4984
v 0.0823 -6.5133 23.4984
v 0.0823 -6.5133 23.5594
v 0.0823 -6.5133 23.5594
v 0.0823 -6.5133 23.4984
v 0.0000 -6.5400 23.4984
v 0.0000 -6.5400 23.5594
v 0.0000 -6.5400 23.5594
v 0.0000 -6.5400 23.4984
v -0.0823 -6.5133 23.4984
v -0.0823 -6.5133 23.5594
v -0.0823 -6.5133 23.5594
v -0.0823 -6.5133 23.4984
v -0.1331 -6.4433 23.4984
v -0.1331 -6.4433 23.5594
v -0.1331 -6.4433 23.5594
v -0.1331 -6.4433 23.4984
v -0.1331 -6.3567 23.4984
v -0.1331 -6.3567 23.5594
v -0.1331 -6.3567 23.5594
v -0.1331 -6.3567 23.4984
v -0.0823 -6.2867 23.4984
v -0.0823 -6.2867 23.5594
v -0.0823 -6.2867 23.5594
v -0.0823 -6.2867 23.4984
v 0.0000 -6.2600 23.4984
v 0.0000 -6.2600 23.5594
v 0.0000 -6.4000 23.5594
v 0.0000 -6.2600 23.5594
v 0.0823 -6.2867 23.5594
v 0.0823 -6.2867 23.5594
v 0.1331 -6.3567 23.5594
v 0.1331 -6.3567 23.5594
v 0.1331 -6.4433 23.5594
v 0.1331 -6.4433 23.5594
v 0.0823 -6.5133 23.5594
v 0.0823 -6.5133 23.5594
v 0.0000 -6.5400 23.5594
v 0.0000 -6.5400 23.5594
v -0.0823 -6.5133 23.5594
v -0.0823 -6.5133 23.5594
v -0.1331 -6.4433 23.5594
v -0.1331 -6.4433 23.5594
v -0.1331 -6.3567 23.5594
v -0.1331 -6.3567 23.5594
v -0.0823 -6.2867 23.5594
v -0.0823 -6.2867 23.5594
v 0.0000 -6.2600 23.5594
v 0.0000 -6.4000 23.4984
v 0.0000 -6.2600 23.4984
v 0.0823 -6.2867 23.4984
v 0.0823 -6.2867 23.4984
v 0.1331 -6.3567 23.4984
v 0.1331 -6.3567 23.4984
v 0.1331 -6.4433 23.4984
v 0.1331 -6.4433 23.4984
v 0.0823 -6.5133 23.4984
v 0.0823 -6.5133 23.4984
v 0.0000 -6.5400 23.4984
v 0.0000 -6.5400 23.4984
v -0.0823 -6.5133 23.4984
v -0.0823 -6.5133 23.4984
v -0.1331 -6.4433 23.4984
v -0.1331 -6.4433 23.4984
v -0.1331 -6.3567 23.4984
v -0.1331 -6.3567 23.4984
v -0.0823 -6.2867 23.4984
v -0.0823 -6.2867 23.4984
v 0.0000 -6.2600 23.4984
v 0.0000 -6.2600 23.4237
v 0.0000 -6.2600 23.3626
v 0.0823 -6.2867 23.3626
v 0.0823 -6.2867 23.4237
v 0.0823 -6.2867 23.4237
v 0.0823 -6.2867 23.3626
v 0.1331 -6.3567 23.3626
v 0.1331 -6.3567 23.4237
v 0.1331 -6.3567 23.4237
v 0.1331 -6.3567 23.3626
v 0.1331 -6.4433 23.3626
v 0.1331 -6.4433 23.4237
v 0.1331 -6.4433 23.4237
v 0.1331 -6.4433 23.3626
v 0.0823 -6.5133 23.3626
v 0.0823 -6.5133 23.4237
v 0.0823 -6.5133 23.4237
v 0.0823 -6.5133 23.3626
v 0.0000 -6.5400 23.3626
v 0.0000 -6.5400 23.4237
v 0.0000 -6.5400 23.4237
v 0.0000 -6.5400 23.3626
v -0.0823 -6.5133 23.3626
v -0.0823 -6.5133 23.4237
v -0.0823 -6.5133 23.4237
v -0.0823 -6.5133 23.3626
v -0.1331 -6.4433 23.3626
v -0.1331 -6.4433 23.4237
v -0.1331 -6.4433 23.4237
v -0.1331 -6.4433 23.3626
v -0.1331 -6.3567 23.3626
v -0.1331 -6.3567 23.4237
v -0.1331 -6.3567 23.4237
v -0.1331 -6.3567 23.3626
v -0.0823 -6.2867 23.3626
v -0.0823 -6.2867 23.4237
v -0.0823 -6.2867 23.4237
v -0.0823 -6.2867 23.3626
v 0.0000 -6.2600 23.3626
v 0.0000 -6.2600 23.4237
v 0.0000 -6.4000 23.4237
v 0.0000 -6.2600 23.4237
v 0.0823 -6.2867 23.4237
v 0.0823 -6.2867 23.4237
v 0.1331 -6.3567 23.4237
v 0.1331 -6.3567 23.4237
v 0.1331 -6.4433 23.4237
v 0.1331 -6.4433 23.4237
v 0.0823 -6.5133 23.4237
v 0.0823 -6.5133 23.4237
v 0.0000 -6.5400 23.4237
v 0.0000 -6.5400 23.4237
v -0.0823 -6.5133 23.4237
v -0.0823 -6.5133 23.4237
v -0.1331 -6.4433 23.4237
v -0.1331 -6.4433 23.4237
v -0.1331 -6.3567 23.4237
v -0.1331 -6.3567 23.4237
v -0.0823 -6.2867 23.4237
v -0.0823 -6.2867 23.4237
v 0.0000 -6.2600 23.4237
v 0.0000 -6.4000 23.3626
v 0.0000 -6.2600 23.3626
v 0.0823 -6.2867 23.3626
v 0.0823 -6.2867 23.3626
v 0.1331 -6.3567 23.3626
v 0.1331 -6.3567 23.3626
v 0.1331 -6.4433 23.3626
v 0.1331 -6.4433 23.3626
v 0.0823 -6.5133 23.3626
v 0.0823 -6.5133 23.3626
v 0.0000 -6.5400 23.3626
v 0.0000 -6.5400 23.3626
v -0.0823 -6.5133 23.3626
v -0.0823 -6.5133 23.3626
v -0.1331 -6.4433 23.3626
v -0.1331 -6.4433 23.3626
v -0.1331 -6.3567 23.3626
v -0.1331 -6.3567 23.3626
v -0.0823 -6.2867 23.3626
v -0.0823 -6.2867 23.3626
v 0.0000 -6.2600 23.3626
v 0.0000 6.5400 25.1880
v 0.0000 6.5400 25.1269
v 0.0823 6.5133 25.1269
v 0.0823 6.5133 25.1880
v 0.0823 6.5133 25.1880
v 0.0823 6.5133 25.1269
v 0.1331 6.4433 25.1269
v 0.1331 6.4433 25.1880
v 0.1331 6.4433 25.1880
v 0.1331 6.4433 25.1269
v 0.1331 6.3567 25.1269
v 0.1331 6.3567 25.1880
v 0.1331 6.3567 25.1880
v 0.1331 6.3567 25.1269
v 0.0823 6.2867 25.1269
v 0.0823 6.2867 25.1880
v 0.0823 6.2867 25.1880
v 0.0823 6.2867 25.1269
v 0.0000 6.2600 25.1269
v 0.0000 6.2600 25.1880
v 0.0000 6.2600 25.1880
v 0.0000 6.2600 25.1269
v -0.0823 6.2867 25.1269
v -0.0823 6.2867 25.1880
v -0.0823 6.2867 25.1880
v -0.0823 6.2867 25.1269
v -0.1331 6.3567 25.1269
v -0.1331 6.3567 25.1880
v -0.1331 6.3567 25.1880
v -0.1331 6.3567 25.1269
v -0.1331 6.4433 25.1269
v -0.1331 6.4433 25.1880
v -0.1331 6.4433 25.1880
v -0.1331 6.4433 25.1269
v -0.0823 6.5133 25.1269
v -0.0823 6.5133 25.1880
v -0.0823 6.5133 25.1880
v -0.0823 6.5133 25.1269
v 0.0000 6.5400 25.1269
v 0.0000 6.5400 25.1880
v 0.0000 6.4000 25.1880
v 0.0000 6.5400 25.1880
v 0.0823 6.5133 25.1880
v 0.0823 6.5133 25.1880
v 0.1331 6.4433 25.1880
v 0.1331 6.4433 25.1880
v 0.1331 6.3567 25.1880
v 0.1331 6.3567 25.1880
v 0.0823 6.2867 25.1880
v 0.0823 6.2867 25.1880
v 0.0000 6.2600 25.1880
v 0.0000 6.2600 25.1880
v -0.0823 6.2867 25.1880
v -0.0823 6.2867 25.1880
v -0.1331 6.3567 25.1880
v -0.1331 6.3567 25.1880
v -0.1331 6.4433 25.1880
v -0.1331 6.4433 25.1880
v -0.0823 6.5133 25.1880
v -0.0823 6.5133 25.1880
v 0.0000 6.5400 25.1880
v 0.0000 6.4000 25.1269
v 0.0000 6.5400 25.1269
v 0.0823 6.5133 25.1269
v 0.0823 6.5133 25.1269
v 0.1331 6.4433 25.1269
v 0.1331 6.4433 25.1269
v 0.1331 6.3567 25.1269
v 0.1331 6.3567 25.1269
v 0.0823 6.2867 25.1269
v 0.0823 6.2867 25.1269
v 0.0000 6.2600 25.1269
v 0.0000 6.2600 25.1269
v -0.0823 6.2867 25.1269
v -0.0823 6.2867 25.1269
v -0.1331 6.3567 25.1269
v -0.1331 6.3567 25.1269
v -0.1331 6.4433 25.1269
v -0.1331 6.4433 25.1269
v -0.0823 6.5133 25.1269
v -0.0823 6.5133 25.1269
v 0.0000 6.5400 25.1269
v 0.0000 6.5400 25.0523
v 0.0000 6.5400 24.9912
v 0.0823 6.5133 24.9912
v 0.0823 6.5133 25.0523
v 0.0823 6.5133 25.0523
v 0.0823 6.5133 24.9912
v 0.1331 6.4433 24.9912
v 0.1331 6.4433 25.0523
v 0.1331 6.4433 25.0523
v 0.1331 6.4433 24.9912
v 0.1331 6.3567 24.9912
v 0.1331 6.3567 25.0523
v 0.1331 6.3567 25.0523
v 0.1331 6.3567 24.9912
v 0.0823 6.2867 24.9912
v 0.0823 6.2867 25.0523
v 0.0823 6.2867 25.0523
v 0.0823 6.2867 24.9912
v 0.0000 6.2600 24.9912
v 0.0000 6.2600 25.0523
v 0.0000 6.2600 25.0523
v 0.0000 6.2600 24.9912
v -0.0823 6.2867 24.9912
v -0.0823 6.2867 25.0523
v -0.0823 6.2867 25.0523
v -0.0823 6.2867 24.9912
v -0.1331 6.3567 24.9912
v -0.1331 6.3567 25.0523
v -0.1331 6.3567 25.0523
v -0.1331 6.3567 24.9912
v -0.1331 6.4433 24.9912
v -0.1331 6.4433 25.0523
v -0.1331 6.4433 25.0523
v -0.1331 6.4433 24.9912
v -0.0823 6.5133 24.9912
v -0.0823 6.5133 25.0523
v -0.0823 6.5133 25.0523
v -0.0823 6.5133 24.9912
v 0.0000 6.5400 24.9912
v 0.0000 6.5400 25.0523
v 0.0000 6.4000 25.0523
v 0.0000 6.5400 25.0523
v 0.0823 6.5133 25.0523
v 0.0823 6.5133 25.0523
v 0.1331 6.4433 25.0523
v 0.1331 6.4433 25.0523
v 0.1331 6.3567 25.0523
v 0.1331 6.3567 25.0523
v 0.0823 6.2867 25.0523
v 0.0823 6.2867 25.0523
v 0.0000 6.2600 25.0523
v 0.0000 6.2600 25.0523
v -0.0823 6.2867 25.0523
v -0.0823 6.2867 25.0523
v -0.1331 6.3567 25.0523
v -0.1331 6.3567 25.0523
v -0.1331 6.4433 25.0523
v -0.1331 6.4433 25.0523
v -0.0823 6.5133 25.0523
v -0.0823 6.5133 25.0523
v 0.0000 6.5400 25.0523
v 0.0000 6.4000 24.9912
v 0.0000 6.5400 24.9912
v 0.0823 6.5133 24.9912
v 0.0823 6.5133 24.9912
v 0.1331 6.4433 24.9912
v 0.1331 6.4433 24.9912
v 0.1331 6.3567 24.9912
v 0.1331 6.3567 24.9912
v 0.0823 6.2867 24.9912
v 0.0823 6.2867 24.9912
v 0.0000 6.2600 24.9912
v 0.0000 6.2600 24.9912
v -0.0823 6.2867 24.9912
v -0.0823 6.2867 24.9912
v -0.1331 6.3567 24.9912
v -0.1331 6.3567 24.9912
v -0.1331 6.4433 24.9912
v -0.1331 6.4433 24.9912
v -0.0823 6.5133 24.9912
v -0.0823 6.5133 24.9912
v 0.0000 6.5400 24.9912
v 0.0000 6.5400 24.9166
v 0.0000 6.5400 24.8555
v 0.0823 6.5133 24.8555
v 0.0823 6.5133 24.9166
v 0.0823 6.5133 24.9166
v 0.0823 6.5133 24.8555
v 0.1331 6.4433 24.8555
v 0.1331 6.4433 24.9166
v 0.1331 6.4433 24.9166
v 0.1331 6.4433 24.8555
v 0.1331 6.3567 24.8555
v 0.1331 6.3567 24.9166
v 0.1331 6.3567 24.9166
v 0.1331 6.3567 24.8555
v 0.0823 6.2867 24.8555
v 0.0823 6.2867 24.9166
v 0.0823 6.2867 24.9166
v 0.0823 6.2867 24.8555
v 0.0000 6.2600 24.8555
v 0.0000 6.2600 24.9166
v 0.0000 6.2600 24.9166
v 0.0000 6.2600 24.8555
v -0.0823 6.2867 24.8555
v -0.0823 6.2867 24.9166
v -0.0823 6.2867 24.9166
v -0.0823 6.2867 24.8555
v -0.1331 6.3567 24.8555
v -0.1331 6.3567 24.9166
v -0.1331 6.3567 24.9166
v -0.1331 6.3567 24.8555
v -0.1331 6.4433 24.8555
v -0.1331 6.4433 24.9166
v -0.1331 6.4433 24.9166
v -0.1331 6.4433 24.8555
v -0.0823 6.5133 24.8555
v -0.0823 6.5133 24.9166
v -0.0823 6.5133 24.9166
v -0.0823 6.5133 24.8555
v 0.0000 6.5400 24.8555
v 0.0000 6.5400 24.9166
v 0.0000 6.4000 24.9166
v 0.0000 6.5400 24.9166
v 0.0823 6.5133 24.9166
v 0.0823 6.5133 24.9166
v 0.1331 6.4433 24.9166
v 0.1331 6.4433 24.9166
v 0.1331 6.3567 24.9166
v 0.1331 6.3567 24.9166
v 0.0823 6.2867 24.9166
v 0.0823 6.2867 24.9166
v 0.0000 6.2600 24.9166
v 0.0000 6.2600 24.9166
v -0.0823 6.2867 24.9166
v -0.0823 6.2867 24.9166
v -0.1331 6.3567 24.9166
v -0.1331 6.3567 24.9166
v -0.1331 6.4433 24.9166
v -0.1331 6.4433 24.9166
v -0.0823 6.5133 24.9166
v -0.0823 6.5133 24.9166
v 0.0000 6.5400 24.9166
v 0.0000 6.4000 24.8555
v 0.0000 6.5400 24.8555
v 0.0823 6.5133 24.8555
v 0.0823 6.5133 24.8555
v 0.1331 6.4433 24.8555
v 0.1331 6.4433 24.8555
v 0.1331 6.3567 24.8555
v 0.1331 6.3567 24.8555
v 0.0823 6.2867 24.8555
v 0.0823 6.2867 24.8555
v 0.0000 6.2600 24.8555
v 0.0000 6.2600 24.8555
v -0.0823 6.2867 24.8555
v -0.0823 6.2867 24.8555
v -0.1331 6.3567 24.8555
v -0.1331 6.3567 24.8555
v -0.1331 6.4433 24.8555
v -0.1331 6.4433 24.8555
v -0.0823 6.5133 24.8555
v -0.0823 6.5133 24.8555
v 0.0000 6.5400 24.8555
v 0.0000 6.5400 24.7809
v 0.0000 6.5400 24.7198
v 0.0823 6.5133 24.7198
v 0.0823 6.5133 24.7809
v 0.0823 6.5133 24.7809
v 0.0823 6.5133 24.7198
v 0.1331 6.4433 24.7198
v 0.1331 6.4433 24.7809
v 0.1331 6.4433 24.7809
v 0.1331 6.4433 24.7198
v 0.1331 6.3567 24.7198
v 0.1331 6.3567 24.7809
v 0.1331 6.3567 24.7809
v 0.1331 6.3567 24.7198
v 0.0823 6.2867 24.7198
v 0.0823 6.2867 24.7809
v 0.0823 6.2867 24.7809
v 0.0823 6.2867 24.7198
v 0.0000 6.2600 24.7198
v 0.0000 6.2600 24.7809
v 0.0000 6.2600 24.7809
v 0.0000 6.2600 24.7198
v -0.0823 6.2867 24.7198
v -0.0823 6.2867 24.7809
v -0.0823 6.2867 24.7809
v -0.0823 6.2867 24.7198
v -0.1331 6.3567 24.7198
v -0.1331 6.3567 24.7809
v -0.1331 6.3567 24.7809
v -0.1331 6.3567 24.7198
v -0.1331 6.4433 24.7198
v -0.1331 6.4433 24.7809
v -0.1331 6.4433 24.7809
v -0.1331 6.4433 24.7198
v -0.0823 6.5133 24.7198
v -0.0823 6.5133 24.7809
v -0.0823 6.5133 24.7809
v -0.0823 6.5133 24.7198
v 0.0000 6.5400 24.7198
v 0.0000 6.5400 24.7809
v 0.0000 6.4000 24.7809
v 0.0000 6.5400 24.7809
v 0.0823 6.5133 24.7809
v 0.0823 6.5133 24.7809
v 0.1331 6.4433 24.7809
v 0.1331 6.4433 24.7809
v 0.1331 6.3567 24.7809
v 0.1331 6.3567 24.7809
v 0.0823 6.2867 24.7809
v 0.0823 6.2867 24.7809
v 0.0000 6.2600 24.7809
v 0.0000 6.2600 24.7809
v -0.0823 6.2867 24.7809
v -0.0823 6.2867 24.7809
v -0.1331 6.3567 24.7809
v -0.1331 6.3567 24.7809
v -0.1331 6.4433 24.7809
v -0.1331 6.4433 24.7809
v -0.0823 6.5133 24.7809
v -0.0823 6.5133 24.7809
v 0.0000 6.5400 24.7809
v 0.0000 6.4000 24.7198
v 0.0000 6.5400 24.7198
v 0.0823 6.5133 24.7198
v 0.0823 6.5133 24.7198
v 0.1331 6.4433 24.7198
v 0.1331 6.4433 24.7198
v 0.1331 6.3567 24.7198
v 0.1331 6.3567 24.7198
v 0.0823 6.2867 24.7198
v 0.0823 6.2867 24.7198
v 0.0000 6.2600 24.7198
v 0.0000 6.2600 24.7198
v -0.0823 6.2867 24.7198
v -0.0823 6.2867 24.7198
v -0.1331 6.3567 24.7198
v -0.1331 6.3567 24.7198
v -0.1331 6.4433 24.7198
v -0.1331 6.4433 24.7198
v -0.0823 6.5133 24.7198
v -0.0823 6.5133 24.7198
v 0.0000 6.5400 24.7198
v 0.0000 6.5400 24.6451
v 0.0000 6.5400 24.5841
v 0.0823 6.5133 24.5841
v 0.0823 6.5133 24.6451
v 0.0823 6.5133 24.6451
v 0.0823 6.5133 24.5841
v 0.1331 6.4433 24.5841
v 0.1331 6.4433 24.6451
v 0.1331 6.4433 24.6451
v 0.1331 6.4433 24.5841
v 0.1331 6.3567 24.5841
v 0.1331 6.3567 24.6451
v 0.1331 6.3567 24.6451
v 0.1331 6.3567 24.5841
v 0.0823 6.2867 24.5841
v 0.0823 6.2867 24.6451
v 0.0823 6.2867 24.6451
v 0.0823 6.2867 24.5841
v 0.0000 6.2600 24.5841
v 0.0000 6.2600 24.6451
v 0.0000 6.2600 24.6451
v 0.0000 6.2600 24.5841
v -0.0823 6.2867 24.5841
v -0.0823 6.2867 24.6451
v -0.0823 6.2867 24.6451
v -0.0823 6.2867 24.5841
v -0.1331 6.3567 24.5841
v -0.1331 6.3567 24.6451
v -0.1331 6.3567 24.6451
v -0.1331 6.3567 24.5841
v -0.1331 6.4433 24.5841
v -0.1331 6.4433 24.6451
v -0.1331 6.4433 24.6451
v -0.1331 6.4433 24.5841
v -0.0823 6.5133 24.5841
v -0.0823 6.5133 24.6451
v -0.0823 6.5133 24.6451
v -0.0823 6.5133 24.5841
v 0.0000 6.5400 24.5841
v 0.0000 6.5400 24.6451
v 0.0000 6.4000 24.6451
v 0.0000 6.5400 24.6451
v 0.0823 6.5133 24.6451
v 0.0823 6.5133 24.6451
v 0.1331 6.4433 24.6451
v 0.1331 6.4433 24.6451
v 0.1331 6.3567 24.6451
v 0.1331 6.3567 24.6451
v 0.0823 6.2867 24.6451
v 0.0823 6.2867 24.6451
v 0.0000 6.2600 24.6451
v 0.0000 6.2600 24.6451
v -0.0823 6.2867 24.6451
v -0.0823 6.2867 24.6451
v -0.1331 6.3567 24.6451
v -0.1331 6.3567 24.6451
v -0.1331 6.4433 24.6451
v -0.1331 6.4433 24.6451
v -0.0823 6.5133 24.6451
v -0.0823 6.5133 24.6451
v 0.0000 6.5400 24.6451
v 0.0000 6.4000 24.5841
v 0.0000 6.5400 24.5841
v 0.0823 6.5133 24.5841
v 0.0823 6.5133 24.5841
v 0.1331 6.4433 24.5841
v 0.1331 6.4433 24.5841
v 0.1331 6.3567 24.5841
v 0.1331 6.3567 24.5841
v 0.0823 6.2867 24.5841
v 0.0823 6.2867 24.5841
v 0.0000 6.2600 24.5841
v 0.0000 6.2600 24.5841
v -0.0823 6.2867 24.5841
v -0.0823 6.2867 24.5841
v -0.1331 6.3567 24.5841
v -0.1331 6.3567 24.5841
v -0.1331 6.4433 24.5841
v -0.1331 6.4433 24.5841
v -0.0823 6.5133 24.5841
v -0.0823 6.5133 24.5841
v 0.0000 6.5400 24.5841
v 0.0000 6.5400 24.5094
v 0.0000 6.5400 24.4484
v 0.0823 6.5133 24.4484
v 0.0823 6.5133 24.5094
v 0.0823 6.5133 24.5094
v 0.0823 6.5133 24.4484
v 0.1331 6.4433 24.4484
v 0.1331 6.4433 24.5094
v 0.1331 6.4433 24.5094
v 0.1331 6.4433 24.4484
v 0.1331 6.3567 24.4484
v 0.1331 6.3567 24.5094
v 0.1331 6.3567 24.5094
v 0.1331 6.3567 24.4484
v 0.0823 6.2867 24.4484
v 0.0823 6.2867 24.5094
v 0.0823 6.2867 24.5094
v 0.0823 6.2867 24.4484
v 0.0000 6.2600 24.4484
v 0.0000 6.2600 24.5094
v 0.0000 6.2600 24.5094
v 0.0000 6.2600 24.4484
v -0.0823 6.2867 24.4484
v -0.0823 6.2867 24.5094
v -0.0823 6.2867 24.5094
v -0.0823 6.2867 24.4484
v -0.1331 6.3567 24.4484
v -0.1331 6.3567 24.5094
v -0.1331 6.3567 24.5094
v -0.1331 6.3567 24.4484
v -0.1331 6.4433 24.4484
v -0.1331 6.4433 24.5094
v -0.1331 6.4433 24.5094
v -0.1331 6.4433 24.4484
v -0.0823 6.5133 24.4484
v -0.0823 6.5133 24.5094
v -0.0823 6.5133 24.5094
v -0.0823 6.5133 24.4484
v 0.0000 6.5400 24.4484
v 0.0000 6.5400 24.5094
v 0.0000 6.4000 24.5094
v 0.0000 6.5400 24.5094
v 0.0823 6.5133 24.5094
v 0.0823 6.5133 24.5094
v 0.1331 6.4433 24.5094
v 0.1331 6.4433 24.5094
v 0.1331 6.3567 24.5094
v 0.1331 6.3567 24.5094
v 0.0823 6.2867 24.5094
v 0.0823 6.2867 24.5094
v 0.0000 6.2600 24.5094
v 0.0000 6.2600 24.5094
v -0.0823 6.2867 24.5094
v -0.0823 6.2867 24.5094
v -0.1331 6.3567 24.5094
v -0.1331 6.3567 24.5094
v -0.1331 6.4433 24.5094
v -0.1331 6.4433 24.5094
v -0.0823 6.5133 24.5094
v -0.0823 6.5133 24.5094
v 0.0000 6.5400 24.5094
v 0.0000 6.4000 24.4484
v 0.0000 6.5400 24.4484
v 0.0823 6.5133 24.4484
v 0.0823 6.5133 24.4484
v 0.1331 6.4433 24.4484
v 0.1331 6.4433 24.4484
v 0.1331 6.3567 24.4484
v 0.1331 6.3567 24.4484
v 0.0823 6.2867 24.4484
v 0.0823 6.2867 24.4484
v 0.0000 6.2600 24.4484
v 0.0000 6.2600 24.4484
v -0.0823 6.2867 24.4484
v -0.0823 6.2867 24.4484
v -0.1331 6.3567 24.4484
v -0.1331 6.3567 24.4484
v -0.1331 6.4433 24.4484
v -0.1331 6.4433 24.4484
v -0.0823 6.5133 24.4484
v -0.0823 6.5133 24.4484
v 0.0000 6.5400 24.4484
v 0.0000 6.5400 24.3737
v 0.0000 6.5400 24.3126
v 0.0823 6.5133 24.3126
v 0.0823 6.5133 24.3737
v 0.0823 6.5133 24.3737
v 0.0823 6.5133 24.3126
v 0.1331 6.4433 24.3126
v 0.1331 6.4433 24.3737
v 0.1331 6.4433 24.3737
v 0.1331 6.4433 24.3126
v 0.1331 6.3567 24.3126
v 0.1331 6.3567 24.3737
v 0.1331 6.3567 24.3737
v 0.1331 6.3567 24.3126
v 0.0823 6.2867 24.3126
v 0.0823 6.2867 24.3737
v 0.0823 6.2867 24.3737
v 0.0823 6.2867 24.3126
v 0.0000 6.2600 24.3126
v 0.0000 6.2600 24.3737
v 0.0000 6.2600 24.3737
v 0.0000 6.2600 24.3126
v -0.0823 6.2867 24.3126
v -0.0823 6.2867 24.3737
v -0.0823 6.2867 24.3737
v -0.0823 6.2867 24.3126
v -0.1331 6.3567 24.3126
v -0.1331 6.3567 24.3737
v -0.1331 6.3567 24.3737
v -0.1331 6.3567 24.3126
v -0.1331 6.4433 24.3126
v -0.1331 6.4433 24.3737
v -0.1331 6.4433 24.3737
v -0.1331 6.4433 24.3126
v -0.0823 6.5133 24.3126
v -0.0823 6.5133 24.3737
v -0.0823 6.5133 24.3737
v -0.0823 6.5133 24.3126
v 0.0000 6.5400 24.3126
v 0.0000 6.5400 24.3737
v 0.0000 6.4000 24.3737
v 0.0000 6.5400 24.3737
v 0.0823 6.5133 24.3737
v 0.0823 6.5133 24.3737
v 0.1331 6.4433 24.3737
v 0.1331 6.4433 24.3737
v 0.1331 6.3567 24.3737
v 0.1331 6.3567 24.3737
v 0.0823 6.2867 24.3737
v 0.0823 6.2867 24.3737
v 0.0000 6.2600 24.3737
v 0.0000 6.2600 24.3737
v -0.0823 6.2867 24.3737
v -0.0823 6.2867 24.3737
v -0.1331 6.3567 24.3737
v -0.1331 6.3567 24.3737
v -0.1331 6.4433 24.3737
v -0.1331 6.4433 24.3737
v -0.0823 6.5133 24.3737
v -0.0823 6.5133 24.3737
v 0.0000 6.5400 24.3737
v 0.0000 6.4000 24.3126
v 0.0000 6.5400 24.3126
v 0.0823 6.5133 24.3126
v 0.0823 6.5133 24.3126
v 0.1331 6.4433 24.3126
v 0.1331 6.4433 24.3126
v 0.1331 6.3567 24.3126
v 0.1331 6.3567 24.3126
v 0.0823 6.2867 24.3126
v 0.0823 6.2867 24.3126
v 0.0000 6.2600 24.3126
v 0.0000 6.2600 24.3126
v -0.0823 6.2867 24.3126
v -0.0823 6.2867 24.3126
v -0.1331 6.3567 24.3126
v -0.1331 6.3567 24.3126
v -0.1331 6.4433 24.3126
v -0.1331 6.4433 24.3126
v -0.0823 6.5133 24.3126
v -0.0823 6.5133 24.3126
v 0.0000 6.5400 24.3126
v 0.0000 6.5400 24.2380
v 0.0000 6.5400 24.1769
v 0.0823 6.5133 24.1769
v 0.0823 6.5133 24.2380
v 0.0823 6.5133 24.2380
v 0.0823 6.5133 24.1769
v 0.1331 6.4433 24.1769
v 0.1331 6.4433 24.2380
v 0.1331 6.4433 24.2380
v 0.1331 6.4433 24.1769
v 0.1331 6.3567 24.1769
v 0.1331 6.3567 24.2380
v 0.1331 6.3567 24.2380
v 0.1331 6.3567 24.1769
v 0.0823 6.2867 24.1769
v 0.0823 6.2867 24.2380
v 0.0823 6.2867 24.2380
v 0.0823 6.2867 24.1769
v 0.0000 6.2600 24.1769
v 0.0000 6.2600 24.2380
v 0.0000 6.2600 24.2380
v 0.0000 6.2600 24.1769
v -0.0823 6.2867 24.1769
v -0.0823 6.2867 24.2380
v -0.0823 6.2867 24.2380
v -0.0823 6.2867 24.1769
v -0.1331 6.3567 24.1769
v -0.1331 6.3567 24.2380
v -0.1331 6.3567 24.2380
v -0.1331 6.3567 24.1769
v -0.1331 6.4433 24.1769
v -0.1331 6.4433 24.2380
v -0.1331 6.4433 24.2380
v -0.1331 6.4433 24.1769
v -0.0823 6.5133 24.1769
v -0.0823 6.5133 24.2380
v -0.0823 6.5133 24.2380
v -0.0823 6.5133 24.1769
v 0.0000 6.5400 24.1769
v 0.0000 6.5400 24.2380
v 0.0000 6.4000 24.2380
v 0.0000 6.5400 24.2380
v 0.0823 6.5133 24.2380
v 0.0823 6.5133 24.2380
v 0.1331 6.4433 24.2380
v 0.1331 6.4433 24.2380
v 0.1331 6.3567 24.2380
v 0.1331 6.3567 24.2380
v 0.0823 6.2867 24.2380
v 0.0823 6.2867 24.2380
v 0.0000 6.2600 24.2380
v 0.0000 6.2600 24.2380
v -0.0823 6.2867 24.2380
v -0.0823 6.2867 24.2380
v -0.1331 6.3567 24.2380
v -0.1331 6.3567 24.2380
v -0.1331 6.4433 24.2380
v -0.1331 6.4433 24.2380
v -0.0823 6.5133 24.2380
v -0.0823 6.5133 24.2380
v 0.0000 6.5400 24.2380
v 0.0000 6.4000 24.1769
v 0.0000 6.5400 24.1769
v 0.0823 6.5133 24.1769
v 0.0823 6.5133 24.1769
v 0.1331 6.4433 24.1769
v 0.1331 6.4433 24.1769
v 0.1331 6.3567 24.1769
v 0.1331 6.3567 24.1769
v 0.0823 6.2867 24.1769
v 0.0823 6.2867 24.1769
v 0.0000 6.2600 24.1769
v 0.0000 6.2600 24.1769
v -0.0823 6.2867 24.1769
v -0.0823 6.2867 24.1769
v -0.1331 6.3567 24.1769
v -0.1331 6.3567 24.1769
v -0.1331 6.4433 24.1769
v -0.1331 6.4433 24.1769
v -0.0823 6.5133 24.1769
v -0.0823 6.5133 24.1769
v 0.0000 6.5400 24.1769
v 0.0000 6.5400 24.1023
v 0.0000 6.5400 24.0412
v 0.0823 6.5133 24.0412
v 0.0823 6.5133 24.1023
v 0.0823 6.5133 24.1023
v 0.0823 6.5133 24.0412
v 0.1331 6.4433 24.0412
v 0.1331 6.4433 24.1023
v 0.1331 6.4433 24.1023
v 0.1331 6.4433 24.0412
v 0.1331 6.3567 24.0412
v 0.1331 6.3567 24.1023
v 0.1331 6.3567 24.1023
v 0.1331 6.3567 24.0412
v 0.0823 6.2867 24.0412
v 0.0823 6.2867 24.1023
v 0.0823 6.2867 24.1023
v 0.0823 6.2867 24.0412
v 0.0000 6.2600 24.0412
v 0.0000 6.2600 24.1023
v 0.0000 6.2600 24.1023
v 0.0000 6.2600 24.0412
v -0.0823 6.2867 24.0412
v -0.0823 6.2867 24.1023
v -0.0823 6.2867 24.1023
v -0.0823 6.2867 24.0412
v -0.1331 6.3567 24.0412
v -0.1331 6.3567 24.1023
v -0.1331 6.3567 24.1023
v -0.1331 6.3567 24.0412
v -0.1331 6.4433 24.0412
v -0.1331 6.4433 24.1023
v -0.1331 6.4433 24.1023
v -0.1331 6.4433 24.0412
v -0.0823 6.5133 24.0412
v -0.0823 6.5133 24.1023
v -0.0823 6.5133 24.1023
v -0.0823 6.5133 24.0412
v 0.0000 6.5400 24.0412
v 0.0000 6.5400 24.1023
v 0.0000 6.4000 24.1023
v 0.0000 6.5400 24.1023
v 0.0823 6.5133 24.1023
v 0.0823 6.5133 24.1023
v 0.1331 6.4433 24.1023
v 0.1331 6.4433 24.1023
v 0.1331 6.3567 24.1023
v 0.1331 6.3567 24.1023
v 0.0823 6.2867 24.1023
v 0.0823 6.2867 24.1023
v 0.0000 6.2600 24.1023
v 0.0000 6.2600 24.1023
v -0.0823 6.2867 24.1023
v -0.0823 6.2867 24.1023
v -0.1331 6.3567 24.1023
v -0.1331 6.3567 24.1023
v -0.1331 6.4433 24.1023
v -0.1331 6.4433 24.1023
v -0.0823 6.5133 24.1023
v -0.0823 6.5133 24.1023
v 0.0000 6.5400 24.1023
v 0.0000 6.4000 24.0412
v 0.0000 6.5400 24.0412
v 0.0823 6.5133 24.0412
v 0.0823 6.5133 24.0412
v 0.1331 6.4433 24.0412
v 0.1331 6.4433 24.0412
v 0.1331 6.3567 24.0412
v 0.1331 6.3567 24.0412
v 0.0823 6.2867 24.0412
v 0.0823 6.2867 24.0412
v 0.0000 6.2600 24.0412
v 0.0000 6.2600 24.0412
v -0.0823 6.2867 24.0412
v -0.0823 6.2867 24.0412
v -0.1331 6.3567 24.0412
v -0.1331 6.3567 24.0412
v -0.1331 6.4433 24.0412
v -0.1331 6.4433 24.0412
v -0.0823 6.5133 24.0412
v -0.0823 6.5133 24.0412
v 0.0000 6.5400 24.0412
v 0.0000 6.5400 23.9666
v 0.0000 6.5400 23.9055
v 0.0823 6.5133 23.9055
v 0.0823 6.5133 23.9666
v 0.0823 6.5133 23.9666
v 0.0823 6.5133 23.9055
v 0.1331 6.4433 23.9055
v 0.1331 6.4433 23.9666
v 0.1331 6.4433 23.9666
v 0.1331 6.4433 23.9055
v 0.1331 6.3567 23.9055
v 0.1331 6.3567 23.9666
v 0.1331 6.3567 23.9666
v 0.1331 6.3567 23.9055
v 0.0823 6.2867 23.9055
v 0.0823 6.2867 23.9666
v 0.0823 6.2867 23.9666
v 0.0823 6.2867 23.9055
v 0.0000 6.2600 23.9055
v 0.0000 6.2600 23.9666
v 0.0000 6.2600 23.9666
v 0.0000 6.2600 23.9055
v -0.0823 6.2867 23.9055
v -0.0823 6.2867 23.9666
v -0.0823 6.2867 23.9666
v -0.0823 6.2867 23.9055
v -0.1331 6.3567 23.9055
v -0.1331 6.3567 23.9666
v -0.1331 6.3567 23.9666
v -0.1331 6.3567 23.9055
v -0.1331 6.4433 23.9055
v -0.1331 6.4433 23.9666
v -0.1331 6.4433 23.9666
v -0.1331 6.4433 23.9055
v -0.0823 6.5133 23.9055
v -0.0823 6.5133 23.9666
v -0.0823 6.5133 23.9666
v -0.0823 6.5133 23.9055
v 0.0000 6.5400 23.9055
v 0.0000 6.5400 23.9666
v 0.0000 6.4000 23.9666
v 0.0000 6.5400 23.9666
v 0.0823 6.5133 23.9666
v 0.0823 6.5133 23.9666
v 0.1331 6.4433 23.9666
v 0.1331 6.4433 23.9666
v 0.1331 6.3567 23.9666
v 0.1331 6.3567 23.9666
v 0.0823 6.2867 23.9666
v 0.0823 6.2867 23.9666
v 0.0000 6.2600 23.9666
v 0.0000 6.2600 23.9666
v -0.0823 6.2867 23.9666
v -0.0823 6.2867 23.9666
v -0.1331 6.3567 23.9666
v -0.1331 6.3567 23.9666
v -0.1331 6.4433 23.9666
v -0.1331 6.4433 23.9666
v -0.0823 6.5133 23.9666
v -0.0823 6.5133 23.9666
v 0.0000 6.5400 23.9666
v 0.0000 6.4000 23.9055
v 0.0000 6.5400 23.9055
v 0.0823 6.5133 23.9055
v 0.0823 6.5133 23.9055
v 0.1331 6.4433 23.9055
v 0.1331 6.4433 23.9055
v 0.1331 6.3567 23.9055
v 0.1331 6.3567 23.9055
v 0.0823 6.2867 23.9055
v 0.0823 6.2867 23.9055
v 0.0000 6.2600 23.9055
v 0.0000 6.2600 23.9055
v -0.0823 6.2867 23.9055
v -0.0823 6.2867 23.9055
v -0.1331 6.3567 23.9055
v -0.1331 6.3567 23.9055
v -0.1331 6.4433 23.9055
v -0.1331 6.4433 23.9055
v -0.0823 6.5133 23.9055
v -0.0823 6.5133 23.9055
v 0.0000 6.5400 23.9055
v 0.0000 6.5400 23.8309
v 0.0000 6.5400 23.7698
v 0.0823 6.5133 23.7698
v 0.0823 6.5133 23.8309
v 0.0823 6.5133 23.8309
v 0.0823 6.5133 23.7698
v 0.1331 6.4433 23.7698
v 0.1331 6.4433 23.8309
v 0.1331 6.4433 23.8309
v 0.1331 6.4433 23.7698
v 0.1331 6.3567 23.7698
v 0.1331 6.3567 23.8309
v 0.1331 6.3567 23.8309
v 0.1331 6.3567 23.7698
v 0.0823 6.2867 23.7698
v 0.0823 6.2867 23.8309
v 0.0823 6.2867 23.8309
v 0.0823 6.2867 23.7698
v 0.0000 6.2600 23.7698
v 0.0000 6.2600 23.8309
v 0.0000 6.2600 23.8309
v 0.0000 6.2600 23.7698
v -0.0823 6.2867 23.7698
v -0.0823 6.2867 23.8309
v -0.0823 6.2867 23.8309
v -0.0823 6.2867 23.7698
v -0.1331 6.3567 23.7698
v -0.1331 6.3567 23.8309
v -0.1331 6.3567 23.8309
v -0.1331 6.3567 23.7698
v -0.1331 6.4433 23.7698
v -0.1331 6.4433 23.8309
v -0.1331 6.4433 23.8309
v -0.1331 6.4433 23.7698
v -0.0823 6.5133 23.7698
v -0.0823 6.5133 23.8309
v -0.0823 6.5133 23.8309
v -0.0823 6.5133 23.7698
v 0.0000 6.5400 23.7698
v 0.0000 6.5400 23.8309
v 0.0000 6.4000 23.8309
v 0.0000 6.5400 23.8309
v 0.0823 6.5133 23.8309
v 0.0823 6.5133 23.8309
v 0.1331 6.4433 23.8309
v 0.1331 6.4433 23.8309
v 0.1331 6.3567 23.8309
v 0.1331 6.3567 23.8309
v 0.0823 6.2867 23.8309
v 0.0823 6.2867 23.8309
v 0.0000 6.2600 23.8309
v 0.0000 6.2600 23.8309
v -0.0823 6.2867 23.8309
v -0.0823 6.2867 23.8309
v -0.1331 6.3567 23.8309
v -0.1331 6.3567 23.8309
v -0.1331 6.4433 23.8309
v -0.1331 6.4433 23.8309
v -0.0823 6.5133 23.8309
v -0.0823 6.5133 23.8309
v 0.0000 6.5400 23.8309
v 0.0000 6.4000 23.7698
v 0.0000 6.5400 23.7698
v 0.0823 6.5133 23.7698
v 0.0823 6.5133 23.7698
v 0.1331 6.4433 23.7698
v 0.1331 6.4433 23.7698
v 0.1331 6.3567 23.7698
v 0.1331 6.3567 23.7698
v 0.0823 6.2867 23.7698
v 0.0823 6.2867 23.7698
v 0.0000 6.2600 23.7698
v 0.0000 6.2600 23.7698
v -0.0823 6.2867 23.7698
v -0.0823 6.2867 23.7698
v -0.1331 6.3567 23.7698
v -0.1331 6.3567 23.7698
v -0.1331 6.4433 23.7698
v -0.1331 6.4433 23.7698
v -0.0823 6.5133 23.7698
v -0.0823 6.5133 23.7698
v 0.0000 6.5400 23.7698
v 0.0000 6.5400 23.6951
v 0.0000 6.5400 23.6341
v 0.0823 6.5133 23.6341
v 0.0823 6.5133 23.6951
v 0.0823 6.5133 23.6951
v 0.0823 6.5133 23.6341
v 0.1331 6.4433 23.6341
v 0.1331 6.4433 23.6951
v 0.1331 6.4433 23.6951
v 0.1331 6.4433 23.6341
v 0.1331 6.3567 23.6341
v 0.1331 6.3567 23.6951
v 0.1331 6.3567 23.6951
v 0.1331 6.3567 23.6341
v 0.0823 6.2867 23.6341
v 0.0823 6.2867 23.6951
v 0.0823 6.2867 23.6951
v 0.0823 6.2867 23.6341
v 0.0000 6.2600 23.6341
v 0.0000 6.2600 23.6951
v 0.0000 6.2600 23.6951
v 0.0000 6.2600 23.6341
v -0.0823 6.2867 23.6341
v -0.0823 6.2867 23.6951
v -0.0823 6.2867 23.6951
v -0.0823 6.2867 23.6341
v -0.1331 6.3567 23.6341
v -0.1331 6.3567 23.6951
v -0.1331 6.3567 23.6951
v -0.1331 6.3567 23.6341
v -0.1331 6.4433 23.6341
v -0.1331 6.4433 23.6951
v -0.1331 6.4433 23.6951
v -0.1331 6.4433 23.6341
v -0.0823 6.5133 23.6341
v -0.0823 6.5133 23.6951
v -0.0823 6.5133 23.6951
v -0.0823 6.5133 23.6341
v 0.0000 6.5400 23.6341
v 0.0000 6.5400 23.6951
v 0.0000 6.4000 23.6951
v 0.0000 6.5400 23.6951
v 0.0823 6.5133 23.6951
v 0.0823 6.5133 23.6951
v 0.1331 6.4433 23.6951
v 0.1331 6.4433 23.6951
v 0.1331 6.3567 23.6951
v 0.1331 6.3567 23.6951
v 0.0823 6.2867 23.6951
v 0.0823 6.2867 23.6951
v 0.0000 6.2600 23.6951
v 0.0000 6.2600 23.6951
v -0.0823 6.2867 23.6951
v -0.0823 6.2867 23.6951
v -0.1331 6.3567 23.6951
v -0.1331 6.3567 23.6951
v -0.1331 6.4433 23.6951
v -0.1331 6.4433 23.6951
v -0.0823 6.5133 23.6951
v -0.0823 6.5133 23.6951
v 0.0000 6.5400 23.6951
v 0.0000 6.4000 23.6341
v 0.0000 6.5400 23.6341
v 0.0823 6.5133 23.6341
v 0.0823 6.5133 23.6341
v 0.1331 6.4433 23.6341
v 0.1331 6.4433 23.6341
v 0.1331 6.3567 23.6341
v 0.1331 6.3567 23.6341
v 0.0823 6.2867 23.6341
v 0.0823 6.2867 23.6341
v 0.0000 6.2600 23.6341
v 0.0000 6.2600 23.6341
v -0.0823 6.2867 23.6341
v -0.0823 6.2867 23.6341
v -0.1331 6.3567 23.6341
v -0.1331 6.3567 23.6341
v -0.1331 6.4433 23.6341
v -0.1331 6.4433 23.6341
v -0.0823 6.5133 23.6341
v -0.0823 6.5133 23.6341
v 0.0000 6.5400 23.6341
v 0.0000 6.5400 23.5594
v 0.0000 6.5400 23.4984
v 0.0823 6.5133 23.4984
v 0.0823 6.5133 23.5594
v 0.0823 6.5133 23.5594
v 0.0823 6.5133 23.4984
v 0.1331 6.4433 23.4984
v 0.1331 6.4433 23.5594
v 0.1331 6.4433 23.5594
v 0.1331 6.4433 23.4984
v 0.1331 6.3567 23.4984
v 0.1331 6.3567 23.5594
v 0.1331 6.3567 23.5594
v 0.1331 6.3567 23.4984
v 0.0823 6.2867 23.4984
v 0.0823 6.2867 23.5594
v 0.0823 6.2867 23.5594
v 0.0823 6.2867 23.4984
v 0.0000 6.2600 23.4984
v 0.0000 6.2600 23.5594
v 0.0000 6.2600 23.5594
v 0.0000 6.2600 23.4984
v -0.0823 6.2867 23.4984
v -0.0823 6.2867 23.5594
v -0.0823 6.2867 23.5594
v -0.0823 6.2867 23.4984
v -0.1331 6.3567 23.4984
v -0.1331 6.3567 23.5594
v -0.1331 6.3567 23.5594
v -0.1331 6.3567 23.4984
v -0.1331 6.4433 23.4984
v -0.1331 6.4433 23.5594
v -0.1331 6.4433 23.5594
v -0.1331 6.4433 23.4984
v -0.0823 6.5133 23.4984
v -0.0823 6.5133 23.5594
v -0.0823 6.5133 23.5594
v -0.0823 6.5133 23.4984
v 0.0000 6.5400 23.4984
v 0.0000 6.5400 23.5594
v 0.0000 6.4000 23.5594
v 0.0000 6.5400 23.5594
v 0.0823 6.5133 23.5594
v 0.0823 6.5133 23.5594
v 0.1331 6.4433 23.5594
v 0.1331 6.4433 23.5594
v 0.1331 6.3567 23.5594
v 0.1331 6.3567 23.5594
v 0.0823 6.2867 23.5594
v 0.0823 6.2867 23.5594
v 0.0000 6.2600 23.5594
v 0.0000 6.2600 23.5594
v -0.0823 6.2867 23.5594
v -0.0823 6.2867 23.5594
v -0.1331 6.3567 23.5594
v -0.1331 6.3567 23.5594
v -0.1331 6.4433 23.5594
v -0.1331 6.4433 23.5594
v -0.0823 6.5133 23.5594
v -0.0823 6.5133 23.5594
v 0.0000 6.5400 23.5594
v 0.0000 6.4000 23.4984
v 0.0000 6.5400 23.4984
v 0.0823 6.5133 23.4984
v 0.0823 6.5133 23.4984
v 0.1331 6.4433 23.4984
v 0.1331 6.4433 23.4984
v 0.1331 6.3567 23.4984
v 0.1331 6.3567 23.4984
v 0.0823 6.2867 23.4984
v 0.0823 6.2867 23.4984
v 0.0000 6.2600 23.4984
v 0.0000 6.2600 23.4984
v -0.0823 6.2867 23.4984
v -0.0823 6.2867 23.4984
v -0.1331 6.3567 23.4984
v -0.1331 6.3567 23.4984
v -0.1331 6.4433 23.4984
v -0.1331 6.4433 23.4984
v -0.0823 6.5133 23.4984
v -0.0823 6.5133 23.4984
v 0.0000 6.5400 23.4984
v 0.0000 6.5400 23.4237
v 0.0000 6.5400 23.3626
v 0.0823 6.5133 23.3626
v 0.0823 6.5133 23.4237
v 0.0823 6.5133 23.4237
v 0.0823 6.5133 23.3626
v 0.1331 6.4433 23.3626
v 0.1331 6.4433 23.4237
v 0.1331 6.4433 23.4237
v 0.1331 6.4433 23.3626
v 0.1331 6.3567 23.3626
v 0.1331 6.3567 23.4237
v 0.1331 6.3567 23.4237
v 0.1331 6.3567 23.3626
v 0.0823 6.2867 23.3626
v 0.0823 6.2867 23.4237
v 0.0823 6.2867 23.4237
v 0.0823 6.2867 23.3626
v 0.0000 6.2600 23.3626
v 0.0000 6.2600 23.4237
v 0.0000 6.2600 23.4237
v 0.0000 6.2600 23.3626
v -0.0823 6.2867 23.3626
v -0.0823 6.2867 23.4237
v -0.0823 6.2867 23.4237
v -0.0823 6.2867 23.3626
v -0.1331 6.3567 23.3626
v -0.1331 6.3567 23.4237
v -0.1331 6.3567 23.4237
v -0.1331 6.3567 23.3626
v -0.1331 6.4433 23.3626
v -0.1331 6.4433 23.4237
v -0.1331 6.4433 23.4237
v -0.1331 6.4433 23.3626
v -0.0823 6.5133 23.3626
v -0.0823 6.5133 23.4237
v -0.0823 6.5133 23.4237
v -0.0823 6.5133 23.3626
v 0.0000 6.5400 23.3626
v 0.0000 6.5400 23.4237
v 0.0000 6.4000 23.4237
v 0.0000 6.5400 23.4237
v 0.0823 6.5133 23.4237
v 0.0823 6.5133 23.4237
v 0.1331 6.4433 23.4237
v 0.1331 6.4433 23.4237
v 0.1331 6.3567 23.4237
v 0.1331 6.3567 23.4237
v 0.0823 6.2867 23.4237
v 0.0823 6.2867 23.4237
v 0.0000 6.2600 23.4237
v 0.0000 6.2600 23.4237
v -0.0823 6.2867 23.4237
v -0.0823 6.2867 23.4237
v -0.1331 6.3567 23.4237
v -0.1331 6.3567 23.4237
v -0.1331 6.4433 23.4237
v -0.1331 6.4433 23.4237
v -0.0823 6.5133 23.4237
v -0.0823 6.5133 23.4237
v 0.0000 6.5400 23.4237
v 0.0000 6.4000 23.3626
v 0.0000 6.5400 23.3626
v 0.0823 6.5133 23.3626
v 0.0823 6.5133 23.3626
v 0.1331 6.4433 23.3626
v 0.1331 6.4433 23.3626
v 0.1331 6.3567 23.3626
v 0.1331 6.3567 23.3626
v 0.0823 6.2867 23.3626
v 0.0823 6.2867 23.3626
v 0.0000 6.2600 23.3626
v 0.0000 6.2600 23.3626
v -0.0823 6.2867 23.3626
v -0.0823 6.2867 23.3626
v -0.1331 6.3567 23.3626
v -0.1331 6.3567 23.3626
v -0.1331 6.4433 23.3626
v -0.1331 6.4433 23.3626
v -0.0823 6.5133 23.3626
v -0.0823 6.5133 23.3626
v 0.0000 6.5400 23.3626
v 0.0000 -5.0600 30.1920
v 0.0000 -5.0600 30.1309
v 0.0823 -5.0867 30.1309
v 0.0823 -5.0867 30.1920
v 0.0823 -5.0867 30.1920
v 0.0823 -5.0867 30.1309
v 0.1331 -5.1567 30.1309
v 0.1331 -5.1567 30.1920
v 0.1331 -5.1567 30.1920
v 0.1331 -5.1567 30.1309
v 0.1331 -5.2433 30.1309
v 0.1331 -5.2433 30.1920
v 0.1331 -5.2433 30.1920
v 0.1331 -5.2433 30.1309
v 0.0823 -5.3133 30.1309
v 0.0823 -5.3133 30.1920
v 0.0823 -5.3133 30.1920
v 0.0823 -5.3133 30.1309
v 0.0000 -5.3400 30.1309
v 0.0000 -5.3400 30.1920
v 0.0000 -5.3400 30.1920
v 0.0000 -5.3400 30.1309
v -0.0823 -5.3133 30.1309
v -0.0823 -5.3133 30.1920
v -0.0823 -5.3133 30.1920
v -0.0823 -5.3133 30.1309
v -0.1331 -5.2433 30.1309
v -0.1331 -5.2433 30.1920
v -0.1331 -5.2433 30.1920
v -0.1331 -5.2433 30.1309
v -0.1331 -5.1567 30.1309
v -0.1331 -5.1567 30.1920
v -0.1331 -5.1567 30.1920
v -0.1331 -5.1567 30.1309
v -0.0823 -5.0867 30.1309
v -0.0823 -5.0867 30.1920
v -0.0823 -5.0867 30.1920
v -0.0823 -5.0867 30.1309
v 0.0000 -5.0600 30.1309
v 0.0000 -5.0600 30.1920
v 0.0000 -5.2000 30.1920
v 0.0000 -5.0600 30.1920
v 0.0823 -5.0867 30.1920
v 0.0823 -5.0867 30.1920
v 0.1331 -5.1567 30.1920
v 0.1331 -5.1567 30.1920
v 0.1331 -5.2433 30.1920
v 0.1331 -5.2433 30.1920
v 0.0823 -5.3133 30.1920
v 0.0823 -5.3133 30.1920
v 0.0000 -5.3400 30.1920
v 0.0000 -5.3400 30.1920
v -0.0823 -5.3133 30.1920
v -0.0823 -5.3133 30.1920
v -0.1331 -5.2433 30.1920
v -0.1331 -5.2433 30.1920
v -0.1331 -5.1567 30.1920
v -0.1331 -5.1567 30.1920
v -0.0823 -5.0867 30.1920
v -0.0823 -5.0867 30.1920
v 0.0000 -5.0600 30.1920
v 0.0000 -5.2000 30.1309
v 0.0000 -5.0600 30.1309
v 0.0823 -5.0867 30.1309
v 0.0823 -5.0867 30.1309
v 0.1331 -5.1567 30.1309
v 0.1331 -5.1567 30.1309
v 0.1331 -5.2433 30.1309
v 0.1331 -5.2433 30.1309
v 0.0823 -5.3133 30.1309
v 0.0823 -5.3133 30.1309
v 0.0000 -5.3400 30.1309
v 0.0000 -5.3400 30.1309
v -0.0823 -5.3133 30.1309
v -0.0823 -5.3133 30.1309
v -0.1331 -5.2433 30.1309
v -0.1331 -5.2433 30.1309
v -0.1331 -5.1567 30.1309
v -0.1331 -5.1567 30.1309
v -0.0823 -5.0867 30.1309
v -0.0823 -5.0867 30.1309
v 0.0000 -5.0600 30.1309
v 0.0000 -5.0600 30.0563
v 0.0000 -5.0600 29.9952
v 0.0823 -5.0867 29.9952
v 0.0823 -5.0867 30.0563
v 0.0823 -5.0867 30.0563
v 0.0823 -5.0867 29.9952
v 0.1331 -5.1567 29.9952
v 0.1331 -5.1567 30.0563
v 0.1331 -5.1567 30.0563
v 0.1331 -5.1567 29.9952
v 0.1331 -5.2433 29.9952
v 0.1331 -5.2433 30.0563
v 0.1331 -5.2433 30.0563
v 0.1331 -5.2433 29.9952
v 0.0823 -5.3133 29.9952
v 0.0823 -5.3133 30.0563
v 0.0823 -5.3133 30.0563
v 0.0823 -5.3133 29.9952
v 0.0000 -5.3400 29.9952
v 0.0000 -5.3400 30.0563
v 0.0000 -5.3400 30.0563
v 0.0000 -5.3400 29.9952
v -0.0823 -5.3133 29.9952
v -0.0823 -5.3133 30.0563
v -0.0823 -5.3133 30.0563
v -0.0823 -5.3133 29.9952
v -0.1331 -5.2433 29.9952
v -0.1331 -5.2433 30.0563
v -0.1331 -5.2433 30.0563
v -0.1331 -5.2433 29.9952
v -0.1331 -5.1567 29.9952
v -0.1331 -5.1567 30.0563
v -0.1331 -5.1567 30.0563
v -0.1331 -5.1567 29.9952
v -0.0823 -5.0867 29.9952
v -0.0823 -5.0867 30.0563
v -0.0823 -5.0867 30.0563
v -0.0823 -5.0867 29.9952
v 0.0000 -5.0600 29.9952
v 0.0000 -5.0600 30.0563
v 0.0000 -5.2000 30.0563
v 0.0000 -5.0600 30.0563
v 0.0823 -5.0867 30.0563
v 0.0823 -5.0867 30.0563
v 0.1331 -5.1567 30.0563
v 0.1331 -5.1567 30.0563
v 0.1331 -5.2433 30.0563
v 0.1331 -5.2433 30.0563
v 0.0823 -5.3133 30.0563
v 0.0823 -5.3133 30.0563
v 0.0000 -5.3400 30.0563
v 0.0000 -5.3400 30.0563
v -0.0823 -5.3133 30.0563
v -0.0823 -5.3133 30.0563
v -0.1331 -5.2433 30.0563
v -0.1331 -5.2433 30.0563
v -0.1331 -5.1567 30.0563
v -0.1331 -5.1567 30.0563
v -0.0823 -5.0867 30.0563
v -0.0823 -5.0867 30.0563
v 0.0000 -5.0600 30.0563
v 0.0000 -5.2000 29.9952
v 0.0000 -5.0600 29.9952
v 0.0823 -5.0867 29.9952
v 0.0823 -5.0867 29.9952
v 0.1331 -5.1567 29.9952
v 0.1331 -5.1567 29.9952
v 0.1331 -5.2433 29.9952
v 0.1331 -5.2433 29.9952
v 0.0823 -5.3133 29.9952
v 0.0823 -5.3133 29.9952
v 0.0000 -5.3400 29.9952
v 0.0000 -5.3400 29.9952
v -0.0823 -5.3133 29.9952
v -0.0823 -5.3133 29.9952
v -0.1331 -5.2433 29.9952
v -0.1331 -5.2433 29.9952
v -0.1331 -5.1567 29.9952
v -0.1331 -5.1567 29.9952
v -0.0823 -5.0867 29.9952
v -0.0823 -5.0867 29.9952
v 0.0000 -5.0600 29.9952
v 0.0000 -5.0600 29.9206
v 0.0000 -5.0600 29.8595
v 0.0823 -5.0867 29.8595
v 0.0823 -5.0867 29.9206
v 0.0823 -5.0867 29.9206
v 0.0823 -5.0867 29.8595
v 0.1331 -5.1567 29.8595
v 0.1331 -5.1567 29.9206
v 0.1331 -5.1567 29.9206
v 0.1331 -5.1567 29.8595
v 0.1331 -5.2433 29.8595
v 0.1331 -5.2433 29.9206
v 0.1331 -5.2433 29.9206
v 0.1331 -5.2433 29.8595
v 0.0823 -5.3133 29.8595
v 0.0823 -5.3133 29.9206
v 0.0823 -5.3133 29.9206
v 0.0823 -5.3133 29.8595
v 0.0000 -5.3400 29.8595
v 0.0000 -5.3400 29.9206
v 0.0000 -5.3400 29.9206
v 0.0000 -5.3400 29.8595
v -0.0823 -5.3133 29.8595
v -0.0823 -5.3133 29.9206
v -0.0823 -5.3133 29.9206
v -0.0823 -5.3133 29.8595
v -0.1331 -5.2433 29.8595
v -0.1331 -5.2433 29.9206
v -0.1331 -5.2433 29.9206
v -0.1331 -5.2433 29.8595
v -0.1331 -5.1567 29.8595
v -0.1331 -5.1567 29.9206
v -0.1331 -5.1567 29.9206
v -0.1331 -5.1567 29.8595
v -0.0823 -5.0867 29.8595
v -0.0823 -5.0867 29.9206
v -0.0823 -5.0867 29.9206
v -0.0823 -5.0867 29.8595
v 0.0000 -5.0600 29.8595
v 0.0000 -5.0600 29.9206
v 0.0000 -5.2000 29.9206
v 0.0000 -5.0600 29.9206
v 0.0823 -5.0867 29.9206
v 0.0823 -5.0867 29.9206
v 0.1331 -5.1567 29.9206
v 0.1331 -5.1567 29.9206
v 0.1331 -5.2433 29.9206
v 0.1331 -5.2433 29.9206
v 0.0823 -5.3133 29.9206
v 0.0823 -5.3133 29.9206
v 0.0000 -5.3400 29.9206
v 0.0000 -5.3400 29.9206
v -0.0823 -5.3133 29.9206
v -0.0823 -5.3133 29.9206
v -0.1331 -5.2433 29.9206
v -0.1331 -5.2433 29.9206
v -0.1331 -5.1567 29.9206
v -0.1331 -5.1567 29.9206
v -0.0823 -5.0867 29.9206
v -0.0823 -5.0867 29.9206
v 0.0000 -5.0600 29.9206
v 0.0000 -5.2000 29.8595
v 0.0000 -5.0600 29.8595
v 0.0823 -5.0867 29.8595
v 0.0823 -5.0867 29.8595
v 0.1331 -5.1567 29.8595
v 0.1331 -5.1567 29.8595
v 0.1331 -5.2433 29.8595
v 0.1331 -5.2433 29.8595
v 0.0823 -5.3133 29.8595
v 0.0823 -5.3133 29.8595
v 0.0000 -5.3400 29.8595
v 0.0000 -5.3400 29.8595
v -0.0823 -5.3133 29.8595
v -0.0823 -5.3133 29.8595
v -0.1331 -5.2433 29.8595
v -0.1331 -5.2433 29.8595
v -0.1331 -5.1567 29.8595
v -0.1331 -5.1567 29.8595
v -0.0823 -5.0867 29.8595
v -0.0823 -5.0867 29.8595
v 0.0000 -5.0600 29.8595
v 0.0000 -5.0600 29.7849
v 0.0000 -5.0600 29.7238
v 0.0823 -5.0867 29.7238
v 0.0823 -5.0867 29.7849
v 0.0823 -5.0867 29.7849
v 0.0823 -5.0867 29.7238
v 0.1331 -5.1567 29.7238
v 0.1331 -5.1567 29.7849
v 0.1331 -5.1567 29.7849
v 0.1331 -5.1567 29.7238
v 0.1331 -5.2433 29.7238
v 0.1331 -5.2433 29.7849
v 0.1331 -5.2433 29.7849
v 0.1331 -5.2433 29.7238
v 0.0823 -5.3133 29.7238
v 0.0823 -5.3133 29.7849
v 0.0823 -5.3133 29.7849
v 0.0823 -5.3133 29.7238
v 0.0000 -5.3400 29.7238
v 0.0000 -5.3400 29.7849
v 0.0000 -5.3400 29.7849
v 0.0000 -5.3400 29.7238
v -0.0823 -5.3133 29.7238
v -0.0823 -5.3133 29.7849
v -0.0823 -5.3133 29.7849
v -0.0823 -5.3133 29.7238
v -0.1331 -5.2433 29.7238
v -0.1331 -5.2433 29.7849
v -0.1331 -5.2433 29.7849
v -0.1331 -5.2433 29.7238
v -0.1331 -5.1567 29.7238
v -0.1331 -5.1567 29.7849
v -0.1331 -5.1567 29.7849
v -0.1331 -5.1567 29.7238
v -0.0823 -5.0867 29.7238
v -0.0823 -5.0867 29.7849
v -0.0823 -5.0867 29.7849
v -0.0823 -5.0867 29.7238
v 0.0000 -5.0600 29.7238
v 0.0000 -5.0600 29.7849
v 0.0000 -5.2000 29.7849
v 0.0000 -5.0600 29.7849
v 0.0823 -5.0867 29.7849
v 0.0823 -5.0867 29.7849
v 0.1331 -5.1567 29.7849
v 0.1331 -5.1567 29.7849
v 0.1331 -5.2433 29.7849
v 0.1331 -5.2433 29.7849
v 0.0823 -5.3133 29.7849
v 0.0823 -5.3133 29.7849
v 0.0000 -5.3400 29.7849
v 0.0000 -5.3400 29.7849
v -0.0823 -5.3133 29.7849
v -0.0823 -5.3133 29.7849
v -0.1331 -5.2433 29.7849
v -0.1331 -5.2433 29.7849
v -0.1331 -5.1567 29.7849
v -0.1331 -5.1567 29.7849
v -0.0823 -5.0867 29.7849
v -0.0823 -5.0867 29.7849
v 0.0000 -5.0600 29.7849
v 0.0000 -5.2000 29.7238
v 0.0000 -5.0600 29.7238
v 0.0823 -5.0867 29.7238
v 0.0823 -5.0867 29.7238
v 0.1331 -5.1567 29.7238
v 0.1331 -5.1567 29.7238
v 0.1331 -5.2433 29.7238
v 0.1331 -5.2433 29.7238
v 0.0823 -5.3133 29.7238
v 0.0823 -5.3133 29.7238
v 0.0000 -5.3400 29.7238
v 0.0000 -5.3400 29.7238
v -0.0823 -5.3133 29.7238
v -0.0823 -5.3133 29.7238
v -0.1331 -5.2433 29.7238
v -0.1331 -5.2433 29.7238
v -0.1331 -5.1567 29.7238
v -0.1331 -5.1567 29.7238
v -0.0823 -5.0867 29.7238
v -0.0823 -5.0867 29.7238
v 0.0000 -5.0600 29.7238
v 0.0000 -5.0600 29.6491
v 0.0000 -5.0600 29.5881
v 0.0823 -5.0867 29.5881
v 0.0823 -5.0867 29.6491
v 0.0823 -5.0867 29.6491
v 0.0823 -5.0867 29.5881
v 0.1331 -5.1567 29.5881
v 0.1331 -5.1567 29.6491
v 0.1331 -5.1567 29.6491
v 0.1331 -5.1567 29.5881
v 0.1331 -5.2433 29.5881
v 0.1331 -5.2433 29.6491
v 0.1331 -5.2433 29.6491
v 0.1331 -5.2433 29.5881
v 0.0823 -5.3133 29.5881
v 0.0823 -5.3133 29.6491
v 0.0823 -5.3133 29.6491
v 0.0823 -5.3133 29.5881
v 0.0000 -5.3400 29.5881
v 0.0000 -5.3400 29.6491
v 0.0000 -5.3400 29.6491
v 0.0000 -5.3400 29.5881
v -0.0823 -5.3133 29.5881
v -0.0823 -5.3133 29.6491
v -0.0823 -5.3133 29.6491
v -0.0823 -5.3133 29.5881
v -0.1331 -5.2433 29.5881
v -0.1331 -5.2433 29.6491
v -0.1331 -5.2433 29.6491
v -0.1331 -5.2433 29.5881
v -0.1331 -5.1567 29.5881
v -0.1331 -5.1567 29.6491
v -0.1331 -5.1567 29.6491
v -0.1331 -5.1567 29.5881
v -0.0823 -5.0867 29.5881
v -0.0823 -5.0867 29.6491
v -0.0823 -5.0867 29.6491
v -0.0823 -5.0867 29.5881
v 0.0000 -5.0600 29.5881
v 0.0000 -5.0600 29.6491
v 0.0000 -5.2000 29.6491
v 0.0000 -5.0600 29.6491
v 0.0823 -5.0867 29.6491
v 0.0823 -5.0867 29.6491
v 0.1331 -5.1567 29.6491
v 0.1331 -5.1567 29.6491
v 0.1331 -5.2433 29.6491
v 0.1331 -5.2433 29.6491
v 0.0823 -5.3133 29.6491
v 0.0823 -5.3133 29.6491
v 0.0000 -5.3400 29.6491
v 0.0000 -5.3400 29.6491
v -0.0823 -5.3133 29.6491
v -0.0823 -5.3133 29.6491
v -0.1331 -5.2433 29.6491
v -0.1331 -5.2433 29.6491
v -0.1331 -5.1567 29.6491
v -0.1331 -5.1567 29.6491
v -0.0823 -5.0867 29.6491
v -0.0823 -5.0867 29.6491
v 0.0000 -5.0600 29.6491
v 0.0000 -5.2000 29.5881
v 0.0000 -5.0600 29.5881
v 0.0823 -5.0867 29.5881
v 0.0823 -5.0867 29.5881
v 0.1331 -5.1567 29.5881
v 0.1331 -5.1567 29.5881
v 0.1331 -5.2433 29.5881
v 0.1331 -5.2433 29.5881
v 0.0823 -5.3133 29.5881
v 0.0823 -5.3133 29.5881
v 0.0000 -5.3400 29.5881
v 0.0000 -5.3400 29.5881
v -0.0823 -5.3133 29.5881
v -0.0823 -5.3133 29.5881
v -0.1331 -5.2433 29.5881
v -0.1331 -5.2433 29.5881
v -0.1331 -5.1567 29.5881
v -0.1331 -5.1567 29.5881
v -0.0823 -5.0867 29.5881
v -0.0823 -5.0867 29.5881
v 0.0000 -5.0600 29.5881
v 0.0000 -5.0600 29.5134
v 0.0000 -5.0600 29.4524
v 0.0823 -5.0867 29.4524
v 0.0823 -5.0867 29.5134
v 0.0823 -5.0867 29.5134
v 0.0823 -5.0867 29.4524
v 0.1331 -5.1567 29.4524
v 0.1331 -5.1567 29.5134
v 0.1331 -5.1567 29.5134
v 0.1331 -5.1567 29.4524
v 0.1331 -5.2433 29.4524
v 0.1331 -5.2433 29.5134
v 0.1331 -5.2433 29.5134
v 0.1331 -5.2433 29.4524
v 0.0823 -5.3133 29.4524
v 0.0823 -5.3133 29.5134
v 0.0823 -5.3133 29.5134
v 0.0823 -5.3133 29.4524
v 0.0000 -5.3400 29.4524
v 0.0000 -5.3400 29.5134
v 0.0000 -5.3400 29.5134
v 0.0000 -5.3400 29.4524
v -0.0823 -5.3133 29.4524
v -0.0823 -5.3133 29.5134
v -0.0823 -5.3133 29.5134
v -0.0823 -5.3133 29.4524
v -0.1331 -5.2433 29.4524
v -0.1331 -5.2433 29.5134
v -0.1331 -5.2433 29.5134
v -0.1331 -5.2433 29.4524
v -0.1331 -5.1567 29.4524
v -0.1331 -5.1567 29.5134
v -0.1331 -5.1567 29.5134
v -0.1331 -5.1567 29.4524
v -0.0823 -5.0867 29.4524
v -0.0823 -5.0867 29.5134
v -0.0823 -5.0867 29.5134
v -0.0823 -5.0867 29.4524
v 0.0000 -5.0600 29.4524
v 0.0000 -5.0600 29.5134
v 0.0000 -5.2000 29.5134
v 0.0000 -5.0600 29.5134
v 0.0823 -5.0867 29.5134
v 0.0823 -5.0867 29.5134
v 0.1331 -5.1567 29.5134
v 0.1331 -5.1567 29.5134
v 0.1331 -5.2433 29.5134
v 0.1331 -5.2433 29.5134
v 0.0823 -5.3133 29.5134
v 0.0823 -5.3133 29.5134
v 0.0000 -5.3400 29.5134
v 0.0000 -5.3400 29.5134
v -0.0823 -5.3133 29.5134
v -0.0823 -5.3133 29.5134
v -0.1331 -5.2433 29.5134
v -0.1331 -5.2433 29.5134
v -0.1331 -5.1567 29.5134
v -0.1331 -5.1567 29.5134
v -0.0823 -5.0867 29.5134
v -0.0823 -5.0867 29.5134
v 0.0000 -5.0600 29.5134
v 0.0000 -5.2000 29.4524
v 0.0000 -5.0600 29.4524
v 0.0823 -5.0867 29.4524
v 0.0823 -5.0867 29.4524
v 0.1331 -5.1567 29.4524
v 0.1331 -5.1567 29.4524
v 0.1331 -5.2433 29.4524
v 0.1331 -5.2433 29.4524
v 0.0823 -5.3133 29.4524
v 0.0823 -5.3133 29.4524
v 0.0000 -5.3400 29.4524
v 0.0000 -5.3400 29.4524
v -0.0823 -5.3133 29.4524
v -0.0823 -5.3133 29.4524
v -0.1331 -5.2433 29.4524
v -0.1331 -5.2433 29.4524
v -0.1331 -5.1567 29.4524
v -0.1331 -5.1567 29.4524
v -0.0823 -5.0867 29.4524
v -0.0823 -5.0867 29.4524
v 0.0000 -5.0600 29.4524
v 0.0000 -5.0600 29.3777
v 0.0000 -5.0600 29.3166
v 0.0823 -5.0867 29.3166
v 0.0823 -5.0867 29.3777
v 0.0823 -5.0867 29.3777
v 0.0823 -5.0867 29.3166
v 0.1331 -5.1567 29.3166
v 0.1331 -5.1567 29.3777
v 0.1331 -5.1567 29.3777
v 0.1331 -5.1567 29.3166
v 0.1331 -5.2433 29.3166
v 0.1331 -5.2433 29.3777
v 0.1331 -5.2433 29.3777
v 0.1331 -5.2433 29.3166
v 0.0823 -5.3133 29.3166
v 0.0823 -5.3133 29.3777
v 0.0823 -5.3133 29.3777
v 0.0823 -5.3133 29.3166
v 0.0000 -5.3400 29.3166
v 0.0000 -5.3400 29.3777
v 0.0000 -5.3400 29.3777
v 0.0000 -5.3400 29.3166
v -0.0823 -5.3133 29.3166
v -0.0823 -5.3133 29.3777
v -0.0823 -5.3133 29.3777
v -0.0823 -5.3133 29.3166
v -0.1331 -5.2433 29.3166
v -0.1331 -5.2433 29.3777
v -0.1331 -5.2433 29.3777
v -0.1331 -5.2433 29.3166
v -0.1331 -5.1567 29.3166
v -0.1331 -5.1567 29.3777
v -0.1331 -5.1567 29.3777
v -0.1331 -5.1567 29.3166
v -0.0823 -5.0867 29.3166
v -0.0823 -5.0867 29.3777
v -0.0823 -5.0867 29.3777
v -0.0823 -5.0867 29.3166
v 0.0000 -5.0600 29.3166
v 0.0000 -5.0600 29.3777
v 0.0000 -5.2000 29.3777
v 0.0000 -5.0600 29.3777
v 0.0823 -5.0867 29.3777
v 0.0823 -5.0867 29.3777
v 0.1331 -5.1567 29.3777
v 0.1331 -5.1567 29.3777
v 0.1331 -5.2433 29.3777
v 0.1331 -5.2433 29.3777
v 0.0823 -5.3133 29.3777
v 0.0823 -5.3133 29.3777
v 0.0000 -5.3400 29.3777
v 0.0000 -5.3400 29.3777
v -0.0823 -5.3133 29.3777
v -0.0823 -5.3133 29.3777
v -0.1331 -5.2433 29.3777
v -0.1331 -5.2433 29.3777
v -0.1331 -5.1567 29.3777
v -0.1331 -5.1567 29.3777
v -0.0823 -5.0867 29.3777
v -0.0823 -5.0867 29.3777
v 0.0000 -5.0600 29.3777
v 0.0000 -5.2000 29.3166
v 0.0000 -5.0600 29.3166
v 0.0823 -5.0867 29.3166
v 0.0823 -5.0867 29.3166
v 0.1331 -5.1567 29.3166
v 0.1331 -5.1567 29.3166
v 0.1331 -5.2433 29.3166
v 0.1331 -5.2433 29.3166
v 0.0823 -5.3133 29.3166
v 0.0823 -5.3133 29.3166
v 0.0000 -5.3400 29.3166
v 0.0000 -5.3400 29.3166
v -0.0823 -5.3133 29.3166
v -0.0823 -5.3133 29.3166
v -0.1331 -5.2433 29.3166
v -0.1331 -5.2433 29.3166
v -0.1331 -5.1567 29.3166
v -0.1331 -5.1567 29.3166
v -0.0823 -5.0867 29.3166
v -0.0823 -5.0867 29.3166
v 0.0000 -5.0600 29.3166
v 0.0000 -5.0600 29.2420
v 0.0000 -5.0600 29.1809
v 0.0823 -5.0867 29.1809
v 0.0823 -5.0867 29.2420
v 0.0823 -5.0867 29.2420
v 0.0823 -5.0867 29.1809
v 0.1331 -5.1567 29.1809
v 0.1331 -5.1567 29.2420
v 0.1331 -5.1567 29.2420
v 0.1331 -5.1567 29.1809
v 0.1331 -5.2433 29.1809
v 0.1331 -5.2433 29.2420
v 0.1331 -5.2433 29.2420
v 0.1331 -5.2433 29.1809
v 0.0823 -5.3133 29.1809
v 0.0823 -5.3133 29.2420
v 0.0823 -5.3133 29.2420
v 0.0823 -5.3133 29.1809
v 0.0000 -5.3400 29.1809
v 0.0000 -5.3400 29.2420
v 0.0000 -5.3400 29.2420
v 0.0000 -5.3400 29.1809
v -0.0823 -5.3133 29.1809
v -0.0823 -5.3133 29.2420
v -0.0823 -5.3133 29.2420
v -0.0823 -5.3133 29.1809
v -0.1331 -5.2433 29.1809
v -0.1331 -5.2433 29.2420
v -0.1331 -5.2433 29.2420
v -0.1331 -5.2433 29.1809
v -0.1331 -5.1567 29.1809
v -0.1331 -5.1567 29.2420
v -0.1331 -5.1567 29.2420
v -0.1331 -5.1567 29.1809
v -0.0823 -5.0867 29.1809
v -0.0823 -5.0867 29.2420
v -0.0823 -5.0867 29.2420
v -0.0823 -5.0867 29.1809
v 0.0000 -5.0600 29.1809
v 0.0000 -5.0600 29.2420
v 0.0000 -5.2000 29.2420
v 0.0000 -5.0600 29.2420
v 0.0823 -5.0867 29.2420
v 0.0823 -5.0867 29.2420
v 0.1331 -5.1567 29.2420
v 0.1331 -5.1567 29.2420
v 0.1331 -5.2433 29.2420
v 0.1331 -5.2433 29.2420
v 0.0823 -5.3133 29.2420
v 0.0823 -5.3133 29.2420
v 0.0000 -5.3400 29.2420
v 0.0000 -5.3400 29.2420
v -0.0823 -5.3133 29.2420
v -0.0823 -5.3133 29.2420
v -0.1331 -5.2433 29.2420
v -0.1331 -5.2433 29.2420
v -0.1331 -5.1567 29.2420
v -0.1331 -5.1567 29.2420
v -0.0823 -5.0867 29.2420
v -0.0823 -5.0867 29.2420
v 0.0000 -5.0600 29.2420
v 0.0000 -5.2000 29.1809
v 0.0000 -5.0600 29.1809
v 0.0823 -5.0867 29.1809
v 0.0823 -5.0867 29.1809
v 0.1331 -5.1567 29.1809
v 0.1331 -5.1567 29.1809
v 0.1331 -5.2433 29.1809
v 0.1331 -5.2433 29.1809
v 0.0823 -5.3133 29.1809
v 0.0823 -5.3133 29.1809
v 0.0000 -5.3400 29.1809
v 0.0000 -5.3400 29.1809
v -0.0823 -5.3133 29.1809
v -0.0823 -5.3133 29.1809
v -0.1331 -5.2433 29.1809
v -0.1331 -5.2433 29.1809
v -0.1331 -5.1567 29.1809
v -0.1331 -5.1567 29.1809
v -0.0823 -5.0867 29.1809
v -0.0823 -5.0867 29.1809
v 0.0000 -5.0600 29.1809
v 0.0000 -5.0600 29.1063
v 0.0000 -5.0600 29.0452
v 0.0823 -5.0867 29.0452
v 0.0823 -5.0867 29.1063
v 0.0823 -5.0867 29.1063
v 0.0823 -5.0867 29.0452
v 0.1331 -5.1567 29.0452
v 0.1331 -5.1567 29.1063
v 0.1331 -5.1567 29.1063
v 0.1331 -5.1567 29.0452
v 0.1331 -5.2433 29.0452
v 0.1331 -5.2433 29.1063
v 0.1331 -5.2433 29.1063
v 0.1331 -5.2433 29.0452
v 0.0823 -5.3133 29.0452
v 0.0823 -5.3133 29.1063
v 0.0823 -5.3133 29.1063
v 0.0823 -5.3133 29.0452
v 0.0000 -5.3400 29.0452
v 0.0000 -5.3400 29.1063
v 0.0000 -5.3400 29.1063
v 0.0000 -5.3400 29.0452
v -0.0823 -5.3133 29.0452
v -0.0823 -5.3133 29.1063
v -0.0823 -5.3133 29.1063
v -0.0823 -5.3133 29.0452
v -0.1331 -5.2433 29.0452
v -0.1331 -5.2433 29.1063
v -0.1331 -5.2433 29.1063
v -0.1331 -5.2433 29.0452
v -0.1331 -5.1567 29.0452
v -0.1331 -5.1567 29.1063
v -0.1331 -5.1567 29.1063
v -0.1331 -5.1567 29.0452
v -0.0823 -5.0867 29.0452
v -0.0823 -5.0867 29.1063
v -0.0823 -5.0867 29.1063
v -0.0823 -5.0867 29.0452
v 0.0000 -5.0600 29.0452
v 0.0000 -5.0600 29.1063
v 0.0000 -5.2000 29.1063
v 0.0000 -5.0600 29.1063
v 0.0823 -5.0867 29.1063
v 0.0823 -5.0867 29.1063
v 0.1331 -5.1567 29.1063
v 0.1331 -5.1567 29.1063
v 0.1331 -5.2433 29.1063
v 0.1331 -5.2433 29.1063
v 0.0823 -5.3133 29.1063
v 0.0823 -5.3133 29.1063
v 0.0000 -5.3400 29.1063
v 0.0000 -5.3400 29.1063
v -0.0823 -5.3133 29.1063
v -0.0823 -5.3133 29.1063
v -0.1331 -5.2433 29.1063
v -0.1331 -5.2433 29.1063
v -0.1331 -5.1567 29.1063
v -0.1331 -5.1567 29.1063
v -0.0823 -5.0867 29.1063
v -0.0823 -5.0867 29.1063
v 0.0000 -5.0600 29.1063
v 0.0000 -5.2000 29.0452
v 0.0000 -5.0600 29.0452
v 0.0823 -5.0867 29.0452
v 0.0823 -5.0867 29.0452
v 0.1331 -5.1567 29.0452
v 0.1331 -5.1567 29.0452
v 0.1331 -5.2433 29.0452
v 0.1331 -5.2433 29.0452
v 0.0823 -5.3133 29.0452
v 0.0823 -5.3133 29.0452
v 0.0000 -5.3400 29.0452
v 0.0000 -5.3400 29.0452
v -0.0823 -5.3133 29.0452
v -0.0823 -5.3133 29.0452
v -0.1331 -5.2433 29.0452
v -0.1331 -5.2433 29.0452
v -0.1331 -5.1567 29.0452
v -0.1331 -5.1567 29.0452
v -0.0823 -5.0867 29.0452
v -0.0823 -5.0867 29.0452
v 0.0000 -5.0600 29.0452
v 0.0000 -5.0600 28.9706
v 0.0000 -5.0600 28.9095
v 0.0823 -5.0867 28.9095
v 0.0823 -5.0867 28.9706
v 0.0823 -5.0867 28.9706
v 0.0823 -5.0867 28.9095
v 0.1331 -5.1567 28.9095
v 0.1331 -5.1567 28.9706
v 0.1331 -5.1567 28.9706
v 0.1331 -5.1567 28.9095
v 0.1331 -5.2433 28.9095
v 0.1331 -5.2433 28.9706
v 0.1331 -5.2433 28.9706
v 0.1331 -5.2433 28.9095
v 0.0823 -5.3133 28.9095
v 0.0823 -5.3133 28.9706
v 0.0823 -5.3133 28.9706
v 0.0823 -5.3133 28.9095
v 0.0000 -5.3400 28.9095
v 0.0000 -5.3400 28.9706
v 0.0000 -5.3400 28.9706
v 0.0000 -5.3400 28.9095
v -0.0823 -5.3133 28.9095
v -0.0823 -5.3133 28.9706
v -0.0823 -5.3133 28.9706
v -0.0823 -5.3133 28.9095
v -0.1331 -5.2433 28.9095
v -0.1331 -5.2433 28.9706
v -0.1331 -5.2433 28.9706
v -0.1331 -5.2433 28.9095
v -0.1331 -5.1567 28.9095
v -0.1331 -5.1567 28.9706
v -0.1331 -5.1567 28.9706
v -0.1331 -5.1567 28.9095
v -0.0823 -5.0867 28.9095
v -0.0823 -5.0867 28.9706
v -0.0823 -5.0867 28.9706
v -0.0823 -5.0867 28.9095
v 0.0000 -5.0600 28.9095
v 0.0000 -5.0600 28.9706
v 0.0000 -5.2000 28.9706
v 0.0000 -5.0600 28.9706
v 0.0823 -5.0867 28.9706
v 0.0823 -5.0867 28.9706
v 0.1331 -5.1567 28.9706
v 0.1331 -5.1567 28.9706
v 0.1331 -5.2433 28.9706
v 0.1331 -5.2433 28.9706
v 0.0823 -5.3133 28.9706
v 0.0823 -5.3133 28.9706
v 0.0000 -5.3400 28.9706
v 0.0000 -5.3400 28.9706
v -0.0823 -5.3133 28.9706
v -0.0823 -5.3133 28.9706
v -0.1331 -5.2433 28.9706
v -0.1331 -5.2433 28.9706
v -0.1331 -5.1567 28.9706
v -0.1331 -5.1567 28.9706
v -0.0823 -5.0867 28.9706
v -0.0823 -5.0867 28.9706
v 0.0000 -5.0600 28.9706
v 0.0000 -5.2000 28.9095
v 0.0000 -5.0600 28.9095
v 0.0823 -5.0867 28.9095
v 0.0823 -5.0867 28.9095
v 0.1331 -5.1567 28.9095
v 0.1331 -5.1567 28.9095
v 0.1331 -5.2433 28.9095
v 0.1331 -5.2433 28.9095
v 0.0823 -5.3133 28.9095
v 0.0823 -5.3133 28.9095
v 0.0000 -5.3400 28.9095
v 0.0000 -5.3400 28.9095
v -0.0823 -5.3133 28.9095
v -0.0823 -5.3133 28.9095
v -0.1331 -5.2433 28.9095
v -0.1331 -5.2433 28.9095
v -0.1331 -5.1567 28.9095
v -0.1331 -5.1567 28.9095
v -0.0823 -5.0867 28.9095
v -0.0823 -5.0867 28.9095
v 0.0000 -5.0600 28.9095
v 0.0000 -5.0600 28.8349
v 0.0000 -5.0600 28.7738
v 0.0823 -5.0867 28.7738
v 0.0823 -5.0867 28.8349
v 0.0823 -5.0867 28.8349
v 0.0823 -5.0867 28.7738
v 0.1331 -5.1567 28.7738
v 0.1331 -5.1567 28.8349
v 0.1331 -5.1567 28.8349
v 0.1331 -5.1567 28.7738
v 0.1331 -5.2433 28.7738
v 0.1331 -5.2433 28.8349
v 0.1331 -5.2433 28.8349
v 0.1331 -5.2433 28.7738
v 0.0823 -5.3133 28.7738
v 0.0823 -5.3133 28.8349
v 0.0823 -5.3133 28.8349
v 0.0823 -5.3133 28.7738
v 0.0000 -5.3400 28.7738
v 0.0000 -5.3400 28.8349
v 0.0000 -5.3400 28.8349
v 0.0000 -5.3400 28.7738
v -0.0823 -5.3133 28.7738
v -0.0823 -5.3133 28.8349
v -0.0823 -5.3133 28.8349
v -0.0823 -5.3133 28.7738
v -0.1331 -5.2433 28.7738
v -0.1331 -5.2433 28.8349
v -0.1331 -5.2433 28.8349
v -0.1331 -5.2433 28.7738
v -0.1331 -5.1567 28.7738
v -0.1331 -5.1567 28.8349
v -0.1331 -5.1567 28.8349
v -0.1331 -5.1567 28.7738
v -0.0823 -5.0867 28.7738
v -0.0823 -5.0867 28.8349
v -0.0823 -5.0867 28.8349
v -0.0823 -5.0867 28.7738
v 0.0000 -5.0600 28.7738
v 0.0000 -5.0600 28.8349
v 0.0000 -5.2000 28.8349
v 0.0000 -5.0600 28.8349
v 0.0823 -5.0867 28.8349
v 0.0823 -5.0867 28.8349
v 0.1331 -5.1567 28.8349
v 0.1331 -5.1567 28.8349
v 0.1331 -5.2433 28.8349
v 0.1331 -5.2433 28.8349
v 0.0823 -5.3133 28.8349
v 0.0823 -5.3133 28.8349
v 0.0000 -5.3400 28.8349
v 0.0000 -5.3400 28.8349
v -0.0823 -5.3133 28.8349
v -0.0823 -5.3133 28.8349
v -0.1331 -5.2433 28.8349
v -0.1331 -5.2433 28.8349
v -0.1331 -5.1567 28.8349
v -0.1331 -5.1567 28.8349
v -0.0823 -5.0867 28.8349
v -0.0823 -5.0867 28.8349
v 0.0000 -5.0600 28.8349
v 0.0000 -5.2000 28.7738
v 0.0000 -5.0600 28.7738
v 0.0823 -5.0867 28.7738
v 0.0823 -5.0867 28.7738
v 0.1331 -5.1567 28.7738
v 0.1331 -5.1567 28.7738
v 0.1331 -5.2433 28.7738
v 0.1331 -5.2433 28.7738
v 0.0823 -5.3133 28.7738
v 0.0823 -5.3133 28.7738
v 0.0000 -5.3400 28.7738
v 0.0000 -5.3400 28.7738
v -0.0823 -5.3133 28.7738
v -0.0823 -5.3133 28.7738
v -0.1331 -5.2433 28.7738
v -0.1331 -5.2433 28.7738
v -0.1331 -5.1567 28.7738
v -0.1331 -5.1567 28.7738
v -0.0823 -5.0867 28.7738
v -0.0823 -5.0867 28.7738
v 0.0000 -5.0600 28.7738
v 0.0000 -5.0600 28.6991
v 0.0000 -5.0600 28.6381
v 0.0823 -5.0867 28.6381
v 0.0823 -5.0867 28.6991
v 0.0823 -5.0867 28.6991
v 0.0823 -5.0867 28.6381
v 0.1331 -5.1567 28.6381
v 0.1331 -5.1567 28.6991
v 0.1331 -5.1567 28.6991
v 0.1331 -5.1567 28.6381
v 0.1331 -5.2433 28.6381
v 0.1331 -5.2433 28.6991
v 0.1331 -5.2433 28.6991
v 0.1331 -5.2433 28.6381
v 0.0823 -5.3133 28.6381
v 0.0823 -5.3133 28.6991
v 0.0823 -5.3133 28.6991
v 0.0823 -5.3133 28.6381
v 0.0000 -5.3400 28.6381
v 0.0000 -5.3400 28.6991
v 0.0000 -5.3400 28.6991
v 0.0000 -5.3400 28.6381
v -0.0823 -5.3133 28.6381
v -0.0823 -5.3133 28.6991
v -0.0823 -5.3133 28.6991
v -0.0823 -5.3133 28.6381
v -0.1331 -5.2433 28.6381
v -0.1331 -5.2433 28.6991
v -0.1331 -5.2433 28.6991
v -0.1331 -5.2433 28.6381
v -0.1331 -5.1567 28.6381
v -0.1331 -5.1567 28.6991
v -0.1331 -5.1567 28.6991
v -0.1331 -5.1567 28.6381
v -0.0823 -5.0867 28.6381
v -0.0823 -5.0867 28.6991
v -0.0823 -5.0867 28.6991
v -0.0823 -5.0867 28.6381
v 0.0000 -5.0600 28.6381
v 0.0000 -5.0600 28.6991
v 0.0000 -5.2000 28.6991
v 0.0000 -5.0600 28.6991
v 0.0823 -5.0867 28.6991
v 0.0823 -5.0867 28.6991
v 0.1331 -5.1567 28.6991
v 0.1331 -5.1567 28.6991
v 0.1331 -5.2433 28.6991
v 0.1331 -5.2433 28.6991
v 0.0823 -5.3133 28.6991
v 0.0823 -5.3133 28.6991
v 0.0000 -5.3400 28.6991
v 0.0000 -5.3400 28.6991
v -0.0823 -5.3133 28.6991
v -0.0823 -5.3133 28.6991
v -0.1331 -5.2433 28.6991
v -0.1331 -5.2433 28.6991
v -0.1331 -5.1567 28.6991
v -0.1331 -5.1567 28.6991
v -0.0823 -5.0867 28.6991
v -0.0823 -5.0867 28.6991
v 0.0000 -5.0600 28.6991
v 0.0000 -5.2000 28.6381
v 0.0000 -5.0600 28.6381
v 0.0823 -5.0867 28.6381
v 0.0823 -5.0867 28.6381
v 0.1331 -5.1567 28.6381
v 0.1331 -5.1567 28.6381
v 0.1331 -5.2433 28.6381
v 0.1331 -5.2433 28.6381
v 0.0823 -5.3133 28.6381
v 0.0823 -5.3133 28.6381
v 0.0000 -5.3400 28.6381
v 0.0000 -5.3400 28.6381
v -0.0823 -5.3133 28.6381
v -0.0823 -5.3133 28.6381
v -0.1331 -5.2433 28.6381
v -0.1331 -5.2433 28.6381
v -0.1331 -5.1567 28.6381
v -0.1331 -5.1567 28.6381
v -0.0823 -5.0867 28.6381
v -0.0823 -5.0867 28.6381
v 0.0000 -5.0600 28.6381
v 0.0000 -5.0600 28.5634
v 0.0000 -5.0600 28.5024
v 0.0823 -5.0867 28.5024
v 0.0823 -5.0867 28.5634
v 0.0823 -5.0867 28.5634
v 0.0823 -5.0867 28.5024
v 0.1331 -5.1567 28.5024
v 0.1331 -5.1567 28.5634
v 0.1331 -5.1567 28.5634
v 0.1331 -5.1567 28.5024
v 0.1331 -5.2433 28.5024
v 0.1331 -5.2433 28.5634
v 0.1331 -5.2433 28.5634
v 0.1331 -5.2433 28.5024
v 0.0823 -5.3133 28.5024
v 0.0823 -5.3133 28.5634
v 0.0823 -5.3133 28.5634
v 0.0823 -5.3133 28.5024
v 0.0000 -5.3400 28.5024
v 0.0000 -5.3400 28.5634
v 0.0000 -5.3400 28.5634
v 0.0000 -5.3400 28.5024
v -0.0823 -5.3133 28.5024
v -0.0823 -5.3133 28.5634
v -0.0823 -5.3133 28.5634
v -0.0823 -5.3133 28.5024
v -0.1331 -5.2433 28.5024
v -0.1331 -5.2433 28.5634
v -0.1331 -5.2433 28.5634
v -0.1331 -5.2433 28.5024
v -0.1331 -5.1567 28.5024
v -0.1331 -5.1567 28.5634
v -0.1331 -5.1567 28.5634
v -0.1331 -5.1567 28.5024
v -0.0823 -5.0867 28.5024
v -0.0823 -5.0867 28.5634
v -0.0823 -5.0867 28.5634
v -0.0823 -5.0867 28.5024
v 0.0000 -5.0600 28.5024
v 0.0000 -5.0600 28.5634
v 0.0000 -5.2000 28.5634
v 0.0000 -5.0600 28.5634
v 0.0823 -5.0867 28.5634
v 0.0823 -5.0867 28.5634
v 0.1331 -5.1567 28.5634
v 0.1331 -5.1567 28.5634
v 0.1331 -5.2433 28.5634
v 0.1331 -5.2433 28.5634
v 0.0823 -5.3133 28.5634
v 0.0823 -5.3133 28.5634
v 0.0000 -5.3400 28.5634
v 0.0000 -5.3400 28.5634
v -0.0823 -5.3133 28.5634
v -0.0823 -5.3133 28.5634
v -0.1331 -5.2433 28.5634
v -0.1331 -5.2433 28.5634
v -0.1331 -5.1567 28.5634
v -0.1331 -5.1567 28.5634
v -0.0823 -5.0867 28.5634
v -0.0823 -5.0867 28.5634
v 0.0000 -5.0600 28.5634
v 0.0000 -5.2000 28.5024
v 0.0000 -5.0600 28.5024
v 0.0823 -5.0867 28.5024
v 0.0823 -5.0867 28.5024
v 0.1331 -5.1567 28.5024
v 0.1331 -5.1567 28.5024
v 0.1331 -5.2433 28.5024
v 0.1331 -5.2433 28.5024
v 0.0823 -5.3133 28.5024
v 0.0823 -5.3133 28.5024
v 0.0000 -5.3400 28.5024
v 0.0000 -5.3400 28.5024
v -0.0823 -5.3133 28.5024
v -0.0823 -5.3133 28.5024
v -0.1331 -5.2433 28.5024
v -0.1331 -5.2433 28.5024
v -0.1331 -5.1567 28.5024
v -0.1331 -5.1567 28.5024
v -0.0823 -5.0867 28.5024
v -0.0823 -5.0867 28.5024
v 0.0000 -5.0600 28.5024
v 0.0000 -5.0600 28.4277
v 0.0000 -5.0600 28.3666
v 0.0823 -5.0867 28.3666
v 0.0823 -5.0867 28.4277
v 0.0823 -5.0867 28.4277
v 0.0823 -5.0867 28.3666
v 0.1331 -5.1567 28.3666
v 0.1331 -5.1567 28.4277
v 0.1331 -5.1567 28.4277
v 0.1331 -5.1567 28.3666
v 0.1331 -5.2433 28.3666
v 0.1331 -5.2433 28.4277
v 0.1331 -5.2433 28.4277
v 0.1331 -5.2433 28.3666
v 0.0823 -5.3133 28.3666
v 0.0823 -5.3133 28.4277
v 0.0823 -5.3133 28.4277
v 0.0823 -5.3133 28.3666
v 0.0000 -5.3400 28.3666
v 0.0000 -5.3400 28.4277
v 0.0000 -5.3400 28.4277
v 0.0000 -5.3400 28.3666
v -0.0823 -5.3133 28.3666
v -0.0823 -5.3133 28.4277
v -0.0823 -5.3133 28.4277
v -0.0823 -5.3133 28.3666
v -0.1331 -5.2433 28.3666
v -0.1331 -5.2433 28.4277
v -0.1331 -5.2433 28.4277
v -0.1331 -5.2433 28.3666
v -0.1331 -5.1567 28.3666
v -0.1331 -5.1567 28.4277
v -0.1331 -5.1567 28.4277
v -0.1331 -5.1567 28.3666
v -0.0823 -5.0867 28.3666
v -0.0823 -5.0867 28.4277
v -0.0823 -5.0867 28.4277
v -0.0823 -5.0867 28.3666
v 0.0000 -5.0600 28.3666
v 0.0000 -5.0600 28.4277
v 0.0000 -5.2000 28.4277
v 0.0000 -5.0600 28.4277
v 0.0823 -5.0867 28.4277
v 0.0823 -5.0867 28.4277
v 0.1331 -5.1567 28.4277
v 0.1331 -5.1567 28.4277
v 0.1331 -5.2433 28.4277
v 0.1331 -5.2433 28.4277
v 0.0823 -5.3133 28.4277
v 0.0823 -5.3133 28.4277
v 0.0000 -5.3400 28.4277
v 0.0000 -5.3400 28.4277
v -0.0823 -5.3133 28.4277
v -0.0823 -5.3133 28.4277
v -0.1331 -5.2433 28.4277
v -0.1331 -5.2433 28.4277
v -0.1331 -5.1567 28.4277
v -0.1331 -5.1567 28.4277
v -0.0823 -5.0867 28.4277
v -0.0823 -5.0867 28.4277
v 0.0000 -5.0600 28.4277
v 0.0000 -5.2000 28.3666
v 0.0000 -5.0600 28.3666
v 0.0823 -5.0867 28.3666
v 0.0823 -5.0867 28.3666
v 0.1331 -5.1567 28.3666
v 0.1331 -5.1567 28.3666
v 0.1331 -5.2433 28.3666
v 0.1331 -5.2433 28.3666
v 0.0823 -5.3133 28.3666
v 0.0823 -5.3133 28.3666
v 0.0000 -5.3400 28.3666
v 0.0000 -5.3400 28.3666
v -0.0823 -5.3133 28.3666
v -0.0823 -5.3133 28.3666
v -0.1331 -5.2433 28.3666
v -0.1331 -5.2433 28.3666
v -0.1331 -5.1567 28.3666
v -0.1331 -5.1567 28.3666
v -0.0823 -5.0867 28.3666
v -0.0823 -5.0867 28.3666
v 0.0000 -5.0600 28.3666
v 0.0000 5.3400 30.1920
v 0.0000 5.3400 30.1309
v 0.0823 5.3133 30.1309
v 0.0823 5.3133 30.1920
v 0.0823 5.3133 30.1920
v 0.0823 5.3133 30.1309
v 0.1331 5.2433 30.1309
v 0.1331 5.2433 30.1920
v 0.1331 5.2433 30.1920
v 0.1331 5.2433 30.1309
v 0.1331 5.1567 30.1309
v 0.1331 5.1567 30.1920
v 0.1331 5.1567 30.1920
v 0.1331 5.1567 30.1309
v 0.0823 5.0867 30.1309
v 0.0823 5.0867 30.1920
v 0.0823 5.0867 30.1920
v 0.0823 5.0867 30.1309
v 0.0000 5.0600 30.1309
v 0.0000 5.0600 30.1920
v 0.0000 5.0600 30.1920
v 0.0000 5.0600 30.1309
v -0.0823 5.0867 30.1309
v -0.0823 5.0867 30.1920
v -0.0823 5.0867 30.1920
v -0.0823 5.0867 30.1309
v -0.1331 5.1567 30.1309
v -0.1331 5.1567 30.1920
v -0.1331 5.1567 30.1920
v -0.1331 5.1567 30.1309
v -0.1331 5.2433 30.1309
v -0.1331 5.2433 30.1920
v -0.1331 5.2433 30.1920
v -0.1331 5.2433 30.1309
v -0.0823 5.3133 30.1309
v -0.0823 5.3133 30.1920
v -0.0823 5.3133 30.1920
v -0.0823 5.3133 30.1309
v 0.0000 5.3400 30.1309
v 0.0000 5.3400 30.1920
v 0.0000 5.2000 30.1920
v 0.0000 5.3400 30.1920
v 0.0823 5.3133 30.1920
v 0.0823 5.3133 30.1920
v 0.1331 5.2433 30.1920
v 0.1331 5.2433 30.1920
v 0.1331 5.1567 30.1920
v 0.1331 5.1567 30.1920
v 0.0823 5.0867 30.1920
v 0.0823 5.0867 30.1920
v 0.0000 5.0600 30.1920
v 0.0000 5.0600 30.1920
v -0.0823 5.0867 30.1920
v -0.0823 5.0867 30.1920
v -0.1331 5.1567 30.1920
v -0.1331 5.1567 30.1920
v -0.1331 5.2433 30.1920
v -0.1331 5.2433 30.1920
v -0.0823 5.3133 30.1920
v -0.0823 5.3133 30.1920
v 0.0000 5.3400 30.1920
v 0.0000 5.2000 30.1309
v 0.0000 5.3400 30.1309
v 0.0823 5.3133 30.1309
v 0.0823 5.3133 30.1309
v 0.1331 5.2433 30.1309
v 0.1331 5.2433 30.1309
v 0.1331 5.1567 30.1309
v 0.1331 5.1567 30.1309
v 0.0823 5.0867 30.1309
v 0.0823 5.0867 30.1309
v 0.0000 5.0600 30.1309
v 0.0000 5.0600 30.1309
v -0.0823 5.0867 30.1309
v -0.0823 5.0867 30.1309
v -0.1331 5.1567 30.1309
v -0.1331 5.1567 30.1309
v -0.1331 5.2433 30.1309
v -0.1331 5.2433 30.1309
v -0.0823 5.3133 30.1309
v -0.0823 5.3133 30.1309
v 0.0000 5.3400 30.1309
v 0.0000 5.3400 30.0563
v 0.0000 5.3400 29.9952
v 0.0823 5.3133 29.9952
v 0.0823 5.3133 30.0563
v 0.0823 5.3133 30.0563
v 0.0823 5.3133 29.9952
v 0.1331 5.2433 29.9952
v 0.1331 5.2433 30.0563
v 0.1331 5.2433 30.0563
v 0.1331 5.2433 29.9952
v 0.1331 5.1567 29.9952
v 0.1331 5.1567 30.0563
v 0.1331 5.1567 30.0563
v 0.1331 5.1567 29.9952
v 0.0823 5.0867 29.9952
v 0.0823 5.0867 30.0563
v 0.0823 5.0867 30.0563
v 0.0823 5.0867 29.9952
v 0.0000 5.0600 29.9952
v 0.0000 5.0600 30.0563
v 0.0000 5.0600 30.0563
v 0.0000 5.0600 29.9952
v -0.0823 5.0867 29.9952
v -0.0823 5.0867 30.0563
v -0.0823 5.0867 30.0563
v -0.0823 5.0867 29.9952
v -0.1331 5.1567 29.9952
v -0.1331 5.1567 30.0563
v -0.1331 5.1567 30.0563
v -0.1331 5.1567 29.9952
v -0.1331 5.2433 29.9952
v -0.1331 5.2433 30.0563
v -0.1331 5.2433 30.0563
v -0.1331 5.2433 29.9952
v -0.0823 5.3133 29.9952
v -0.0823 5.3133 30.0563
v -0.0823 5.3133 30.0563
v -0.0823 5.3133 29.9952
v 0.0000 5.3400 29.9952
v 0.0000 5.3400 30.0563
v 0.0000 5.2000 30.0563
v 0.0000 5.3400 30.0563
v 0.0823 5.3133 30.0563
v 0.0823 5.3133 30.0563
v 0.1331 5.2433 30.0563
v 0.1331 5.2433 30.0563
v 0.1331 5.1567 30.0563
v 0.1331 5.1567 30.0563
v 0.0823 5.0867 30.0563
v 0.0823 5.0867 30.0563
v 0.0000 5.0600 30.0563
v 0.0000 5.0600 30.0563
v -0.0823 5.0867 30.0563
v -0.0823 5.0867 30.0563
v -0.1331 5.1567 30.0563
v -0.1331 5.1567 30.0563
v -0.1331 5.2433 30.0563
v -0.1331 5.2433 30.0563
v -0.0823 5.3133 30.0563
v -0.0823 5.3133 30.0563
v 0.0000 5.3400 30.0563
v 0.0000 5.2000 29.9952
v 0.0000 5.3400 29.9952
v 0.0823 5.3133 29.9952
v 0.0823 5.3133 29.9952
v 0.1331 5.2433 29.9952
v 0.1331 5.2433 29.9952
v 0.1331 5.1567 29.9952
v 0.1331 5.1567 29.9952
v 0.0823 5.0867 29.9952
v 0.0823 5.0867 29.9952
v 0.0000 5.0600 29.9952
v 0.0000 5.0600 29.9952
v -0.0823 5.0867 29.9952
v -0.0823 5.0867 29.9952
v -0.1331 5.1567 29.9952
v -0.1331 5.1567 29.9952
v -0.1331 5.2433 29.9952
v -0.1331 5.2433 29.9952
v -0.0823 5.3133 29.9952
v -0.0823 5.3133 29.9952
v 0.0000 5.3400 29.9952
v 0.0000 5.3400 29.9206
v 0.0000 5.3400 29.8595
v 0.0823 5.3133 29.8595
v 0.0823 5.3133 29.9206
v 0.0823 5.3133 29.9206
v 0.0823 5.3133 29.8595
v 0.1331 5.2433 29.8595
v 0.1331 5.2433 29.9206
v 0.1331 5.2433 29.9206
v 0.1331 5.2433 29.8595
v 0.1331 5.1567 29.8595
v 0.1331 5.1567 29.9206
v 0.1331 5.1567 29.9206
v 0.1331 5.1567 29.8595
v 0.0823 5.0867 29.8595
v 0.0823 5.0867 29.9206
v 0.0823 5.0867 29.9206
v 0.0823 5.0867 29.8595
v 0.0000 5.0600 29.8595
v 0.0000 5.0600 29.9206
v 0.0000 5.0600 29.9206
v 0.0000 5.0600 29.8595
v -0.0823 5.0867 29.8595
v -0.0823 5.0867 29.9206
v -0.0823 5.0867 29.9206
v -0.0823 5.0867 29.8595
v -0.1331 5.1567 29.8595
v -0.1331 5.1567 29.9206
v -0.1331 5.1567 29.9206
v -0.1331 5.1567 29.8595
v -0.1331 5.2433 29.8595
v -0.1331 5.2433 29.9206
v -0.1331 5.2433 29.9206
v -0.1331 5.2433 29.8595
v -0.0823 5.3133 29.8595
v -0.0823 5.3133 29.9206
v -0.0823 5.3133 29.9206
v -0.0823 5.3133 29.8595
v 0.0000 5.3400 29.8595
v 0.0000 5.3400 29.9206
v 0.0000 5.2000 29.9206
v 0.0000 5.3400 29.9206
v 0.0823 5.3133 29.9206
v 0.0823 5.3133 29.9206
v 0.1331 5.2433 29.9206
v 0.1331 5.2433 29.9206
v 0.1331 5.1567 29.9206
v 0.1331 5.1567 29.9206
v 0.0823 5.0867 29.9206
v 0.0823 5.0867 29.9206
v 0.0000 5.0600 29.9206
v 0.0000 5.0600 29.9206
v -0.0823 5.0867 29.9206
v -0.0823 5.0867 29.9206
v -0.1331 5.1567 29.9206
v -0.1331 5.1567 29.9206
v -0.1331 5.2433 29.9206
v -0.1331 5.2433 29.9206
v -0.0823 5.3133 29.9206
v -0.0823 5.3133 29.9206
v 0.0000 5.3400 29.9206
v 0.0000 5.2000 29.8595
v 0.0000 5.3400 29.8595
v 0.0823 5.3133 29.8595
v 0.0823 5.3133 29.8595
v 0.1331 5.2433 29.8595
v 0.1331 5.2433 29.8595
v 0.1331 5.1567 29.8595
v 0.1331 5.1567 29.8595
v 0.0823 5.0867 29.8595
v 0.0823 5.0867 29.8595
v 0.0000 5.0600 29.8595
v 0.0000 5.0600 29.8595
v -0.0823 5.0867 29.8595
v -0.0823 5.0867 29.8595
v -0.1331 5.1567 29.8595
v -0.1331 5.1567 29.8595
v -0.1331 5.2433 29.8595
v -0.1331 5.2433 29.8595
v -0.0823 5.3133 29.8595
v -0.0823 5.3133 29.8595
v 0.0000 5.3400 29.8595
v 0.0000 5.3400 29.7849
v 0.0000 5.3400 29.7238
v 0.0823 5.3133 29.7238
v 0.0823 5.3133 29.7849
v 0.0823 5.3133 29.7849
v 0.0823 5.3133 29.7238
v 0.1331 5.2433 29.7238
v 0.1331 5.2433 29.7849
v 0.1331 5.2433 29.7849
v 0.1331 5.2433 29.7238
v 0.1331 5.1567 29.7238
v 0.1331 5.1567 29.7849
v 0.1331 5.1567 29.7849
v 0.1331 5.1567 29.7238
v 0.0823 5.0867 29.7238
v 0.0823 5.0867 29.7849
v 0.0823 5.0867 29.7849
v 0.0823 5.0867 29.7238
v 0.0000 5.0600 29.7238
v 0.0000 5.0600 29.7849
v 0.0000 5.0600 29.7849
v 0.0000 5.0600 29.7238
v -0.0823 5.0867 29.7238
v -0.0823 5.0867 29.7849
v -0.0823 5.0867 29.7849
v -0.0823 5.0867 29.7238
v -0.1331 5.1567 29.7238
v -0.1331 5.1567 29.7849
v -0.1331 5.1567 29.7849
v -0.1331 5.1567 29.7238
v -0.1331 5.2433 29.7238
v -0.1331 5.2433 29.7849
v -0.1331 5.2433 29.7849
v -0.1331 5.2433 29.7238
v -0.0823 5.3133 29.7238
v -0.0823 5.3133 29.7849
v -0.0823 5.3133 29.7849
v -0.0823 5.3133 29.7238
v 0.0000 5.3400 29.7238
v 0.0000 5.3400 29.7849
v 0.0000 5.2000 29.7849
v 0.0000 5.3400 29.7849
v 0.0823 5.3133 29.7849
v 0.0823 5.3133 29.7849
v 0.1331 5.2433 29.7849
v 0.1331 5.2433 29.7849
v 0.1331 5.1567 29.7849
v 0.1331 5.1567 29.7849
v 0.0823 5.0867 29.7849
v 0.0823 5.0867 29.7849
v 0.0000 5.0600 29.7849
v 0.0000 5.0600 29.7849
v -0.0823 5.0867 29.7849
v -0.0823 5.0867 29.7849
v -0.1331 5.1567 29.7849
v -0.1331 5.1567 29.7849
v -0.1331 5.2433 29.7849
v -0.1331 5.2433 29.7849
v -0.0823 5.3133 29.7849
v -0.0823 5.3133 29.7849
v 0.0000 5.3400 29.7849
v 0.0000 5.2000 29.7238
v 0.0000 5.3400 29.7238
v 0.0823 5.3133 29.7238
v 0.0823 5.3133 29.7238
v 0.1331 5.2433 29.7238
v 0.1331 5.2433 29.7238
v 0.1331 5.1567 29.7238
v 0.1331 5.1567 29.7238
v 0.0823 5.0867 29.7238
v 0.0823 5.0867 29.7238
v 0.0000 5.0600 29.7238
v 0.0000 5.0600 29.7238
v -0.0823 5.0867 29.7238
v -0.0823 5.0867 29.7238
v -0.1331 5.1567 29.7238
v -0.1331 5.1567 29.7238
v -0.1331 5.2433 29.7238
v -0.1331 5.2433 29.7238
v -0.0823 5.3133 29.7238
v -0.0823 5.3133 29.7238
v 0.0000 5.3400 29.7238
v 0.0000 5.3400 29.6491
v 0.0000 5.3400 29.5881
v 0.0823 5.3133 29.5881
v 0.0823 5.3133 29.6491
v 0.0823 5.3133 29.6491
v 0.0823 5.3133 29.5881
v 0.1331 5.2433 29.5881
v 0.1331 5.2433 29.6491
v 0.1331 5.2433 29.6491
v 0.1331 5.2433 29.5881
v 0.1331 5.1567 29.5881
v 0.1331 5.1567 29.6491
v 0.1331 5.1567 29.6491
v 0.1331 5.1567 29.5881
v 0.0823 5.0867 29.5881
v 0.0823 5.0867 29.6491
v 0.0823 5.0867 29.6491
v 0.0823 5.0867 29.5881
v 0.0000 5.0600 29.5881
v 0.0000 5.0600 29.6491
v 0.0000 5.0600 29.6491
v 0.0000 5.0600 29.5881
v -0.0823 5.0867 29.5881
v -0.0823 5.0867 29.6491
v -0.0823 5.0867 29.6491
v -0.0823 5.0867 29.5881
v -0.1331 5.1567 29.5881
v -0.1331 5.1567 29.6491
v -0.1331 5.1567 29.6491
v -0.1331 5.1567 29.5881
v -0.1331 5.2433 29.5881
v -0.1331 5.2433 29.6491
v -0.1331 5.2433 29.6491
v -0.1331 5.2433 29.5881
v -0.0823 5.3133 29.5881
v -0.0823 5.3133 29.6491
v -0.0823 5.3133 29.6491
v -0.0823 5.3133 29.5881
v 0.0000 5.3400 29.5881
v 0.0000 5.3400 29.6491
v 0.0000 5.2000 29.6491
v 0.0000 5.3400 29.6491
v 0.0823 5.3133 29.6491
v 0.0823 5.3133 29.6491
v 0.1331 5.2433 29.6491
v 0.1331 5.2433 29.6491
v 0.1331 5.1567 29.6491
v 0.1331 5.1567 29.6491
v 0.0823 5.0867 29.6491
v 0.0823 5.0867 29.6491
v 0.0000 5.0600 29.6491
v 0.0000 5.0600 29.6491
v -0.0823 5.0867 29.6491
v -0.0823 5.0867 29.6491
v -0.1331 5.1567 29.6491
v -0.1331 5.1567 29.6491
v -0.1331 5.2433 29.6491
v -0.1331 5.2433 29.6491
v -0.0823 5.3133 29.6491
v -0.0823 5.3133 29.6491
v 0.0000 5.3400 29.6491
v 0.0000 5.2000 29.5881
v 0.0000 5.3400 29.5881
v 0.0823 5.3133 29.5881
v 0.0823 5.3133 29.5881
v 0.1331 5.2433 29.5881
v 0.1331 5.2433 29.5881
v 0.1331 5.1567 29.5881
v 0.1331 5.1567 29.5881
v 0.0823 5.0867 29.5881
v 0.0823 5.0867 29.5881
v 0.0000 5.0600 29.5881
v 0.0000 5.0600 29.5881
v -0.0823 5.0867 29.5881
v -0.0823 5.0867 29.5881
v -0.1331 5.1567 29.5881
v -0.1331 5.1567 29.5881
v -0.1331 5.2433 29.5881
v -0.1331 5.2433 29.5881
v -0.0823 5.3133 29.5881
v -0.0823 5.3133 29.5881
v 0.0000 5.3400 29.5881
v 0.0000 5.3400 29.5134
v 0.0000 5.3400 29.4524
v 0.0823 5.3133 29.4524
v 0.0823 5.3133 29.5134
v 0.0823 5.3133 29.5134
v 0.0823 5.3133 29.4524
v 0.1331 5.2433 29.4524
v 0.1331 5.2433 29.5134
v 0.1331 5.2433 29.5134
v 0.1331 5.2433 29.4524
v 0.1331 5.1567 29.4524
v 0.1331 5.1567 29.5134
v 0.1331 5.1567 29.5134
v 0.1331 5.1567 29.4524
v 0.0823 5.0867 29.4524
v 0.0823 5.0867 29.5134
v 0.0823 5.0867 29.5134
v 0.0823 5.0867 29.4524
v 0.0000 5.0600 29.4524
v 0.0000 5.0600 29.5134
v 0.0000 5.0600 29.5134
v 0.0000 5.0600 29.4524
v -0.0823 5.0867 29.4524
v -0.0823 5.0867 29.5134
v -0.0823 5.0867 29.5134
v -0.0823 5.0867 29.4524
v -0.1331 5.1567 29.4524
v -0.1331 5.1567 29.5134
v -0.1331 5.1567 29.5134
v -0.1331 5.1567 29.4524
v -0.1331 5.2433 29.4524
v -0.1331 5.2433 29.5134
v -0.1331 5.2433 29.5134
v -0.1331 5.2433 29.4524
v -0.0823 5.3133 29.4524
v -0.0823 5.3133 29.5134
v -0.0823 5.3133 29.5134
v -0.0823 5.3133 29.4524
v 0.0000 5.3400 29.4524
v 0.0000 5.3400 29.5134
v 0.0000 5.2000 29.5134
v 0.0000 5.3400 29.5134
v 0.0823 5.3133 29.5134
v 0.0823 5.3133 29.5134
v 0.1331 5.2433 29.5134
v 0.1331 5.2433 29.5134
v 0.1331 5.1567 29.5134
v 0.1331 5.1567 29.5134
v 0.0823 5.0867 29.5134
v 0.0823 5.0867 29.5134
v 0.0000 5.0600 29.5134
v 0.0000 5.0600 29.5134
v -0.0823 5.0867 29.5134
v -0.0823 5.0867 29.5134
v -0.1331 5.1567 29.5134
v -0.1331 5.1567 29.5134
v -0.1331 5.2433 29.5134
v -0.1331 5.2433 29.5134
v -0.0823 5.3133 29.5134
v -0.0823 5.3133 29.5134
v 0.0000 5.3400 29.5134
v 0.0000 5.2000 29.4524
v 0.0000 5.3400 29.4524
v 0.0823 5.3133 29.4524
v 0.0823 5.3133 29.4524
v 0.1331 5.2433 29.4524
v 0.1331 5.2433 29.4524
v 0.1331 5.1567 29.4524
v 0.1331 5.1567 29.4524
v 0.0823 5.0867 29.4524
v 0.0823 5.0867 29.4524
v 0.0000 5.0600 29.4524
v 0.0000 5.0600 29.4524
v -0.0823 5.0867 29.4524
v -0.0823 5.0867 29.4524
v -0.1331 5.1567 29.4524
v -0.1331 5.1567 29.4524
v -0.1331 5.2433 29.4524
v -0.1331 5.2433 29.4524
v -0.0823 5.3133 29.4524
v -0.0823 5.3133 29.4524
v 0.0000 5.3400 29.4524
v 0.0000 5.3400 29.3777
v 0.0000 5.3400 29.3166
v 0.0823 5.3133 29.3166
v 0.0823 5.3133 29.3777
v 0.0823 5.3133 29.3777
v 0.0823 5.3133 29.3166
v 0.1331 5.2433 29.3166
v 0.1331 5.2433 29.3777
v 0.1331 5.2433 29.3777
v 0.1331 5.2433 29.3166
v 0.1331 5.1567 29.3166
v 0.1331 5.1567 29.3777
v 0.1331 5.1567 29.3777
v 0.1331 5.1567 29.3166
v 0.0823 5.0867 29.3166
v 0.0823 5.0867 29.3777
v 0.0823 5.0867 29.3777
v 0.0823 5.0867 29.3166
v 0.0000 5.0600 29.3166
v 0.0000 5.0600 29.3777
v 0.0000 5.0600 29.3777
v 0.0000 5.0600 29.3166
v -0.0823 5.0867 29.3166
v -0.0823 5.0867 29.3777
v -0.0823 5.0867 29.3777
v -0.0823 5.0867 29.3166
v -0.1331 5.1567 29.3166
v -0.1331 5.1567 29.3777
v -0.1331 5.1567 29.3777
v -0.1331 5.1567 29.3166
v -0.1331 5.2433 29.3166
v -0.1331 5.2433 29.3777
v -0.1331 5.2433 29.3777
v -0.1331 5.2433 29.3166
v -0.0823 5.3133 29.3166
v -0.0823 5.3133 29.3777
v -0.0823 5.3133 29.3777
v -0.0823 5.3133 29.3166
v 0.0000 5.3400 29.3166
v 0.0000 5.3400 29.3777
v 0.0000 5.2000 29.3777
v 0.0000 5.3400 29.3777
v 0.0823 5.3133 29.3777
v 0.0823 5.3133 29.3777
v 0.1331 5.2433 29.3777
v 0.1331 5.2433 29.3777
v 0.1331 5.1567 29.3777
v 0.1331 5.1567 29.3777
v 0.0823 5.0867 29.3777
v 0.0823 5.0867 29.3777
v 0.0000 5.0600 29.3777
v 0.0000 5.0600 29.3777
v -0.0823 5.0867 29.3777
v -0.0823 5.0867 29.3777
v -0.1331 5.1567 29.3777
v -0.1331 5.1567 29.3777
v -0.1331 5.2433 29.3777
v -0.1331 5.2433 29.3777
v -0.0823 5.3133 29.3777
v -0.0823 5.3133 29.3777
v 0.0000 5.3400 29.3777
v 0.0000 5.2000 29.3166
v 0.0000 5.3400 29.3166
v 0.0823 5.3133 29.3166
v 0.0823 5.3133 29.3166
v 0.1331 5.2433 29.3166
v 0.1331 5.2433 29.3166
v 0.1331 5.1567 29.3166
v 0.1331 5.1567 29.3166
v 0.0823 5.0867 29.3166
v 0.0823 5.0867 29.3166
v 0.0000 5.0600 29.3166
v 0.0000 5.0600 29.3166
v -0.0823 5.0867 29.3166
v -0.0823 5.0867 29.3166
v -0.1331 5.1567 29.3166
v -0.1331 5.1567 29.3166
v -0.1331 5.2433 29.3166
v -0.1331 5.2433 29.3166
v -0.0823 5.3133 29.3166
v -0.0823 5.3133 29.3166
v 0.0000 5.3400 29.3166
v 0.0000 5.3400 29.2420
v 0.0000 5.3400 29.1809
v 0.0823 5.3133 29.1809
v 0.0823 5.3133 29.2420
v 0.0823 5.3133 29.2420
v 0.0823 5.3133 29.1809
v 0.1331 5.2433 29.1809
v 0.1331 5.2433 29.2420
v 0.1331 5.2433 29.2420
v 0.1331 5.2433 29.1809
v 0.1331 5.1567 29.1809
v 0.1331 5.1567 29.2420
v 0.1331 5.1567 29.2420
v 0.1331 5.1567 29.1809
v 0.0823 5.0867 29.1809
v 0.0823 5.0867 29.2420
v 0.0823 5.0867 29.2420
v 0.0823 5.0867 29.1809
v 0.0000 5.0600 29.1809
v 0.0000 5.0600 29.2420
v 0.0000 5.0600 29.2420
v 0.0000 5.0600 29.1809
v -0.0823 5.0867 29.1809
v -0.0823 5.0867 29.2420
v -0.0823 5.0867 29.2420
v -0.0823 5.0867 29.1809
v -0.1331 5.1567 29.1809
v -0.1331 5.1567 29.2420
v -0.1331 5.1567 29.2420
v -0.1331 5.1567 29.1809
v -0.1331 5.2433 29.1809
v -0.1331 5.2433 29.2420
v -0.1331 5.2433 29.2420
v -0.1331 5.2433 29.1809
v -0.0823 5.3133 29.1809
v -0.0823 5.3133 29.2420
v -0.0823 5.3133 29.2420
v -0.0823 5.3133 29.1809
v 0.0000 5.3400 29.1809
v 0.0000 5.3400 29.2420
v 0.0000 5.2000 29.2420
v 0.0000 5.3400 29.2420
v 0.0823 5.3133 29.2420
v 0.0823 5.3133 29.2420
v 0.1331 5.2433 29.2420
v 0.1331 5.2433 29.2420
v 0.1331 5.1567 29.2420
v 0.1331 5.1567 29.2420
v 0.0823 5.0867 29.2420
v 0.0823 5.0867 29.2420
v 0.0000 5.0600 29.2420
v 0.0000 5.0600 29.2420
v -0.0823 5.0867 29.2420
v -0.0823 5.0867 29.2420
v -0.1331 5.1567 29.2420
v -0.1331 5.1567 29.2420
v -0.1331 5.2433 29.2420
v -0.1331 5.2433 29.2420
v -0.0823 5.3133 29.2420
v -0.0823 5.3133 29.2420
v 0.0000 5.3400 29.2420
v 0.0000 5.2000 29.1809
v 0.0000 5.3400 29.1809
v 0.0823 5.3133 29.1809
v 0.0823 5.3133 29.1809
v 0.1331 5.2433 29.1809
v 0.1331 5.2433 29.1809
v 0.1331 5.1567 29.1809
v 0.1331 5.1567 29.1809
v 0.0823 5.0867 29.1809
v 0.0823 5.0867 29.1809
v 0.0000 5.0600 29.1809
v 0.0000 5.0600 29.1809
v -0.0823 5.0867 29.1809
v -0.0823 5.0867 29.1809
v -0.1331 5.1567 29.1809
v -0.1331 5.1567 29.1809
v -0.1331 5.2433 29.1809
v -0.1331 5.2433 29.1809
v -0.0823 5.3133 29.1809
v -0.0823 5.3133 29.1809
v 0.0000 5.3400 29.1809
v 0.0000 5.3400 29.1063
v 0.0000 5.3400 29.0452
v 0.0823 5.3133 29.0452
v 0.0823 5.3133 29.1063
v 0.0823 5.3133 29.1063
v 0.0823 5.3133 29.0452
v 0.1331 5.2433 29.0452
v 0.1331 5.2433 29.1063
v 0.1331 5.2433 29.1063
v 0.1331 5.2433 29.0452
v 0.1331 5.1567 29.0452
v 0.1331 5.1567 29.1063
v 0.1331 5.1567 29.1063
v 0.1331 5.1567 29.0452
v 0.0823 5.0867 29.0452
v 0.0823 5.0867 29.1063
v 0.0823 5.0867 29.1063
v 0.0823 5.0867 29.0452
v 0.0000 5.0600 29.0452
v 0.0000 5.0600 29.1063
v 0.0000 5.0600 29.1063
v 0.0000 5.0600 29.0452
v -0.0823 5.0867 29.0452
v -0.0823 5.0867 29.1063
v -0.0823 5.0867 29.1063
v -0.0823 5.0867 29.0452
v -0.1331 5.1567 29.0452
v -0.1331 5.1567 29.1063
v -0.1331 5.1567 29.1063
v -0.1331 5.1567 29.0452
v -0.1331 5.2433 29.0452
v -0.1331 5.2433 29.1063
v -0.1331 5.2433 29.1063
v -0.1331 5.2433 29.0452
v -0.0823 5.3133 29.0452
v -0.0823 5.3133 29.1063
v -0.0823 5.3133 29.1063
v -0.0823 5.3133 29.0452
v 0.0000 5.3400 29.0452
v 0.0000 5.3400 29.1063
v 0.0000 5.2000 29.1063
v 0.0000 5.3400 29.1063
v 0.0823 5.3133 29.1063
v 0.0823 5.3133 29.1063
v 0.1331 5.2433 29.1063
v 0.1331 5.2433 29.1063
v 0.1331 5.1567 29.1063
v 0.1331 5.1567 29.1063
v 0.0823 5.0867 29.1063
v 0.0823 5.0867 29.1063
v 0.0000 5.0600 29.1063
v 0.0000 5.0600 29.1063
v -0.0823 5.0867 29.1063
v -0.0823 5.0867 29.1063
v -0.1331 5.1567 29.1063
v -0.1331 5.1567 29.1063
v -0.1331 5.2433 29.1063
v -0.1331 5.2433 29.1063
v -0.0823 5.3133 29.1063
v -0.0823 5.3133 29.1063
v 0.0000 5.3400 29.1063
v 0.0000 5.2000 29.0452
v 0.0000 5.3400 29.0452
v 0.0823 5.3133 29.0452
v 0.0823 5.3133 29.0452
v 0.1331 5.2433 29.0452
v 0.1331 5.2433 29.0452
v 0.1331 5.1567 29.0452
v 0.1331 5.1567 29.0452
v 0.0823 5.0867 29.0452
v 0.0823 5.0867 29.0452
v 0.0000 5.0600 29.0452
v 0.0000 5.0600 29.0452
v -0.0823 5.0867 29.0452
v -0.0823 5.0867 29.0452
v -0.1331 5.1567 29.0452
v -0.1331 5.1567 29.0452
v -0.1331 5.2433 29.0452
v -0.1331 5.2433 29.0452
v -0.0823 5.3133 29.0452
v -0.0823 5.3133 29.0452
v 0.0000 5.3400 29.0452
v 0.0000 5.3400 28.9706
v 0.0000 5.3400 28.9095
v 0.0823 5.3133 28.9095
v 0.0823 5.3133 28.9706
v 0.0823 5.3133 28.9706
v 0.0823 5.3133 28.9095
v 0.1331 5.2433 28.9095
v 0.1331 5.2433 28.9706
v 0.1331 5.2433 28.9706
v 0.1331 5.2433 28.9095
v 0.1331 5.1567 28.9095
v 0.1331 5.1567 28.9706
v 0.1331 5.1567 28.9706
v 0.1331 5.1567 28.9095
v 0.0823 5.0867 28.9095
v 0.0823 5.0867 28.9706
v 0.0823 5.0867 28.9706
v 0.0823 5.0867 28.9095
v 0.0000 5.0600 28.9095
v 0.0000 5.0600 28.9706
v 0.0000 5.0600 28.9706
v 0.0000 5.0600 28.9095
v -0.0823 5.0867 28.9095
v -0.0823 5.0867 28.9706
v -0.0823 5.0867 28.9706
v -0.0823 5.0867 28.9095
v -0.1331 5.1567 28.9095
v -0.1331 5.1567 28.9706
v -0.1331 5.1567 28.9706
v -0.1331 5.1567 28.9095
v -0.1331 5.2433 28.9095
v -0.1331 5.2433 28.9706
v -0.1331 5.2433 28.9706
v -0.1331 5.2433 28.9095
v -0.0823 5.3133 28.9095
v -0.0823 5.3133 28.9706
v -0.0823 5.3133 28.9706
v -0.0823 5.3133 28.9095
v 0.0000 5.3400 28.9095
v 0.0000 5.3400 28.9706
v 0.0000 5.2000 28.9706
v 0.0000 5.3400 28.9706
v 0.0823 5.3133 28.9706
v 0.0823 5.3133 28.9706
v 0.1331 5.2433 28.9706
v 0.1331 5.2433 28.9706
v 0.1331 5.1567 28.9706
v 0.1331 5.1567 28.9706
v 0.0823 5.0867 28.9706
v 0.0823 5.0867 28.9706
v 0.0000 5.0600 28.9706
v 0.0000 5.0600 28.9706
v -0.0823 5.0867 28.9706
v -0.0823 5.0867 28.9706
v -0.1331 5.1567 28.9706
v -0.1331 5.1567 28.9706
v -0.1331 5.2433 28.9706
v -0.1331 5.2433 28.9706
v -0.0823 5.3133 28.9706
v -0.0823 5.3133 28.9706
v 0.0000 5.3400 28.9706
v 0.0000 5.2000 28.9095
v 0.0000 5.3400 28.9095
v 0.0823 5.3133 28.9095
v 0.0823 5.3133 28.9095
v 0.1331 5.2433 28.9095
v 0.1331 5.2433 28.9095
v 0.1331 5.1567 28.9095
v 0.1331 5.1567 28.9095
v 0.0823 5.0867 28.9095
v 0.0823 5.0867 28.9095
v 0.0000 5.0600 28.9095
v 0.0000 5.0600 28.9095
v -0.0823 5.0867 28.9095
v -0.0823 5.0867 28.9095
v -0.1331 5.1567 28.9095
v -0.1331 5.1567 28.9095
v -0.1331 5.2433 28.9095
v -0.1331 5.2433 28.9095
v -0.0823 5.3133 28.9095
v -0.0823 5.3133 28.9095
v 0.0000 5.3400 28.9095
v 0.0000 5.3400 28.8349
v 0.0000 5.3400 28.7738
v 0.0823 5.3133 28.7738
v 0.0823 5.3133 28.8349
v 0.0823 5.3133 28.8349
v 0.0823 5.3133 28.7738
v 0.1331 5.2433 28.7738
v 0.1331 5.2433 28.8349
v 0.1331 5.2433 28.8349
v 0.1331 5.2433 28.7738
v 0.1331 5.1567 28.7738
v 0.1331 5.1567 28.8349
v 0.1331 5.1567 28.8349
v 0.1331 5.1567 28.7738
v 0.0823 5.0867 28.7738
v 0.0823 5.0867 28.8349
v 0.0823 5.0867 28.8349
v 0.0823 5.0867 28.7738
v 0.0000 5.0600 28.7738
v 0.0000 5.0600 28.8349
v 0.0000 5.0600 28.8349
v 0.0000 5.0600 28.7738
v -0.0823 5.0867 28.7738
v -0.0823 5.0867 28.8349
v -0.0823 5.0867 28.8349
v -0.0823 5.0867 28.7738
v -0.1331 5.1567 28.7738
v -0.1331 5.1567 28.8349
v -0.1331 5.1567 28.8349
v -0.1331 5.1567 28.7738
v -0.1331 5.2433 28.7738
v -0.1331 5.2433 28.8349
v -0.1331 5.2433 28.8349
v -0.1331 5.2433 28.7738
v -0.0823 5.3133 28.7738
v -0.0823 5.3133 28.8349
v -0.0823 5.3133 28.8349
v -0.0823 5.3133 28.7738
v 0.0000 5.3400 28.7738
v 0.0000 5.3400 28.8349
v 0.0000 5.2000 28.8349
v 0.0000 5.3400 28.8349
v 0.0823 5.3133 28.8349
v 0.0823 5.3133 28.8349
v 0.1331 5.2433 28.8349
v 0.1331 5.2433 28.8349
v 0.1331 5.1567 28.8349
v 0.1331 5.1567 28.8349
v 0.0823 5.0867 28.8349
v 0.0823 5.0867 28.8349
v 0.0000 5.0600 28.8349
v 0.0000 5.0600 28.8349
v -0.0823 5.0867 28.8349
v -0.0823 5.0867 28.8349
v -0.1331 5.1567 28.8349
v -0.1331 5.1567 28.8349
v -0.1331 5.2433 28.8349
v -0.1331 5.2433 28.8349
v -0.0823 5.3133 28.8349
v -0.0823 5.3133 28.8349
v 0.0000 5.3400 28.8349
v 0.0000 5.2000 28.7738
v 0.0000 5.3400 28.7738
v 0.0823 5.3133 28.7738
v 0.0823 5.3133 28.7738
v 0.1331 5.2433 28.7738
v 0.1331 5.2433 28.7738
v 0.1331 5.1567 28.7738
v 0.1331 5.1567 28.7738
v 0.0823 5.0867 28.7738
v 0.0823 5.0867 28.7738
v 0.0000 5.0600 28.7738
v 0.0000 5.0600 28.7738
v -0.0823 5.0867 28.7738
v -0.0823 5.0867 28.7738
v -0.1331 5.1567 28.7738
v -0.1331 5.1567 28.7738
v -0.1331 5.2433 28.7738
v -0.1331 5.2433 28.7738
v -0.0823 5.3133 28.7738
v -0.0823 5.3133 28.7738
v 0.0000 5.3400 28.7738
v 0.0000 5.3400 28.6991
v 0.0000 5.3400 28.6381
v 0.0823 5.3133 28.6381
v 0.0823 5.3133 28.6991
v 0.0823 5.3133 28.6991
v 0.0823 5.3133 28.6381
v 0.1331 5.2433 28.6381
v 0.1331 5.2433 28.6991
v 0.1331 5.2433 28.6991
v 0.1331 5.2433 28.6381
v 0.1331 5.1567 28.6381
v 0.1331 5.1567 28.6991
v 0.1331 5.1567 28.6991
v 0.1331 5.1567 28.6381
v 0.0823 5.0867 28.6381
v 0.0823 5.0867 28.6991
v 0.0823 5.0867 28.6991
v 0.0823 5.0867 28.6381
v 0.0000 5.0600 28.6381
v 0.0000 5.0600 28.6991
v 0.0000 5.0600 28.6991
v 0.0000 5.0600 28.6381
v -0.0823 5.0867 28.6381
v -0.0823 5.0867 28.6991
v -0.0823 5.0867 28.6991
v -0.0823 5.0867 28.6381
v -0.1331 5.1567 28.6381
v -0.1331 5.1567 28.6991
v -0.1331 5.1567 28.6991
v -0.1331 5.1567 28.6381
v -0.1331 5.2433 28.6381
v -0.1331 5.2433 28.6991
v -0.1331 5.2433 28.6991
v -0.1331 5.2433 28.6381
v -0.0823 5.3133 28.6381
v -0.0823 5.3133 28.6991
v -0.0823 5.3133 28.6991
v -0.0823 5.3133 28.6381
v 0.0000 5.3400 28.6381
v 0.0000 5.3400 28.6991
v 0.0000 5.2000 28.6991
v 0.0000 5.3400 28.6991
v 0.0823 5.3133 28.6991
v 0.0823 5.3133 28.6991
v 0.1331 5.2433 28.6991
v 0.1331 5.2433 28.6991
v 0.1331 5.1567 28.6991
v 0.1331 5.1567 28.6991
v 0.0823 5.0867 28.6991
v 0.0823 5.0867 28.6991
v 0.0000 5.0600 28.6991
v 0.0000 5.0600 28.6991
v -0.0823 5.0867 28.6991
v -0.0823 5.0867 28.6991
v -0.1331 5.1567 28.6991
v -0.1331 5.1567 28.6991
v -0.1331 5.2433 28.6991
v -0.1331 5.2433 28.6991
v -0.0823 5.3133 28.6991
v -0.0823 5.3133 28.6991
v 0.0000 5.3400 28.6991
v 0.0000 5.2000 28.6381
v 0.0000 5.3400 28.6381
v 0.0823 5.3133 28.6381
v 0.0823 5.3133 28.6381
v 0.1331 5.2433 28.6381
v 0.1331 5.2433 28.6381
v 0.1331 5.1567 28.6381
v 0.1331 5.1567 28.6381
v 0.0823 5.0867 28.6381
v 0.0823 5.0867 28.6381
v 0.0000 5.0600 28.6381
v 0.0000 5.0600 28.6381
v -0.0823 5.0867 28.6381
v -0.0823 5.0867 28.6381
v -0.1331 5.1567 28.6381
v -0.1331 5.1567 28.6381
v -0.1331 5.2433 28.6381
v -0.1331 5.2433 28.6381
v -0.0823 5.3133 28.6381
v -0.0823 5.3133 28.6381
v 0.0000 5.3400 28.6381
v 0.0000 5.3400 28.5634
v 0.0000 5.3400 28.5024
v 0.0823 5.3133 28.5024
v 0.0823 5.3133 28.5634
v 0.0823 5.3133 28.5634
v 0.0823 5.3133 28.5024
v 0.1331 5.2433 28.5024
v 0.1331 5.2433 28.5634
v 0.1331 5.2433 28.5634
v 0.1331 5.2433 28.5024
v 0.1331 5.1567 28.5024
v 0.1331 5.1567 28.5634
v 0.1331 5.1567 28.5634
v 0.1331 5.1567 28.5024
v 0.0823 5.0867 28.5024
v 0.0823 5.0867 28.5634
v 0.0823 5.0867 28.5634
v 0.0823 5.0867 28.5024
v 0.0000 5.0600 28.5024
v 0.0000 5.0600 28.5634
v 0.0000 5.0600 28.5634
v 0.0000 5.0600 28.5024
v -0.0823 5.0867 28.5024
v -0.0823 5.0867 28.5634
v -0.0823 5.0867 28.5634
v -0.0823 5.0867 28.5024
v -0.1331 5.1567 28.5024
v -0.1331 5.1567 28.5634
v -0.1331 5.1567 28.5634
v -0.1331 5.1567 28.5024
v -0.1331 5.2433 28.5024
v -0.1331 5.2433 28.5634
v -0.1331 5.2433 28.5634
v -0.1331 5.2433 28.5024
v -0.0823 5.3133 28.5024
v -0.0823 5.3133 28.5634
v -0.0823 5.3133 28.5634
v -0.0823 5.3133 28.5024
v 0.0000 5.3400 28.5024
v 0.0000 5.3400 28.5634
v 0.0000 5.2000 28.5634
v 0.0000 5.3400 28.5634
v 0.0823 5.3133 28.5634
v 0.0823 5.3133 28.5634
v 0.1331 5.2433 28.5634
v 0.1331 5.2433 28.5634
v 0.1331 5.1567 28.5634
v 0.1331 5.1567 28.5634
v 0.0823 5.0867 28.5634
v 0.0823 5.0867 28.5634
v 0.0000 5.0600 28.5634
v 0.0000 5.0600 28.5634
v -0.0823 5.0867 28.5634
v -0.0823 5.0867 28.5634
v -0.1331 5.1567 28.5634
v -0.1331 5.1567 28.5634
v -0.1331 5.2433 28.5634
v -0.1331 5.2433 28.5634
v -0.0823 5.3133 28.5634
v -0.0823 5.3133 28.5634
v 0.0000 5.3400 28.5634
v 0.0000 5.2000 28.5024
v 0.0000 5.3400 28.5024
v 0.0823 5.3133 28.5024
v 0.0823 5.3133 28.5024
v 0.1331 5.2433 28.5024
v 0.1331 5.2433 28.5024
v 0.1331 5.1567 28.5024
v 0.1331 5.1567 28.5024
v 0.0823 5.0867 28.5024
v 0.0823 5.0867 28.5024
v 0.0000 5.0600 28.5024
v 0.0000 5.0600 28.5024
v -0.0823 5.0867 28.5024
v -0.0823 5.0867 28.5024
v -0.1331 5.1567 28.5024
v -0.1331 5.1567 28.5024
v -0.1331 5.2433 28.5024
v -0.1331 5.2433 28.5024
v -0.0823 5.3133 28.5024
v -0.0823 5.3133 28.5024
v 0.0000 5.3400 28.5024
v 0.0000 5.3400 28.4277
v 0.0000 5.3400 28.3666
v 0.0823 5.3133 28.3666
v 0.0823 5.3133 28.4277
v 0.0823 5.3133 28.4277
v 0.0823 5.3133 28.3666
v 0.1331 5.2433 28.3666
v 0.1331 5.2433 28.4277
v 0.1331 5.2433 28.4277
v 0.1331 5.2433 28.3666
v 0.1331 5.1567 28.3666
v 0.1331 5.1567 28.4277
v 0.1331 5.1567 28.4277
v 0.1331 5.1567 28.3666
v 0.0823 5.0867 28.3666
v 0.0823 5.0867 28.4277
v 0.0823 5.0867 28.4277
v 0.0823 5.0867 28.3666
v 0.0000 5.0600 28.3666
v 0.0000 5.0600 28.4277
v 0.0000 5.0600 28.4277
v 0.0000 5.0600 28.3666
v -0.0823 5.0867 28.3666
v -0.0823 5.0867 28.4277
v -0.0823 5.0867 28.4277
v -0.0823 5.0867 28.3666
v -0.1331 5.1567 28.3666
v -0.1331 5.1567 28.4277
v -0.1331 5.1567 28.4277
v -0.1331 5.1567 28.3666
v -0.1331 5.2433 28.3666
v -0.1331 5.2433 28.4277
v -0.1331 5.2433 28.4277
v -0.1331 5.2433 28.3666
v -0.0823 5.3133 28.3666
v -0.0823 5.3133 28.4277
v -0.0823 5.3133 28.4277
v -0.0823 5.3133 28.3666
v 0.0000 5.3400 28.3666
v 0.0000 5.3400 28.4277
v 0.0000 5.2000 28.4277
v 0.0000 5.3400 28.4277
v 0.0823 5.3133 28.4277
v 0.0823 5.3133 28.4277
v 0.1331 5.2433 28.4277
v 0.1331 5.2433 28.4277
v 0.1331 5.1567 28.4277
v 0.1331 5.1567 28.4277
v 0.0823 5.0867 28.4277
v 0.0823 5.0867 28.4277
v 0.0000 5.0600 28.4277
v 0.0000 5.0600 28.4277
v -0.0823 5.0867 28.4277
v -0.0823 5.0867 28.4277
v -0.1331 5.1567 28.4277
v -0.1331 5.1567 28.4277
v -0.1331 5.2433 28.4277
v -0.1331 5.2433 28.4277
v -0.0823 5.3133 28.4277
v -0.0823 5.3133 28.4277
v 0.0000 5.3400 28.4277
v 0.0000 5.2000 28.3666
v 0.0000 5.3400 28.3666
v 0.0823 5.3133 28.3666
v 0.0823 5.3133 28.3666
v 0.1331 5.2433 28.3666
v 0.1331 5.2433 28.3666
v 0.1331 5.1567 28.3666
v 0.1331 5.1567 28.3666
v 0.0823 5.0867 28.3666
v 0.0823 5.0867 28.3666
v 0.0000 5.0600 28.3666
v 0.0000 5.0600 28.3666
v -0.0823 5.0867 28.3666
v -0.0823 5.0867 28.3666
v -0.1331 5.1567 28.3666
v -0.1331 5.1567 28.3666
v -0.1331 5.2433 28.3666
v -0.1331 5.2433 28.3666
v -0.0823 5.3133 28.3666
v -0.0823 5.3133 28.3666
v 0.0000 5.3400 28.3666
vn 0.0000 1.0000 0.0000
vn 0.0000 1.0000 0.0000
vn 0.5878 0.8090 0.0000
vn 0.5878 0.8090 0.0000
vn 0.5878 0.8090 0.0000
vn 0.5878 0.8090 0.0000
vn 0.9511 0.3090 0.0000
vn 0.9511 0.3090 0.0000
vn 0.9511 0.3090 0.0000
vn 0.9511 0.3090 0.0000
vn 0.9511 -0.3090 0.0000
vn 0.9511 -0.3090 0.0000
vn 0.9511 -0.3090 0.0000
vn 0.9511 -0.3090 0.0000
vn 0.5878 -0.8090 0.0000
vn 0.5878 -0.8090 0.0000
vn 0.5878 -0.8090 0.0000
vn 0.5878 -0.8090 0.0000
vn 0.0000 -1.0000 0.0000
vn 0.0000 -1.0000 0.0000
vn 0.0000 -1.0000 0.0000
vn 0.0000 -1.0000 0.0000
vn -0.5878 -0.8090 -0.0000
vn -0.5878 -0.8090 -0.0000
vn -0.5878 -0.8090 -0.0000
vn -0.5878 -0.8090 -0.0000
vn -0.9511 -0.3090 -0.0000
vn -0.9511 -0.3090 -0.0000
vn -0.9511 -0.3090 -0.0000
vn -0.9511 -0.3090 -0.0000
vn -0.9511 0.3090 0.0000
vn -0.9511 0.3090 0.0000
vn -0.9511 0.3090 0.0000
vn -0.9511 0.3090 0.0000
vn -0.5878 0.8090 0.0000
vn -0.5878 0.8090 0.0000
vn -0.5878 0.8090 0.0000
vn -0.5878 0.8090 0.0000
vn 0.0000 1.0000 0.0000
vn 0.0000 1.0000 0.0000
vn -0.0000 -0.0000 1.0000
vn 0.0000 0.0000 -1.0000
vn 0.0000 1.0000 0.0000
vn 0.0000 1.0000 0.0000
vn 0.5878 0.8090 0.0000
vn 0.5878 0.8090 0.0000
vn 0.5878 0.8090 0.0000
vn 0.5878 0.8090 0.0000
vn 0.9511 0.3090 0.0000
vn 0.9511 0.3090 0.0000
vn 0.9511 0.3090 0.0000
vn 0.9511 0.3090 0.0000
vn 0.9511 -0.3090 0.0000
vn 0.9511 -0.3090 0.0000
vn 0.9511 -0.3090 0.0000
vn 0.9511 -0.3090 0.0000
vn 0.5878 -0.8090 0.0000
vn 0.5878 -0.8090 0.0000
vn 0.5878 -0.8090 0.0000
vn 0.5878 -0.8090 0.0000
vn 0.0000 -1.0000 0.0000
vn 0.0000 -1.0000 0.0000
vn 0.0000 -1.0000 0.0000
vn 0.0000 -1.0000 0.0000
vn -0.5878 -0.8090 -0.0000
vn -0.5878 -0.8090 -0.0000
vn -0.5878 -0.8090 -0.0000
vn -0.5878 -0.8090 -0.0000
vn -0.9511 -0.3090 -0.0000
vn -0.9511 -0.3090 -0.0000
vn -0.9511 -0.3090 -0.0000
vn -0.9511 -0.3090 -0.0000
vn -0.9511 0.3090 0.0000
vn -0.9511 0.3090 0.0000
vn -0.9511 0.3090 0.0000
vn -0.9511 0.3090 0.0000
vn -0.5878 0.8090 0.0000
vn -0.5878 0.8090 0.0000
vn -0.5878 0.8090 0.0000
vn -0.5878 0.8090 0.0000
vn 0.0000 1.0000 0.0000
vn 0.0000 1.0000 0.0000
vn -0.0000 -0.0000 1.0000
vn 0.0000 0.0000 -1.0000
vn 0.0000 1.0000 0.0000
vn 0.0000 1.0000 0.0000
vn 0.5878 0.8090 0.0000
vn 0.5878 0.8090 0.0000
vn 0.5878 0.8090 0.0000
vn 0.5878 0.8090 0.0000
vn 0.9511 0.3090 0.0000
vn 0.9511 0.3090 0.0000
vn 0.9511 0.3090 0.0000
vn 0.9511 0.3090 0.0000
vn 0.9511 -0.3090 0.0000
vn 0.9511 -0.3090 0.0000
vn 0.9511 -0.3090 0.0000
vn 0.9511 -0.3090 0.0000
vn 0.5878 -0.8090 0.0000
vn 0.5878 -0.8090 0.0000
vn 0.5878 -0.8090 0.0000
vn 0.5878 -0.8090 0.0000
vn 0.0000 -1.0000 0.0000
vn 0.0000 -1.0000 0.0000
vn 0.0000 -1.0000 0.0000
vn 0.0000 -1.0000 0.0000
vn -0.5878 -0.8090 -0.0000
vn -0.5878 -0.8090 -0.0000
vn -0.5878 -0.8090 -0.0000
vn -0.5878 -0.8090 -0.0000
vn -0.9511 -0.3090 -0.0000
vn -0.9511 -0.3090 -0.0000
vn -0.9511 -0.3090 -0.0000
vn -0.9511 -0.3090 -0.0000
vn -0.9511 0.3090 0.0000
vn -0.9511 0.3090 0.0000
vn -0.9511 0.3090 0.0000
vn -0.9511 0.3090 0.0000
vn -0.5878 0.8090 0.0000
vn -0.5878 0.8090 0.0000
vn -0.5878 0.8090 0.0000
vn -0.5878 0.8090 0.0000
vn 0.0000 1.0000 0.0000
vn 0.0000 1.0000 0.0000
vn -0.0000 -0.0000 1.0000
vn 0.0000 0.0000 -1.0000
vn 0.0000 1.0000 0.0000
vn 0.0000 1.0000 0.0000
vn 0.5878 0.8090 0.0000
vn 0.5878 0.8090 0.0000
vn 0.5878 0.8090 0.0000
vn 0.5878 0.8090 0.0000
vn 0.9511 0.3090 0.0000
vn 0.9511 0.3090 0.0000
vn 0.9511 0.3090 0.0000
vn 0.9511 0.3090 0.0000
vn 0.9511 -0.3090 0.0000
vn 0.9511 -0.3090 0.0000
vn 0.9511 -0.3090 0.0000
vn 0.9511 -0.3090 0.0000
vn 0.5878 -0.8090 0.0000
vn 0.5878 -0.8090 0.0000
vn 0.5878 -0.8090 0.0000
vn 0.5878 -0.8090 0.0000
vn 0.0000 -1.0000 0.0000
vn 0.0000 -1.0000 0.0000
vn 0.0000 -1.0000 0.0000
vn 0.0000 -1.0000 0.0000
vn -0.5878 -0.8090 -0.0000
vn -0.5878 -0.8090 -0.0000
vn -0.5878 -0.8090 -0.0000
vn -0.5878 -0.8090 -0.0000
vn -0.9511 -0.3090 -0.0000
vn -0.9511 -0.3090 -0.0000
vn -0.9511 -0.3090 -0.0000
vn -0.9511 -0.3090 -0.0000
vn -0.9511 0.3090 0.0000
vn -0.9511 0.3090 0.0000
vn -0.9511 0.3090 0.0000
vn -0.9511 0.3090 0.0000
vn -0.5878 0.8090 0.0000
vn -0.5878 0.8090 0.0000
vn -0.5878 0.8090 0.0000
vn -0.5878 0.8090 0.0000
vn 0.0000 1.0000 0.0000
vn 0.0000 1.0000 0.0000
vn -0.0000 -0.0000 1.0000
vn 0.0000 0.0000 -1.0000
vn 0.0000 1.0000 0.0000
vn 0.0000 1.0000 0.0000
vn 0.5878 0.8090 0.0000
vn 0.5878 0.8090 0.0000
vn 0.5878 0.8090 0.0000
vn 0.5878 0.8090 0.0000
vn 0.9511 0.3090 0.0000
vn 0.9511 0.3090 0.0000
vn 0.9511 0.3090 0.0000
vn 0.9511 0.3090 0.0000
vn 0.9511 -0.3090 0.0000
vn 0.9511 -0.3090 0.0000
vn 0.9511 -0.3090 0.0000
vn 0.9511 -0.3090 0.0000
vn 0.5878 -0.8090 0.0000
vn 0.5878 -0.8090 0.0000
vn 0.5878 -0.8090 0.0000
vn 0.5878 -0.8090 0.0000
vn 0.0000 -1.0000 0.0000
vn 0.0000 -1.0000 0.0000
vn 0.0000 -1.0000 0.0000
vn 0.0000 -1.0000 0.0000
vn -0.5878 -0.8090 -0.0000
vn -0.5878 -0.8090 -0.0000
vn -0.5878 -0.8090 -0.0000
vn -0.5878 -0.8090 -0.0000
vn -0.9511 -0.3090 -0.0000
vn -0.9511 -0.3090 -0.0000
vn -0.9511 -0.3090 -0.0000
vn -0.9511 -0.3090 -0.0000
vn -0.9511 0.3090 0.0000
vn -0.9511 0.3090 0.0000
vn -0.9511 0.3090 0.0000
vn -0.9511 0.3090 0.0000
vn -0.5878 0.8090 0.0000
vn -0.5878 0.8090 0.0000
vn -0.5878 0.8090 0.0000
vn -0.5878 0.8090 0.0000
vn 0.0000 1.0000 0.0000
vn 0.0000 1.0000 0.0000
vn -0.0000 -0.0000 1.0000
vn 0.0000 0.0000 -1.0000
vn 0.0000 1.0000 0.0000
vn 0.0000 1.0000 0.0000
vn 0.5878 0.8090 0.0000
vn 0.5878 0.8090 0.0000
vn 0.5878 0.8090 0.0000
vn 0.5878 0.8090 0.0000
vn 0.9511 0.3090 0.0000
vn 0.9511 0.3090 0.0000
vn 0.9511 0.3090 0.0000
vn 0.9511 0.3090 0.0000
vn 0.9511 -0.3090 0.0000
vn 0.9511 -0.3090 0.0000
vn 0.9511 -0.3090 0.0000
vn 0.9511 -0.3090 0.0000
vn 0.5878 -0.8090 0.0000
vn 0.5878 -0.8090 0.0000
vn 0.5878 -0.8090 0.0000
vn 0.5878 -0.8090 0.0000
vn 0.0000 -1.0000 0.0000
vn 0.0000 -1.0000 0.0000
vn 0.0000 -1.0000 0.0000
vn 0.0000 -1.0000 0.0000
vn -0.5878 -0.8090 -0.0000
vn -0.5878 -0.8090 -0.0000
vn -0.5878 -0.8090 -0.0000
vn -0.5878 -0.8090 -0.0000
vn -0.9511 -0.3090 -0.0000
vn -0.9511 -0.3090 -0.0000
vn -0.9511 -0.3090 -0.0000
vn -0.9511 -0.3090 -0.0000
vn -0.9511 0.3090 0.0000
vn -0.9511 0.3090 0.0000
vn -0.9511 0.3090 0.0000
vn -0.9511 0.3090 0.0000
vn -0.5878 0.8090 0.0000
vn -0.5878 0.8090 0.0000
vn -0.5878 0.8090 0.0000
vn -0.5878 0.8090 0.0000
vn 0.0000 1.0000 0.0000
vn 0.0000 1.0000 0.0000
vn -0.0000 -0.0000 1.0000
vn 0.0000 0.0000 -1.0000
vn 0.0000 1.0000 0.0000
vn 0.0000 1.0000 0.0000
vn 0.5878 0.8090 0.0000
vn 0.5878 0.8090 0.0000
vn 0.5878 0.8090 0.0000
vn 0.5878 0.8090 0.0000
vn 0.9511 0.3090 0.0000
vn 0.9511 0.3090 0.0000
vn 0.9511 0.3090 0.0000
vn 0.9511 0.3090 0.0000
vn 0.9511 -0.3090 0.0000
vn 0.9511 -0.3090 0.0000
vn 0.9511 -0.3090 0.0000
vn 0.9511 -0.3090 0.0000
vn 0.5878 -0.8090 0.0000
vn 0.5878 -0.8090 0.0000
vn 0.5878 -0.8090 0.0000
vn 0.5878 -0.8090 0.0000
vn 0.0000 -1.0000 0.0000
vn 0.0000 -1.0000 0.0000
vn 0.0000 -1.0000 0.0000
vn 0.0000 -1.0000 0.0000
vn -0.5878 -0.8090 -0.0000
vn -0.5878 -0.8090 -0.0000
vn -0.5878 -0.8090 -0.0000
vn -0.5878 -0.8090 -0.0000
vn -0.9511 -0.3090 -0.0000
vn -0.9511 -0.3090 -0.0000
vn -0.9511 -0.3090 -0.0000
vn -0.9511 -0.3090 -0.0000
vn -0.9511 0.3090 0.0000
vn -0.9511 0.3090 0.0000
vn -0.9511 0.3090 0.0000
vn -0.9511 0.3090 0.0000
vn -0.5878 0.8090 0.0000
vn -0.5878 0.8090 0.0000
vn -0.5878 0.8090 0.0000
vn -0.5878 0.8090 0.0000
vn 0.0000 1.0000 0.0000
vn 0.0000 1.0000 0.0000
vn -0.0000 -0.0000 1.0000
vn 0.0000 0.0000 -1.0000
vn 0.0000 1.0000 0.0000
vn 0.0000 1.0000 0.0000
vn 0.5878 0.8090 0.0000
vn 0.5878 0.8090 0.0000
vn 0.5878 0.8090 0.0000
vn 0.5878 0.8090 0.0000
vn 0.9511 0.3090 0.0000
vn 0.9511 0.3090 0.0000
vn 0.9511 0.3090 0.0000
vn 0.9511 0.3090 0.0000
vn 0.9511 -0.3090 0.0000
vn 0.9511 -0.3090 0.0000
vn 0.9511 -0.3090 0.0000
vn 0.9511 -0.3090 0.0000
vn 0.5878 -0.8090 0.0000
vn 0.5878 -0.8090 0.0000
vn 0.5878 -0.8090 0.0000
vn 0.5878 -0.8090 0.0000
vn 0.0000 -1.0000 0.0000
vn 0.0000 -1.0000 0.0000
vn 0.0000 -1.0000 0.0000
vn 0.0000 -1.0000 0.0000
vn -0.5878 -0.8090 -0.0000
vn -0.5878 -0.8090 -0.0000
vn -0.5878 -0.8090 -0.0000
vn -0.5878 -0.8090 -0.0000
vn -0.9511 -0.3090 -0.0000
vn -0.9511 -0.3090 -0.0000
vn -0.9511 -0.3090 -0.0000
vn -0.9511 -0.3090 -0.0000
vn -0.9511 0.3090 0.0000
vn -0.9511 0.3090 0.0000
vn -0.9511 0.3090 0.0000
vn -0.9511 0.3090 0.0000
vn -0.5878 0.8090 0.0000
vn -0.5878 0.8090 0.0000
vn -0.5878 0.8090 0.0000
vn -0.5878 0.8090 0.0000
vn 0.0000 1.0000 0.0000
vn 0.0000 1.0000 0.0000
vn -0.0000 -0.0000 1.0000
vn 0.0000 0.0000 -1.0000
vn 0.0000 1.0000 0.0000
vn 0.0000 1.0000 0.0000
vn 0.5878 0.8090 0.0000
vn 0.5878 0.8090 0.0000
vn 0.5878 0.8090 0.0000
vn 0.5878 0.8090 0.0000
vn 0.9511 0.3090 0.0000
vn 0.9511 0.3090 0.0000
vn 0.9511 0.3090 0.0000
vn 0.9511 0.3090 0.0000
vn 0.9511 -0.3090 0.0000
vn 0.9511 -0.3090 0.0000
vn 0.9511 -0.3090 0.0000
vn 0.9511 -0.3090 0.0000
vn 0.5878 -0.8090 0.0000
vn 0.5878 -0.8090 0.0000
vn 0.5878 -0.8090 0.0000
vn 0.5878 -0.8090 0.0000
vn 0.0000 -1.0000 0.0000
vn 0.0000 -1.0000 0.0000
vn 0.0000 -1.0000 0.0000
vn 0.0000 -1.0000 0.0000
vn -0.5878 -0.8090 -0.0000
vn -0.5878 -0.8090 -0.0000
vn -0.5878 -0.8090 -0.0000
vn -0.5878 -0.8090 -0.0000
vn -0.9511 -0.3090 -0.0000
vn -0.9511 -0.3090 -0.0000
vn -0.9511 -0.3090 -0.0000
vn -0.9511 -0.3090 -0.0000
vn -0.9511 0.3090 0.0000
vn -0.9511 0.3090 0.0000
vn -0.9511 0.3090 0.0000
vn -0.9511 0.3090 0.0000
vn -0.5878 0.8090 0.0000
vn -0.5878 0.8090 0.0000
vn -0.5878 0.8090 0.0000
vn -0.5878 0.8090 0.0000
vn 0.0000 1.0000 0.0000
vn 0.0000 1.0000 0.0000
vn -0.0000 -0.0000 1.0000
vn 0.0000 0.0000 -1.0000
vn 0.0000 1.0000 0.0000
vn 0.0000 1.0000 0.0000
vn 0.5878 0.8090 0.0000
vn 0.5878 0.8090 0.0000
vn 0.5878 0.8090 0.0000
vn 0.5878 0.8090 0.0000
vn 0.9511 0.3090 0.0000
vn 0.9511 0.3090 0.0000
vn 0.9511 0.3090 0.0000
vn 0.9511 0.3090 0.0000
vn 0.9511 -0.3090 0.0000
vn 0.9511 -0.3090 0.0000
vn 0.9511 -0.3090 0.0000
vn 0.9511 -0.3090 0.0000
vn 0.5878 -0.8090 0.0000
vn 0.5878 -0.8090 0.0000
vn 0.5878 -0.8090 0.0000
vn 0.5878 -0.8090 0.0000
vn 0.0000 -1.0000 0.0000
vn 0.0000 -1.0000 0.0000
vn 0.0000 -1.0000 0.0000
vn 0.0000 -1.0000 0.0000
vn -0.5878 -0.8090 -0.0000
vn -0.5878 -0.8090 -0.0000
vn -0.5878 -0.8090 -0.0000
vn -0.5878 -0.8090 -0.0000
vn -0.9511 -0.3090 -0.0000
vn -0.9511 -0.3090 -0.0000
vn -0.9511 -0.3090 -0.0000
vn -0.9511 -0.3090 -0.0000
vn -0.9511 0.3090 0.0000
vn -0.9511 0.3090 0.0000
vn -0.9511 0.3090 0.0000
vn -0.9511 0.3090 0.0000
vn -0.5878 0.8090 0.0000
vn -0.5878 0.8090 0.0000
vn -0.5878 0.8090 0.0000
vn -0.5878 0.8090 0.0000
vn 0.0000 1.0000 0.0000
vn 0.0000 1.0000 0.0000
vn -0.0000 -0.0000 1.0000
vn 0.0000 0.0000 -1.0000
vn 0.0000 1.0000 0.0000
vn 0.0000 1.0000 0.0000
vn 0.5878 0.8090 0.0000
vn 0.5878 0.8090 0.0000
vn 0.5878 0.8090 0.0000
vn 0.5878 0.8090 0.0000
vn 0.9511 0.3090 0.0000
vn 0.9511 0.3090 0.0000
vn 0.9511 0.3090 0.0000
vn 0.9511 0.3090 0.0000
vn 0.9511 -0.3090 0.0000
vn 0.9511 -0.3090 0.0000
vn 0.9511 -0.3090 0.0000
vn 0.9511 -0.3090 0.0000
vn 0.5878 -0.8090 0.0000
vn 0.5878 -0.8090 0.0000
vn 0.5878 -0.8090 0.0000
vn 0.5878 -0.8090 0.0000
vn 0.0000 -1.0000 0.0000
vn 0.0000 -1.0000 0.0000
vn 0.0000 -1.0000 0.0000
vn 0.0000 -1.0000 0.0000
vn -0.5878 -0.8090 -0.0000
vn -0.5878 -0.8090 -0.0000
vn -0.5878 -0.8090 -0.0000
vn -0.5878 -0.8090 -0.0000
vn -0.9511 -0.3090 -0.0000
vn -0.9511 -0.3090 -0.0000
vn -0.9511 -0.3090 -0.0000
vn -0.9511 -0.3090 -0.0000
vn -0.9511 0.3090 0.0000
vn -0.9511 0.3090 0.0000
vn -0.9511 0.3090 0.0000
vn -0.9511 0.3090 0.0000
vn -0.5878 0.8090 0.0000
vn -0.5878 0.8090 0.0000
vn -0.5878 0.8090 0.0000
vn -0.5878 0.8090 0.0000
vn 0.0000 1.0000 0.0000
vn 0.0000 1.0000 0.0000
vn -0.0000 -0.0000 1.0000
vn 0.0000 0.0000 -1.0000
vn 0.0000 1.0000 0.0000
vn 0.0000 1.0000 0.0000
vn 0.5878 0.8090 0.0000
vn 0.5878 0.8090 0.0000
vn 0.5878 0.8090 0.0000
vn 0.5878 0.8090 0.0000
vn 0.9511 0.3090 0.0000
vn 0.9511 0.3090 0.0000
vn 0.9511 0.3090 0.0000
vn 0.9511 0.3090 0.0000
vn 0.9511 -0.3090 0.0000
vn 0.9511 -0.3090 0.0000
vn 0.9511 -0.3090 0.0000
vn 0.9511 -0.3090 0.0000
vn 0.5878 -0.8090 0.0000
vn 0.5878 -0.8090 0.0000
vn 0.5878 -0.8090 0.0000
vn 0.5878 -0.8090 0.0000
vn 0.0000 -1.0000 0.0000
vn 0.0000 -1.0000 0.0000
vn 0.0000 -1.0000 0.0000
vn 0.0000 -1.0000 0.0000
vn -0.5878 -0.8090 -0.0000
vn -0.5878 -0.8090 -0.0000
vn -0.5878 -0.8090 -0.0000
vn -0.5878 -0.8090 -0.0000
vn -0.9511 -0.3090 -0.0000
vn -0.9511 -0.3090 -0.0000
vn -0.9511 -0.3090 -0.0000
vn -0.9511 -0.3090 -0.0000
vn -0.9511 0.3090 0.0000
vn -0.9511 0.3090 0.0000
vn -0.9511 0.3090 0.0000
vn -0.9511 0.3090 0.0000
vn -0.5878 0.8090 0.0000
vn -0.5878 0.8090 0.0000
vn -0.5878 0.8090 0.0000
vn -0.5878 0.8090 0.0000
vn 0.0000 1.0000 0.0000
vn 0.0000 1.0000 0.0000
vn -0.0000 -0.0000 1.0000
vn 0.0000 0.0000 -1.0000
vn 0.0000 1.0000 0.0000
vn 0.0000 1.0000 0.0000
vn 0.5878 0.8090 0.0000
vn 0.5878 0.8090 0.0000
vn 0.5878 0.8090 0.0000
vn 0.5878 0.8090 0.0000
vn 0.9511 0.3090 0.0000
vn 0.9511 0.3090 0.0000
vn 0.9511 0.3090 0.0000
vn 0.9511 0.3090 0.0000
vn 0.9511 -0.3090 0.0000
vn 0.9511 -0.3090 0.0000
vn 0.9511 -0.3090 0.0000
vn 0.9511 -0.3090 0.0000
vn 0.5878 -0.8090 0.0000
vn 0.5878 -0.8090 0.0000
vn 0.5878 -0.8090 0.0000
vn 0.5878 -0.8090 0.0000
vn 0.0000 -1.0000 0.0000
vn 0.0000 -1.0000 0.0000
vn 0.0000 -1.0000 0.0000
vn 0.0000 -1.0000 0.0000
vn -0.5878 -0.8090 -0.0000
vn -0.5878 -0.8090 -0.0000
vn -0.5878 -0.8090 -0.0000
vn -0.5878 -0.8090 -0.0000
vn -0.9511 -0.3090 -0.0000
vn -0.9511 -0.3090 -0.0000
vn -0.9511 -0.3090 -0.0000
vn -0.9511 -0.3090 -0.0000
vn -0.9511 0.3090 0.0000
vn -0.9511 0.3090 0.0000
vn -0.9511 0.3090 0.0000
vn -0.9511 0.3090 0.0000
vn -0.5878 0.8090 0.0000
vn -0.5878 0.8090 0.0000
vn -0.5878 0.8090 0.0000
vn -0.5878 0.8090 0.0000
vn 0.0000 1.0000 0.0000
vn 0.0000 1.0000 0.0000
vn -0.0000 -0.0000 1.0000
vn 0.0000 0.0000 -1.0000
vn 0.0000 1.0000 0.0000
vn 0.0000 1.0000 0.0000
vn 0.5878 0.8090 0.0000
vn 0.5878 0.8090 0.0000
vn 0.5878 0.8090 0.0000
vn 0.5878 0.8090 0.0000
vn 0.9511 0.3090 0.0000
vn 0.9511 0.3090 0.0000
vn 0.9511 0.3090 0.0000
vn 0.9511 0.3090 0.0000
vn 0.9511 -0.3090 0.0000
vn 0.9511 -0.3090 0.0000
vn 0.9511 -0.3090 0.0000
vn 0.9511 -0.3090 0.0000
vn 0.5878 -0.8090 0.0000
vn 0.5878 -0.8090 0.0000
vn 0.5878 -0.8090 0.0000
vn 0.5878 -0.8090 0.0000
vn 0.0000 -1.0000 0.0000
vn 0.0000 -1.0000 0.0000
vn 0.0000 -1.0000 0.0000
vn 0.0000 -1.0000 0.0000
vn -0.5878 -0.8090 -0.0000
vn -0.5878 -0.8090 -0.0000
vn -0.5878 -0.8090 -0.0000
vn -0.5878 -0.8090 -0.0000
vn -0.9511 -0.3090 -0.0000
vn -0.9511 -0.3090 -0.0000
vn -0.9511 -0.3090 -0.0000
vn -0.9511 -0.3090 -0.0000
vn -0.9511 0.3090 0.0000
vn -0.9511 0.3090 0.0000
vn -0.9511 0.3090 0.0000
vn -0.9511 0.3090 0.0000
vn -0.5878 0.8090 0.0000
vn -0.5878 0.8090 0.0000
vn -0.5878 0.8090 0.0000
vn -0.5878 0.8090 0.0000
vn 0.0000 1.0000 0.0000
vn 0.0000 1.0000 0.0000
vn -0.0000 -0.0000 1.0000
vn 0.0000 0.0000 -1.0000
vn 0.0000 1.0000 0.0000
vn 0.0000 1.0000 0.0000
vn 0.5878 0.8090 0.0000
vn 0.5878 0.8090 0.0000
vn 0.5878 0.8090 0.0000
vn 0.5878 0.8090 0.0000
vn 0.9511 0.3090 0.0000
vn 0.9511 0.3090 0.0000
vn 0.9511 0.3090 0.0000
vn 0.9511 0.3090 0.0000
vn 0.9511 -0.3090 0.0000
vn 0.9511 -0.3090 0.0000
vn 0.9511 -0.3090 0.0000
vn 0.9511 -0.3090 0.0000
vn 0.5878 -0.8090 0.0000
vn 0.5878 -0.8090 0.0000
vn 0.5878 -0.8090 0.0000
vn 0.5878 -0.8090 0.0000
vn 0.0000 -1.0000 0.0000
vn 0.0000 -1.0000 0.0000
vn 0.0000 -1.0000 0.0000
vn 0.0000 -1.0000 0.0000
vn -0.5878 -0.8090 -0.0000
vn -0.5878 -0.8090 -0.0000
vn -0.5878 -0.8090 -0.0000
vn -0.5878 -0.8090 -0.0000
vn -0.9511 -0.3090 -0.0000
vn -0.9511 -0.3090 -0.0000
vn -0.9511 -0.3090 -0.0000
vn -0.9511 -0.3090 -0.0000
vn -0.9511 0.3090 0.0000
vn -0.9511 0.3090 0.0000
vn -0.9511 0.3090 0.0000
vn -0.9511 0.3090 0.0000
vn -0.5878 0.8090 0.0000
vn -0.5878 0.8090 0.0000
vn -0.5878 0.8090 0.0000
vn -0.5878 0.8090 0.0000
vn 0.0000 1.0000 0.0000
vn 0.0000 1.0000 0.0000
vn -0.0000 -0.0000 1.0000
vn 0.0000 0.0000 -1.0000
vn 0.0000 1.0000 0.0000
vn 0.0000 1.0000 0.0000
vn 0.5878 0.8090 0.0000
vn 0.5878 0.8090 0.0000
vn 0.5878 0.8090 0.0000
vn 0.5878 0.8090 0.0000
vn 0.9511 0.3090 0.0000
vn 0.9511 0.3090 0.0000
vn 0.9511 0.3090 0.0000
vn 0.9511 0.3090 0.0000
vn 0.9511 -0.3090 0.0000
vn 0.9511 -0.3090 0.0000
vn 0.9511 -0.3090 0.0000
vn 0.9511 -0.3090 0.0000
vn 0.5878 -0.8090 0.0000
vn 0.5878 -0.8090 0.0000
vn 0.5878 -0.8090 0.0000
vn 0.5878 -0.8090 0.0000
vn 0.0000 -1.0000 0.0000
vn 0.0000 -1.0000 0.0000
vn 0.0000 -1.0000 0.0000
vn 0.0000 -1.0000 0.0000
vn -0.5878 -0.8090 -0.0000
vn -0.5878 -0.8090 -0.0000
vn -0.5878 -0.8090 -0.0000
vn -0.5878 -0.8090 -0.0000
vn -0.9511 -0.3090 -0.0000
vn -0.9511 -0.3090 -0.0000
vn -0.9511 -0.3090 -0.0000
vn -0.9511 -0.3090 -0.0000
vn -0.9511 0.3090 0.0000
vn -0.9511 0.3090 0.0000
vn -0.9511 0.3090 0.0000
vn -0.9511 0.3090 0.0000
vn -0.5878 0.8090 0.0000
vn -0.5878 0.8090 0.0000
vn -0.5878 0.8090 0.0000
vn -0.5878 0.8090 0.0000
vn 0.0000 1.0000 0.0000
vn 0.0000 1.0000 0.0000
vn -0.0000 -0.0000 1.0000
vn 0.0000 0.0000 -1.0000
vn 0.0000 1.0000 0.0000
vn 0.0000 1.0000 0.0000
vn 0.5878 0.8090 0.0000
vn 0.5878 0.8090 0.0000
vn 0.5878 0.8090 0.0000
vn 0.5878 0.8090 0.0000
vn 0.9511 0.3090 0.0000
vn 0.9511 0.3090 0.0000
vn 0.9511 0.3090 0.0000
vn 0.9511 0.3090 0.0000
vn 0.9511 -0.3090 0.0000
vn 0.9511 -0.3090 0.0000
vn 0.9511 -0.3090 0.0000
vn 0.9511 -0.3090 0.0000
vn 0.5878 -0.8090 0.0000
vn 0.5878 -0.8090 0.0000
vn 0.5878 -0.8090 0.0000
vn 0.5878 -0.8090 0.0000
vn 0.0000 -1.0000 0.0000
vn 0.0000 -1.0000 0.0000
vn 0.0000 -1.0000 0.0000
vn 0.0000 -1.0000 0.0000
vn -0.5878 -0.8090 -0.0000
vn -0.5878 -0.8090 -0.0000
vn -0.5878 -0.8090 -0.0000
vn -0.5878 -0.8090 -0.0000
vn -0.9511 -0.3090 -0.0000
vn -0.9511 -0.3090 -0.0000
vn -0.9511 -0.3090 -0.0000
vn -0.9511 -0.3090 -0.0000
vn -0.9511 0.3090 0.0000
vn -0.9511 0.3090 0.0000
vn -0.9511 0.3090 0.0000
vn -0.9511 0.3090 0.0000
vn -0.5878 0.8090 0.0000
vn -0.5878 0.8090 0.0000
vn -0.5878 0.8090 0.0000
vn -0.5878 0.8090 0.0000
vn 0.0000 1.0000 0.0000
vn 0.0000 1.0000 0.0000
vn -0.0000 -0.0000 1.0000
vn 0.0000 0.0000 -1.0000
vn 0.0000 1.0000 0.0000
vn 0.0000 1.0000 0.0000
vn 0.5878 0.8090 0.0000
vn 0.5878 0.8090 0.0000
vn 0.5878 0.8090 0.0000
vn 0.5878 0.8090 0.0000
vn 0.9511 0.3090 0.0000
vn 0.9511 0.3090 0.0000
vn 0.9511 0.3090 0.0000
vn 0.9511 0.3090 0.0000
vn 0.9511 -0.3090 0.0000
vn 0.9511 -0.3090 0.0000
vn 0.9511 -0.3090 0.0000
vn 0.9511 -0.3090 0.0000
vn 0.5878 -0.8090 0.0000
vn 0.5878 -0.8090 0.0000
vn 0.5878 -0.8090 0.0000
vn 0.5878 -0.8090 0.0000
vn 0.0000 -1.0000 0.0000
vn 0.0000 -1.0000 0.0000
vn 0.0000 -1.0000 0.0000
vn 0.0000 -1.0000 0.0000
vn -0.5878 -0.8090 -0.0000
vn -0.5878 -0.8090 -0.0000
vn -0.5878 -0.8090 -0.0000
vn -0.5878 -0.8090 -0.0000
vn -0.9511 -0.3090 -0.0000
vn -0.9511 -0.3090 -0.0000
vn -0.9511 -0.3090 -0.0000
vn -0.9511 -0.3090 -0.0000
vn -0.9511 0.3090 0.0000
vn -0.9511 0.3090 0.0000
vn -0.9511 0.3090 0.0000
vn -0.9511 0.3090 0.0000
vn -0.5878 0.8090 0.0000
vn -0.5878 0.8090 0.0000
vn -0.5878 0.8090 0.0000
vn -0.5878 0.8090 0.0000
vn 0.0000 1.0000 0.0000
vn 0.0000 1.0000 0.0000
vn -0.0000 -0.0000 1.0000
vn 0.0000 0.0000 -1.0000
vn 0.0000 1.0000 0.0000
vn 0.0000 1.0000 0.0000
vn 0.5878 0.8090 0.0000
vn 0.5878 0.8090 0.0000
vn 0.5878 0.8090 0.0000
vn 0.5878 0.8090 0.0000
vn 0.9511 0.3090 0.0000
vn 0.9511 0.3090 0.0000
vn 0.9511 0.3090 0.0000
vn 0.9511 0.3090 0.0000
vn 0.9511 -0.3090 0.0000
vn 0.9511 -0.3090 0.0000
vn 0.9511 -0.3090 0.0000
vn 0.9511 -0.3090 0.0000
vn 0.5878 -0.8090 0.0000
vn 0.5878 -0.8090 0.0000
vn 0.5878 -0.8090 0.0000
vn 0.5878 -0.8090 0.0000
vn 0.0000 -1.0000 0.0000
vn 0.0000 -1.0000 0.0000
vn 0.0000 -1.0000 0.0000
vn 0.0000 -1.0000 0.0000
vn -0.5878 -0.8090 -0.0000
vn -0.5878 -0.8090 -0.0000
vn -0.5878 -0.8090 -0.0000
vn -0.5878 -0.8090 -0.0000
vn -0.9511 -0.3090 -0.0000
vn -0.9511 -0.3090 -0.0000
vn -0.9511 -0.3090 -0.0000
vn -0.9511 -0.3090 -0.0000
vn -0.9511 0.3090 0.0000
vn -0.9511 0.3090 0.0000
vn -0.9511 0.3090 0.0000
vn -0.9511 0.3090 0.0000
vn -0.5878 0.8090 0.0000
vn -0.5878 0.8090 0.0000
vn -0.5878 0.8090 0.0000
vn -0.5878 0.8090 0.0000
vn 0.0000 1.0000 0.0000
vn 0.0000 1.0000 0.0000
vn -0.0000 -0.0000 1.0000
vn 0.0000 0.0000 -1.0000
vn 0.0000 1.0000 0.0000
vn 0.0000 1.0000 0.0000
vn 0.5878 0.8090 0.0000
vn 0.5878 0.8090 0.0000
vn 0.5878 0.8090 0.0000
vn 0.5878 0.8090 0.0000
vn 0.9511 0.3090 0.0000
vn 0.9511 0.3090 0.0000
vn 0.9511 0.3090 0.0000
vn 0.9511 0.3090 0.0000
vn 0.9511 -0.3090 0.0000
vn 0.9511 -0.3090 0.0000
vn 0.9511 -0.3090 0.0000
vn 0.9511 -0.3090 0.0000
vn 0.5878 -0.8090 0.0000
vn 0.5878 -0.8090 0.0000
vn 0.5878 -0.8090 0.0000
vn 0.5878 -0.8090 0.0000
vn 0.0000 -1.0000 0.0000
vn 0.0000 -1.0000 0.0000
vn 0.0000 -1.0000 0.0000
vn 0.0000 -1.0000 0.0000
vn -0.5878 -0.8090 -0.0000
vn -0.5878 -0.8090 -0.0000
vn -0.5878 -0.8090 -0.0000
vn -0.5878 -0.8090 -0.0000
vn -0.9511 -0.3090 -0.0000
vn -0.9511 -0.3090 -0.0000
vn -0.9511 -0.3090 -0.0000
vn -0.9511 -0.3090 -0.0000
vn -0.9511 0.3090 0.0000
vn -0.9511 0.3090 0.0000
vn -0.9511 0.3090 0.0000
vn -0.9511 0.3090 0.0000
vn -0.5878 0.8090 0.0000
vn -0.5878 0.8090 0.0000
vn -0.5878 0.8090 0.0000
vn -0.5878 0.8090 0.0000
vn 0.0000 1.0000 0.0000
vn 0.0000 1.0000 0.0000
vn -0.0000 -0.0000 1.0000
vn 0.0000 0.0000 -1.0000
vn 0.0000 1.0000 0.0000
vn 0.0000 1.0000 0.0000
vn 0.5878 0.8090 0.0000
vn 0.5878 0.8090 0.0000
vn 0.5878 0.8090 0.0000
vn 0.5878 0.8090 0.0000
vn 0.9511 0.3090 0.0000
vn 0.9511 0.3090 0.0000
vn 0.9511 0.3090 0.0000
vn 0.9511 0.3090 0.0000
vn 0.9511 -0.3090 0.0000
vn 0.9511 -0.3090 0.0000
vn 0.9511 -0.3090 0.0000
vn 0.9511 -0.3090 0.0000
vn 0.5878 -0.8090 0.0000
vn 0.5878 -0.8090 0.0000
vn 0.5878 -0.8090 0.0000
vn 0.5878 -0.8090 0.0000
vn 0.0000 -1.0000 0.0000
vn 0.0000 -1.0000 0.0000
vn 0.0000 -1.0000 0.0000
vn 0.0000 -1.0000 0.0000
vn -0.5878 -0.8090 -0.0000
vn -0.5878 -0.8090 -0.0000
vn -0.5878 -0.8090 -0.0000
vn -0.5878 -0.8090 -0.0000
vn -0.9511 -0.3090 -0.0000
vn -0.9511 -0.3090 -0.0000
vn -0.9511 -0.3090 -0.0000
vn -0.9511 -0.3090 -0.0000
vn -0.9511 0.3090 0.0000
vn -0.9511 0.3090 0.0000
vn -0.9511 0.3090 0.0000
vn -0.9511 0.3090 0.0000
vn -0.5878 0.8090 0.0000
vn -0.5878 0.8090 0.0000
vn -0.5878 0.8090 0.0000
vn -0.5878 0.8090 0.0000
vn 0.0000 1.0000 0.0000
vn 0.0000 1.0000 0.0000
vn -0.0000 -0.0000 1.0000
vn 0.0000 0.0000 -1.0000
vn 0.0000 1.0000 0.0000
vn 0.0000 1.0000 0.0000
vn 0.5878 0.8090 0.0000
vn 0.5878 0.8090 0.0000
vn 0.5878 0.8090 0.0000
vn 0.5878 0.8090 0.0000
vn 0.9511 0.3090 0.0000
vn 0.9511 0.3090 0.0000
vn 0.9511 0.3090 0.0000
vn 0.9511 0.3090 0.0000
vn 0.9511 -0.3090 0.0000
vn 0.9511 -0.3090 0.0000
vn 0.9511 -0.3090 0.0000
vn 0.9511 -0.3090 0.0000
vn 0.5878 -0.8090 0.0000
vn 0.5878 -0.8090 0.0000
vn 0.5878 -0.8090 0.0000
vn 0.5878 -0.8090 0.0000
vn 0.0000 -1.0000 0.0000
vn 0.0000 -1.0000 0.0000
vn 0.0000 -1.0000 0.0000
vn 0.0000 -1.0000 0.0000
vn -0.5878 -0.8090 -0.0000
vn -0.5878 -0.8090 -0.0000
vn -0.5878 -0.8090 -0.0000
vn -0.5878 -0.8090 -0.0000
vn -0.9511 -0.3090 -0.0000
vn -0.9511 -0.3090 -0.0000
vn -0.9511 -0.3090 -0.0000
vn -0.9511 -0.3090 -0.0000
vn -0.9511 0.3090 0.0000
vn -0.9511 0.3090 0.0000
vn -0.9511 0.3090 0.0000
vn -0.9511 0.3090 0.0000
vn -0.5878 0.8090 0.0000
vn -0.5878 0.8090 0.0000
vn -0.5878 0.8090 0.0000
vn -0.5878 0.8090 0.0000
vn 0.0000 1.0000 0.0000
vn 0.0000 1.0000 0.0000
vn -0.0000 -0.0000 1.0000
vn 0.0000 0.0000 -1.0000
vn 0.0000 1.0000 0.0000
vn 0.0000 1.0000 0.0000
vn 0.5878 0.8090 0.0000
vn 0.5878 0.8090 0.0000
vn 0.5878 0.8090 0.0000
vn 0.5878 0.8090 0.0000
vn 0.9511 0.3090 0.0000
vn 0.9511 0.3090 0.0000
vn 0.9511 0.3090 0.0000
vn 0.9511 0.3090 0.0000
vn 0.9511 -0.3090 0.0000
vn 0.9511 -0.3090 0.0000
vn 0.9511 -0.3090 0.0000
vn 0.9511 -0.3090 0.0000
vn 0.5878 -0.8090 0.0000
vn 0.5878 -0.8090 0.0000
vn 0.5878 -0.8090 0.0000
vn 0.5878 -0.8090 0.0000
vn 0.0000 -1.0000 0.0000
vn 0.0000 -1.0000 0.0000
vn 0.0000 -1.0000 0.0000
vn 0.0000 -1.0000 0.0000
vn -0.5878 -0.8090 -0.0000
vn -0.5878 -0.8090 -0.0000
vn -0.5878 -0.8090 -0.0000
vn -0.5878 -0.8090 -0.0000
vn -0.9511 -0.3090 -0.0000
vn -0.9511 -0.3090 -0.0000
vn -0.9511 -0.3090 -0.0000
vn -0.9511 -0.3090 -0.0000
vn -0.9511 0.3090 0.0000
vn -0.9511 0.3090 0.0000
vn -0.9511 0.3090 0.0000
vn -0.9511 0.3090 0.0000
vn -0.5878 0.8090 0.0000
vn -0.5878 0.8090 0.0000
vn -0.5878 0.8090 0.0000
vn -0.5878 0.8090 0.0000
vn 0.0000 1.0000 0.0000
vn 0.0000 1.0000 0.0000
vn -0.0000 -0.0000 1.0000
vn 0.0000 0.0000 -1.0000
vn 0.0000 1.0000 0.0000
vn 0.0000 1.0000 0.0000
vn 0.5878 0.8090 0.0000
vn 0.5878 0.8090 0.0000
vn 0.5878 0.8090 0.0000
vn 0.5878 0.8090 0.0000
vn 0.9511 0.3090 0.0000
vn 0.9511 0.3090 0.0000
vn 0.9511 0.3090 0.0000
vn 0.9511 0.3090 0.0000
vn 0.9511 -0.3090 0.0000
vn 0.9511 -0.3090 0.0000
vn 0.9511 -0.3090 0.0000
vn 0.9511 -0.3090 0.0000
vn 0.5878 -0.8090 0.0000
vn 0.5878 -0.8090 0.0000
vn 0.5878 -0.8090 0.0000
vn 0.5878 -0.8090 0.0000
vn 0.0000 -1.0000 0.0000
vn 0.0000 -1.0000 0.0000
vn 0.0000 -1.0000 0.0000
vn 0.0000 -1.0000 0.0000
vn -0.5878 -0.8090 -0.0000
vn -0.5878 -0.8090 -0.0000
vn -0.5878 -0.8090 -0.0000
vn -0.5878 -0.8090 -0.0000
vn -0.9511 -0.3090 -0.0000
vn -0.9511 -0.3090 -0.0000
vn -0.9511 -0.3090 -0.0000
vn -0.9511 -0.3090 -0.0000
vn -0.9511 0.3090 0.0000
vn -0.9511 0.3090 0.0000
vn -0.9511 0.3090 0.0000
vn -0.9511 0.3090 0.0000
vn -0.5878 0.8090 0.0000
vn -0.5878 0.8090 0.0000
vn -0.5878 0.8090 0.0000
vn -0.5878 0.8090 0.0000
vn 0.0000 1.0000 0.0000
vn 0.0000 1.0000 0.0000
vn -0.0000 -0.0000 1.0000
vn 0.0000 0.0000 -1.0000
vn 0.0000 1.0000 0.0000
vn 0.0000 1.0000 0.0000
vn 0.5878 0.8090 0.0000
vn 0.5878 0.8090 0.0000
vn 0.5878 0.8090 0.0000
vn 0.5878 0.8090 0.0000
vn 0.9511 0.3090 0.0000
vn 0.9511 0.3090 0.0000
vn 0.9511 0.3090 0.0000
vn 0.9511 0.3090 0.0000
vn 0.9511 -0.3090 0.0000
vn 0.9511 -0.3090 0.0000
vn 0.9511 -0.3090 0.0000
vn 0.9511 -0.3090 0.0000
vn 0.5878 -0.8090 0.0000
vn 0.5878 -0.8090 0.0000
vn 0.5878 -0.8090 0.0000
vn 0.5878 -0.8090 0.0000
vn 0.0000 -1.0000 0.0000
vn 0.0000 -1.0000 0.0000
vn 0.0000 -1.0000 0.0000
vn 0.0000 -1.0000 0.0000
vn -0.5878 -0.8090 -0.0000
vn -0.5878 -0.8090 -0.0000
vn -0.5878 -0.8090 -0.0000
vn -0.5878 -0.8090 -0.0000
vn -0.9511 -0.3090 -0.0000
vn -0.9511 -0.3090 -0.0000
vn -0.9511 -0.3090 -0.0000
vn -0.9511 -0.3090 -0.0000
vn -0.9511 0.3090 0.0000
vn -0.9511 0.3090 0.0000
vn -0.9511 0.3090 0.0000
vn -0.9511 0.3090 0.0000
vn -0.5878 0.8090 0.0000
vn -0.5878 0.8090 0.0000
vn -0.5878 0.8090 0.0000
vn -0.5878 0.8090 0.0000
vn 0.0000 1.0000 0.0000
vn 0.0000 1.0000 0.0000
vn -0.0000 -0.0000 1.0000
vn 0.0000 0.0000 -1.0000
vn 0.0000 1.0000 0.0000
vn 0.0000 1.0000 0.0000
vn 0.5878 0.8090 0.0000
vn 0.5878 0.8090 0.0000
vn 0.5878 0.8090 0.0000
vn 0.5878 0.8090 0.0000
vn 0.9511 0.3090 0.0000
vn 0.9511 0.3090 0.0000
vn 0.9511 0.3090 0.0000
vn 0.9511 0.3090 0.0000
vn 0.9511 -0.3090 0.0000
vn 0.9511 -0.3090 0.0000
vn 0.9511 -0.3090 0.0000
vn 0.9511 -0.3090 0.0000
vn 0.5878 -0.8090 0.0000
vn 0.5878 -0.8090 0.0000
vn 0.5878 -0.8090 0.0000
vn 0.5878 -0.8090 0.0000
vn 0.0000 -1.0000 0.0000
vn 0.0000 -1.0000 0.0000
vn 0.0000 -1.0000 0.0000
vn 0.0000 -1.0000 0.0000
vn -0.5878 -0.8090 -0.0000
vn -0.5878 -0.8090 -0.0000
vn -0.5878 -0.8090 -0.0000
vn -0.5878 -0.8090 -0.0000
vn -0.9511 -0.3090 -0.0000
vn -0.9511 -0.3090 -0.0000
vn -0.9511 -0.3090 -0.0000
vn -0.9511 -0.3090 -0.0000
vn -0.9511 0.3090 0.0000
vn -0.9511 0.3090 0.0000
vn -0.9511 0.3090 0.0000
vn -0.9511 0.3090 0.0000
vn -0.5878 0.8090 0.0000
vn -0.5878 0.8090 0.0000
vn -0.5878 0.8090 0.0000
vn -0.5878 0.8090 0.0000
vn 0.0000 1.0000 0.0000
vn 0.0000 1.0000 0.0000
vn -0.0000 -0.0000 1.0000
vn 0.0000 0.0000 -1.0000
vn 0.0000 1.0000 0.0000
vn 0.0000 1.0000 0.0000
vn 0.5878 0.8090 0.0000
vn 0.5878 0.8090 0.0000
vn 0.5878 0.8090 0.0000
vn 0.5878 0.8090 0.0000
vn 0.9511 0.3090 0.0000
vn 0.9511 0.3090 0.0000
vn 0.9511 0.3090 0.0000
vn 0.9511 0.3090 0.0000
vn 0.9511 -0.3090 0.0000
vn 0.9511 -0.3090 0.0000
vn 0.9511 -0.3090 0.0000
vn 0.9511 -0.3090 0.0000
vn 0.5878 -0.8090 0.0000
vn 0.5878 -0.8090 0.0000
vn 0.5878 -0.8090 0.0000
vn 0.5878 -0.8090 0.0000
vn 0.0000 -1.0000 0.0000
vn 0.0000 -1.0000 0.0000
vn 0.0000 -1.0000 0.0000
vn 0.0000 -1.0000 0.0000
vn -0.5878 -0.8090 -0.0000
vn -0.5878 -0.8090 -0.0000
vn -0.5878 -0.8090 -0.0000
vn -0.5878 -0.8090 -0.0000
vn -0.9511 -0.3090 -0.0000
vn -0.9511 -0.3090 -0.0000
vn -0.9511 -0.3090 -0.0000
vn -0.9511 -0.3090 -0.0000
vn -0.9511 0.3090 0.0000
vn -0.9511 0.3090 0.0000
vn -0.9511 0.3090 0.0000
vn -0.9511 0.3090 0.0000
vn -0.5878 0.8090 0.0000
vn -0.5878 0.8090 0.0000
vn -0.5878 0.8090 0.0000
vn -0.5878 0.8090 0.0000
vn 0.0000 1.0000 0.0000
vn 0.0000 1.0000 0.0000
vn -0.0000 -0.0000 1.0000
vn 0.0000 0.0000 -1.0000
vn 0.0000 1.0000 0.0000
vn 0.0000 1.0000 0.0000
vn 0.5878 0.8090 0.0000
vn 0.5878 0.8090 0.0000
vn 0.5878 0.8090 0.0000
vn 0.5878 0.8090 0.0000
vn 0.9511 0.3090 0.0000
vn 0.9511 0.3090 0.0000
vn 0.9511 0.3090 0.0000
vn 0.9511 0.3090 0.0000
vn 0.9511 -0.3090 0.0000
vn 0.9511 -0.3090 0.0000
vn 0.9511 -0.3090 0.0000
vn 0.9511 -0.3090 0.0000
vn 0.5878 -0.8090 0.0000
vn 0.5878 -0.8090 0.0000
vn 0.5878 -0.8090 0.0000
vn 0.5878 -0.8090 0.0000
vn 0.0000 -1.0000 0.0000
vn 0.0000 -1.0000 0.0000
vn 0.0000 -1.0000 0.0000
vn 0.0000 -1.0000 0.0000
vn -0.5878 -0.8090 -0.0000
vn -0.5878 -0.8090 -0.0000
vn -0.5878 -0.8090 -0.0000
vn -0.5878 -0.8090 -0.0000
vn -0.9511 -0.3090 -0.0000
vn -0.9511 -0.3090 -0.0000
vn -0.9511 -0.3090 -0.0000
vn -0.9511 -0.3090 -0.0000
vn -0.9511 0.3090 0.0000
vn -0.9511 0.3090 0.0000
vn -0.9511 0.3090 0.0000
vn -0.9511 0.3090 0.0000
vn -0.5878 0.8090 0.0000
vn -0.5878 0.8090 0.0000
vn -0.5878 0.8090 0.0000
vn -0.5878 0.8090 0.0000
vn 0.0000 1.0000 0.0000
vn 0.0000 1.0000 0.0000
vn -0.0000 -0.0000 1.0000
vn 0.0000 0.0000 -1.0000
vn 0.0000 1.0000 0.0000
vn 0.0000 1.0000 0.0000
vn 0.5878 0.8090 0.0000
vn 0.5878 0.8090 0.0000
vn 0.5878 0.8090 0.0000
vn 0.5878 0.8090 0.0000
vn 0.9511 0.3090 0.0000
vn 0.9511 0.3090 0.0000
vn 0.9511 0.3090 0.0000
vn 0.9511 0.3090 0.0000
vn 0.9511 -0.3090 0.0000
vn 0.9511 -0.3090 0.0000
vn 0.9511 -0.3090 0.0000
vn 0.9511 -0.3090 0.0000
vn 0.5878 -0.8090 0.0000
vn 0.5878 -0.8090 0.0000
vn 0.5878 -0.8090 0.0000
vn 0.5878 -0.8090 0.0000
vn 0.0000 -1.0000 0.0000
vn 0.0000 -1.0000 0.0000
vn 0.0000 -1.0000 0.0000
vn 0.0000 -1.0000 0.0000
vn -0.5878 -0.8090 -0.0000
vn -0.5878 -0.8090 -0.0000
vn -0.5878 -0.8090 -0.0000
vn -0.5878 -0.8090 -0.0000
vn -0.9511 -0.3090 -0.0000
vn -0.9511 -0.3090 -0.0000
vn -0.9511 -0.3090 -0.0000
vn -0.9511 -0.3090 -0.0000
vn -0.9511 0.3090 0.0000
vn -0.9511 0.3090 0.0000
vn -0.9511 0.3090 0.0000
vn -0.9511 0.3090 0.0000
vn -0.5878 0.8090 0.0000
vn -0.5878 0.8090 0.0000
vn -0.5878 0.8090 0.0000
vn -0.5878 0.8090 0.0000
vn 0.0000 1.0000 0.0000
vn 0.0000 1.0000 0.0000
vn -0.0000 -0.0000 1.0000
vn 0.0000 0.0000 -1.0000
vn 0.0000 1.0000 0.0000
vn 0.0000 1.0000 0.0000
vn 0.5878 0.8090 0.0000
vn 0.5878 0.8090 0.0000
vn 0.5878 0.8090 0.0000
vn 0.5878 0.8090 0.0000
vn 0.9511 0.3090 0.0000
vn 0.9511 0.3090 0.0000
vn 0.9511 0.3090 0.0000
vn 0.9511 0.3090 0.0000
vn 0.9511 -0.3090 0.0000
vn 0.9511 -0.3090 0.0000
vn 0.9511 -0.3090 0.0000
vn 0.9511 -0.3090 0.0000
vn 0.5878 -0.8090 0.0000
vn 0.5878 -0.8090 0.0000
vn 0.5878 -0.8090 0.0000
vn 0.5878 -0.8090 0.0000
vn 0.0000 -1.0000 0.0000
vn 0.0000 -1.0000 0.0000
vn 0.0000 -1.0000 0.0000
vn 0.0000 -1.0000 0.0000
vn -0.5878 -0.8090 -0.0000
vn -0.5878 -0.8090 -0.0000
vn -0.5878 -0.8090 -0.0000
vn -0.5878 -0.8090 -0.0000
vn -0.9511 -0.3090 -0.0000
vn -0.9511 -0.3090 -0.0000
vn -0.9511 -0.3090 -0.0000
vn -0.9511 -0.3090 -0.0000
vn -0.9511 0.3090 0.0000
vn -0.9511 0.3090 0.0000
vn -0.9511 0.3090 0.0000
vn -0.9511 0.3090 0.0000
vn -0.5878 0.8090 0.0000
vn -0.5878 0.8090 0.0000
vn -0.5878 0.8090 0.0000
vn -0.5878 0.8090 0.0000
vn 0.0000 1.0000 0.0000
vn 0.0000 1.0000 0.0000
vn -0.0000 -0.0000 1.0000
vn 0.0000 0.0000 -1.0000
vn 0.0000 1.0000 0.0000
vn 0.0000 1.0000 0.0000
vn 0.5878 0.8090 0.0000
vn 0.5878 0.8090 0.0000
vn 0.5878 0.8090 0.0000
vn 0.5878 0.8090 0.0000
vn 0.9511 0.3090 0.0000
vn 0.9511 0.3090 0.0000
vn 0.9511 0.3090 0.0000
vn 0.9511 0.3090 0.0000
vn 0.9511 -0.3090 0.0000
vn 0.9511 -0.3090 0.0000
vn 0.9511 -0.3090 0.0000
vn 0.9511 -0.3090 0.0000
vn 0.5878 -0.8090 0.0000
vn 0.5878 -0.8090 0.0000
vn 0.5878 -0.8090 0.0000
vn 0.5878 -0.8090 0.0000
vn 0.0000 -1.0000 0.0000
vn 0.0000 -1.0000 0.0000
vn 0.0000 -1.0000 0.0000
vn 0.0000 -1.0000 0.0000
vn -0.5878 -0.8090 -0.0000
vn -0.5878 -0.8090 -0.0000
vn -0.5878 -0.8090 -0.0000
vn -0.5878 -0.8090 -0.0000
vn -0.9511 -0.3090 -0.0000
vn -0.9511 -0.3090 -0.0000
vn -0.9511 -0.3090 -0.0000
vn -0.9511 -0.3090 -0.0000
vn -0.9511 0.3090 0.0000
vn -0.9511 0.3090 0.0000
vn -0.9511 0.3090 0.0000
vn -0.9511 0.3090 0.0000
vn -0.5878 0.8090 0.0000
vn -0.5878 0.8090 0.0000
vn -0.5878 0.8090 0.0000
vn -0.5878 0.8090 0.0000
vn 0.0000 1.0000 0.0000
vn 0.0000 1.0000 0.0000
vn -0.0000 -0.0000 1.0000
vn 0.0000 0.0000 -1.0000
vn 0.0000 1.0000 0.0000
vn 0.0000 1.0000 0.0000
vn 0.5878 0.8090 0.0000
vn 0.5878 0.8090 0.0000
vn 0.5878 0.8090 0.0000
vn 0.5878 0.8090 0.0000
vn 0.9511 0.3090 0.0000
vn 0.9511 0.3090 0.0000
vn 0.9511 0.3090 0.0000
vn 0.9511 0.3090 0.0000
vn 0.9511 -0.3090 0.0000
vn 0.9511 -0.3090 0.0000
vn 0.9511 -0.3090 0.0000
vn 0.9511 -0.3090 0.0000
vn 0.5878 -0.8090 0.0000
vn 0.5878 -0.8090 0.0000
vn 0.5878 -0.8090 0.0000
vn 0.5878 -0.8090 0.0000
vn 0.0000 -1.0000 0.0000
vn 0.0000 -1.0000 0.0000
vn 0.0000 -1.0000 0.0000
vn 0.0000 -1.0000 0.0000
vn -0.5878 -0.8090 -0.0000
vn -0.5878 -0.8090 -0.0000
vn -0.5878 -0.8090 -0.0000
vn -0.5878 -0.8090 -0.0000
vn -0.9511 -0.3090 -0.0000
vn -0.9511 -0.3090 -0.0000
vn -0.9511 -0.3090 -0.0000
vn -0.9511 -0.3090 -0.0000
vn -0.9511 0.3090 0.0000
vn -0.9511 0.3090 0.0000
vn -0.9511 0.3090 0.0000
vn -0.9511 0.3090 0.0000
vn -0.5878 0.8090 0.0000
vn -0.5878 0.8090 0.0000
vn -0.5878 0.8090 0.0000
vn -0.5878 0.8090 0.0000
vn 0.0000 1.0000 0.0000
vn 0.0000 1.0000 0.0000
vn -0.0000 -0.0000 1.0000
vn 0.0000 0.0000 -1.0000
vn 0.0000 1.0000 0.0000
vn 0.0000 1.0000 0.0000
vn 0.5878 0.8090 0.0000
vn 0.5878 0.8090 0.0000
vn 0.5878 0.8090 0.0000
vn 0.5878 0.8090 0.0000
vn 0.9511 0.3090 0.0000
vn 0.9511 0.3090 0.0000
vn 0.9511 0.3090 0.0000
vn 0.9511 0.3090 0.0000
vn 0.9511 -0.3090 0.0000
vn 0.9511 -0.3090 0.0000
vn 0.9511 -0.3090 0.0000
vn 0.9511 -0.3090 0.0000
vn 0.5878 -0.8090 0.0000
vn 0.5878 -0.8090 0.0000
vn 0.5878 -0.8090 0.0000
vn 0.5878 -0.8090 0.0000
vn 0.0000 -1.0000 0.0000
vn 0.0000 -1.0000 0.0000
vn 0.0000 -1.0000 0.0000
vn 0.0000 -1.0000 0.0000
vn -0.5878 -0.8090 -0.0000
vn -0.5878 -0.8090 -0.0000
vn -0.5878 -0.8090 -0.0000
vn -0.5878 -0.8090 -0.0000
vn -0.9511 -0.3090 -0.0000
vn -0.9511 -0.3090 -0.0000
vn -0.9511 -0.3090 -0.0000
vn -0.9511 -0.3090 -0.0000
vn -0.9511 0.3090 0.0000
vn -0.9511 0.3090 0.0000
vn -0.9511 0.3090 0.0000
vn -0.9511 0.3090 0.0000
vn -0.5878 0.8090 0.0000
vn -0.5878 0.8090 0.0000
vn -0.5878 0.8090 0.0000
vn -0.5878 0.8090 0.0000
vn 0.0000 1.0000 0.0000
vn 0.0000 1.0000 0.0000
vn -0.0000 -0.0000 1.0000
vn 0.0000 0.0000 -1.0000
vn 0.0000 1.0000 0.0000
vn 0.0000 1.0000 0.0000
vn 0.5878 0.8090 0.0000
vn 0.5878 0.8090 0.0000
vn 0.5878 0.8090 0.0000
vn 0.5878 0.8090 0.0000
vn 0.9511 0.3090 0.0000
vn 0.9511 0.3090 0.0000
vn 0.9511 0.3090 0.0000
vn 0.9511 0.3090 0.0000
vn 0.9511 -0.3090 0.0000
vn 0.9511 -0.3090 0.0000
vn 0.9511 -0.3090 0.0000
vn 0.9511 -0.3090 0.0000
vn 0.5878 -0.8090 0.0000
vn 0.5878 -0.8090 0.0000
vn 0.5878 -0.8090 0.0000
vn 0.5878 -0.8090 0.0000
vn 0.0000 -1.0000 0.0000
vn 0.0000 -1.0000 0.0000
vn 0.0000 -1.0000 0.0000
vn 0.0000 -1.0000 0.0000
vn -0.5878 -0.8090 -0.0000
vn -0.5878 -0.8090 -0.0000
vn -0.5878 -0.8090 -0.0000
vn -0.5878 -0.8090 -0.0000
vn -0.9511 -0.3090 -0.0000
vn -0.9511 -0.3090 -0.0000
vn -0.9511 -0.3090 -0.0000
vn -0.9511 -0.3090 -0.0000
vn -0.9511 0.3090 0.0000
vn -0.9511 0.3090 0.0000
vn -0.9511 0.3090 0.0000
vn -0.9511 0.3090 0.0000
vn -0.5878 0.8090 0.0000
vn -0.5878 0.8090 0.0000
vn -0.5878 0.8090 0.0000
vn -0.5878 0.8090 0.0000
vn 0.0000 1.0000 0.0000
vn 0.0000 1.0000 0.0000
vn -0.0000 -0.0000 1.0000
vn 0.0000 0.0000 -1.0000
vn 0.0000 1.0000 0.0000
vn 0.0000 1.0000 0.0000
vn 0.5878 0.8090 0.0000
vn 0.5878 0.8090 0.0000
vn 0.5878 0.8090 0.0000
vn 0.5878 0.8090 0.0000
vn 0.9511 0.3090 0.0000
vn 0.9511 0.3090 0.0000
vn 0.9511 0.3090 0.0000
vn 0.9511 0.3090 0.0000
vn 0.9511 -0.3090 0.0000
vn 0.9511 -0.3090 0.0000
vn 0.9511 -0.3090 0.0000
vn 0.9511 -0.3090 0.0000
vn 0.5878 -0.8090 0.0000
vn 0.5878 -0.8090 0.0000
vn 0.5878 -0.8090 0.0000
vn 0.5878 -0.8090 0.0000
vn 0.0000 -1.0000 0.0000
vn 0.0000 -1.0000 0.0000
vn 0.0000 -1.0000 0.0000
vn 0.0000 -1.0000 0.0000
vn -0.5878 -0.8090 -0.0000
vn -0.5878 -0.8090 -0.0000
vn -0.5878 -0.8090 -0.0000
vn -0.5878 -0.8090 -0.0000
vn -0.9511 -0.3090 -0.0000
vn -0.9511 -0.3090 -0.0000
vn -0.9511 -0.3090 -0.0000
vn -0.9511 -0.3090 -0.0000
vn -0.9511 0.3090 0.0000
vn -0.9511 0.3090 0.0000
vn -0.9511 0.3090 0.0000
vn -0.9511 0.3090 0.0000
vn -0.5878 0.8090 0.0000
vn -0.5878 0.8090 0.0000
vn -0.5878 0.8090 0.0000
vn -0.5878 0.8090 0.0000
vn 0.0000 1.0000 0.0000
vn 0.0000 1.0000 0.0000
vn -0.0000 -0.0000 1.0000
vn 0.0000 0.0000 -1.0000
vn 0.0000 1.0000 0.0000
vn 0.0000 1.0000 0.0000
vn 0.5878 0.8090 0.0000
vn 0.5878 0.8090 0.0000
vn 0.5878 0.8090 0.0000
vn 0.5878 0.8090 0.0000
vn 0.9511 0.3090 0.0000
vn 0.9511 0.3090 0.0000
vn 0.9511 0.3090 0.0000
vn 0.9511 0.3090 0.0000
vn 0.9511 -0.3090 0.0000
vn 0.9511 -0.3090 0.0000
vn 0.9511 -0.3090 0.0000
vn 0.9511 -0.3090 0.0000
vn 0.5878 -0.8090 0.0000
vn 0.5878 -0.8090 0.0000
vn 0.5878 -0.8090 0.0000
vn 0.5878 -0.8090 0.0000
vn 0.0000 -1.0000 0.0000
vn 0.0000 -1.0000 0.0000
vn 0.0000 -1.0000 0.0000
vn 0.0000 -1.0000 0.0000
vn -0.5878 -0.8090 -0.0000
vn -0.5878 -0.8090 -0.0000
vn -0.5878 -0.8090 -0.0000
vn -0.5878 -0.8090 -0.0000
vn -0.9511 -0.3090 -0.0000
vn -0.9511 -0.3090 -0.0000
vn -0.9511 -0.3090 -0.0000
vn -0.9511 -0.3090 -0.0000
vn -0.9511 0.3090 0.0000
vn -0.9511 0.3090 0.0000
vn -0.9511 0.3090 0.0000
vn -0.9511 0.3090 0.0000
vn -0.5878 0.8090 0.0000
vn -0.5878 0.8090 0.0000
vn -0.5878 0.8090 0.0000
vn -0.5878 0.8090 0.0000
vn 0.0000 1.0000 0.0000
vn 0.0000 1.0000 0.0000
vn -0.0000 -0.0000 1.0000
vn 0.0000 0.0000 -1.0000
vn 0.0000 1.0000 0.0000
vn 0.0000 1.0000 0.0000
vn 0.5878 0.8090 0.0000
vn 0.5878 0.8090 0.0000
vn 0.5878 0.8090 0.0000
vn 0.5878 0.8090 0.0000
vn 0.9511 0.3090 0.0000
vn 0.9511 0.3090 0.0000
vn 0.9511 0.3090 0.0000
vn 0.9511 0.3090 0.0000
vn 0.9511 -0.3090 0.0000
vn 0.9511 -0.3090 0.0000
vn 0.9511 -0.3090 0.0000
vn 0.9511 -0.3090 0.0000
vn 0.5878 -0.8090 0.0000
vn 0.5878 -0.8090 0.0000
vn 0.5878 -0.8090 0.0000
vn 0.5878 -0.8090 0.0000
vn 0.0000 -1.0000 0.0000
vn 0.0000 -1.0000 0.0000
vn 0.0000 -1.0000 0.0000
vn 0.0000 -1.0000 0.0000
vn -0.5878 -0.8090 -0.0000
vn -0.5878 -0.8090 -0.0000
vn -0.5878 -0.8090 -0.0000
vn -0.5878 -0.8090 -0.0000
vn -0.9511 -0.3090 -0.0000
vn -0.9511 -0.3090 -0.0000
vn -0.9511 -0.3090 -0.0000
vn -0.9511 -0.3090 -0.0000
vn -0.9511 0.3090 0.0000
vn -0.9511 0.3090 0.0000
vn -0.9511 0.3090 0.0000
vn -0.9511 0.3090 0.0000
vn -0.5878 0.8090 0.0000
vn -0.5878 0.8090 0.0000
vn -0.5878 0.8090 0.0000
vn -0.5878 0.8090 0.0000
vn 0.0000 1.0000 0.0000
vn 0.0000 1.0000 0.0000
vn -0.0000 -0.0000 1.0000
vn 0.0000 0.0000 -1.0000
vn 0.0000 1.0000 0.0000
vn 0.0000 1.0000 0.0000
vn 0.5878 0.8090 0.0000
vn 0.5878 0.8090 0.0000
vn 0.5878 0.8090 0.0000
vn 0.5878 0.8090 0.0000
vn 0.9511 0.3090 0.0000
vn 0.9511 0.3090 0.0000
vn 0.9511 0.3090 0.0000
vn 0.9511 0.3090 0.0000
vn 0.9511 -0.3090 0.0000
vn 0.9511 -0.3090 0.0000
vn 0.9511 -0.3090 0.0000
vn 0.9511 -0.3090 0.0000
vn 0.5878 -0.8090 0.0000
vn 0.5878 -0.8090 0.0000
vn 0.5878 -0.8090 0.0000
vn 0.5878 -0.8090 0.0000
vn 0.0000 -1.0000 0.0000
vn 0.0000 -1.0000 0.0000
vn 0.0000 -1.0000 0.0000
vn 0.0000 -1.0000 0.0000
vn -0.5878 -0.8090 -0.0000
vn -0.5878 -0.8090 -0.0000
vn -0.5878 -0.8090 -0.0000
vn -0.5878 -0.8090 -0.0000
vn -0.9511 -0.3090 -0.0000
vn -0.9511 -0.3090 -0.0000
vn -0.9511 -0.3090 -0.0000
vn -0.9511 -0.3090 -0.0000
vn -0.9511 0.3090 0.0000
vn -0.9511 0.3090 0.0000
vn -0.9511 0.3090 0.0000
vn -0.9511 0.3090 0.0000
vn -0.5878 0.8090 0.0000
vn -0.5878 0.8090 0.0000
vn -0.5878 0.8090 0.0000
vn -0.5878 0.8090 0.0000
vn 0.0000 1.0000 0.0000
vn 0.0000 1.0000 0.0000
vn -0.0000 -0.0000 1.0000
vn 0.0000 0.0000 -1.0000
vn 0.0000 1.0000 0.0000
vn 0.0000 1.0000 0.0000
vn 0.5878 0.8090 0.0000
vn 0.5878 0.8090 0.0000
vn 0.5878 0.8090 0.0000
vn 0.5878 0.8090 0.0000
vn 0.9511 0.3090 0.0000
vn 0.9511 0.3090 0.0000
vn 0.9511 0.3090 0.0000
vn 0.9511 0.3090 0.0000
vn 0.9511 -0.3090 0.0000
vn 0.9511 -0.3090 0.0000
vn 0.9511 -0.3090 0.0000
vn 0.9511 -0.3090 0.0000
vn 0.5878 -0.8090 0.0000
vn 0.5878 -0.8090 0.0000
vn 0.5878 -0.8090 0.0000
vn 0.5878 -0.8090 0.0000
vn 0.0000 -1.0000 0.0000
vn 0.0000 -1.0000 0.0000
vn 0.0000 -1.0000 0.0000
vn 0.0000 -1.0000 0.0000
vn -0.5878 -0.8090 -0.0000
vn -0.5878 -0.8090 -0.0000
vn -0.5878 -0.8090 -0.0000
vn -0.5878 -0.8090 -0.0000
vn -0.9511 -0.3090 -0.0000
vn -0.9511 -0.3090 -0.0000
vn -0.9511 -0.3090 -0.0000
vn -0.9511 -0.3090 -0.0000
vn -0.9511 0.3090 0.0000
vn -0.9511 0.3090 0.0000
vn -0.9511 0.3090 0.0000
vn -0.9511 0.3090 0.0000
vn -0.5878 0.8090 0.0000
vn -0.5878 0.8090 0.0000
vn -0.5878 0.8090 0.0000
vn -0.5878 0.8090 0.0000
vn 0.0000 1.0000 0.0000
vn 0.0000 1.0000 0.0000
vn -0.0000 -0.0000 1.0000
vn 0.0000 0.0000 -1.0000
vn 0.0000 1.0000 0.0000
vn 0.0000 1.0000 0.0000
vn 0.5878 0.8090 0.0000
vn 0.5878 0.8090 0.0000
vn 0.5878 0.8090 0.0000
vn 0.5878 0.8090 0.0000
vn 0.9511 0.3090 0.0000
vn 0.9511 0.3090 0.0000
vn 0.9511 0.3090 0.0000
vn 0.9511 0.3090 0.0000
vn 0.9511 -0.3090 0.0000
vn 0.9511 -0.3090 0.0000
vn 0.9511 -0.3090 0.0000
vn 0.9511 -0.3090 0.0000
vn 0.5878 -0.8090 0.0000
vn 0.5878 -0.8090 0.0000
vn 0.5878 -0.8090 0.0000
vn 0.5878 -0.8090 0.0000
vn 0.0000 -1.0000 0.0000
vn 0.0000 -1.0000 0.0000
vn 0.0000 -1.0000 0.0000
vn 0.0000 -1.0000 0.0000
vn -0.5878 -0.8090 -0.0000
vn -0.5878 -0.8090 -0.0000
vn -0.5878 -0.8090 -0.0000
vn -0.5878 -0.8090 -0.0000
vn -0.9511 -0.3090 -0.0000
vn -0.9511 -0.3090 -0.0000
vn -0.9511 -0.3090 -0.0000
vn -0.9511 -0.3090 -0.0000
vn -0.9511 0.3090 0.0000
vn -0.9511 0.3090 0.0000
vn -0.9511 0.3090 0.0000
vn -0.9511 0.3090 0.0000
vn -0.5878 0.8090 0.0000
vn -0.5878 0.8090 0.0000
vn -0.5878 0.8090 0.0000
vn -0.5878 0.8090 0.0000
vn 0.0000 1.0000 0.0000
vn 0.0000 1.0000 0.0000
vn -0.0000 -0.0000 1.0000
vn 0.0000 0.0000 -1.0000
vn 0.0000 1.0000 0.0000
vn 0.0000 1.0000 0.0000
vn 0.5878 0.8090 0.0000
vn 0.5878 0.8090 0.0000
vn 0.5878 0.8090 0.0000
vn 0.5878 0.8090 0.0000
vn 0.9511 0.3090 0.0000
vn 0.9511 0.3090 0.0000
vn 0.9511 0.3090 0.0000
vn 0.9511 0.3090 0.0000
vn 0.9511 -0.3090 0.0000
vn 0.9511 -0.3090 0.0000
vn 0.9511 -0.3090 0.0000
vn 0.9511 -0.3090 0.0000
vn 0.5878 -0.8090 0.0000
vn 0.5878 -0.8090 0.0000
vn 0.5878 -0.8090 0.0000
vn 0.5878 -0.8090 0.0000
vn 0.0000 -1.0000 0.0000
vn 0.0000 -1.0000 0.0000
vn 0.0000 -1.0000 0.0000
vn 0.0000 -1.0000 0.0000
vn -0.5878 -0.8090 -0.0000
vn -0.5878 -0.8090 -0.0000
vn -0.5878 -0.8090 -0.0000
vn -0.5878 -0.8090 -0.0000
vn -0.9511 -0.3090 -0.0000
vn -0.9511 -0.3090 -0.0000
vn -0.9511 -0.3090 -0.0000
vn -0.9511 -0.3090 -0.0000
vn -0.9511 0.3090 0.0000
vn -0.9511 0.3090 0.0000
vn -0.9511 0.3090 0.0000
vn -0.9511 0.3090 0.0000
vn -0.5878 0.8090 0.0000
vn -0.5878 0.8090 0.0000
vn -0.5878 0.8090 0.0000
vn -0.5878 0.8090 0.0000
vn 0.0000 1.0000 0.0000
vn 0.0000 1.0000 0.0000
vn -0.0000 -0.0000 1.0000
vn 0.0000 0.0000 -1.0000
vn 0.0000 1.0000 0.0000
vn 0.0000 1.0000 0.0000
vn 0.5878 0.8090 0.0000
vn 0.5878 0.8090 0.0000
vn 0.5878 0.8090 0.0000
vn 0.5878 0.8090 0.0000
vn 0.9511 0.3090 0.0000
vn 0.9511 0.3090 0.0000
vn 0.9511 0.3090 0.0000
vn 0.9511 0.3090 0.0000
vn 0.9511 -0.3090 0.0000
vn 0.9511 -0.3090 0.0000
vn 0.9511 -0.3090 0.0000
vn 0.9511 -0.3090 0.0000
vn 0.5878 -0.8090 0.0000
vn 0.5878 -0.8090 0.0000
vn 0.5878 -0.8090 0.0000
vn 0.5878 -0.8090 0.0000
vn 0.0000 -1.0000 0.0000
vn 0.0000 -1.0000 0.0000
vn 0.0000 -1.0000 0.0000
vn 0.0000 -1.0000 0.0000
vn -0.5878 -0.8090 -0.0000
vn -0.5878 -0.8090 -0.0000
vn -0.5878 -0.8090 -0.0000
vn -0.5878 -0.8090 -0.0000
vn -0.9511 -0.3090 -0.0000
vn -0.9511 -0.3090 -0.0000
vn -0.9511 -0.3090 -0.0000
vn -0.9511 -0.3090 -0.0000
vn -0.9511 0.3090 0.0000
vn -0.9511 0.3090 0.0000
vn -0.9511 0.3090 0.0000
vn -0.9511 0.3090 0.0000
vn -0.5878 0.8090 0.0000
vn -0.5878 0.8090 0.0000
vn -0.5878 0.8090 0.0000
vn -0.5878 0.8090 0.0000
vn 0.0000 1.0000 0.0000
vn 0.0000 1.0000 0.0000
vn -0.0000 -0.0000 1.0000
vn 0.0000 0.0000 -1.0000
vn 0.0000 1.0000 0.0000
vn 0.0000 1.0000 0.0000
vn 0.5878 0.8090 0.0000
vn 0.5878 0.8090 0.0000
vn 0.5878 0.8090 0.0000
vn 0.5878 0.8090 0.0000
vn 0.9511 0.3090 0.0000
vn 0.9511 0.3090 0.0000
vn 0.9511 0.3090 0.0000
vn 0.9511 0.3090 0.0000
vn 0.9511 -0.3090 0.0000
vn 0.9511 -0.3090 0.0000
vn 0.9511 -0.3090 0.0000
vn 0.9511 -0.3090 0.0000
vn 0.5878 -0.8090 0.0000
vn 0.5878 -0.8090 0.0000
vn 0.5878 -0.8090 0.0000
vn 0.5878 -0.8090 0.0000
vn 0.0000 -1.0000 0.0000
vn 0.0000 -1.0000 0.0000
vn 0.0000 -1.0000 0.0000
vn 0.0000 -1.0000 0.0000
vn -0.5878 -0.8090 -0.0000
vn -0.5878 -0.8090 -0.0000
vn -0.5878 -0.8090 -0.0000
vn -0.5878 -0.8090 -0.0000
vn -0.9511 -0.3090 -0.0000
vn -0.9511 -0.3090 -0.0000
vn -0.9511 -0.3090 -0.0000
vn -0.9511 -0.3090 -0.0000
vn -0.9511 0.3090 0.0000
vn -0.9511 0.3090 0.0000
vn -0.9511 0.3090 0.0000
vn -0.9511 0.3090 0.0000
vn -0.5878 0.8090 0.0000
vn -0.5878 0.8090 0.0000
vn -0.5878 0.8090 0.0000
vn -0.5878 0.8090 0.0000
vn 0.0000 1.0000 0.0000
vn 0.0000 1.0000 0.0000
vn -0.0000 -0.0000 1.0000
vn 0.0000 0.0000 -1.0000
vn 0.0000 1.0000 0.0000
vn 0.0000 1.0000 0.0000
vn 0.5878 0.8090 0.0000
vn 0.5878 0.8090 0.0000
vn 0.5878 0.8090 0.0000
vn 0.5878 0.8090 0.0000
vn 0.9511 0.3090 0.0000
vn 0.9511 0.3090 0.0000
vn 0.9511 0.3090 0.0000
vn 0.9511 0.3090 0.0000
vn 0.9511 -0.3090 0.0000
vn 0.9511 -0.3090 0.0000
vn 0.9511 -0.3090 0.0000
vn 0.9511 -0.3090 0.0000
vn 0.5878 -0.8090 0.0000
vn 0.5878 -0.8090 0.0000
vn 0.5878 -0.8090 0.0000
vn 0.5878 -0.8090 0.0000
vn 0.0000 -1.0000 0.0000
vn 0.0000 -1.0000 0.0000
vn 0.0000 -1.0000 0.0000
vn 0.0000 -1.0000 0.0000
vn -0.5878 -0.8090 -0.0000
vn -0.5878 -0.8090 -0.0000
vn -0.5878 -0.8090 -0.0000
vn -0.5878 -0.8090 -0.0000
vn -0.9511 -0.3090 -0.0000
vn -0.9511 -0.3090 -0.0000
vn -0.9511 -0.3090 -0.0000
vn -0.9511 -0.3090 -0.0000
vn -0.9511 0.3090 0.0000
vn -0.9511 0.3090 0.0000
vn -0.9511 0.3090 0.0000
vn -0.9511 0.3090 0.0000
vn -0.5878 0.8090 0.0000
vn -0.5878 0.8090 0.0000
vn -0.5878 0.8090 0.0000
vn -0.5878 0.8090 0.0000
vn 0.0000 1.0000 0.0000
vn 0.0000 1.0000 0.0000
vn -0.0000 -0.0000 1.0000
vn 0.0000 0.0000 -1.0000
vn 0.0000 1.0000 0.0000
vn 0.0000 1.0000 0.0000
vn 0.5878 0.8090 0.0000
vn 0.5878 0.8090 0.0000
vn 0.5878 0.8090 0.0000
vn 0.5878 0.8090 0.0000
vn 0.9511 0.3090 0.0000
vn 0.9511 0.3090 0.0000
vn 0.9511 0.3090 0.0000
vn 0.9511 0.3090 0.0000
vn 0.9511 -0.3090 0.0000
vn 0.9511 -0.3090 0.0000
vn 0.9511 -0.3090 0.0000
vn 0.9511 -0.3090 0.0000
vn 0.5878 -0.8090 0.0000
vn 0.5878 -0.8090 0.0000
vn 0.5878 -0.8090 0.0000
vn 0.5878 -0.8090 0.0000
vn 0.0000 -1.0000 0.0000
vn 0.0000 -1.0000 0.0000
vn 0.0000 -1.0000 0.0000
vn 0.0000 -1.0000 0.0000
vn -0.5878 -0.8090 -0.0000
vn -0.5878 -0.8090 -0.0000
vn -0.5878 -0.8090 -0.0000
vn -0.5878 -0.8090 -0.0000
vn -0.9511 -0.3090 -0.0000
vn -0.9511 -0.3090 -0.0000
vn -0.9511 -0.3090 -0.0000
vn -0.9511 -0.3090 -0.0000
vn -0.9511 0.3090 0.0000
vn -0.9511 0.3090 0.0000
vn -0.9511 0.3090 0.0000
vn -0.9511 0.3090 0.0000
vn -0.5878 0.8090 0.0000
vn -0.5878 0.8090 0.0000
vn -0.5878 0.8090 0.0000
vn -0.5878 0.8090 0.0000
vn 0.0000 1.0000 0.0000
vn 0.0000 1.0000 0.0000
vn -0.0000 -0.0000 1.0000
vn 0.0000 0.0000 -1.0000
vn 0.0000 1.0000 0.0000
vn 0.0000 1.0000 0.0000
vn 0.5878 0.8090 0.0000
vn 0.5878 0.8090 0.0000
vn 0.5878 0.8090 0.0000
vn 0.5878 0.8090 0.0000
vn 0.9511 0.3090 0.0000
vn 0.9511 0.3090 0.0000
vn 0.9511 0.3090 0.0000
vn 0.9511 0.3090 0.0000
vn 0.9511 -0.3090 0.0000
vn 0.9511 -0.3090 0.0000
vn 0.9511 -0.3090 0.0000
vn 0.9511 -0.3090 0.0000
vn 0.5878 -0.8090 0.0000
vn 0.5878 -0.8090 0.0000
vn 0.5878 -0.8090 0.0000
vn 0.5878 -0.8090 0.0000
vn 0.0000 -1.0000 0.0000
vn 0.0000 -1.0000 0.0000
vn 0.0000 -1.0000 0.0000
vn 0.0000 -1.0000 0.0000
vn -0.5878 -0.8090 -0.0000
vn -0.5878 -0.8090 -0.0000
vn -0.5878 -0.8090 -0.0000
vn -0.5878 -0.8090 -0.0000
vn -0.9511 -0.3090 -0.0000
vn -0.9511 -0.3090 -0.0000
vn -0.9511 -0.3090 -0.0000
vn -0.9511 -0.3090 -0.0000
vn -0.9511 0.3090 0.0000
vn -0.9511 0.3090 0.0000
vn -0.9511 0.3090 0.0000
vn -0.9511 0.3090 0.0000
vn -0.5878 0.8090 0.0000
vn -0.5878 0.8090 0.0000
vn -0.5878 0.8090 0.0000
vn -0.5878 0.8090 0.0000
vn 0.0000 1.0000 0.0000
vn 0.0000 1.0000 0.0000
vn -0.0000 -0.0000 1.0000
vn 0.0000 0.0000 -1.0000
vn 0.0000 1.0000 0.0000
vn 0.0000 1.0000 0.0000
vn 0.5878 0.8090 0.0000
vn 0.5878 0.8090 0.0000
vn 0.5878 0.8090 0.0000
vn 0.5878 0.8090 0.0000
vn 0.9511 0.3090 0.0000
vn 0.9511 0.3090 0.0000
vn 0.9511 0.3090 0.0000
vn 0.9511 0.3090 0.0000
vn 0.9511 -0.3090 0.0000
vn 0.9511 -0.3090 0.0000
vn 0.9511 -0.3090 0.0000
vn 0.9511 -0.3090 0.0000
vn 0.5878 -0.8090 0.0000
vn 0.5878 -0.8090 0.0000
vn 0.5878 -0.8090 0.0000
vn 0.5878 -0.8090 0.0000
vn 0.0000 -1.0000 0.0000
vn 0.0000 -1.0000 0.0000
vn 0.0000 -1.0000 0.0000
vn 0.0000 -1.0000 0.0000
vn -0.5878 -0.8090 -0.0000
vn -0.5878 -0.8090 -0.0000
vn -0.5878 -0.8090 -0.0000
vn -0.5878 -0.8090 -0.0000
vn -0.9511 -0.3090 -0.0000
vn -0.9511 -0.3090 -0.0000
vn -0.9511 -0.3090 -0.0000
vn -0.9511 -0.3090 -0.0000
vn -0.9511 0.3090 0.0000
vn -0.9511 0.3090 0.0000
vn -0.9511 0.3090 0.0000
vn -0.9511 0.3090 0.0000
vn -0.5878 0.8090 0.0000
vn -0.5878 0.8090 0.0000
vn -0.5878 0.8090 0.0000
vn -0.5878 0.8090 0.0000
vn 0.0000 1.0000 0.0000
vn 0.0000 1.0000 0.0000
vn -0.0000 -0.0000 1.0000
vn 0.0000 0.0000 -1.0000
vn 0.0000 1.0000 0.0000
vn 0.0000 1.0000 0.0000
vn 0.5878 0.8090 0.0000
vn 0.5878 0.8090 0.0000
vn 0.5878 0.8090 0.0000
vn 0.5878 0.8090 0.0000
vn 0.9511 0.3090 0.0000
vn 0.9511 0.3090 0.0000
vn 0.9511 0.3090 0.0000
vn 0.9511 0.3090 0.0000
vn 0.9511 -0.3090 0.0000
vn 0.9511 -0.3090 0.0000
vn 0.9511 -0.3090 0.0000
vn 0.9511 -0.3090 0.0000
vn 0.5878 -0.8090 0.0000
vn 0.5878 -0.8090 0.0000
vn 0.5878 -0.8090 0.0000
vn 0.5878 -0.8090 0.0000
vn 0.0000 -1.0000 0.0000
vn 0.0000 -1.0000 0.0000
vn 0.0000 -1.0000 0.0000
vn 0.0000 -1.0000 0.0000
vn -0.5878 -0.8090 -0.0000
vn -0.5878 -0.8090 -0.0000
vn -0.5878 -0.8090 -0.0000
vn -0.5878 -0.8090 -0.0000
vn -0.9511 -0.3090 -0.0000
vn -0.9511 -0.3090 -0.0000
vn -0.9511 -0.3090 -0.0000
vn -0.9511 -0.3090 -0.0000
vn -0.9511 0.3090 0.0000
vn -0.9511 0.3090 0.0000
vn -0.9511 0.3090 0.0000
vn -0.9511 0.3090 0.0000
vn -0.5878 0.8090 0.0000
vn -0.5878 0.8090 0.0000
vn -0.5878 0.8090 0.0000
vn -0.5878 0.8090 0.0000
vn 0.0000 1.0000 0.0000
vn 0.0000 1.0000 0.0000
vn -0.0000 -0.0000 1.0000
vn 0.0000 0.0000 -1.0000
vn 0.0000 1.0000 0.0000
vn 0.0000 1.0000 0.0000
vn 0.5878 0.8090 0.0000
vn 0.5878 0.8090 0.0000
vn 0.5878 0.8090 0.0000
vn 0.5878 0.8090 0.0000
vn 0.9511 0.3090 0.0000
vn 0.9511 0.3090 0.0000
vn 0.9511 0.3090 0.0000
vn 0.9511 0.3090 0.0000
vn 0.9511 -0.3090 0.0000
vn 0.9511 -0.3090 0.0000
vn 0.9511 -0.3090 0.0000
vn 0.9511 -0.3090 0.0000
vn 0.5878 -0.8090 0.0000
vn 0.5878 -0.8090 0.0000
vn 0.5878 -0.8090 0.0000
vn 0.5878 -0.8090 0.0000
vn 0.0000 -1.0000 0.0000
vn 0.0000 -1.0000 0.0000
vn 0.0000 -1.0000 0.0000
vn 0.0000 -1.0000 0.0000
vn -0.5878 -0.8090 -0.0000
vn -0.5878 -0.8090 -0.0000
vn -0.5878 -0.8090 -0.0000
vn -0.5878 -0.8090 -0.0000
vn -0.9511 -0.3090 -0.0000
vn -0.9511 -0.3090 -0.0000
vn -0.9511 -0.3090 -0.0000
vn -0.9511 -0.3090 -0.0000
vn -0.9511 0.3090 0.0000
vn -0.9511 0.3090 0.0000
vn -0.9511 0.3090 0.0000
vn -0.9511 0.3090 0.0000
vn -0.5878 0.8090 0.0000
vn -0.5878 0.8090 0.0000
vn -0.5878 0.8090 0.0000
vn -0.5878 0.8090 0.0000
vn 0.0000 1.0000 0.0000
vn 0.0000 1.0000 0.0000
vn -0.0000 -0.0000 1.0000
vn 0.0000 0.0000 -1.0000
vn 0.0000 1.0000 0.0000
vn 0.0000 1.0000 0.0000
vn 0.5878 0.8090 0.0000
vn 0.5878 0.8090 0.0000
vn 0.5878 0.8090 0.0000
vn 0.5878 0.8090 0.0000
vn 0.9511 0.3090 0.0000
vn 0.9511 0.3090 0.0000
vn 0.9511 0.3090 0.0000
vn 0.9511 0.3090 0.0000
vn 0.9511 -0.3090 0.0000
vn 0.9511 -0.3090 0.0000
vn 0.9511 -0.3090 0.0000
vn 0.9511 -0.3090 0.0000
vn 0.5878 -0.8090 0.0000
vn 0.5878 -0.8090 0.0000
vn 0.5878 -0.8090 0.0000
vn 0.5878 -0.8090 0.0000
vn 0.0000 -1.0000 0.0000
vn 0.0000 -1.0000 0.0000
vn 0.0000 -1.0000 0.0000
vn 0.0000 -1.0000 0.0000
vn -0.5878 -0.8090 -0.0000
vn -0.5878 -0.8090 -0.0000
vn -0.5878 -0.8090 -0.0000
vn -0.5878 -0.8090 -0.0000
vn -0.9511 -0.3090 -0.0000
vn -0.9511 -0.3090 -0.0000
vn -0.9511 -0.3090 -0.0000
vn -0.9511 -0.3090 -0.0000
vn -0.9511 0.3090 0.0000
vn -0.9511 0.3090 0.0000
vn -0.9511 0.3090 0.0000
vn -0.9511 0.3090 0.0000
vn -0.5878 0.8090 0.0000
vn -0.5878 0.8090 0.0000
vn -0.5878 0.8090 0.0000
vn -0.5878 0.8090 0.0000
vn 0.0000 1.0000 0.0000
vn 0.0000 1.0000 0.0000
vn -0.0000 -0.0000 1.0000
vn 0.0000 0.0000 -1.0000
vn 0.0000 1.0000 0.0000
vn 0.0000 1.0000 0.0000
vn 0.5878 0.8090 0.0000
vn 0.5878 0.8090 0.0000
vn 0.5878 0.8090 0.0000
vn 0.5878 0.8090 0.0000
vn 0.9511 0.3090 0.0000
vn 0.9511 0.3090 0.0000
vn 0.9511 0.3090 0.0000
vn 0.9511 0.3090 0.0000
vn 0.9511 -0.3090 0.0000
vn 0.9511 -0.3090 0.0000
vn 0.9511 -0.3090 0.0000
vn 0.9511 -0.3090 0.0000
vn 0.5878 -0.8090 0.0000
vn 0.5878 -0.8090 0.0000
vn 0.5878 -0.8090 0.0000
vn 0.5878 -0.8090 0.0000
vn 0.0000 -1.0000 0.0000
vn 0.0000 -1.0000 0.0000
vn 0.0000 -1.0000 0.0000
vn 0.0000 -1.0000 0.0000
vn -0.5878 -0.8090 -0.0000
vn -0.5878 -0.8090 -0.0000
vn -0.5878 -0.8090 -0.0000
vn -0.5878 -0.8090 -0.0000
vn -0.9511 -0.3090 -0.0000
vn -0.9511 -0.3090 -0.0000
vn -0.9511 -0.3090 -0.0000
vn -0.9511 -0.3090 -0.0000
vn -0.9511 0.3090 0.0000
vn -0.9511 0.3090 0.0000
vn -0.9511 0.3090 0.0000
vn -0.9511 0.3090 0.0000
vn -0.5878 0.8090 0.0000
vn -0.5878 0.8090 0.0000
vn -0.5878 0.8090 0.0000
vn -0.5878 0.8090 0.0000
vn 0.0000 1.0000 0.0000
vn 0.0000 1.0000 0.0000
vn -0.0000 -0.0000 1.0000
vn 0.0000 0.0000 -1.0000
vn 0.0000 1.0000 0.0000
vn 0.0000 1.0000 0.0000
vn 0.5878 0.8090 0.0000
vn 0.5878 0.8090 0.0000
vn 0.5878 0.8090 0.0000
vn 0.5878 0.8090 0.0000
vn 0.9511 0.3090 0.0000
vn 0.9511 0.3090 0.0000
vn 0.9511 0.3090 0.0000
vn 0.9511 0.3090 0.0000
vn 0.9511 -0.3090 0.0000
vn 0.9511 -0.3090 0.0000
vn 0.9511 -0.3090 0.0000
vn 0.9511 -0.3090 0.0000
vn 0.5878 -0.8090 0.0000
vn 0.5878 -0.8090 0.0000
vn 0.5878 -0.8090 0.0000
vn 0.5878 -0.8090 0.0000
vn 0.0000 -1.0000 0.0000
vn 0.0000 -1.0000 0.0000
vn 0.0000 -1.0000 0.0000
vn 0.0000 -1.0000 0.0000
vn -0.5878 -0.8090 -0.0000
vn -0.5878 -0.8090 -0.0000
vn -0.5878 -0.8090 -0.0000
vn -0.5878 -0.8090 -0.0000
vn -0.9511 -0.3090 -0.0000
vn -0.9511 -0.3090 -0.0000
vn -0.9511 -0.3090 -0.0000
vn -0.9511 -0.3090 -0.0000
vn -0.9511 0.3090 0.0000
vn -0.9511 0.3090 0.0000
vn -0.9511 0.3090 0.0000
vn -0.9511 0.3090 0.0000
vn -0.5878 0.8090 0.0000
vn -0.5878 0.8090 0.0000
vn -0.5878 0.8090 0.0000
vn -0.5878 0.8090 0.0000
vn 0.0000 1.0000 0.0000
vn 0.0000 1.0000 0.0000
vn -0.0000 -0.0000 1.0000
vn 0.0000 0.0000 -1.0000
vn 0.0000 1.0000 0.0000
vn 0.0000 1.0000 0.0000
vn 0.5878 0.8090 0.0000
vn 0.5878 0.8090 0.0000
vn 0.5878 0.8090 0.0000
vn 0.5878 0.8090 0.0000
vn 0.9511 0.3090 0.0000
vn 0.9511 0.3090 0.0000
vn 0.9511 0.3090 0.0000
vn 0.9511 0.3090 0.0000
vn 0.9511 -0.3090 0.0000
vn 0.9511 -0.3090 0.0000
vn 0.9511 -0.3090 0.0000
vn 0.9511 -0.3090 0.0000
vn 0.5878 -0.8090 0.0000
vn 0.5878 -0.8090 0.0000
vn 0.5878 -0.8090 0.0000
vn 0.5878 -0.8090 0.0000
vn 0.0000 -1.0000 0.0000
vn 0.0000 -1.0000 0.0000
vn 0.0000 -1.0000 0.0000
vn 0.0000 -1.0000 0.0000
vn -0.5878 -0.8090 -0.0000
vn -0.5878 -0.8090 -0.0000
vn -0.5878 -0.8090 -0.0000
vn -0.5878 -0.8090 -0.0000
vn -0.9511 -0.3090 -0.0000
vn -0.9511 -0.3090 -0.0000
vn -0.9511 -0.3090 -0.0000
vn -0.9511 -0.3090 -0.0000
vn -0.9511 0.3090 0.0000
vn -0.9511 0.3090 0.0000
vn -0.9511 0.3090 0.0000
vn -0.9511 0.3090 0.0000
vn -0.5878 0.8090 0.0000
vn -0.5878 0.8090 0.0000
vn -0.5878 0.8090 0.0000
vn -0.5878 0.8090 0.0000
vn 0.0000 1.0000 0.0000
vn 0.0000 1.0000 0.0000
vn -0.0000 -0.0000 1.0000
vn 0.0000 0.0000 -1.0000
vn 0.0000 1.0000 0.0000
vn 0.0000 1.0000 0.0000
vn 0.5878 0.8090 0.0000
vn 0.5878 0.8090 0.0000
vn 0.5878 0.8090 0.0000
vn 0.5878 0.8090 0.0000
vn 0.9511 0.3090 0.0000
vn 0.9511 0.3090 0.0000
vn 0.9511 0.3090 0.0000
vn 0.9511 0.3090 0.0000
vn 0.9511 -0.3090 0.0000
vn 0.9511 -0.3090 0.0000
vn 0.9511 -0.3090 0.0000
vn 0.9511 -0.3090 0.0000
vn 0.5878 -0.8090 0.0000
vn 0.5878 -0.8090 0.0000
vn 0.5878 -0.8090 0.0000
vn 0.5878 -0.8090 0.0000
vn 0.0000 -1.0000 0.0000
vn 0.0000 -1.0000 0.0000
vn 0.0000 -1.0000 0.0000
vn 0.0000 -1.0000 0.0000
vn -0.5878 -0.8090 -0.0000
vn -0.5878 -0.8090 -0.0000
vn -0.5878 -0.8090 -0.0000
vn -0.5878 -0.8090 -0.0000
vn -0.9511 -0.3090 -0.0000
vn -0.9511 -0.3090 -0.0000
vn -0.9511 -0.3090 -0.0000
vn -0.9511 -0.3090 -0.0000
vn -0.9511 0.3090 0.0000
vn -0.9511 0.3090 0.0000
vn -0.9511 0.3090 0.0000
vn -0.9511 0.3090 0.0000
vn -0.5878 0.8090 0.0000
vn -0.5878 0.8090 0.0000
vn -0.5878 0.8090 0.0000
vn -0.5878 0.8090 0.0000
vn 0.0000 1.0000 0.0000
vn 0.0000 1.0000 0.0000
vn -0.0000 -0.0000 1.0000
vn 0.0000 0.0000 -1.0000
vn 0.0000 1.0000 0.0000
vn 0.0000 1.0000 0.0000
vn 0.5878 0.8090 0.0000
vn 0.5878 0.8090 0.0000
vn 0.5878 0.8090 0.0000
vn 0.5878 0.8090 0.0000
vn 0.9511 0.3090 0.0000
vn 0.9511 0.3090 0.0000
vn 0.9511 0.3090 0.0000
vn 0.9511 0.3090 0.0000
vn 0.9511 -0.3090 0.0000
vn 0.9511 -0.3090 0.0000
vn 0.9511 -0.3090 0.0000
vn 0.9511 -0.3090 0.0000
vn 0.5878 -0.8090 0.0000
vn 0.5878 -0.8090 0.0000
vn 0.5878 -0.8090 0.0000
vn 0.5878 -0.8090 0.0000
vn 0.0000 -1.0000 0.0000
vn 0.0000 -1.0000 0.0000
vn 0.0000 -1.0000 0.0000
vn 0.0000 -1.0000 0.0000
vn -0.5878 -0.8090 -0.0000
vn -0.5878 -0.8090 -0.0000
vn -0.5878 -0.8090 -0.0000
vn -0.5878 -0.8090 -0.0000
vn -0.9511 -0.3090 -0.0000
vn -0.9511 -0.3090 -0.0000
vn -0.9511 -0.3090 -0.0000
vn -0.9511 -0.3090 -0.0000
vn -0.9511 0.3090 0.0000
vn -0.9511 0.3090 0.0000
vn -0.9511 0.3090 0.0000
vn -0.9511 0.3090 0.0000
vn -0.5878 0.8090 0.0000
vn -0.5878 0.8090 0.0000
vn -0.5878 0.8090 0.0000
vn -0.5878 0.8090 0.0000
vn 0.0000 1.0000 0.0000
vn 0.0000 1.0000 0.0000
vn -0.0000 -0.0000 1.0000
vn 0.0000 0.0000 -1.0000
vn 0.0000 1.0000 0.0000
vn 0.0000 1.0000 0.0000
vn 0.5878 0.8090 0.0000
vn 0.5878 0.8090 0.0000
vn 0.5878 0.8090 0.0000
vn 0.5878 0.8090 0.0000
vn 0.9511 0.3090 0.0000
vn 0.9511 0.3090 0.0000
vn 0.9511 0.3090 0.0000
vn 0.9511 0.3090 0.0000
vn 0.9511 -0.3090 0.0000
vn 0.9511 -0.3090 0.0000
vn 0.9511 -0.3090 0.0000
vn 0.9511 -0.3090 0.0000
vn 0.5878 -0.8090 0.0000
vn 0.5878 -0.8090 0.0000
vn 0.5878 -0.8090 0.0000
vn 0.5878 -0.8090 0.0000
vn 0.0000 -1.0000 0.0000
vn 0.0000 -1.0000 0.0000
vn 0.0000 -1.0000 0.0000
vn 0.0000 -1.0000 0.0000
vn -0.5878 -0.8090 -0.0000
vn -0.5878 -0.8090 -0.0000
vn -0.5878 -0.8090 -0.0000
vn -0.5878 -0.8090 -0.0000
vn -0.9511 -0.3090 -0.0000
vn -0.9511 -0.3090 -0.0000
vn -0.9511 -0.3090 -0.0000
vn -0.9511 -0.3090 -0.0000
vn -0.9511 0.3090 0.0000
vn -0.9511 0.3090 0.0000
vn -0.9511 0.3090 0.0000
vn -0.9511 0.3090 0.0000
vn -0.5878 0.8090 0.0000
vn -0.5878 0.8090 0.0000
vn -0.5878 0.8090 0.0000
vn -0.5878 0.8090 0.0000
vn 0.0000 1.0000 0.0000
vn 0.0000 1.0000 0.0000
vn -0.0000 -0.0000 1.0000
vn 0.0000 0.0000 -1.0000
vn 0.0000 1.0000 0.0000
vn 0.0000 1.0000 0.0000
vn 0.5878 0.8090 0.0000
vn 0.5878 0.8090 0.0000
vn 0.5878 0.8090 0.0000
vn 0.5878 0.8090 0.0000
vn 0.9511 0.3090 0.0000
vn 0.9511 0.3090 0.0000
vn 0.9511 0.3090 0.0000
vn 0.9511 0.3090 0.0000
vn 0.9511 -0.3090 0.0000
vn 0.9511 -0.3090 0.0000
vn 0.9511 -0.3090 0.0000
vn 0.9511 -0.3090 0.0000
vn 0.5878 -0.8090 0.0000
vn 0.5878 -0.8090 0.0000
vn 0.5878 -0.8090 0.0000
vn 0.5878 -0.8090 0.0000
vn 0.0000 -1.0000 0.0000
vn 0.0000 -1.0000 0.0000
vn 0.0000 -1.0000 0.0000
vn 0.0000 -1.0000 0.0000
vn -0.5878 -0.8090 -0.0000
vn -0.5878 -0.8090 -0.0000
vn -0.5878 -0.8090 -0.0000
vn -0.5878 -0.8090 -0.0000
vn -0.9511 -0.3090 -0.0000
vn -0.9511 -0.3090 -0.0000
vn -0.9511 -0.3090 -0.0000
vn -0.9511 -0.3090 -0.0000
vn -0.9511 0.3090 0.0000
vn -0.9511 0.3090 0.0000
vn -0.9511 0.3090 0.0000
vn -0.9511 0.3090 0.0000
vn -0.5878 0.8090 0.0000
vn -0.5878 0.8090 0.0000
vn -0.5878 0.8090 0.0000
vn -0.5878 0.8090 0.0000
vn 0.0000 1.0000 0.0000
vn 0.0000 1.0000 0.0000
vn -0.0000 -0.0000 1.0000
vn 0.0000 0.0000 -1.0000
vn 0.0000 1.0000 0.0000
vn 0.0000 1.0000 0.0000
vn 0.5878 0.8090 0.0000
vn 0.5878 0.8090 0.0000
vn 0.5878 0.8090 0.0000
vn 0.5878 0.8090 0.0000
vn 0.9511 0.3090 0.0000
vn 0.9511 0.3090 0.0000
vn 0.9511 0.3090 0.0000
vn 0.9511 0.3090 0.0000
vn 0.9511 -0.3090 0.0000
vn 0.9511 -0.3090 0.0000
vn 0.9511 -0.3090 0.0000
vn 0.9511 -0.3090 0.0000
vn 0.5878 -0.8090 0.0000
vn 0.5878 -0.8090 0.0000
vn 0.5878 -0.8090 0.0000
vn 0.5878 -0.8090 0.0000
vn 0.0000 -1.0000 0.0000
vn 0.0000 -1.0000 0.0000
vn 0.0000 -1.0000 0.0000
vn 0.0000 -1.0000 0.0000
vn -0.5878 -0.8090 -0.0000
vn -0.5878 -0.8090 -0.0000
vn -0.5878 -0.8090 -0.0000
vn -0.5878 -0.8090 -0.0000
vn -0.9511 -0.3090 -0.0000
vn -0.9511 -0.3090 -0.0000
vn -0.9511 -0.3090 -0.0000
vn -0.9511 -0.3090 -0.0000
vn -0.9511 0.3090 0.0000
vn -0.9511 0.3090 0.0000
vn -0.9511 0.3090 0.0000
vn -0.9511 0.3090 0.0000
vn -0.5878 0.8090 0.0000
vn -0.5878 0.8090 0.0000
vn -0.5878 0.8090 0.0000
vn -0.5878 0.8090 0.0000
vn 0.0000 1.0000 0.0000
vn 0.0000 1.0000 0.0000
vn -0.0000 -0.0000 1.0000
vn 0.0000 0.0000 -1.0000
vn 0.0000 1.0000 0.0000
vn 0.0000 1.0000 0.0000
vn 0.5878 0.8090 0.0000
vn 0.5878 0.8090 0.0000
vn 0.5878 0.8090 0.0000
vn 0.5878 0.8090 0.0000
vn 0.9511 0.3090 0.0000
vn 0.9511 0.3090 0.0000
vn 0.9511 0.3090 0.0000
vn 0.9511 0.3090 0.0000
vn 0.9511 -0.3090 0.0000
vn 0.9511 -0.3090 0.0000
vn 0.9511 -0.3090 0.0000
vn 0.9511 -0.3090 0.0000
vn 0.5878 -0.8090 0.0000
vn 0.5878 -0.8090 0.0000
vn 0.5878 -0.8090 0.0000
vn 0.5878 -0.8090 0.0000
vn 0.0000 -1.0000 0.0000
vn 0.0000 -1.0000 0.0000
vn 0.0000 -1.0000 0.0000
vn 0.0000 -1.0000 0.0000
vn -0.5878 -0.8090 -0.0000
vn -0.5878 -0.8090 -0.0000
vn -0.5878 -0.8090 -0.0000
vn -0.5878 -0.8090 -0.0000
vn -0.9511 -0.3090 -0.0000
vn -0.9511 -0.3090 -0.0000
vn -0.9511 -0.3090 -0.0000
vn -0.9511 -0.3090 -0.0000
vn -0.9511 0.3090 0.0000
vn -0.9511 0.3090 0.0000
vn -0.9511 0.3090 0.0000
vn -0.9511 0.3090 0.0000
vn -0.5878 0.8090 0.0000
vn -0.5878 0.8090 0.0000
vn -0.5878 0.8090 0.0000
vn -0.5878 0.8090 0.0000
vn 0.0000 1.0000 0.0000
vn 0.0000 1.0000 0.0000
vn -0.0000 -0.0000 1.0000
vn 0.0000 0.0000 -1.0000
vn 0.0000 1.0000 0.0000
vn 0.0000 1.0000 0.0000
vn 0.5878 0.8090 0.0000
vn 0.5878 0.8090 0.0000
vn 0.5878 0.8090 0.0000
vn 0.5878 0.8090 0.0000
vn 0.9511 0.3090 0.0000
vn 0.9511 0.3090 0.0000
vn 0.9511 0.3090 0.0000
vn 0.9511 0.3090 0.0000
vn 0.9511 -0.3090 0.0000
vn 0.9511 -0.3090 0.0000
vn 0.9511 -0.3090 0.0000
vn 0.9511 -0.3090 0.0000
vn 0.5878 -0.8090 0.0000
vn 0.5878 -0.8090 0.0000
vn 0.5878 -0.8090 0.0000
vn 0.5878 -0.8090 0.0000
vn 0.0000 -1.0000 0.0000
vn 0.0000 -1.0000 0.0000
vn 0.0000 -1.0000 0.0000
vn 0.0000 -1.0000 0.0000
vn -0.5878 -0.8090 -0.0000
vn -0.5878 -0.8090 -0.0000
vn -0.5878 -0.8090 -0.0000
vn -0.5878 -0.8090 -0.0000
vn -0.9511 -0.3090 -0.0000
vn -0.9511 -0.3090 -0.0000
vn -0.9511 -0.3090 -0.0000
vn -0.9511 -0.3090 -0.0000
vn -0.9511 0.3090 0.0000
vn -0.9511 0.3090 0.0000
vn -0.9511 0.3090 0.0000
vn -0.9511 0.3090 0.0000
vn -0.5878 0.8090 0.0000
vn -0.5878 0.8090 0.0000
vn -0.5878 0.8090 0.0000
vn -0.5878 0.8090 0.0000
vn 0.0000 1.0000 0.0000
vn 0.0000 1.0000 0.0000
vn -0.0000 -0.0000 1.0000
vn 0.0000 0.0000 -1.0000
vn 0.0000 1.0000 0.0000
vn 0.0000 1.0000 0.0000
vn 0.5878 0.8090 0.0000
vn 0.5878 0.8090 0.0000
vn 0.5878 0.8090 0.0000
vn 0.5878 0.8090 0.0000
vn 0.9511 0.3090 0.0000
vn 0.9511 0.3090 0.0000
vn 0.9511 0.3090 0.0000
vn 0.9511 0.3090 0.0000
vn 0.9511 -0.3090 0.0000
vn 0.9511 -0.3090 0.0000
vn 0.9511 -0.3090 0.0000
vn 0.9511 -0.3090 0.0000
vn 0.5878 -0.8090 0.0000
vn 0.5878 -0.8090 0.0000
vn 0.5878 -0.8090 0.0000
vn 0.5878 -0.8090 0.0000
vn 0.0000 -1.0000 0.0000
vn 0.0000 -1.0000 0.0000
vn 0.0000 -1.0000 0.0000
vn 0.0000 -1.0000 0.0000
vn -0.5878 -0.8090 -0.0000
vn -0.5878 -0.8090 -0.0000
vn -0.5878 -0.8090 -0.0000
vn -0.5878 -0.8090 -0.0000
vn -0.9511 -0.3090 -0.0000
vn -0.9511 -0.3090 -0.0000
vn -0.9511 -0.3090 -0.0000
vn -0.9511 -0.3090 -0.0000
vn -0.9511 0.3090 0.0000
vn -0.9511 0.3090 0.0000
vn -0.9511 0.3090 0.0000
vn -0.9511 0.3090 0.0000
vn -0.5878 0.8090 0.0000
vn -0.5878 0.8090 0.0000
vn -0.5878 0.8090 0.0000
vn -0.5878 0.8090 0.0000
vn 0.0000 1.0000 0.0000
vn 0.0000 1.0000 0.0000
vn -0.0000 -0.0000 1.0000
vn 0.0000 0.0000 -1.0000
vn 0.0000 1.0000 0.0000
vn 0.0000 1.0000 0.0000
vn 0.5878 0.8090 0.0000
vn 0.5878 0.8090 0.0000
vn 0.5878 0.8090 0.0000
vn 0.5878 0.8090 0.0000
vn 0.9511 0.3090 0.0000
vn 0.9511 0.3090 0.0000
vn 0.9511 0.3090 0.0000
vn 0.9511 0.3090 0.0000
vn 0.9511 -0.3090 0.0000
vn 0.9511 -0.3090 0.0000
vn 0.9511 -0.3090 0.0000
vn 0.9511 -0.3090 0.0000
vn 0.5878 -0.8090 0.0000
vn 0.5878 -0.8090 0.0000
vn 0.5878 -0.8090 0.0000
vn 0.5878 -0.8090 0.0000
vn 0.0000 -1.0000 0.0000
vn 0.0000 -1.0000 0.0000
vn 0.0000 -1.0000 0.0000
vn 0.0000 -1.0000 0.0000
vn -0.5878 -0.8090 -0.0000
vn -0.5878 -0.8090 -0.0000
vn -0.5878 -0.8090 -0.0000
vn -0.5878 -0.8090 -0.0000
vn -0.9511 -0.3090 -0.0000
vn -0.9511 -0.3090 -0.0000
vn -0.9511 -0.3090 -0.0000
vn -0.9511 -0.3090 -0.0000
vn -0.9511 0.3090 0.0000
vn -0.9511 0.3090 0.0000
vn -0.9511 0.3090 0.0000
vn -0.9511 0.3090 0.0000
vn -0.5878 0.8090 0.0000
vn -0.5878 0.8090 0.0000
vn -0.5878 0.8090 0.0000
vn -0.5878 0.8090 0.0000
vn 0.0000 1.0000 0.0000
vn 0.0000 1.0000 0.0000
vn -0.0000 -0.0000 1.0000
vn 0.0000 0.0000 -1.0000
vn 0.0000 1.0000 0.0000
vn 0.0000 1.0000 0.0000
vn 0.5878 0.8090 0.0000
vn 0.5878 0.8090 0.0000
vn 0.5878 0.8090 0.0000
vn 0.5878 0.8090 0.0000
vn 0.9511 0.3090 0.0000
vn 0.9511 0.3090 0.0000
vn 0.9511 0.3090 0.0000
vn 0.9511 0.3090 0.0000
vn 0.9511 -0.3090 0.0000
vn 0.9511 -0.3090 0.0000
vn 0.9511 -0.3090 0.0000
vn 0.9511 -0.3090 0.0000
vn 0.5878 -0.8090 0.0000
vn 0.5878 -0.8090 0.0000
vn 0.5878 -0.8090 0.0000
vn 0.5878 -0.8090 0.0000
vn 0.0000 -1.0000 0.0000
vn 0.0000 -1.0000 0.0000
vn 0.0000 -1.0000 0.0000
vn 0.0000 -1.0000 0.0000
vn -0.5878 -0.8090 -0.0000
vn -0.5878 -0.8090 -0.0000
vn -0.5878 -0.8090 -0.0000
vn -0.5878 -0.8090 -0.0000
vn -0.9511 -0.3090 -0.0000
vn -0.9511 -0.3090 -0.0000
vn -0.9511 -0.3090 -0.0000
vn -0.9511 -0.3090 -0.0000
vn -0.9511 0.3090 0.0000
vn -0.9511 0.3090 0.0000
vn -0.9511 0.3090 0.0000
vn -0.9511 0.3090 0.0000
vn -0.5878 0.8090 0.0000
vn -0.5878 0.8090 0.0000
vn -0.5878 0.8090 0.0000
vn -0.5878 0.8090 0.0000
vn 0.0000 1.0000 0.0000
vn 0.0000 1.0000 0.0000
vn -0.0000 -0.0000 1.0000
vn 0.0000 0.0000 -1.0000
vn 0.0000 1.0000 0.0000
vn 0.0000 1.0000 0.0000
vn 0.5878 0.8090 0.0000
vn 0.5878 0.8090 0.0000
vn 0.5878 0.8090 0.0000
vn 0.5878 0.8090 0.0000
vn 0.9511 0.3090 0.0000
vn 0.9511 0.3090 0.0000
vn 0.9511 0.3090 0.0000
vn 0.9511 0.3090 0.0000
vn 0.9511 -0.3090 0.0000
vn 0.9511 -0.3090 0.0000
vn 0.9511 -0.3090 0.0000
vn 0.9511 -0.3090 0.0000
vn 0.5878 -0.8090 0.0000
vn 0.5878 -0.8090 0.0000
vn 0.5878 -0.8090 0.0000
vn 0.5878 -0.8090 0.0000
vn 0.0000 -1.0000 0.0000
vn 0.0000 -1.0000 0.0000
vn 0.0000 -1.0000 0.0000
vn 0.0000 -1.0000 0.0000
vn -0.5878 -0.8090 -0.0000
vn -0.5878 -0.8090 -0.0000
vn -0.5878 -0.8090 -0.0000
vn -0.5878 -0.8090 -0.0000
vn -0.9511 -0.3090 -0.0000
vn -0.9511 -0.3090 -0.0000
vn -0.9511 -0.3090 -0.0000
vn -0.9511 -0.3090 -0.0000
vn -0.9511 0.3090 0.0000
vn -0.9511 0.3090 0.0000
vn -0.9511 0.3090 0.0000
vn -0.9511 0.3090 0.0000
vn -0.5878 0.8090 0.0000
vn -0.5878 0.8090 0.0000
vn -0.5878 0.8090 0.0000
vn -0.5878 0.8090 0.0000
vn 0.0000 1.0000 0.0000
vn 0.0000 1.0000 0.0000
vn -0.0000 -0.0000 1.0000
vn 0.0000 0.0000 -1.0000
vn 0.0000 1.0000 0.0000
vn 0.0000 1.0000 0.0000
vn 0.5878 0.8090 0.0000
vn 0.5878 0.8090 0.0000
vn 0.5878 0.8090 0.0000
vn 0.5878 0.8090 0.0000
vn 0.9511 0.3090 0.0000
vn 0.9511 0.3090 0.0000
vn 0.9511 0.3090 0.0000
vn 0.9511 0.3090 0.0000
vn 0.9511 -0.3090 0.0000
vn 0.9511 -0.3090 0.0000
vn 0.9511 -0.3090 0.0000
vn 0.9511 -0.3090 0.0000
vn 0.5878 -0.8090 0.0000
vn 0.5878 -0.8090 0.0000
vn 0.5878 -0.8090 0.0000
vn 0.5878 -0.8090 0.0000
vn 0.0000 -1.0000 0.0000
vn 0.0000 -1.0000 0.0000
vn 0.0000 -1.0000 0.0000
vn 0.0000 -1.0000 0.0000
vn -0.5878 -0.8090 -0.0000
vn -0.5878 -0.8090 -0.0000
vn -0.5878 -0.8090 -0.0000
vn -0.5878 -0.8090 -0.0000
vn -0.9511 -0.3090 -0.0000
vn -0.9511 -0.3090 -0.0000
vn -0.9511 -0.3090 -0.0000
vn -0.9511 -0.3090 -0.0000
vn -0.9511 0.3090 0.0000
vn -0.9511 0.3090 0.0000
vn -0.9511 0.3090 0.0000
vn -0.9511 0.3090 0.0000
vn -0.5878 0.8090 0.0000
vn -0.5878 0.8090 0.0000
vn -0.5878 0.8090 0.0000
vn -0.5878 0.8090 0.0000
vn 0.0000 1.0000 0.0000
vn 0.0000 1.0000 0.0000
vn -0.0000 -0.0000 1.0000
vn 0.0000 0.0000 -1.0000
vn 0.0000 1.0000 0.0000
vn 0.0000 1.0000 0.0000
vn 0.5878 0.8090 0.0000
vn 0.5878 0.8090 0.0000
vn 0.5878 0.8090 0.0000
vn 0.5878 0.8090 0.0000
vn 0.9511 0.3090 0.0000
vn 0.9511 0.3090 0.0000
vn 0.9511 0.3090 0.0000
vn 0.9511 0.3090 0.0000
vn 0.9511 -0.3090 0.0000
vn 0.9511 -0.3090 0.0000
vn 0.9511 -0.3090 0.0000
vn 0.9511 -0.3090 0.0000
vn 0.5878 -0.8090 0.0000
vn 0.5878 -0.8090 0.0000
vn 0.5878 -0.8090 0.0000
vn 0.5878 -0.8090 0.0000
vn 0.0000 -1.0000 0.0000
vn 0.0000 -1.0000 0.0000
vn 0.0000 -1.0000 0.0000
vn 0.0000 -1.0000 0.0000
vn -0.5878 -0.8090 -0.0000
vn -0.5878 -0.8090 -0.0000
vn -0.5878 -0.8090 -0.0000
vn -0.5878 -0.8090 -0.0000
vn -0.9511 -0.3090 -0.0000
vn -0.9511 -0.3090 -0.0000
vn -0.9511 -0.3090 -0.0000
vn -0.9511 -0.3090 -0.0000
vn -0.9511 0.3090 0.0000
vn -0.9511 0.3090 0.0000
vn -0.9511 0.3090 0.0000
vn -0.9511 0.3090 0.0000
vn -0.5878 0.8090 0.0000
vn -0.5878 0.8090 0.0000
vn -0.5878 0.8090 0.0000
vn -0.5878 0.8090 0.0000
vn 0.0000 1.0000 0.0000
vn 0.0000 1.0000 0.0000
vn -0.0000 -0.0000 1.0000
vn 0.0000 0.0000 -1.0000
vn 0.0000 1.0000 0.0000
vn 0.0000 1.0000 0.0000
vn 0.5878 0.8090 0.0000
vn 0.5878 0.8090 0.0000
vn 0.5878 0.8090 0.0000
vn 0.5878 0.8090 0.0000
vn 0.9511 0.3090 0.0000
vn 0.9511 0.3090 0.0000
vn 0.9511 0.3090 0.0000
vn 0.9511 0.3090 0.0000
vn 0.9511 -0.3090 0.0000
vn 0.9511 -0.3090 0.0000
vn 0.9511 -0.3090 0.0000
vn 0.9511 -0.3090 0.0000
vn 0.5878 -0.8090 0.0000
vn 0.5878 -0.8090 0.0000
vn 0.5878 -0.8090 0.0000
vn 0.5878 -0.8090 0.0000
vn 0.0000 -1.0000 0.0000
vn 0.0000 -1.0000 0.0000
vn 0.0000 -1.0000 0.0000
vn 0.0000 -1.0000 0.0000
vn -0.5878 -0.8090 -0.0000
vn -0.5878 -0.8090 -0.0000
vn -0.5878 -0.8090 -0.0000
vn -0.5878 -0.8090 -0.0000
vn -0.9511 -0.3090 -0.0000
vn -0.9511 -0.3090 -0.0000
vn -0.9511 -0.3090 -0.0000
vn -0.9511 -0.3090 -0.0000
vn -0.9511 0.3090 0.0000
vn -0.9511 0.3090 0.0000
vn -0.9511 0.3090 0.0000
vn -0.9511 0.3090 0.0000
vn -0.5878 0.8090 0.0000
vn -0.5878 0.8090 0.0000
vn -0.5878 0.8090 0.0000
vn -0.5878 0.8090 0.0000
vn 0.0000 1.0000 0.0000
vn 0.0000 1.0000 0.0000
vn -0.0000 -0.0000 1.0000
vn 0.0000 0.0000 -1.0000
vn 0.0000 1.0000 0.0000
vn 0.0000 1.0000 0.0000
vn 0.5878 0.8090 0.0000
vn 0.5878 0.8090 0.0000
vn 0.5878 0.8090 0.0000
vn 0.5878 0.8090 0.0000
vn 0.9511 0.3090 0.0000
vn 0.9511 0.3090 0.0000
vn 0.9511 0.3090 0.0000
vn 0.9511 0.3090 0.0000
vn 0.9511 -0.3090 0.0000
vn 0.9511 -0.3090 0.0000
vn 0.9511 -0.3090 0.0000
vn 0.9511 -0.3090 0.0000
vn 0.5878 -0.8090 0.0000
vn 0.5878 -0.8090 0.0000
vn 0.5878 -0.8090 0.0000
vn 0.5878 -0.8090 0.0000
vn 0.0000 -1.0000 0.0000
vn 0.0000 -1.0000 0.0000
vn 0.0000 -1.0000 0.0000
vn 0.0000 -1.0000 0.0000
vn -0.5878 -0.8090 -0.0000
vn -0.5878 -0.8090 -0.0000
vn -0.5878 -0.8090 -0.0000
vn -0.5878 -0.8090 -0.0000
vn -0.9511 -0.3090 -0.0000
vn -0.9511 -0.3090 -0.0000
vn -0.9511 -0.3090 -0.0000
vn -0.9511 -0.3090 -0.0000
vn -0.9511 0.3090 0.0000
vn -0.9511 0.3090 0.0000
vn -0.9511 0.3090 0.0000
vn -0.9511 0.3090 0.0000
vn -0.5878 0.8090 0.0000
vn -0.5878 0.8090 0.0000
vn -0.5878 0.8090 0.0000
vn -0.5878 0.8090 0.0000
vn 0.0000 1.0000 0.0000
vn 0.0000 1.0000 0.0000
vn -0.0000 -0.0000 1.0000
vn 0.0000 0.0000 -1.0000
vn 0.0000 1.0000 0.0000
vn 0.0000 1.0000 0.0000
vn 0.5878 0.8090 0.0000
vn 0.5878 0.8090 0.0000
vn 0.5878 0.8090 0.0000
vn 0.5878 0.8090 0.0000
vn 0.9511 0.3090 0.0000
vn 0.9511 0.3090 0.0000
vn 0.9511 0.3090 0.0000
vn 0.9511 0.3090 0.0000
vn 0.9511 -0.3090 0.0000
vn 0.9511 -0.3090 0.0000
vn 0.9511 -0.3090 0.0000
vn 0.9511 -0.3090 0.0000
vn 0.5878 -0.8090 0.0000
vn 0.5878 -0.8090 0.0000
vn 0.5878 -0.8090 0.0000
vn 0.5878 -0.8090 0.0000
vn 0.0000 -1.0000 0.0000
vn 0.0000 -1.0000 0.0000
vn 0.0000 -1.0000 0.0000
vn 0.0000 -1.0000 0.0000
vn -0.5878 -0.8090 -0.0000
vn -0.5878 -0.8090 -0.0000
vn -0.5878 -0.8090 -0.0000
vn -0.5878 -0.8090 -0.0000
vn -0.9511 -0.3090 -0.0000
vn -0.9511 -0.3090 -0.0000
vn -0.9511 -0.3090 -0.0000
vn -0.9511 -0.3090 -0.0000
vn -0.9511 0.3090 0.0000
vn -0.9511 0.3090 0.0000
vn -0.9511 0.3090 0.0000
vn -0.9511 0.3090 0.0000
vn -0.5878 0.8090 0.0000
vn -0.5878 0.8090 0.0000
vn -0.5878 0.8090 0.0000
vn -0.5878 0.8090 0.0000
vn 0.0000 1.0000 0.0000
vn 0.0000 1.0000 0.0000
vn -0.0000 -0.0000 1.0000
vn 0.0000 0.0000 -1.0000
vn 0.0000 1.0000 0.0000
vn 0.0000 1.0000 0.0000
vn 0.5878 0.8090 0.0000
vn 0.5878 0.8090 0.0000
vn 0.5878 0.8090 0.0000
vn 0.5878 0.8090 0.0000
vn 0.9511 0.3090 0.0000
vn 0.9511 0.3090 0.0000
vn 0.9511 0.3090 0.0000
vn 0.9511 0.3090 0.0000
vn 0.9511 -0.3090 0.0000
vn 0.9511 -0.3090 0.0000
vn 0.9511 -0.3090 0.0000
vn 0.9511 -0.3090 0.0000
vn 0.5878 -0.8090 0.0000
vn 0.5878 -0.8090 0.0000
vn 0.5878 -0.8090 0.0000
vn 0.5878 -0.8090 0.0000
vn 0.0000 -1.0000 0.0000
vn 0.0000 -1.0000 0.0000
vn 0.0000 -1.0000 0.0000
vn 0.0000 -1.0000 0.0000
vn -0.5878 -0.8090 -0.0000
vn -0.5878 -0.8090 -0.0000
vn -0.5878 -0.8090 -0.0000
vn -0.5878 -0.8090 -0.0000
vn -0.9511 -0.3090 -0.0000
vn -0.9511 -0.3090 -0.0000
vn -0.9511 -0.3090 -0.0000
vn -0.9511 -0.3090 -0.0000
vn -0.9511 0.3090 0.0000
vn -0.9511 0.3090 0.0000
vn -0.9511 0.3090 0.0000
vn -0.9511 0.3090 0.0000
vn -0.5878 0.8090 0.0000
vn -0.5878 0.8090 0.0000
vn -0.5878 0.8090 0.0000
vn -0.5878 0.8090 0.0000
vn 0.0000 1.0000 0.0000
vn 0.0000 1.0000 0.0000
vn -0.0000 -0.0000 1.0000
vn 0.0000 0.0000 -1.0000
vn 0.0000 1.0000 0.0000
vn 0.0000 1.0000 0.0000
vn 0.5878 0.8090 0.0000
vn 0.5878 0.8090 0.0000
vn 0.5878 0.8090 0.0000
vn 0.5878 0.8090 0.0000
vn 0.9511 0.3090 0.0000
vn 0.9511 0.3090 0.0000
vn 0.9511 0.3090 0.0000
vn 0.9511 0.3090 0.0000
vn 0.9511 -0.3090 0.0000
vn 0.9511 -0.3090 0.0000
vn 0.9511 -0.3090 0.0000
vn 0.9511 -0.3090 0.0000
vn 0.5878 -0.8090 0.0000
vn 0.5878 -0.8090 0.0000
vn 0.5878 -0.8090 0.0000
vn 0.5878 -0.8090 0.0000
vn 0.0000 -1.0000 0.0000
vn 0.0000 -1.0000 0.0000
vn 0.0000 -1.0000 0.0000
vn 0.0000 -1.0000 0.0000
vn -0.5878 -0.8090 -0.0000
vn -0.5878 -0.8090 -0.0000
vn -0.5878 -0.8090 -0.0000
vn -0.5878 -0.8090 -0.0000
vn -0.9511 -0.3090 -0.0000
vn -0.9511 -0.3090 -0.0000
vn -0.9511 -0.3090 -0.0000
vn -0.9511 -0.3090 -0.0000
vn -0.9511 0.3090 0.0000
vn -0.9511 0.3090 0.0000
vn -0.9511 0.3090 0.0000
vn -0.9511 0.3090 0.0000
vn -0.5878 0.8090 0.0000
vn -0.5878 0.8090 0.0000
vn -0.5878 0.8090 0.0000
vn -0.5878 0.8090 0.0000
vn 0.0000 1.0000 0.0000
vn 0.0000 1.0000 0.0000
vn -0.0000 -0.0000 1.0000
vn 0.0000 0.0000 -1.0000
vn 0.0000 1.0000 0.0000
vn 0.0000 1.0000 0.0000
vn 0.5878 0.8090 0.0000
vn 0.5878 0.8090 0.0000
vn 0.5878 0.8090 0.0000
vn 0.5878 0.8090 0.0000
vn 0.9511 0.3090 0.0000
vn 0.9511 0.3090 0.0000
vn 0.9511 0.3090 0.0000
vn 0.9511 0.3090 0.0000
vn 0.9511 -0.3090 0.0000
vn 0.9511 -0.3090 0.0000
vn 0.9511 -0.3090 0.0000
vn 0.9511 -0.3090 0.0000
vn 0.5878 -0.8090 0.0000
vn 0.5878 -0.8090 0.0000
vn 0.5878 -0.8090 0.0000
vn 0.5878 -0.8090 0.0000
vn 0.0000 -1.0000 0.0000
vn 0.0000 -1.0000 0.0000
vn 0.0000 -1.0000 0.0000
vn 0.0000 -1.0000 0.0000
vn -0.5878 -0.8090 -0.0000
vn -0.5878 -0.8090 -0.0000
vn -0.5878 -0.8090 -0.0000
vn -0.5878 -0.8090 -0.0000
vn -0.9511 -0.3090 -0.0000
vn -0.9511 -0.3090 -0.0000
vn -0.9511 -0.3090 -0.0000
vn -0.9511 -0.3090 -0.0000
vn -0.9511 0.3090 0.0000
vn -0.9511 0.3090 0.0000
vn -0.9511 0.3090 0.0000
vn -0.9511 0.3090 0.0000
vn -0.5878 0.8090 0.0000
vn -0.5878 0.8090 0.0000
vn -0.5878 0.8090 0.0000
vn -0.5878 0.8090 0.0000
vn 0.0000 1.0000 0.0000
vn 0.0000 1.0000 0.0000
vn -0.0000 -0.0000 1.0000
vn 0.0000 0.0000 -1.0000
vn 0.0000 1.0000 0.0000
vn 0.0000 1.0000 0.0000
vn 0.5878 0.8090 0.0000
vn 0.5878 0.8090 0.0000
vn 0.5878 0.8090 0.0000
vn 0.5878 0.8090 0.0000
vn 0.9511 0.3090 0.0000
vn 0.9511 0.3090 0.0000
vn 0.9511 0.3090 0.0000
vn 0.9511 0.3090 0.0000
vn 0.9511 -0.3090 0.0000
vn 0.9511 -0.3090 0.0000
vn 0.9511 -0.3090 0.0000
vn 0.9511 -0.3090 0.0000
vn 0.5878 -0.8090 0.0000
vn 0.5878 -0.8090 0.0000
vn 0.5878 -0.8090 0.0000
vn 0.5878 -0.8090 0.0000
vn 0.0000 -1.0000 0.0000
vn 0.0000 -1.0000 0.0000
vn 0.0000 -1.0000 0.0000
vn 0.0000 -1.0000 0.0000
vn -0.5878 -0.8090 -0.0000
vn -0.5878 -0.8090 -0.0000
vn -0.5878 -0.8090 -0.0000
vn -0.5878 -0.8090 -0.0000
vn -0.9511 -0.3090 -0.0000
vn -0.9511 -0.3090 -0.0000
vn -0.9511 -0.3090 -0.0000
vn -0.9511 -0.3090 -0.0000
vn -0.9511 0.3090 0.0000
vn -0.9511 0.3090 0.0000
vn -0.9511 0.3090 0.0000
vn -0.9511 0.3090 0.0000
vn -0.5878 0.8090 0.0000
vn -0.5878 0.8090 0.0000
vn -0.5878 0.8090 0.0000
vn -0.5878 0.8090 0.0000
vn 0.0000 1.0000 0.0000
vn 0.0000 1.0000 0.0000
vn -0.0000 -0.0000 1.0000
vn 0.0000 0.0000 -1.0000
vn 0.0000 1.0000 0.0000
vn 0.0000 1.0000 0.0000
vn 0.5878 0.8090 0.0000
vn 0.5878 0.8090 0.0000
vn 0.5878 0.8090 0.0000
vn 0.5878 0.8090 0.0000
vn 0.9511 0.3090 0.0000
vn 0.9511 0.3090 0.0000
vn 0.9511 0.3090 0.0000
vn 0.9511 0.3090 0.0000
vn 0.9511 -0.3090 0.0000
vn 0.9511 -0.3090 0.0000
vn 0.9511 -0.3090 0.0000
vn 0.9511 -0.3090 0.0000
vn 0.5878 -0.8090 0.0000
vn 0.5878 -0.8090 0.0000
vn 0.5878 -0.8090 0.0000
vn 0.5878 -0.8090 0.0000
vn 0.0000 -1.0000 0.0000
vn 0.0000 -1.0000 0.0000
vn 0.0000 -1.0000 0.0000
vn 0.0000 -1.0000 0.0000
vn -0.5878 -0.8090 -0.0000
vn -0.5878 -0.8090 -0.0000
vn -0.5878 -0.8090 -0.0000
vn -0.5878 -0.8090 -0.0000
vn -0.9511 -0.3090 -0.0000
vn -0.9511 -0.3090 -0.0000
vn -0.9511 -0.3090 -0.0000
vn -0.9511 -0.3090 -0.0000
vn -0.9511 0.3090 0.0000
vn -0.9511 0.3090 0.0000
vn -0.9511 0.3090 0.0000
vn -0.9511 0.3090 0.0000
vn -0.5878 0.8090 0.0000
vn -0.5878 0.8090 0.0000
vn -0.5878 0.8090 0.0000
vn -0.5878 0.8090 0.0000
vn 0.0000 1.0000 0.0000
vn 0.0000 1.0000 0.0000
vn -0.0000 -0.0000 1.0000
vn 0.0000 0.0000 -1.0000
vn 0.0000 1.0000 0.0000
vn 0.0000 1.0000 0.0000
vn 0.5878 0.8090 0.0000
vn 0.5878 0.8090 0.0000
vn 0.5878 0.8090 0.0000
vn 0.5878 0.8090 0.0000
vn 0.9511 0.3090 0.0000
vn 0.9511 0.3090 0.0000
vn 0.9511 0.3090 0.0000
vn 0.9511 0.3090 0.0000
vn 0.9511 -0.3090 0.0000
vn 0.9511 -0.3090 0.0000
vn 0.9511 -0.3090 0.0000
vn 0.9511 -0.3090 0.0000
vn 0.5878 -0.8090 0.0000
vn 0.5878 -0.8090 0.0000
vn 0.5878 -0.8090 0.0000
vn 0.5878 -0.8090 0.0000
vn 0.0000 -1.0000 0.0000
vn 0.0000 -1.0000 0.0000
vn 0.0000 -1.0000 0.0000
vn 0.0000 -1.0000 0.0000
vn -0.5878 -0.8090 -0.0000
vn -0.5878 -0.8090 -0.0000
vn -0.5878 -0.8090 -0.0000
vn -0.5878 -0.8090 -0.0000
vn -0.9511 -0.3090 -0.0000
vn -0.9511 -0.3090 -0.0000
vn -0.9511 -0.3090 -0.0000
vn -0.9511 -0.3090 -0.0000
vn -0.9511 0.3090 0.0000
vn -0.9511 0.3090 0.0000
vn -0.9511 0.3090 0.0000
vn -0.9511 0.3090 0.0000
vn -0.5878 0.8090 0.0000
vn -0.5878 0.8090 0.0000
vn -0.5878 0.8090 0.0000
vn -0.5878 0.8090 0.0000
vn 0.0000 1.0000 0.0000
vn 0.0000 1.0000 0.0000
vn -0.0000 -0.0000 1.0000
vn 0.0000 0.0000 -1.0000
vn 0.0000 1.0000 0.0000
vn 0.0000 1.0000 0.0000
vn 0.5878 0.8090 0.0000
vn 0.5878 0.8090 0.0000
vn 0.5878 0.8090 0.0000
vn 0.5878 0.8090 0.0000
vn 0.9511 0.3090 0.0000
vn 0.9511 0.3090 0.0000
vn 0.9511 0.3090 0.0000
vn 0.9511 0.3090 0.0000
vn 0.9511 -0.3090 0.0000
vn 0.9511 -0.3090 0.0000
vn 0.9511 -0.3090 0.0000
vn 0.9511 -0.3090 0.0000
vn 0.5878 -0.8090 0.0000
vn 0.5878 -0.8090 0.0000
vn 0.5878 -0.8090 0.0000
vn 0.5878 -0.8090 0.0000
vn 0.0000 -1.0000 0.0000
vn 0.0000 -1.0000 0.0000
vn 0.0000 -1.0000 0.0000
vn 0.0000 -1.0000 0.0000
vn -0.5878 -0.8090 -0.0000
vn -0.5878 -0.8090 -0.0000
vn -0.5878 -0.8090 -0.0000
vn -0.5878 -0.8090 -0.0000
vn -0.9511 -0.3090 -0.0000
vn -0.9511 -0.3090 -0.0000
vn -0.9511 -0.3090 -0.0000
vn -0.9511 -0.3090 -0.0000
vn -0.9511 0.3090 0.0000
vn -0.9511 0.3090 0.0000
vn -0.9511 0.3090 0.0000
vn -0.9511 0.3090 0.0000
vn -0.5878 0.8090 0.0000
vn -0.5878 0.8090 0.0000
vn -0.5878 0.8090 0.0000
vn -0.5878 0.8090 0.0000
vn 0.0000 1.0000 0.0000
vn 0.0000 1.0000 0.0000
vn -0.0000 -0.0000 1.0000
vn 0.0000 0.0000 -1.0000
vn 0.0000 1.0000 0.0000
vn 0.0000 1.0000 0.0000
vn 0.5878 0.8090 0.0000
vn 0.5878 0.8090 0.0000
vn 0.5878 0.8090 0.0000
vn 0.5878 0.8090 0.0000
vn 0.9511 0.3090 0.0000
vn 0.9511 0.3090 0.0000
vn 0.9511 0.3090 0.0000
vn 0.9511 0.3090 0.0000
vn 0.9511 -0.3090 0.0000
vn 0.9511 -0.3090 0.0000
vn 0.9511 -0.3090 0.0000
vn 0.9511 -0.3090 0.0000
vn 0.5878 -0.8090 0.0000
vn 0.5878 -0.8090 0.0000
vn 0.5878 -0.8090 0.0000
vn 0.5878 -0.8090 0.0000
vn 0.0000 -1.0000 0.0000
vn 0.0000 -1.0000 0.0000
vn 0.0000 -1.0000 0.0000
vn 0.0000 -1.0000 0.0000
vn -0.5878 -0.8090 -0.0000
vn -0.5878 -0.8090 -0.0000
vn -0.5878 -0.8090 -0.0000
vn -0.5878 -0.8090 -0.0000
vn -0.9511 -0.3090 -0.0000
vn -0.9511 -0.3090 -0.0000
vn -0.9511 -0.3090 -0.0000
vn -0.9511 -0.3090 -0.0000
vn -0.9511 0.3090 0.0000
vn -0.9511 0.3090 0.0000
vn -0.9511 0.3090 0.0000
vn -0.9511 0.3090 0.0000
vn -0.5878 0.8090 0.0000
vn -0.5878 0.8090 0.0000
vn -0.5878 0.8090 0.0000
vn -0.5878 0.8090 0.0000
vn 0.0000 1.0000 0.0000
vn 0.0000 1.0000 0.0000
vn -0.0000 -0.0000 1.0000
vn 0.0000 0.0000 -1.0000
vn 0.0000 1.0000 0.0000
vn 0.0000 1.0000 0.0000
vn 0.5878 0.8090 0.0000
vn 0.5878 0.8090 0.0000
vn 0.5878 0.8090 0.0000
vn 0.5878 0.8090 0.0000
vn 0.9511 0.3090 0.0000
vn 0.9511 0.3090 0.0000
vn 0.9511 0.3090 0.0000
vn 0.9511 0.3090 0.0000
vn 0.9511 -0.3090 0.0000
vn 0.9511 -0.3090 0.0000
vn 0.9511 -0.3090 0.0000
vn 0.9511 -0.3090 0.0000
vn 0.5878 -0.8090 0.0000
vn 0.5878 -0.8090 0.0000
vn 0.5878 -0.8090 0.0000
vn 0.5878 -0.8090 0.0000
vn 0.0000 -1.0000 0.0000
vn 0.0000 -1.0000 0.0000
vn 0.0000 -1.0000 0.0000
vn 0.0000 -1.0000 0.0000
vn -0.5878 -0.8090 -0.0000
vn -0.5878 -0.8090 -0.0000
vn -0.5878 -0.8090 -0.0000
vn -0.5878 -0.8090 -0.0000
vn -0.9511 -0.3090 -0.0000
vn -0.9511 -0.3090 -0.0000
vn -0.9511 -0.3090 -0.0000
vn -0.9511 -0.3090 -0.0000
vn -0.9511 0.3090 0.0000
vn -0.9511 0.3090 0.0000
vn -0.9511 0.3090 0.0000
vn -0.9511 0.3090 0.0000
vn -0.5878 0.8090 0.0000
vn -0.5878 0.8090 0.0000
vn -0.5878 0.8090 0.0000
vn -0.5878 0.8090 0.0000
vn 0.0000 1.0000 0.0000
vn 0.0000 1.0000 0.0000
vn -0.0000 -0.0000 1.0000
vn 0.0000 0.0000 -1.0000
vn 0.0000 1.0000 0.0000
vn 0.0000 1.0000 0.0000
vn 0.5878 0.8090 0.0000
vn 0.5878 0.8090 0.0000
vn 0.5878 0.8090 0.0000
vn 0.5878 0.8090 0.0000
vn 0.9511 0.3090 0.0000
vn 0.9511 0.3090 0.0000
vn 0.9511 0.3090 0.0000
vn 0.9511 0.3090 0.0000
vn 0.9511 -0.3090 0.0000
vn 0.9511 -0.3090 0.0000
vn 0.9511 -0.3090 0.0000
vn 0.9511 -0.3090 0.0000
vn 0.5878 -0.8090 0.0000
vn 0.5878 -0.8090 0.0000
vn 0.5878 -0.8090 0.0000
vn 0.5878 -0.8090 0.0000
vn 0.0000 -1.0000 0.0000
vn 0.0000 -1.0000 0.0000
vn 0.0000 -1.0000 0.0000
vn 0.0000 -1.0000 0.0000
vn -0.5878 -0.8090 -0.0000
vn -0.5878 -0.8090 -0.0000
vn -0.5878 -0.8090 -0.0000
vn -0.5878 -0.8090 -0.0000
vn -0.9511 -0.3090 -0.0000
vn -0.9511 -0.3090 -0.0000
vn -0.9511 -0.3090 -0.0000
vn -0.9511 -0.3090 -0.0000
vn -0.9511 0.3090 0.0000
vn -0.9511 0.3090 0.0000
vn -0.9511 0.3090 0.0000
vn -0.9511 0.3090 0.0000
vn -0.5878 0.8090 0.0000
vn -0.5878 0.8090 0.0000
vn -0.5878 0.8090 0.0000
vn -0.5878 0.8090 0.0000
vn 0.0000 1.0000 0.0000
vn 0.0000 1.0000 0.0000
vn -0.0000 -0.0000 1.0000
vn 0.0000 0.0000 -1.0000
vn 0.0000 1.0000 0.0000
vn 0.0000 1.0000 0.0000
vn 0.5878 0.8090 0.0000
vn 0.5878 0.8090 0.0000
vn 0.5878 0.8090 0.0000
vn 0.5878 0.8090 0.0000
vn 0.9511 0.3090 0.0000
vn 0.9511 0.3090 0.0000
vn 0.9511 0.3090 0.0000
vn 0.9511 0.3090 0.0000
vn 0.9511 -0.3090 0.0000
vn 0.9511 -0.3090 0.0000
vn 0.9511 -0.3090 0.0000
vn 0.9511 -0.3090 0.0000
vn 0.5878 -0.8090 0.0000
vn 0.5878 -0.8090 0.0000
vn 0.5878 -0.8090 0.0000
vn 0.5878 -0.8090 0.0000
vn 0.0000 -1.0000 0.0000
vn 0.0000 -1.0000 0.0000
vn 0.0000 -1.0000 0.0000
vn 0.0000 -1.0000 0.0000
vn -0.5878 -0.8090 -0.0000
vn -0.5878 -0.8090 -0.0000
vn -0.5878 -0.8090 -0.0000
vn -0.5878 -0.8090 -0.0000
vn -0.9511 -0.3090 -0.0000
vn -0.9511 -0.3090 -0.0000
vn -0.9511 -0.3090 -0.0000
vn -0.9511 -0.3090 -0.0000
vn -0.9511 0.3090 0.0000
vn -0.9511 0.3090 0.0000
vn -0.9511 0.3090 0.0000
vn -0.9511 0.3090 0.0000
vn -0.5878 0.8090 0.0000
vn -0.5878 0.8090 0.0000
vn -0.5878 0.8090 0.0000
vn -0.5878 0.8090 0.0000
vn 0.0000 1.0000 0.0000
vn 0.0000 1.0000 0.0000
vn -0.0000 -0.0000 1.0000
vn 0.0000 0.0000 -1.0000
vn 0.0000 1.0000 0.0000
vn 0.0000 1.0000 0.0000
vn 0.5878 0.8090 0.0000
vn 0.5878 0.8090 0.0000
vn 0.5878 0.8090 0.0000
vn 0.5878 0.8090 0.0000
vn 0.9511 0.3090 0.0000
vn 0.9511 0.3090 0.0000
vn 0.9511 0.3090 0.0000
vn 0.9511 0.3090 0.0000
vn 0.9511 -0.3090 0.0000
vn 0.9511 -0.3090 0.0000
vn 0.9511 -0.3090 0.0000
vn 0.9511 -0.3090 0.0000
vn 0.5878 -0.8090 0.0000
vn 0.5878 -0.8090 0.0000
vn 0.5878 -0.8090 0.0000
vn 0.5878 -0.8090 0.0000
vn 0.0000 -1.0000 0.0000
vn 0.0000 -1.0000 0.0000
vn 0.0000 -1.0000 0.0000
vn 0.0000 -1.0000 0.0000
vn -0.5878 -0.8090 -0.0000
vn -0.5878 -0.8090 -0.0000
vn -0.5878 -0.8090 -0.0000
vn -0.5878 -0.8090 -0.0000
vn -0.9511 -0.3090 -0.0000
vn -0.9511 -0.3090 -0.0000
vn -0.9511 -0.3090 -0.0000
vn -0.9511 -0.3090 -0.0000
vn -0.9511 0.3090 0.0000
vn -0.9511 0.3090 0.0000
vn -0.9511 0.3090 0.0000
vn -0.9511 0.3090 0.0000
vn -0.5878 0.8090 0.0000
vn -0.5878 0.8090 0.0000
vn -0.5878 0.8090 0.0000
vn -0.5878 0.8090 0.0000
vn 0.0000 1.0000 0.0000
vn 0.0000 1.0000 0.0000
vn -0.0000 -0.0000 1.0000
vn 0.0000 0.0000 -1.0000
vn 0.0000 1.0000 0.0000
vn 0.0000 1.0000 0.0000
vn 0.5878 0.8090 0.0000
vn 0.5878 0.8090 0.0000
vn 0.5878 0.8090 0.0000
vn 0.5878 0.8090 0.0000
vn 0.9511 0.3090 0.0000
vn 0.9511 0.3090 0.0000
vn 0.9511 0.3090 0.0000
vn 0.9511 0.3090 0.0000
vn 0.9511 -0.3090 0.0000
vn 0.9511 -0.3090 0.0000
vn 0.9511 -0.3090 0.0000
vn 0.9511 -0.3090 0.0000
vn 0.5878 -0.8090 0.0000
vn 0.5878 -0.8090 0.0000
vn 0.5878 -0.8090 0.0000
vn 0.5878 -0.8090 0.0000
vn 0.0000 -1.0000 0.0000
vn 0.0000 -1.0000 0.0000
vn 0.0000 -1.0000 0.0000
vn 0.0000 -1.0000 0.0000
vn -0.5878 -0.8090 -0.0000
vn -0.5878 -0.8090 -0.0000
vn -0.5878 -0.8090 -0.0000
vn -0.5878 -0.8090 -0.0000
vn -0.9511 -0.3090 -0.0000
vn -0.9511 -0.3090 -0.0000
vn -0.9511 -0.3090 -0.0000
vn -0.9511 -0.3090 -0.0000
vn -0.9511 0.3090 0.0000
vn -0.9511 0.3090 0.0000
vn -0.9511 0.3090 0.0000
vn -0.9511 0.3090 0.0000
vn -0.5878 0.8090 0.0000
vn -0.5878 0.8090 0.0000
vn -0.5878 0.8090 0.0000
vn -0.5878 0.8090 0.0000
vn 0.0000 1.0000 0.0000
vn 0.0000 1.0000 0.0000
vn -0.0000 -0.0000 1.0000
vn 0.0000 0.0000 -1.0000
vn 0.0000 1.0000 0.0000
vn 0.0000 1.0000 0.0000
vn 0.5878 0.8090 0.0000
vn 0.5878 0.8090 0.0000
vn 0.5878 0.8090 0.0000
vn 0.5878 0.8090 0.0000
vn 0.9511 0.3090 0.0000
vn 0.9511 0.3090 0.0000
vn 0.9511 0.3090 0.0000
vn 0.9511 0.3090 0.0000
vn 0.9511 -0.3090 0.0000
vn 0.9511 -0.3090 0.0000
vn 0.9511 -0.3090 0.0000
vn 0.9511 -0.3090 0.0000
vn 0.5878 -0.8090 0.0000
vn 0.5878 -0.8090 0.0000
vn 0.5878 -0.8090 0.0000
vn 0.5878 -0.8090 0.0000
vn 0.0000 -1.0000 0.0000
vn 0.0000 -1.0000 0.0000
vn 0.0000 -1.0000 0.0000
vn 0.0000 -1.0000 0.0000
vn -0.5878 -0.8090 -0.0000
vn -0.5878 -0.8090 -0.0000
vn -0.5878 -0.8090 -0.0000
vn -0.5878 -0.8090 -0.0000
vn -0.9511 -0.3090 -0.0000
vn -0.9511 -0.3090 -0.0000
vn -0.9511 -0.3090 -0.0000
vn -0.9511 -0.3090 -0.0000
vn -0.9511 0.3090 0.0000
vn -0.9511 0.3090 0.0000
vn -0.9511 0.3090 0.0000
vn -0.9511 0.3090 0.0000
vn -0.5878 0.8090 0.0000
vn -0.5878 0.8090 0.0000
vn -0.5878 0.8090 0.0000
vn -0.5878 0.8090 0.0000
vn 0.0000 1.0000 0.0000
vn 0.0000 1.0000 0.0000
vn -0.0000 -0.0000 1.0000
vn 0.0000 0.0000 -1.0000
vn 0.0000 1.0000 0.0000
vn 0.0000 1.0000 0.0000
vn 0.5878 0.8090 0.0000
vn 0.5878 0.8090 0.0000
vn 0.5878 0.8090 0.0000
vn 0.5878 0.8090 0.0000
vn 0.9511 0.3090 0.0000
vn 0.9511 0.3090 0.0000
vn 0.9511 0.3090 0.0000
vn 0.9511 0.3090 0.0000
vn 0.9511 -0.3090 0.0000
vn 0.9511 -0.3090 0.0000
vn 0.9511 -0.3090 0.0000
vn 0.9511 -0.3090 0.0000
vn 0.5878 -0.8090 0.0000
vn 0.5878 -0.8090 0.0000
vn 0.5878 -0.8090 0.0000
vn 0.5878 -0.8090 0.0000
vn 0.0000 -1.0000 0.0000
vn 0.0000 -1.0000 0.0000
vn 0.0000 -1.0000 0.0000
vn 0.0000 -1.0000 0.0000
vn -0.5878 -0.8090 -0.0000
vn -0.5878 -0.8090 -0.0000
vn -0.5878 -0.8090 -0.0000
vn -0.5878 -0.8090 -0.0000
vn -0.9511 -0.3090 -0.0000
vn -0.9511 -0.3090 -0.0000
vn -0.9511 -0.3090 -0.0000
vn -0.9511 -0.3090 -0.0000
vn -0.9511 0.3090 0.0000
vn -0.9511 0.3090 0.0000
vn -0.9511 0.3090 0.0000
vn -0.9511 0.3090 0.0000
vn -0.5878 0.8090 0.0000
vn -0.5878 0.8090 0.0000
vn -0.5878 0.8090 0.0000
vn -0.5878 0.8090 0.0000
vn 0.0000 1.0000 0.0000
vn 0.0000 1.0000 0.0000
vn -0.0000 -0.0000 1.0000
vn 0.0000 0.0000 -1.0000
f 1//1 2//2 3//3
f 1//1 3//3 4//4
f 5//5 6//6 7//7
f 5//5 7//7 8//8
f 9//9 10//10 11//11
f 9//9 11//11 12//12
f 13//13 14//14 15//15
f 13//13 15//15 16//16
f 17//17 18//18 19//19
f 17//17 19//19 20//20
f 21//21 22//22 23//23
f 21//21 23//23 24//24
f 25//25 26//26 27//27
f 25//25 27//27 28//28
f 29//29 30//30 31//31
f 29//29 31//31 32//32
f 33//33 34//34 35//35
f 33//33 35//35 36//36
f 37//37 38//38 39//39
f 37//37 39//39 40//40
f 41//41 42//41 43//41
f 41//41 44//41 45//41
f 41//41 46//41 47//41
f 41//41 48//41 49//41
f 41//41 50//41 51//41
f 41//41 52//41 53//41
f 41//41 54//41 55//41
f 41//41 56//41 57//41
f 41//41 58//41 59//41
f 41//41 60//41 61//41
f 62//42 63//42 64//42
f 62//42 65//42 66//42
f 62//42 67//42 68//42
f 62//42 69//42 70//42
f 62//42 71//42 72//42
f 62//42 73//42 74//42
f 62//42 75//42 76//42
f 62//42 77//42 78//42
f 62//42 79//42 80//42
f 62//42 81//42 82//42
f 83//43 84//44 85//45
f 83//43 85//45 86//46
f 87//47 88//48 89//49
f 87//47 89//49 90//50
f 91//51 92//52 93//53
f 91//51 93//53 94//54
f 95//55 96//56 97//57
f 95//55 97//57 98//58
f 99//59 100//60 101//61
f 99//59 101//61 102//62
f 103//63 104//64 105//65
f 103//63 105//65 106//66
f 107//67 108//68 109//69
f 107//67 109//69 110//70
f 111//71 112//72 113//73
f 111//71 113//73 114//74
f 115//75 116//76 117//77
f 115//75 117//77 118//78
f 119//79 120//80 121//81
f 119//79 121//81 122//82
f 123//83 124//83 125//83
f 123//83 126//83 127//83
f 123//83 128//83 129//83
f 123//83 130//83 131//83
f 123//83 132//83 133//83
f 123//83 134//83 135//83
f 123//83 136//83 137//83
f 123//83 138//83 139//83
f 123//83 140//83 141//83
f 123//83 142//83 143//83
f 144//84 145//84 146//84
f 144//84 147//84 148//84
f 144//84 149//84 150//84
f 144//84 151//84 152//84
f 144//84 153//84 154//84
f 144//84 155//84 156//84
f 144//84 157//84 158//84
f 144//84 159//84 160//84
f 144//84 161//84 162//84
f 144//84 163//84 164//84
f 165//85 166//86 167//87
f 165//85 167//87 168//88
f 169//89 170//90 171//91
f 169//89 171//91 172//92
f 173//93 174//94 175//95
f 173//93 175//95 176//96
f 177//97 178//98 179//99
f 177//97 179//99 180//100
f 181//101 182//102 183//103
f 181//101 183//103 184//104
f 185//105 186//106 187//107
f 185//105 187//107 188//108
f 189//109 190//110 191//111
f 189//109 191//111 192//112
f 193//113 194//114 195//115
f 193//113 195//115 196//116
f 197//117 198//118 199//119
f 197//117 199//119 200//120
f 201//121 202//122 203//123
f 201//121 203//123 204//124
f 205//125 206//125 207//125
f 205//125 208//125 209//125
f 205//125 210//125 211//125
f 205//125 212//125 213//125
f 205//125 214//125 215//125
f 205//125 216//125 217//125
f 205//125 218//125 219//125
f 205//125 220//125 221//125
f 205//125 222//125 223//125
f 205//125 224//125 225//125
f 226//126 227//126 228//126
f 226//126 229//126 230//126
f 226//126 231//126 232//126
f 226//126 233//126 234//126
f 226//126 235//126 236//126
f 226//126 237//126 238//126
f 226//126 239//126 240//126
f 226//126 241//126 242//126
f 226//126 243//126 244//126
f 226//126 245//126 246//126
f 247//127 248//128 249//129
f 247//127 249//129 250//130
f 251//131 252//132 253//133
f 251//131 253//133 254//134
f 255//135 256//136 257//137
f 255//135 257//137 258//138
f 259//139 260//140 261//141
f 259//139 261//141 262//142
f 263//143 264//144 265//145
f 263//143 265//145 266//146
f 267//147 268//148 269//149
f 267//147 269//149 270//150
f 271//151 272//152 273//153
f 271//151 273//153 274//154
f 275//155 276//156 277//157
f 275//155 277//157 278//158
f 279//159 280//160 281//161
f 279//159 281//161 282//162
f 283//163 284//164 285//165
f 283//163 285//165 286//166
f 287//167 288//167 289//167
f 287//167 290//167 291//167
f 287//167 292//167 293//167
f 287//167 294//167 295//167
f 287//167 296//167 297//167
f 287//167 298//167 299//167
f 287//167 300//167 301//167
f 287//167 302//167 303//167
f 287//167 304//167 305//167
f 287//167 306//167 307//167
f 308//168 309//168 310//168
f 308//168 311//168 312//168
f 308//168 313//168 314//168
f 308//168 315//168 316//168
f 308//168 317//168 318//168
f 308//168 319//168 320//168
f 308//168 321//168 322//168
f 308//168 323//168 324//168
f 308//168 325//168 326//168
f 308//168 327//168 328//168
f 329//169 330//170 331//171
f 329//169 331//171 332//172
f 333//173 334//174 335//175
f 333//173 335//175 336//176
f 337//177 338//178 339//179
f 337//177 339//179 340//180
f 341//181 342//182 343//183
f 341//181 343//183 344//184
f 345//185 346//186 347//187
f 345//185 347//187 348//188
f 349//189 350//190 351//191
f 349//189 351//191 352//192
f 353//193 354//194 355//195
f 353//193 355//195 356//196
f 357//197 358//198 359//199
f 357//197 359//199 360//200
f 361//201 362//202 363//203
f 361//201 363//203 364//204
f 365//205 366//206 367//207
f 365//205 367//207 368//208
f 369//209 370//209 371//209
f 369//209 372//209 373//209
f 369//209 374//209 375//209
f 369//209 376//209 377//209
f 369//209 378//209 379//209
f 369//209 380//209 381//209
f 369//209 382//209 383//209
f 369//209 384//209 385//209
f 369//209 386//209 387//209
f 369//209 388//209 389//209
f 390//210 391//210 392//210
f 390//210 393//210 394//210
f 390//210 395//210 396//210
f 390//210 397//210 398//210
f 390//210 399//210 400//210
f 390//210 401//210 402//210
f 390//210 403//210 404//210
f 390//210 405//210 406//210
f 390//210 407//210 408//210
f 390//210 409//210 410//210
f 411//211 412//212 413//213
f 411//211 413//213 414//214
f 415//215 416//216 417//217
f 415//215 417//217 418//218
f 419//219 420//220 421//221
f 419//219 421//221 422//222
f 423//223 424//224 425//225
f 423//223 425//225 426//226
f 427//227 428//228 429//229
f 427//227 429//229 430//230
f 431//231 432//232 433//233
f 431//231 433//233 434//234
f 435//235 436//236 437//237
f 435//235 437//237 438//238
f 439//239 440//240 441//241
f 439//239 441//241 442//242
f 443//243 444//244 445//245
f 443//243 445//245 446//246
f 447//247 448//248 449//249
f 447//247 449//249 450//250
f 451//251 452//251 453//251
f 451//251 454//251 455//251
f 451//251 456//251 457//251
f 451//251 458//251 459//251
f 451//251 460//251 461//251
f 451//251 462//251 463//251
f 451//251 464//251 465//251
f 451//251 466//251 467//251
f 451//251 468//251 469//251
f 451//251 470//251 471//251
f 472//252 473//252 474//252
f 472//252 475//252 476//252
f 472//252 477//252 478//252
f 472//252 479//252 480//252
f 472//252 481//252 482//252
f 472//252 483//252 484//252
f 472//252 485//252 486//252
f 472//252 487//252 488//252
f 472//252 489//252 490//252
f 472//252 491//252 492//252
f 493//253 494//254 495//255
f 493//253 495//255 496//256
f 497//257 498//258 499//259
f 497//257 499//259 500//260
f 501//261 502//262 503//263
f 501//261 503//263 504//264
f 505//265 506//266 507//267
f 505//265 507//267 508//268
f 509//269 510//270 511//271
f 509//269 511//271 512//272
f 513//273 514//274 515//275
f 513//273 515//275 516//276
f 517//277 518//278 519//279
f 517//277 519//279 520//280
f 521//281 522//282 523//283
f 521//281 523//283 524//284
f 525//285 526//286 527//287
f 525//285 527//287 528//288
f 529//289 530//290 531//291
f 529//289 531//291 532//292
f 533//293 534//293 535//293
f 533//293 536//293 537//293
f 533//293 538//293 539//293
f 533//293 540//293 541//293
f 533//293 542//293 543//293
f 533//293 544//293 545//293
f 533//293 546//293 547//293
f 533//293 548//293 549//293
f 533//293 550//293 551//293
f 533//293 552//293 553//293
f 554//294 555//294 556//294
f 554//294 557//294 558//294
f 554//294 559//294 560//294
f 554//294 561//294 562//294
f 554//294 563//294 564//294
f 554//294 565//294 566//294
f 554//294 567//294 568//294
f 554//294 569//294 570//294
f 554//294 571//294 572//294
f 554//294 573//294 574//294
f 575//295 576//296 577//297
f 575//295 577//297 578//298
f 579//299 580//300 581//301
f 579//299 581//301 582//302
f 583//303 584//304 585//305
f 583//303 585//305 586//306
f 587//307 588//308 589//309
f 587//307 589//309 590//310
f 591//311 592//312 593//313
f 591//311 593//313 594//314
f 595//315 596//316 597//317
f 595//315 597//317 598//318
f 599//319 600//320 601//321
f 599//319 601//321 602//322
f 603//323 604//324 605//325
f 603//323 605//325 606//326
f 607//327 608//328 609//329
f 607//327 609//329 610//330
f 611//331 612//332 613//333
f 611//331 613//333 614//334
f 615//335 616//335 617//335
f 615//335 618//335 619//335
f 615//335 620//335 621//335
f 615//335 622//335 623//335
f 615//335 624//335 625//335
f 615//335 626//335 627//335
f 615//335 628//335 629//335
f 615//335 630//335 631//335
f 615//335 632//335 633//335
f 615//335 634//335 635//335
f 636//336 637//336 638//336
f 636//336 639//336 640//336
f 636//336 641//336 642//336
f 636//336 643//336 644//336
f 636//336 645//336 646//336
f 636//336 647//336 648//336
f 636//336 649//336 650//336
f 636//336 651//336 652//336
f 636//336 653//336 654//336
f 636//336 655//336 656//336
f 657//337 658//338 659//339
f 657//337 659//339 660//340
f 661//341 662//342 663//343
f 661//341 663//343 664//344
f 665//345 666//346 667//347
f 665//345 667//347 668//348
f 669//349 670//350 671//351
f 669//349 671//351 672//352
f 673//353 674//354 675//355
f 673//353 675//355 676//356
f 677//357 678//358 679//359
f 677//357 679//359 680//360
f 681//361 682//362 683//363
f 681//361 683//363 684//364
f 685//365 686//366 687//367
f 685//365 687//367 688//368
f 689//369 690//370 691//371
f 689//369 691//371 692//372
f 693//373 694//374 695//375
f 693//373 695//375 696//376
f 697//377 698//377 699//377
f 697//377 700//377 701//377
f 697//377 702//377 703//377
f 697//377 704//377 705//377
f 697//377 706//377 707//377
f 697//377 708//377 709//377
f 697//377 710//377 711//377
f 697//377 712//377 713//377
f 697//377 714//377 715//377
f 697//377 716//377 717//377
f 718//378 719//378 720//378
f 718//378 721//378 722//378
f 718//378 723//378 724//378
f 718//378 725//378 726//378
f 718//378 727//378 728//378
f 718//378 729//378 730//378
f 718//378 731//378 732//378
f 718//378 733//378 734//378
f 718//378 735//378 736//378
f 718//378 737//378 738//378
f 739//379 740//380 741//381
f 739//379 741//381 742//382
f 743//383 744//384 745//385
f 743//383 745//385 746//386
f 747//387 748//388 749//389
f 747//387 749//389 750//390
f 751//391 752//392 753//393
f 751//391 753//393 754//394
f 755//395 756//396 757//397
f 755//395 757//397 758//398
f 759//399 760//400 761//401
f 759//399 761//401 762//402
f 763//403 764//404 765//405
f 763//403 765//405 766//406
f 767//407 768//408 769//409
f 767//407 769//409 770//410
f 771//411 772//412 773//413
f 771//411 773//413 774//414
f 775//415 776//416 777//417
f 775//415 777//417 778//418
f 779//419 780//419 781//419
f 779//419 782//419 783//419
f 779//419 784//419 785//419
f 779//419 786//419 787//419
f 779//419 788//419 789//419
f 779//419 790//419 791//419
f 779//419 792//419 793//419
f 779//419 794//419 795//419
f 779//419 796//419 797//419
f 779//419 798//419 799//419
f 800//420 801//420 802//420
f 800//420 803//420 804//420
f 800//420 805//420 806//420
f 800//420 807//420 808//420
f 800//420 809//420 810//420
f 800//420 811//420 812//420
f 800//420 813//420 814//420
f 800//420 815//420 816//420
f 800//420 817//420 818//420
f 800//420 819//420 820//420
f 821//421 822//422 823//423
f 821//421 823//423 824//424
f 825//425 826//426 827//427
f 825//425 827//427 828//428
f 829//429 830//430 831//431
f 829//429 831//431 832//432
f 833//433 834//434 835//435
f 833//433 835//435 836//436
f 837//437 838//438 839//439
f 837//437 839//439 840//440
f 841//441 842//442 843//443
f 841//441 843//443 844//444
f 845//445 846//446 847//447
f 845//445 847//447 848//448
f 849//449 850//450 851//451
f 849//449 851//451 852//452
f 853//453 854//454 855//455
f 853//453 855//455 856//456
f 857//457 858//458 859//459
f 857//457 859//459 860//460
f 861//461 862//461 863//461
f 861//461 864//461 865//461
f 861//461 866//461 867//461
f 861//461 868//461 869//461
f 861//461 870//461 871//461
f 861//461 872//461 873//461
f 861//461 874//461 875//461
f 861//461 876//461 877//461
f 861//461 878//461 879//461
f 861//461 880//461 881//461
f 882//462 883//462 884//462
f 882//462 885//462 886//462
f 882//462 887//462 888//462
f 882//462 889//462 890//462
f 882//462 891//462 892//462
f 882//462 893//462 894//462
f 882//462 895//462 896//462
f 882//462 897//462 898//462
f 882//462 899//462 900//462
f 882//462 901//462 902//462
f 903//463 904//464 905//465
f 903//463 905//465 906//466
f 907//467 908//468 909//469
f 907//467 909//469 910//470
f 911//471 912//472 913//473
f 911//471 913//473 914//474
f 915//475 916//476 917//477
f 915//475 917//477 918//478
f 919//479 920//480 921//481
f 919//479 921//481 922//482
f 923//483 924//484 925//485
f 923//483 925//485 926//486
f 927//487 928//488 929//489
f 927//487 929//489 930//490
f 931//491 932//492 933//493
f 931//491 933//493 934//494
f 935//495 936//496 937//497
f 935//495 937//497 938//498
f 939//499 940//500 941//501
f 939//499 941//501 942//502
f 943//503 944//503 945//503
f 943//503 946//503 947//503
f 943//503 948//503 949//503
f 943//503 950//503 951//503
f 943//503 952//503 953//503
f 943//503 954//503 955//503
f 943//503 956//503 957//503
f 943//503 958//503 959//503
f 943//503 960//503 961//503
f 943//503 962//503 963//503
f 964//504 965//504 966//504
f 964//504 967//504 968//504
f 964//504 969//504 970//504
f 964//504 971//504 972//504
f 964//504 973//504 974//504
f 964//504 975//504 976//504
f 964//504 977//504 978//504
f 964//504 979//504 980//504
f 964//504 981//504 982//504
f 964//504 983//504 984//504
f 985//505 986//506 987//507
f 985//505 987//507 988//508
f 989//509 990//510 991//511
f 989//509 991//511 992//512
f 993//513 994//514 995//515
f 993//513 995//515 996//516
f 997//517 998//518 999//519
f 997//517 999//519 1000//520
f 1001//521 1002//522 1003//523
f 1001//521 1003//523 1004//524
f 1005//525 1006//526 1007//527
f 1005//525 1007//527 1008//528
f 1009//529 1010//530 1011//531
f 1009//529 1011//531 1012//532
f 1013//533 1014//534 1015//535
f 1013//533 1015//535 1016//536
f 1017//537 1018//538 1019//539
f 1017//537 1019//539 1020//540
f 1021//541 1022//542 1023//543
f 1021//541 1023//543 1024//544
f 1025//545 1026//545 1027//545
f 1025//545 1028//545 1029//545
f 1025//545 1030//545 1031//545
f 1025//545 1032//545 1033//545
f 1025//545 1034//545 1035//545
f 1025//545 1036//545 1037//545
f 1025//545 1038//545 1039//545
f 1025//545 1040//545 1041//545
f 1025//545 1042//545 1043//545
f 1025//545 1044//545 1045//545
f 1046//546 1047//546 1048//546
f 1046//546 1049//546 1050//546
f 1046//546 1051//546 1052//546
f 1046//546 1053//546 1054//546
f 1046//546 1055//546 1056//546
f 1046//546 1057//546 1058//546
f 1046//546 1059//546 1060//546
f 1046//546 1061//546 1062//546
f 1046//546 1063//546 1064//546
f 1046//546 1065//546 1066//546
f 1067//547 1068//548 1069//549
f 1067//547 1069//549 1070//550
f 1071//551 1072//552 1073//553
f 1071//551 1073//553 1074//554
f 1075//555 1076//556 1077//557
f 1075//555 1077//557 1078//558
f 1079//559 1080//560 1081//561
f 1079//559 1081//561 1082//562
f 1083//563 1084//564 1085//565
f 1083//563 1085//565 1086//566
f 1087//567 1088//568 1089//569
f 1087//567 1089//569 1090//570
f 1091//571 1092//572 1093//573
f 1091//571 1093//573 1094//574
f 1095//575 1096//576 1097//577
f 1095//575 1097//577 1098//578
f 1099//579 1100//580 1101//581
f 1099//579 1101//581 1102//582
f 1103//583 1104//584 1105//585
f 1103//583 1105//585 1106//586
f 1107//587 1108//587 1109//587
f 1107//587 1110//587 1111//587
f 1107//587 1112//587 1113//587
f 1107//587 1114//587 1115//587
f 1107//587 1116//587 1117//587
f 1107//587 1118//587 1119//587
f 1107//587 1120//587 1121//587
f 1107//587 1122//587 1123//587
f 1107//587 1124//587 1125//587
f 1107//587 1126//587 1127//587
f 1128//588 1129//588 1130//588
f 1128//588 1131//588 1132//588
f 1128//588 1133//588 1134//588
f 1128//588 1135//588 1136//588
f 1128//588 1137//588 1138//588
f 1128//588 1139//588 1140//588
f 1128//588 1141//588 1142//588
f 1128//588 1143//588 1144//588
f 1128//588 1145//588 1146//588
f 1128//588 1147//588 1148//588
f 1149//589 1150//590 1151//591
f 1149//589 1151//591 1152//592
f 1153//593 1154//594 1155//595
f 1153//593 1155//595 1156//596
f 1157//597 1158//598 1159//599
f 1157//597 1159//599 1160//600
f 1161//601 1162//602 1163//603
f 1161//601 1163//603 1164//604
f 1165//605 1166//606 1167//607
f 1165//605 1167//607 1168//608
f 1169//609 1170//610 1171//611
f 1169//609 1171//611 1172//612
f 1173//613 1174//614 1175//615
f 1173//613 1175//615 1176//616
f 1177//617 1178//618 1179//619
f 1177//617 1179//619 1180//620
f 1181//621 1182//622 1183//623
f 1181//621 1183//623 1184//624
f 1185//625 1186//626 1187//627
f 1185//625 1187//627 1188//628
f 1189//629 1190//629 1191//629
f 1189//629 1192//629 1193//629
f 1189//629 1194//629 1195//629
f 1189//629 1196//629 1197//629
f 1189//629 1198//629 1199//629
f 1189//629 1200//629 1201//629
f 1189//629 1202//629 1203//629
f 1189//629 1204//629 1205//629
f 1189//629 1206//629 1207//629
f 1189//629 1208//629 1209//629
f 1210//630 1211//630 1212//630
f 1210//630 1213//630 1214//630
f 1210//630 1215//630 1216//630
f 1210//630 1217//630 1218//630
f 1210//630 1219//630 1220//630
f 1210//630 1221//630 1222//630
f 1210//630 1223//630 1224//630
f 1210//630 1225//630 1226//630
f 1210//630 1227//630 1228//630
f 1210//630 1229//630 1230//630
f 1231//631 1232//632 1233//633
f 1231//631 1233//633 1234//634
f 1235//635 1236//636 1237//637
f 1235//635 1237//637 1238//638
f 1239//639 1240//640 1241//641
f 1239//639 1241//641 1242//642
f 1243//643 1244//644 1245//645
f 1243//643 1245//645 1246//646
f 1247//647 1248//648 1249//649
f 1247//647 1249//649 1250//650
f 1251//651 1252//652 1253//653
f 1251//651 1253//653 1254//654
f 1255//655 1256//656 1257//657
f 1255//655 1257//657 1258//658
f 1259//659 1260//660 1261//661
f 1259//659 1261//661 1262//662
f 1263//663 1264//664 1265//665
f 1263//663 1265//665 1266//666
f 1267//667 1268//668 1269//669
f 1267//667 1269//669 1270//670
f 1271//671 1272//671 1273//671
f 1271//671 1274//671 1275//671
f 1271//671 1276//671 1277//671
f 1271//671 1278//671 1279//671
f 1271//671 1280//671 1281//671
f 1271//671 1282//671 1283//671
f 1271//671 1284//671 1285//671
f 1271//671 1286//671 1287//671
f 1271//671 1288//671 1289//671
f 1271//671 1290//671 1291//671
f 1292//672 1293//672 1294//672
f 1292//672 1295//672 1296//672
f 1292//672 1297//672 1298//672
f 1292//672 1299//672 1300//672
f 1292//672 1301//672 1302//672
f 1292//672 1303//672 1304//672
f 1292//672 1305//672 1306//672
f 1292//672 1307//672 1308//672
f 1292//672 1309//672 1310//672
f 1292//672 1311//672 1312//672
f 1313//673 1314//674 1315//675
f 1313//673 1315//675 1316//676
f 1317//677 1318//678 1319//679
f 1317//677 1319//679 1320//680
f 1321//681 1322//682 1323//683
f 1321//681 1323//683 1324//684
f 1325//685 1326//686 1327//687
f 1325//685 1327//687 1328//688
f 1329//689 1330//690 1331//691
f 1329//689 1331//691 1332//692
f 1333//693 1334//694 1335//695
f 1333//693 1335//695 1336//696
f 1337//697 1338//698 1339//699
f 1337//697 1339//699 1340//700
f 1341//701 1342//702 1343//703
f 1341//701 1343//703 1344//704
f 1345//705 1346//706 1347//707
f 1345//705 1347//707 1348//708
f 1349//709 1350//710 1351//711
f 1349//709 1351//711 1352//712
f 1353//713 1354//713 1355//713
f 1353//713 1356//713 1357//713
f 1353//713 1358//713 1359//713
f 1353//713 1360//713 1361//713
f 1353//713 1362//713 1363//713
f 1353//713 1364//713 1365//713
f 1353//713 1366//713 1367//713
f 1353//713 1368//713 1369//713
f 1353//713 1370//713 1371//713
f 1353//713 1372//713 1373//713
f 1374//714 1375//714 1376//714
f 1374//714 1377//714 1378//714
f 1374//714 1379//714 1380//714
f 1374//714 1381//714 1382//714
f 1374//714 1383//714 1384//714
f 1374//714 1385//714 1386//714
f 1374//714 1387//714 1388//714
f 1374//714 1389//714 1390//714
f 1374//714 1391//714 1392//714
f 1374//714 1393//714 1394//714
f 1395//715 1396//716 1397//717
f 1395//715 1397//717 1398//718
f 1399//719 1400//720 1401//721
f 1399//719 1401//721 1402//722
f 1403//723 1404//724 1405//725
f 1403//723 1405//725 1406//726
f 1407//727 1408//728 1409//729
f 1407//727 1409//729 1410//730
f 1411//731 1412//732 1413//733
f 1411//731 1413//733 1414//734
f 1415//735 1416//736 1417//737
f 1415//735 1417//737 1418//738
f 1419//739 1420//740 1421//741
f 1419//739 1421//741 1422//742
f 1423//743 1424//744 1425//745
f 1423//743 1425//745 1426//746
f 1427//747 1428//748 1429//749
f 1427//747 1429//749 1430//750
f 1431//751 1432//752 1433//753
f 1431//751 1433//753 1434//754
f 1435//755 1436//755 1437//755
f 1435//755 1438//755 1439//755
f 1435//755 1440//755 1441//755
f 1435//755 1442//755 1443//755
f 1435//755 1444//755 1445//755
f 1435//755 1446//755 1447//755
f 1435//755 1448//755 1449//755
f 1435//755 1450//755 1451//755
f 1435//755 1452//755 1453//755
f 1435//755 1454//755 1455//755
f 1456//756 1457//756 1458//756
f 1456//756 1459//756 1460//756
f 1456//756 1461//756 1462//756
f 1456//756 1463//756 1464//756
f 1456//756 1465//756 1466//756
f 1456//756 1467//756 1468//756
f 1456//756 1469//756 1470//756
f 1456//756 1471//756 1472//756
f 1456//756 1473//756 1474//756
f 1456//756 1475//756 1476//756
f 1477//757 1478//758 1479//759
f 1477//757 1479//759 1480//760
f 1481//761 1482//762 1483//763
f 1481//761 1483//763 1484//764
f 1485//765 1486//766 1487//767
f 1485//765 1487//767 1488//768
f 1489//769 1490//770 1491//771
f 1489//769 1491//771 1492//772
f 1493//773 1494//774 1495//775
f 1493//773 1495//775 1496//776
f 1497//777 1498//778 1499//779
f 1497//777 1499//779 1500//780
f 1501//781 1502//782 1503//783
f 1501//781 1503//783 1504//784
f 1505//785 1506//786 1507//787
f 1505//785 1507//787 1508//788
f 1509//789 1510//790 1511//791
f 1509//789 1511//791 1512//792
f 1513//793 1514//794 1515//795
f 1513//793 1515//795 1516//796
f 1517//797 1518//797 1519//797
f 1517//797 1520//797 1521//797
f 1517//797 1522//797 1523//797
f 1517//797 1524//797 1525//797
f 1517//797 1526//797 1527//797
f 1517//797 1528//797 1529//797
f 1517//797 1530//797 1531//797
f 1517//797 1532//797 1533//797
f 1517//797 1534//797 1535//797
f 1517//797 1536//797 1537//797
f 1538//798 1539//798 1540//798
f 1538//798 1541//798 1542//798
f 1538//798 1543//798 1544//798
f 1538//798 1545//798 1546//798
f 1538//798 1547//798 1548//798
f 1538//798 1549//798 1550//798
f 1538//798 1551//798 1552//798
f 1538//798 1553//798 1554//798
f 1538//798 1555//798 1556//798
f 1538//798 1557//798 1558//798
f 1559//799 1560//800 1561//801
f 1559//799 1561//801 1562//802
f 1563//803 1564//804 1565//805
f 1563//803 1565//805 1566//806
f 1567//807 1568//808 1569//809
f 1567//807 1569//809 1570//810
f 1571//811 1572//812 1573//813
f 1571//811 1573//813 1574//814
f 1575//815 1576//816 1577//817
f 1575//815 1577//817 1578//818
f 1579//819 1580//820 1581//821
f 1579//819 1581//821 1582//822
f 1583//823 1584//824 1585//825
f 1583//823 1585//825 1586//826
f 1587//827 1588//828 1589//829
f 1587//827 1589//829 1590//830
f 1591//831 1592//832 1593//833
f 1591//831 1593//833 1594//834
f 1595//835 1596//836 1597//837
f 1595//835 1597//837 1598//838
f 1599//839 1600//839 1601//839
f 1599//839 1602//839 1603//839
f 1599//839 1604//839 1605//839
f 1599//839 1606//839 1607//839
f 1599//839 1608//839 1609//839
f 1599//839 1610//839 1611//839
f 1599//839 1612//839 1613//839
f 1599//839 1614//839 1615//839
f 1599//839 1616//839 1617//839
f 1599//839 1618//839 1619//839
f 1620//840 1621//840 1622//840
f 1620//840 1623//840 1624//840
f 1620//840 1625//840 1626//840
f 1620//840 1627//840 1628//840
f 1620//840 1629//840 1630//840
f 1620//840 1631//840 1632//840
f 1620//840 1633//840 1634//840
f 1620//840 1635//840 1636//840
f 1620//840 1637//840 1638//840
f 1620//840 1639//840 1640//840
f 1641//841 1642//842 1643//843
f 1641//841 1643//843 1644//844
f 1645//845 1646//846 1647//847
f 1645//845 1647//847 1648//848
f 1649//849 1650//850 1651//851
f 1649//849 1651//851 1652//852
f 1653//853 1654//854 1655//855
f 1653//853 1655//855 1656//856
f 1657//857 1658//858 1659//859
f 1657//857 1659//859 1660//860
f 1661//861 1662//862 1663//863
f 1661//861 1663//863 1664//864
f 1665//865 1666//866 1667//867
f 1665//865 1667//867 1668//868
f 1669//869 1670//870 1671//871
f 1669//869 1671//871 1672//872
f 1673//873 1674//874 1675//875
f 1673//873 1675//875 1676//876
f 1677//877 1678//878 1679//879
f 1677//877 1679//879 1680//880
f 1681//881 1682//881 1683//881
f 1681//881 1684//881 1685//881
f 1681//881 1686//881 1687//881
f 1681//881 1688//881 1689//881
f 1681//881 1690//881 1691//881
f 1681//881 1692//881 1693//881
f 1681//881 1694//881 1695//881
f 1681//881 1696//881 1697//881
f 1681//881 1698//881 1699//881
f 1681//881 1700//881 1701//881
f 1702//882 1703//882 1704//882
f 1702//882 1705//882 1706//882
f 1702//882 1707//882 1708//882
f 1702//882 1709//882 1710//882
f 1702//882 1711//882 1712//882
f 1702//882 1713//882 1714//882
f 1702//882 1715//882 1716//882
f 1702//882 1717//882 1718//882
f 1702//882 1719//882 1720//882
f 1702//882 1721//882 1722//882
f 1723//883 1724//884 1725//885
f 1723//883 1725//885 1726//886
f 1727//887 1728//888 1729//889
f 1727//887 1729//889 1730//890
f 1731//891 1732//892 1733//893
f 1731//891 1733//893 1734//894
f 1735//895 1736//896 1737//897
f 1735//895 1737//897 1738//898
f 1739//899 1740//900 1741//901
f 1739//899 1741//901 1742//902
f 1743//903 1744//904 1745//905
f 1743//903 1745//905 1746//906
f 1747//907 1748//908 1749//909
f 1747//907 1749//909 1750//910
f 1751//911 1752//912 1753//913
f 1751//911 1753//913 1754//914
f 1755//915 1756//916 1757//917
f 1755//915 1757//917 1758//918
f 1759//919 1760//920 1761//921
f 1759//919 1761//921 1762//922
f 1763//923 1764//923 1765//923
f 1763//923 1766//923 1767//923
f 1763//923 1768//923 1769//923
f 1763//923 1770//923 1771//923
f 1763//923 1772//923 1773//923
f 1763//923 1774//923 1775//923
f 1763//923 1776//923 1777//923
f 1763//923 1778//923 1779//923
f 1763//923 1780//923 1781//923
f 1763//923 1782//923 1783//923
f 1784//924 1785//924 1786//924
f 1784//924 1787//924 1788//924
f 1784//924 1789//924 1790//924
f 1784//924 1791//924 1792//924
f 1784//924 1793//924 1794//924
f 1784//924 1795//924 1796//924
f 1784//924 1797//924 1798//924
f 1784//924 1799//924 1800//924
f 1784//924 1801//924 1802//924
f 1784//924 1803//924 1804//924
f 1805//925 1806//926 1807//927
f 1805//925 1807//927 1808//928
f 1809//929 1810//930 1811//931
f 1809//929 1811//931 1812//932
f 1813//933 1814//934 1815//935
f 1813//933 1815//935 1816//936
f 1817//937 1818//938 1819//939
f 1817//937 1819//939 1820//940
f 1821//941 1822//942 1823//943
f 1821//941 1823//943 1824//944
f 1825//945 1826//946 1827//947
f 1825//945 1827//947 1828//948
f 1829//949 1830//950 1831//951
f 1829//949 1831//951 1832//952
f 1833//953 1834//954 1835//955
f 1833//953 1835//955 1836//956
f 1837//957 1838//958 1839//959
f 1837//957 1839//959 1840//960
f 1841//961 1842//962 1843//963
f 1841//961 1843//963 1844//964
f 1845//965 1846//965 1847//965
f 1845//965 1848//965 1849//965
f 1845//965 1850//965 1851//965
f 1845//965 1852//965 1853//965
f 1845//965 1854//965 1855//965
f 1845//965 1856//965 1857//965
f 1845//965 1858//965 1859//965
f 1845//965 1860//965 1861//965
f 1845//965 1862//965 1863//965
f 1845//965 1864//965 1865//965
f 1866//966 1867//966 1868//966
f 1866//966 1869//966 1870//966
f 1866//966 1871//966 1872//966
f 1866//966 1873//966 1874//966
f 1866//966 1875//966 1876//966
f 1866//966 1877//966 1878//966
f 1866//966 1879//966 1880//966
f 1866//966 1881//966 1882//966
f 1866//966 1883//966 1884//966
f 1866//966 1885//966 1886//966
f 1887//967 1888//968 1889//969
f 1887//967 1889//969 1890//970
f 1891//971 1892//972 1893//973
f 1891//971 1893//973 1894//974
f 1895//975 1896//976 1897//977
f 1895//975 1897//977 1898//978
f 1899//979 1900//980 1901//981
f 1899//979 1901//981 1902//982
f 1903//983 1904//984 1905//985
f 1903//983 1905//985 1906//986
f 1907//987 1908//988 1909//989
f 1907//987 1909//989 1910//990
f 1911//991 1912//992 1913//993
f 1911//991 1913//993 1914//994
f 1915//995 1916//996 1917//997
f 1915//995 1917//997 1918//998
f 1919//999 1920//1000 1921//1001
f 1919//999 1921//1001 1922//1002
f 1923//1003 1924//1004 1925//1005
f 1923//1003 1925//1005 1926//1006
f 1927//1007 1928//1007 1929//1007
f 1927//1007 1930//1007 1931//1007
f 1927//1007 1932//1007 1933//1007
f 1927//1007 1934//1007 1935//1007
f 1927//1007 1936//1007 1937//1007
f 1927//1007 1938//1007 1939//1007
f 1927//1007 1940//1007 1941//1007
f 1927//1007 1942//1007 1943//1007
f 1927//1007 1944//1007 1945//1007
f 1927//1007 1946//1007 1947//1007
f 1948//1008 1949//1008 1950//1008
f 1948//1008 1951//1008 1952//1008
f 1948//1008 1953//1008 1954//1008
f 1948//1008 1955//1008 1956//1008
f 1948//1008 1957//1008 1958//1008
f 1948//1008 1959//1008 1960//1008
f 1948//1008 1961//1008 1962//1008
f 1948//1008 1963//1008 1964//1008
f 1948//1008 1965//1008 1966//1008
f 1948//1008 1967//1008 1968//1008
f 1969//1009 1970//1010 1971//1011
f 1969//1009 1971//1011 1972//1012
f 1973//1013 1974//1014 1975//1015
f 1973//1013 1975//1015 1976//1016
f 1977//1017 1978//1018 1979//1019
f 1977//1017 1979//1019 1980//1020
f 1981//1021 1982//1022 1983//1023
f 1981//1021 1983//1023 1984//1024
f 1985//1025 1986//1026 1987//1027
f 1985//1025 1987//1027 1988//1028
f 1989//1029 1990//1030 1991//1031
f 1989//1029 1991//1031 1992//1032
f 1993//1033 1994//1034 1995//1035
f 1993//1033 1995//1035 1996//1036
f 1997//1037 1998//1038 1999//1039
f 1997//1037 1999//1039 2000//1040
f 2001//1041 2002//1042 2003//1043
f 2001//1041 2003//1043 2004//1044
f 2005//1045 2006//1046 2007//1047
f 2005//1045 2007//1047 2008//1048
f 2009//1049 2010//1049 2011//1049
f 2009//1049 2012//1049 2013//1049
f 2009//1049 2014//1049 2015//1049
f 2009//1049 2016//1049 2017//1049
f 2009//1049 2018//1049 2019//1049
f 2009//1049 2020//1049 2021//1049
f 2009//1049 2022//1049 2023//1049
f 2009//1049 2024//1049 2025//1049
f 2009//1049 2026//1049 2027//1049
f 2009//1049 2028//1049 2029//1049
f 2030//1050 2031//1050 2032//1050
f 2030//1050 2033//1050 2034//1050
f 2030//1050 2035//1050 2036//1050
f 2030//1050 2037//1050 2038//1050
f 2030//1050 2039//1050 2040//1050
f 2030//1050 2041//1050 2042//1050
f 2030//1050 2043//1050 2044//1050
f 2030//1050 2045//1050 2046//1050
f 2030//1050 2047//1050 2048//1050
f 2030//1050 2049//1050 2050//1050
f 2051//1051 2052//1052 2053//1053
f 2051//1051 2053//1053 2054//1054
f 2055//1055 2056//1056 2057//1057
f 2055//1055 2057//1057 2058//1058
f 2059//1059 2060//1060 2061//1061
f 2059//1059 2061//1061 2062//1062
f 2063//1063 2064//1064 2065//1065
f 2063//1063 2065//1065 2066//1066
f 2067//1067 2068//1068 2069//1069
f 2067//1067 2069//1069 2070//1070
f 2071//1071 2072//1072 2073//1073
f 2071//1071 2073//1073 2074//1074
f 2075//1075 2076//1076 2077//1077
f 2075//1075 2077//1077 2078//1078
f 2079//1079 2080//1080 2081//1081
f 2079//1079 2081//1081 2082//1082
f 2083//1083 2084//1084 2085//1085
f 2083//1083 2085//1085 2086//1086
f 2087//1087 2088//1088 2089//1089
f 2087//1087 2089//1089 2090//1090
f 2091//1091 2092//1091 2093//1091
f 2091//1091 2094//1091 2095//1091
f 2091//1091 2096//1091 2097//1091
f 2091//1091 2098//1091 2099//1091
f 2091//1091 2100//1091 2101//1091
f 2091//1091 2102//1091 2103//1091
f 2091//1091 2104//1091 2105//1091
f 2091//1091 2106//1091 2107//1091
f 2091//1091 2108//1091 2109//1091
f 2091//1091 2110//1091 2111//1091
f 2112//1092 2113//1092 2114//1092
f 2112//1092 2115//1092 2116//1092
f 2112//1092 2117//1092 2118//1092
f 2112//1092 2119//1092 2120//1092
f 2112//1092 2121//1092 2122//1092
f 2112//1092 2123//1092 2124//1092
f 2112//1092 2125//1092 2126//1092
f 2112//1092 2127//1092 2128//1092
f 2112//1092 2129//1092 2130//1092
f 2112//1092 2131//1092 2132//1092
f 2133//1093 2134//1094 2135//1095
f 2133//1093 2135//1095 2136//1096
f 2137//1097 2138//1098 2139//1099
f 2137//1097 2139//1099 2140//1100
f 2141//1101 2142//1102 2143//1103
f 2141//1101 2143//1103 2144//1104
f 2145//1105 2146//1106 2147//1107
f 2145//1105 2147//1107 2148//1108
f 2149//1109 2150//1110 2151//1111
f 2149//1109 2151//1111 2152//1112
f 2153//1113 2154//1114 2155//1115
f 2153//1113 2155//1115 2156//1116
f 2157//1117 2158//1118 2159//1119
f 2157//1117 2159//1119 2160//1120
f 2161//1121 2162//1122 2163//1123
f 2161//1121 2163//1123 2164//1124
f 2165//1125 2166//1126 2167//1127
f 2165//1125 2167//1127 2168//1128
f 2169//1129 2170//1130 2171//1131
f 2169//1129 2171//1131 2172//1132
f 2173//1133 2174//1133 2175//1133
f 2173//1133 2176//1133 2177//1133
f 2173//1133 2178//1133 2179//1133
f 2173//1133 2180//1133 2181//1133
f 2173//1133 2182//1133 2183//1133
f 2173//1133 2184//1133 2185//1133
f 2173//1133 2186//1133 2187//1133
f 2173//1133 2188//1133 2189//1133
f 2173//1133 2190//1133 2191//1133
f 2173//1133 2192//1133 2193//1133
f 2194//1134 2195//1134 2196//1134
f 2194//1134 2197//1134 2198//1134
f 2194//1134 2199//1134 2200//1134
f 2194//1134 2201//1134 2202//1134
f 2194//1134 2203//1134 2204//1134
f 2194//1134 2205//1134 2206//1134
f 2194//1134 2207//1134 2208//1134
f 2194//1134 2209//1134 2210//1134
f 2194//1134 2211//1134 2212//1134
f 2194//1134 2213//1134 2214//1134
f 2215//1135 2216//1136 2217//1137
f 2215//1135 2217//1137 2218//1138
f 2219//1139 2220//1140 2221//1141
f 2219//1139 2221//1141 2222//1142
f 2223//1143 2224//1144 2225//1145
f 2223//1143 2225//1145 2226//1146
f 2227//1147 2228//1148 2229//1149
f 2227//1147 2229//1149 2230//1150
f 2231//1151 2232//1152 2233//1153
f 2231//1151 2233//1153 2234//1154
f 2235//1155 2236//1156 2237//1157
f 2235//1155 2237//1157 2238//1158
f 2239//1159 2240//1160 2241//1161
f 2239//1159 2241//1161 2242//1162
f 2243//1163 2244//1164 2245//1165
f 2243//1163 2245//1165 2246//1166
f 2247//1167 2248//1168 2249//1169
f 2247//1167 2249//1169 2250//1170
f 2251//1171 2252//1172 2253//1173
f 2251//1171 2253//1173 2254//1174
f 2255//1175 2256//1175 2257//1175
f 2255//1175 2258//1175 2259//1175
f 2255//1175 2260//1175 2261//1175
f 2255//1175 2262//1175 2263//1175
f 2255//1175 2264//1175 2265//1175
f 2255//1175 2266//1175 2267//1175
f 2255//1175 2268//1175 2269//1175
f 2255//1175 2270//1175 2271//1175
f 2255//1175 2272//1175 2273//1175
f 2255//1175 2274//1175 2275//1175
f 2276//1176 2277//1176 2278//1176
f 2276//1176 2279//1176 2280//1176
f 2276//1176 2281//1176 2282//1176
f 2276//1176 2283//1176 2284//1176
f 2276//1176 2285//1176 2286//1176
f 2276//1176 2287//1176 2288//1176
f 2276//1176 2289//1176 2290//1176
f 2276//1176 2291//1176 2292//1176
f 2276//1176 2293//1176 2294//1176
f 2276//1176 2295//1176 2296//1176
f 2297//1177 2298//1178 2299//1179
f 2297//1177 2299//1179 2300//1180
f 2301//1181 2302//1182 2303//1183
f 2301//1181 2303//1183 2304//1184
f 2305//1185 2306//1186 2307//1187
f 2305//1185 2307//1187 2308//1188
f 2309//1189 2310//1190 2311//1191
f 2309//1189 2311//1191 2312//1192
f 2313//1193 2314//1194 2315//1195
f 2313//1193 2315//1195 2316//1196
f 2317//1197 2318//1198 2319//1199
f 2317//1197 2319//1199 2320//1200
f 2321//1201 2322//1202 2323//1203
f 2321//1201 2323//1203 2324//1204
f 2325//1205 2326//1206 2327//1207
f 2325//1205 2327//1207 2328//1208
f 2329//1209 2330//1210 2331//1211
f 2329//1209 2331//1211 2332//1212
f 2333//1213 2334//1214 2335//1215
f 2333//1213 2335//1215 2336//1216
f 2337//1217 2338//1217 2339//1217
f 2337//1217 2340//1217 2341//1217
f 2337//1217 2342//1217 2343//1217
f 2337//1217 2344//1217 2345//1217
f 2337//1217 2346//1217 2347//1217
f 2337//1217 2348//1217 2349//1217
f 2337//1217 2350//1217 2351//1217
f 2337//1217 2352//1217 2353//1217
f 2337//1217 2354//1217 2355//1217
f 2337//1217 2356//1217 2357//1217
f 2358//1218 2359//1218 2360//1218
f 2358//1218 2361//1218 2362//1218
f 2358//1218 2363//1218 2364//1218
f 2358//1218 2365//1218 2366//1218
f 2358//1218 2367//1218 2368//1218
f 2358//1218 2369//1218 2370//1218
f 2358//1218 2371//1218 2372//1218
f 2358//1218 2373//1218 2374//1218
f 2358//1218 2375//1218 2376//1218
f 2358//1218 2377//1218 2378//1218
f 2379//1219 2380//1220 2381//1221
f 2379//1219 2381//1221 2382//1222
f 2383//1223 2384//1224 2385//1225
f 2383//1223 2385//1225 2386//1226
f 2387//1227 2388//1228 2389//1229
f 2387//1227 2389//1229 2390//1230
f 2391//1231 2392//1232 2393//1233
f 2391//1231 2393//1233 2394//1234
f 2395//1235 2396//1236 2397//1237
f 2395//1235 2397//1237 2398//1238
f 2399//1239 2400//1240 2401//1241
f 2399//1239 2401//1241 2402//1242
f 2403//1243 2404//1244 2405//1245
f 2403//1243 2405//1245 2406//1246
f 2407//1247 2408//1248 2409//1249
f 2407//1247 2409//1249 2410//1250
f 2411//1251 2412//1252 2413//1253
f 2411//1251 2413//1253 2414//1254
f 2415//1255 2416//1256 2417//1257
f 2415//1255 2417//1257 2418//1258
f 2419//1259 2420//1259 2421//1259
f 2419//1259 2422//1259 2423//1259
f 2419//1259 2424//1259 2425//1259
f 2419//1259 2426//1259 2427//1259
f 2419//1259 2428//1259 2429//1259
f 2419//1259 2430//1259 2431//1259
f 2419//1259 2432//1259 2433//1259
f 2419//1259 2434//1259 2435//1259
f 2419//1259 2436//1259 2437//1259
f 2419//1259 2438//1259 2439//1259
f 2440//1260 2441//1260 2442//1260
f 2440//1260 2443//1260 2444//1260
f 2440//1260 2445//1260 2446//1260
f 2440//1260 2447//1260 2448//1260
f 2440//1260 2449//1260 2450//1260
f 2440//1260 2451//1260 2452//1260
f 2440//1260 2453//1260 2454//1260
f 2440//1260 2455//1260 2456//1260
f 2440//1260 2457//1260 2458//1260
f 2440//1260 2459//1260 2460//1260
f 2461//1261 2462//1262 2463//1263
f 2461//1261 2463//1263 2464//1264
f 2465//1265 2466//1266 2467//1267
f 2465//1265 2467//1267 2468//1268
f 2469//1269 2470//1270 2471//1271
f 2469//1269 2471//1271 2472//1272
f 2473//1273 2474//1274 2475//1275
f 2473//1273 2475//1275 2476//1276
f 2477//1277 2478//1278 2479//1279
f 2477//1277 2479//1279 2480//1280
f 2481//1281 2482//1282 2483//1283
f 2481//1281 2483//1283 2484//1284
f 2485//1285 2486//1286 2487//1287
f 2485//1285 2487//1287 2488//1288
f 2489//1289 2490//1290 2491//1291
f 2489//1289 2491//1291 2492//1292
f 2493//1293 2494//1294 2495//1295
f 2493//1293 2495//1295 2496//1296
f 2497//1297 2498//1298 2499//1299
f 2497//1297 2499//1299 2500//1300
f 2501//1301 2502//1301 2503//1301
f 2501//1301 2504//1301 2505//1301
f 2501//1301 2506//1301 2507//1301
f 2501//1301 2508//1301 2509//1301
f 2501//1301 2510//1301 2511//1301
f 2501//1301 2512//1301 2513//1301
f 2501//1301 2514//1301 2515//1301
f 2501//1301 2516//1301 2517//1301
f 2501//1301 2518//1301 2519//1301
f 2501//1301 2520//1301 2521//1301
f 2522//1302 2523//1302 2524//1302
f 2522//1302 2525//1302 2526//1302
f 2522//1302 2527//1302 2528//1302
f 2522//1302 2529//1302 2530//1302
f 2522//1302 2531//1302 2532//1302
f 2522//1302 2533//1302 2534//1302
f 2522//1302 2535//1302 2536//1302
f 2522//1302 2537//1302 2538//1302
f 2522//1302 2539//1302 2540//1302
f 2522//1302 2541//1302 2542//1302
f 2543//1303 2544//1304 2545//1305
f 2543//1303 2545//1305 2546//1306
f 2547//1307 2548//1308 2549//1309
f 2547//1307 2549//1309 2550//1310
f 2551//1311 2552//1312 2553//1313
f 2551//1311 2553//1313 2554//1314
f 2555//1315 2556//1316 2557//1317
f 2555//1315 2557//1317 2558//1318
f 2559//1319 2560//1320 2561//1321
f 2559//1319 2561//1321 2562//1322
f 2563//1323 2564//1324 2565//1325
f 2563//1323 2565//1325 2566//1326
f 2567//1327 2568//1328 2569//1329
f 2567//1327 2569//1329 2570//1330
f 2571//1331 2572//1332 2573//1333
f 2571//1331 2573//1333 2574//1334
f 2575//1335 2576//1336 2577//1337
f 2575//1335 2577//1337 2578//1338
f 2579//1339 2580//1340 2581//1341
f 2579//1339 2581//1341 2582//1342
f 2583//1343 2584//1343 2585//1343
f 2583//1343 2586//1343 2587//1343
f 2583//1343 2588//1343 2589//1343
f 2583//1343 2590//1343 2591//1343
f 2583//1343 2592//1343 2593//1343
f 2583//1343 2594//1343 2595//1343
f 2583//1343 2596//1343 2597//1343
f 2583//1343 2598//1343 2599//1343
f 2583//1343 2600//1343 2601//1343
f 2583//1343 2602//1343 2603//1343
f 2604//1344 2605//1344 2606//1344
f 2604//1344 2607//1344 2608//1344
f 2604//1344 2609//1344 2610//1344
f 2604//1344 2611//1344 2612//1344
f 2604//1344 2613//1344 2614//1344
f 2604//1344 2615//1344 2616//1344
f 2604//1344 2617//1344 2618//1344
f 2604//1344 2619//1344 2620//1344
f 2604//1344 2621//1344 2622//1344
f 2604//1344 2623//1344 2624//1344
f 2625//1345 2626//1346 2627//1347
f 2625//1345 2627//1347 2628//1348
f 2629//1349 2630//1350 2631//1351
f 2629//1349 2631//1351 2632//1352
f 2633//1353 2634//1354 2635//1355
f 2633//1353 2635//1355 2636//1356
f 2637//1357 2638//1358 2639//1359
f 2637//1357 2639//1359 2640//1360
f 2641//1361 2642//1362 2643//1363
f 2641//1361 2643//1363 2644//1364
f 2645//1365 2646//1366 2647//1367
f 2645//1365 2647//1367 2648//1368
f 2649//1369 2650//1370 2651//1371
f 2649//1369 2651//1371 2652//1372
f 2653//1373 2654//1374 2655//1375
f 2653//1373 2655//1375 2656//1376
f 2657//1377 2658//1378 2659//1379
f 2657//1377 2659//1379 2660//1380
f 2661//1381 2662//1382 2663//1383
f 2661//1381 2663//1383 2664//1384
f 2665//1385 2666//1385 2667//1385
f 2665//1385 2668//1385 2669//1385
f 2665//1385 2670//1385 2671//1385
f 2665//1385 2672//1385 2673//1385
f 2665//1385 2674//1385 2675//1385
f 2665//1385 2676//1385 2677//1385
f 2665//1385 2678//1385 2679//1385
f 2665//1385 2680//1385 2681//1385
f 2665//1385 2682//1385 2683//1385
f 2665//1385 2684//1385 2685//1385
f 2686//1386 2687//1386 2688//1386
f 2686//1386 2689//1386 2690//1386
f 2686//1386 2691//1386 2692//1386
f 2686//1386 2693//1386 2694//1386
f 2686//1386 2695//1386 2696//1386
f 2686//1386 2697//1386 2698//1386
f 2686//1386 2699//1386 2700//1386
f 2686//1386 2701//1386 2702//1386
f 2686//1386 2703//1386 2704//1386
f 2686//1386 2705//1386 2706//1386
f 2707//1387 2708//1388 2709//1389
f 2707//1387 2709//1389 2710//1390
f 2711//1391 2712//1392 2713//1393
f 2711//1391 2713//1393 2714//1394
f 2715//1395 2716//1396 2717//1397
f 2715//1395 2717//1397 2718//1398
f 2719//1399 2720//1400 2721//1401
f 2719//1399 2721//1401 2722//1402
f 2723//1403 2724//1404 2725//1405
f 2723//1403 2725//1405 2726//1406
f 2727//1407 2728//1408 2729//1409
f 2727//1407 2729//1409 2730//1410
f 2731//1411 2732//1412 2733//1413
f 2731//1411 2733//1413 2734//1414
f 2735//1415 2736//1416 2737//1417
f 2735//1415 2737//1417 2738//1418
f 2739//1419 2740//1420 2741//1421
f 2739//1419 2741//1421 2742//1422
f 2743//1423 2744//1424 2745//1425
f 2743//1423 2745//1425 2746//1426
f 2747//1427 2748//1427 2749//1427
f 2747//1427 2750//1427 2751//1427
f 2747//1427 2752//1427 2753//1427
f 2747//1427 2754//1427 2755//1427
f 2747//1427 2756//1427 2757//1427
f 2747//1427 2758//1427 2759//1427
f 2747//1427 2760//1427 2761//1427
f 2747//1427 2762//1427 2763//1427
f 2747//1427 2764//1427 2765//1427
f 2747//1427 2766//1427 2767//1427
f 2768//1428 2769//1428 2770//1428
f 2768//1428 2771//1428 2772//1428
f 2768//1428 2773//1428 2774//1428
f 2768//1428 2775//1428 2776//1428
f 2768//1428 2777//1428 2778//1428
f 2768//1428 2779//1428 2780//1428
f 2768//1428 2781//1428 2782//1428
f 2768//1428 2783//1428 2784//1428
f 2768//1428 2785//1428 2786//1428
f 2768//1428 2787//1428 2788//1428
f 2789//1429 2790//1430 2791//1431
f 2789//1429 2791//1431 2792//1432
f 2793//1433 2794//1434 2795//1435
f 2793//1433 2795//1435 2796//1436
f 2797//1437 2798//1438 2799//1439
f 2797//1437 2799//1439 2800//1440
f 2801//1441 2802//1442 2803//1443
f 2801//1441 2803//1443 2804//1444
f 2805//1445 2806//1446 2807//1447
f 2805//1445 2807//1447 2808//1448
f 2809//1449 2810//1450 2811//1451
f 2809//1449 2811//1451 2812//1452
f 2813//1453 2814//1454 2815//1455
f 2813//1453 2815//1455 2816//1456
f 2817//1457 2818//1458 2819//1459
f 2817//1457 2819//1459 2820//1460
f 2821//1461 2822//1462 2823//1463
f 2821//1461 2823//1463 2824//1464
f 2825//1465 2826//1466 2827//1467
f 2825//1465 2827//1467 2828//1468
f 2829//1469 2830//1469 2831//1469
f 2829//1469 2832//1469 2833//1469
f 2829//1469 2834//1469 2835//1469
f 2829//1469 2836//1469 2837//1469
f 2829//1469 2838//1469 2839//1469
f 2829//1469 2840//1469 2841//1469
f 2829//1469 2842//1469 2843//1469
f 2829//1469 2844//1469 2845//1469
f 2829//1469 2846//1469 2847//1469
f 2829//1469 2848//1469 2849//1469
f 2850//1470 2851//1470 2852//1470
f 2850//1470 2853//1470 2854//1470
f 2850//1470 2855//1470 2856//1470
f 2850//1470 2857//1470 2858//1470
f 2850//1470 2859//1470 2860//1470
f 2850//1470 2861//1470 2862//1470
f 2850//1470 2863//1470 2864//1470
f 2850//1470 2865//1470 2866//1470
f 2850//1470 2867//1470 2868//1470
f 2850//1470 2869//1470 2870//1470
f 2871//1471 2872//1472 2873//1473
f 2871//1471 2873//1473 2874//1474
f 2875//1475 2876//1476 2877//1477
f 2875//1475 2877//1477 2878//1478
f 2879//1479 2880//1480 2881//1481
f 2879//1479 2881//1481 2882//1482
f 2883//1483 2884//1484 2885//1485
f 2883//1483 2885//1485 2886//1486
f 2887//1487 2888//1488 2889//1489
f 2887//1487 2889//1489 2890//1490
f 2891//1491 2892//1492 2893//1493
f 2891//1491 2893//1493 2894//1494
f 2895//1495 2896//1496 2897//1497
f 2895//1495 2897//1497 2898//1498
f 2899//1499 2900//1500 2901//1501
f 2899//1499 2901//1501 2902//1502
f 2903//1503 2904//1504 2905//1505
f 2903//1503 2905//1505 2906//1506
f 2907//1507 2908//1508 2909//1509
f 2907//1507 2909//1509 2910//1510
f 2911//1511 2912//1511 2913//1511
f 2911//1511 2914//1511 2915//1511
f 2911//1511 2916//1511 2917//1511
f 2911//1511 2918//1511 2919//1511
f 2911//1511 2920//1511 2921//1511
f 2911//1511 2922//1511 2923//1511
f 2911//1511 2924//1511 2925//1511
f 2911//1511 2926//1511 2927//1511
f 2911//1511 2928//1511 2929//1511
f 2911//1511 2930//1511 2931//1511
f 2932//1512 2933//1512 2934//1512
f 2932//1512 2935//1512 2936//1512
f 2932//1512 2937//1512 2938//1512
f 2932//1512 2939//1512 2940//1512
f 2932//1512 2941//1512 2942//1512
f 2932//1512 2943//1512 2944//1512
f 2932//1512 2945//1512 2946//1512
f 2932//1512 2947//1512 2948//1512
f 2932//1512 2949//1512 2950//1512
f 2932//1512 2951//1512 2952//1512
f 2953//1513 2954//1514 2955//1515
f 2953//1513 2955//1515 2956//1516
f 2957//1517 2958//1518 2959//1519
f 2957//1517 2959//1519 2960//1520
f 2961//1521 2962//1522 2963//1523
f 2961//1521 2963//1523 2964//1524
f 2965//1525 2966//1526 2967//1527
f 2965//1525 2967//1527 2968//1528
f 2969//1529 2970//1530 2971//1531
f 2969//1529 2971//1531 2972//1532
f 2973//1533 2974//1534 2975//1535
f 2973//1533 2975//1535 2976//1536
f 2977//1537 2978//1538 2979//1539
f 2977//1537 2979//1539 2980//1540
f 2981//1541 2982//1542 2983//1543
f 2981//1541 2983//1543 2984//1544
f 2985//1545 2986//1546 2987//1547
f 2985//1545 2987//1547 2988//1548
f 2989//1549 2990//1550 2991//1551
f 2989//1549 2991//1551 2992//1552
f 2993//1553 2994//1553 2995//1553
f 2993//1553 2996//1553 2997//1553
f 2993//1553 2998//1553 2999//1553
f 2993//1553 3000//1553 3001//1553
f 2993//1553 3002//1553 3003//1553
f 2993//1553 3004//1553 3005//1553
f 2993//1553 3006//1553 3007//1553
f 2993//1553 3008//1553 3009//1553
f 2993//1553 3010//1553 3011//1553
f 2993//1553 3012//1553 3013//1553
f 3014//1554 3015//1554 3016//1554
f 3014//1554 3017//1554 3018//1554
f 3014//1554 3019//1554 3020//1554
f 3014//1554 3021//1554 3022//1554
f 3014//1554 3023//1554 3024//1554
f 3014//1554 3025//1554 3026//1554
f 3014//1554 3027//1554 3028//1554
f 3014//1554 3029//1554 3030//1554
f 3014//1554 3031//1554 3032//1554
f 3014//1554 3033//1554 3034//1554
f 3035//1555 3036//1556 3037//1557
f 3035//1555 3037//1557 3038//1558
f 3039//1559 3040//1560 3041//1561
f 3039//1559 3041//1561 3042//1562
f 3043//1563 3044//1564 3045//1565
f 3043//1563 3045//1565 3046//1566
f 3047//1567 3048//1568 3049//1569
f 3047//1567 3049//1569 3050//1570
f 3051//1571 3052//1572 3053//1573
f 3051//1571 3053//1573 3054//1574
f 3055//1575 3056//1576 3057//1577
f 3055//1575 3057//1577 3058//1578
f 3059//1579 3060//1580 3061//1581
f 3059//1579 3061//1581 3062//1582
f 3063//1583 3064//1584 3065//1585
f 3063//1583 3065//1585 3066//1586
f 3067//1587 3068//1588 3069//1589
f 3067//1587 3069//1589 3070//1590
f 3071//1591 3072//1592 3073//1593
f 3071//1591 3073//1593 3074//1594
f 3075//1595 3076//1595 3077//1595
f 3075//1595 3078//1595 3079//1595
f 3075//1595 3080//1595 3081//1595
f 3075//1595 3082//1595 3083//1595
f 3075//1595 3084//1595 3085//1595
f 3075//1595 3086//1595 3087//1595
f 3075//1595 3088//1595 3089//1595
f 3075//1595 3090//1595 3091//1595
f 3075//1595 3092//1595 3093//1595
f 3075//1595 3094//1595 3095//1595
f 3096//1596 3097//1596 3098//1596
f 3096//1596 3099//1596 3100//1596
f 3096//1596 3101//1596 3102//1596
f 3096//1596 3103//1596 3104//1596
f 3096//1596 3105//1596 3106//1596
f 3096//1596 3107//1596 3108//1596
f 3096//1596 3109//1596 3110//1596
f 3096//1596 3111//1596 3112//1596
f 3096//1596 3113//1596 3114//1596
f 3096//1596 3115//1596 3116//1596
f 3117//1597 3118//1598 3119//1599
f 3117//1597 3119//1599 3120//1600
f 3121//1601 3122//1602 3123//1603
f 3121//1601 3123//1603 3124//1604
f 3125//1605 3126//1606 3127//1607
f 3125//1605 3127//1607 3128//1608
f 3129//1609 3130//1610 3131//1611
f 3129//1609 3131//1611 3132//1612
f 3133//1613 3134//1614 3135//1615
f 3133//1613 3135//1615 3136//1616
f 3137//1617 3138//1618 3139//1619
f 3137//1617 3139//1619 3140//1620
f 3141//1621 3142//1622 3143//1623
f 3141//1621 3143//1623 3144//1624
f 3145//1625 3146//1626 3147//1627
f 3145//1625 3147//1627 3148//1628
f 3149//1629 3150//1630 3151//1631
f 3149//1629 3151//1631 3152//1632
f 3153//1633 3154//1634 3155//1635
f 3153//1633 3155//1635 3156//1636
f 3157//1637 3158//1637 3159//1637
f 3157//1637 3160//1637 3161//1637
f 3157//1637 3162//1637 3163//1637
f 3157//1637 3164//1637 3165//1637
f 3157//1637 3166//1637 3167//1637
f 3157//1637 3168//1637 3169//1637
f 3157//1637 3170//1637 3171//1637
f 3157//1637 3172//1637 3173//1637
f 3157//1637 3174//1637 3175//1637
f 3157//1637 3176//1637 3177//1637
f 3178//1638 3179//1638 3180//1638
f 3178//1638 3181//1638 3182//1638
f 3178//1638 3183//1638 3184//1638
f 3178//1638 3185//1638 3186//1638
f 3178//1638 3187//1638 3188//1638
f 3178//1638 3189//1638 3190//1638
f 3178//1638 3191//1638 3192//1638
f 3178//1638 3193//1638 3194//1638
f 3178//1638 3195//1638 3196//1638
f 3178//1638 3197//1638 3198//1638
f 3199//1639 3200//1640 3201//1641
f 3199//1639 3201//1641 3202//1642
f 3203//1643 3204//1644 3205//1645
f 3203//1643 3205//1645 3206//1646
f 3207//1647 3208//1648 3209//1649
f 3207//1647 3209//1649 3210//1650
f 3211//1651 3212//1652 3213//1653
f 3211//1651 3213//1653 3214//1654
f 3215//1655 3216//1656 3217//1657
f 3215//1655 3217//1657 3218//1658
f 3219//1659 3220//1660 3221//1661
f 3219//1659 3221//1661 3222//1662
f 3223//1663 3224//1664 3225//1665
f 3223//1663 3225//1665 3226//1666
f 3227//1667 3228//1668 3229//1669
f 3227//1667 3229//1669 3230//1670
f 3231//1671 3232//1672 3233//1673
f 3231//1671 3233//1673 3234//1674
f 3235//1675 3236//1676 3237//1677
f 3235//1675 3237//1677 3238//1678
f 3239//1679 3240//1679 3241//1679
f 3239//1679 3242//1679 3243//1679
f 3239//1679 3244//1679 3245//1679
f 3239//1679 3246//1679 3247//1679
f 3239//1679 3248//1679 3249//1679
f 3239//1679 3250//1679 3251//1679
f 3239//1679 3252//1679 3253//1679
f 3239//1679 3254//1679 3255//1679
f 3239//1679 3256//1679 3257//1679
f 3239//1679 3258//1679 3259//1679
f 3260//1680 3261//1680 3262//1680
f 3260//1680 3263//1680 3264//1680
f 3260//1680 3265//1680 3266//1680
f 3260//1680 3267//1680 3268//1680
f 3260//1680 3269//1680 3270//1680
f 3260//1680 3271//1680 3272//1680
f 3260//1680 3273//1680 3274//1680
f 3260//1680 3275//1680 3276//1680
f 3260//1680 3277//1680 3278//1680
f 3260//1680 3279//1680 3280//1680
f 3281//1681 3282//1682 3283//1683
f 3281//1681 3283//1683 3284//1684
f 3285//1685 3286//1686 3287//1687
f 3285//1685 3287//1687 3288//1688
f 3289//1689 3290//1690 3291//1691
f 3289//1689 3291//1691 3292//1692
f 3293//1693 3294//1694 3295//1695
f 3293//1693 3295//1695 3296//1696
f 3297//1697 3298//1698 3299//1699
f 3297//1697 3299//1699 3300//1700
f 3301//1701 3302//1702 3303//1703
f 3301//1701 3303//1703 3304//1704
f 3305//1705 3306//1706 3307//1707
f 3305//1705 3307//1707 3308//1708
f 3309//1709 3310//1710 3311//1711
f 3309//1709 3311//1711 3312//1712
f 3313//1713 3314//1714 3315//1715
f 3313//1713 3315//1715 3316//1716
f 3317//1717 3318//1718 3319//1719
f 3317//1717 3319//1719 3320//1720
f 3321//1721 3322//1721 3323//1721
f 3321//1721 3324//1721 3325//1721
f 3321//1721 3326//1721 3327//1721
f 3321//1721 3328//1721 3329//1721
f 3321//1721 3330//1721 3331//1721
f 3321//1721 3332//1721 3333//1721
f 3321//1721 3334//1721 3335//1721
f 3321//1721 3336//1721 3337//1721
f 3321//1721 3338//1721 3339//1721
f 3321//1721 3340//1721 3341//1721
f 3342//1722 3343//1722 3344//1722
f 3342//1722 3345//1722 3346//1722
f 3342//1722 3347//1722 3348//1722
f 3342//1722 3349//1722 3350//1722
f 3342//1722 3351//1722 3352//1722
f 3342//1722 3353//1722 3354//1722
f 3342//1722 3355//1722 3356//1722
f 3342//1722 3357//1722 3358//1722
f 3342//1722 3359//1722 3360//1722
f 3342//1722 3361//1722 3362//1722
f 3363//1723 3364//1724 3365//1725
f 3363//1723 3365//1725 3366//1726
f 3367//1727 3368//1728 3369//1729
f 3367//1727 3369//1729 3370//1730
f 3371//1731 3372//1732 3373//1733
f 3371//1731 3373//1733 3374//1734
f 3375//1735 3376//1736 3377//1737
f 3375//1735 3377//1737 3378//1738
f 3379//1739 3380//1740 3381//1741
f 3379//1739 3381//1741 3382//1742
f 3383//1743 3384//1744 3385//1745
f 3383//1743 3385//1745 3386//1746
f 3387//1747 3388//1748 3389//1749
f 3387//1747 3389//1749 3390//1750
f 3391//1751 3392//1752 3393//1753
f 3391//1751 3393//1753 3394//1754
f 3395//1755 3396//1756 3397//1757
f 3395//1755 3397//1757 3398//1758
f 3399//1759 3400//1760 3401//1761
f 3399//1759 3401//1761 3402//1762
f 3403//1763 3404//1763 3405//1763
f 3403//1763 3406//1763 3407//1763
f 3403//1763 3408//1763 3409//1763
f 3403//1763 3410//1763 3411//1763
f 3403//1763 3412//1763 3413//1763
f 3403//1763 3414//1763 3415//1763
f 3403//1763 3416//1763 3417//1763
f 3403//1763 3418//1763 3419//1763
f 3403//1763 3420//1763 3421//1763
f 3403//1763 3422//1763 3423//1763
f 3424//1764 3425//1764 3426//1764
f 3424//1764 3427//1764 3428//1764
f 3424//1764 3429//1764 3430//1764
f 3424//1764 3431//1764 3432//1764
f 3424//1764 3433//1764 3434//1764
f 3424//1764 3435//1764 3436//1764
f 3424//1764 3437//1764 3438//1764
f 3424//1764 3439//1764 3440//1764
f 3424//1764 3441//1764 3442//1764
f 3424//1764 3443//1764 3444//1764
f 3445//1765 3446//1766 3447//1767
f 3445//1765 3447//1767 3448//1768
f 3449//1769 3450//1770 3451//1771
f 3449//1769 3451//1771 3452//1772
f 3453//1773 3454//1774 3455//1775
f 3453//1773 3455//1775 3456//1776
f 3457//1777 3458//1778 3459//1779
f 3457//1777 3459//1779 3460//1780
f 3461//1781 3462//1782 3463//1783
f 3461//1781 3463//1783 3464//1784
f 3465//1785 3466//1786 3467//1787
f 3465//1785 3467//1787 3468//1788
f 3469//1789 3470//1790 3471//1791
f 3469//1789 3471//1791 3472//1792
f 3473//1793 3474//1794 3475//1795
f 3473//1793 3475//1795 3476//1796
f 3477//1797 3478//1798 3479//1799
f 3477//1797 3479//1799 3480//1800
f 3481//1801 3482//1802 3483//1803
f 3481//1801 3483//1803 3484//1804
f 3485//1805 3486//1805 3487//1805
f 3485//1805 3488//1805 3489//1805
f 3485//1805 3490//1805 3491//1805
f 3485//1805 3492//1805 3493//1805
f 3485//1805 3494//1805 3495//1805
f 3485//1805 3496//1805 3497//1805
f 3485//1805 3498//1805 3499//1805
f 3485//1805 3500//1805 3501//1805
f 3485//1805 3502//1805 3503//1805
f 3485//1805 3504//1805 3505//1805
f 3506//1806 3507//1806 3508//1806
f 3506//1806 3509//1806 3510//1806
f 3506//1806 3511//1806 3512//1806
f 3506//1806 3513//1806 3514//1806
f 3506//1806 3515//1806 3516//1806
f 3506//1806 3517//1806 3518//1806
f 3506//1806 3519//1806 3520//1806
f 3506//1806 3521//1806 3522//1806
f 3506//1806 3523//1806 3524//1806
f 3506//1806 3525//1806 3526//1806
f 3527//1807 3528//1808 3529//1809
f 3527//1807 3529//1809 3530//1810
f 3531//1811 3532//1812 3533//1813
f 3531//1811 3533//1813 3534//1814
f 3535//1815 3536//1816 3537//1817
f 3535//1815 3537//1817 3538//1818
f 3539//1819 3540//1820 3541//1821
f 3539//1819 3541//1821 3542//1822
f 3543//1823 3544//1824 3545//1825
f 3543//1823 3545//1825 3546//1826
f 3547//1827 3548//1828 3549//1829
f 3547//1827 3549//1829 3550//1830
f 3551//1831 3552//1832 3553//1833
f 3551//1831 3553//1833 3554//1834
f 3555//1835 3556//1836 3557//1837
f 3555//1835 3557//1837 3558//1838
f 3559//1839 3560//1840 3561//1841
f 3559//1839 3561//1841 3562//1842
f 3563//1843 3564//1844 3565//1845
f 3563//1843 3565//1845 3566//1846
f 3567//1847 3568//1847 3569//1847
f 3567//1847 3570//1847 3571//1847
f 3567//1847 3572//1847 3573//1847
f 3567//1847 3574//1847 3575//1847
f 3567//1847 3576//1847 3577//1847
f 3567//1847 3578//1847 3579//1847
f 3567//1847 3580//1847 3581//1847
f 3567//1847 3582//1847 3583//1847
f 3567//1847 3584//1847 3585//1847
f 3567//1847 3586//1847 3587//1847
f 3588//1848 3589//1848 3590//1848
f 3588//1848 3591//1848 3592//1848
f 3588//1848 3593//1848 3594//1848
f 3588//1848 3595//1848 3596//1848
f 3588//1848 3597//1848 3598//1848
f 3588//1848 3599//1848 3600//1848
f 3588//1848 3601//1848 3602//1848
f 3588//1848 3603//1848 3604//1848
f 3588//1848 3605//1848 3606//1848
f 3588//1848 3607//1848 3608//1848
f 3609//1849 3610//1850 3611//1851
f 3609//1849 3611//1851 3612//1852
f 3613//1853 3614//1854 3615//1855
f 3613//1853 3615//1855 3616//1856
f 3617//1857 3618//1858 3619//1859
f 3617//1857 3619//1859 3620//1860
f 3621//1861 3622//1862 3623//1863
f 3621//1861 3623//1863 3624//1864
f 3625//1865 3626//1866 3627//1867
f 3625//1865 3627//1867 3628//1868
f 3629//1869 3630//1870 3631//1871
f 3629//1869 3631//1871 3632//1872
f 3633//1873 3634//1874 3635//1875
f 3633//1873 3635//1875 3636//1876
f 3637//1877 3638//1878 3639//1879
f 3637//1877 3639//1879 3640//1880
f 3641//1881 3642//1882 3643//1883
f 3641//1881 3643//1883 3644//1884
f 3645//1885 3646//1886 3647//1887
f 3645//1885 3647//1887 3648//1888
f 3649//1889 3650//1889 3651//1889
f 3649//1889 3652//1889 3653//1889
f 3649//1889 3654//1889 3655//1889
f 3649//1889 3656//1889 3657//1889
f 3649//1889 3658//1889 3659//1889
f 3649//1889 3660//1889 3661//1889
f 3649//1889 3662//1889 3663//1889
f 3649//1889 3664//1889 3665//1889
f 3649//1889 3666//1889 3667//1889
f 3649//1889 3668//1889 3669//1889
f 3670//1890 3671//1890 3672//1890
f 3670//1890 3673//1890 3674//1890
f 3670//1890 3675//1890 3676//1890
f 3670//1890 3677//1890 3678//1890
f 3670//1890 3679//1890 3680//1890
f 3670//1890 3681//1890 3682//1890
f 3670//1890 3683//1890 3684//1890
f 3670//1890 3685//1890 3686//1890
f 3670//1890 3687//1890 3688//1890
f 3670//1890 3689//1890 3690//1890
f 3691//1891 3692//1892 3693//1893
f 3691//1891 3693//1893 3694//1894
f 3695//1895 3696//1896 3697//1897
f 3695//1895 3697//1897 3698//1898
f 3699//1899 3700//1900 3701//1901
f 3699//1899 3701//1901 3702//1902
f 3703//1903 3704//1904 3705//1905
f 3703//1903 3705//1905 3706//1906
f 3707//1907 3708//1908 3709//1909
f 3707//1907 3709//1909 3710//1910
f 3711//1911 3712//1912 3713//1913
f 3711//1911 3713//1913 3714//1914
f 3715//1915 3716//1916 3717//1917
f 3715//1915 3717//1917 3718//1918
f 3719//1919 3720//1920 3721//1921
f 3719//1919 3721//1921 3722//1922
f 3723//1923 3724//1924 3725//1925
f 3723//1923 3725//1925 3726//1926
f 3727//1927 3728//1928 3729//1929
f 3727//1927 3729//1929 3730//1930
f 3731//1931 3732//1931 3733//1931
f 3731//1931 3734//1931 3735//1931
f 3731//1931 3736//1931 3737//1931
f 3731//1931 3738//1931 3739//1931
f 3731//1931 3740//1931 3741//1931
f 3731//1931 3742//1931 3743//1931
f 3731//1931 3744//1931 3745//1931
f 3731//1931 3746//1931 3747//1931
f 3731//1931 3748//1931 3749//1931
f 3731//1931 3750//1931 3751//1931
f 3752//1932 3753//1932 3754//1932
f 3752//1932 3755//1932 3756//1932
f 3752//1932 3757//1932 3758//1932
f 3752//1932 3759//1932 3760//1932
f 3752//1932 3761//1932 3762//1932
f 3752//1932 3763//1932 3764//1932
f 3752//1932 3765//1932 3766//1932
f 3752//1932 3767//1932 3768//1932
f 3752//1932 3769//1932 3770//1932
f 3752//1932 3771//1932 3772//1932
f 3773//1933 3774//1934 3775//1935
f 3773//1933 3775//1935 3776//1936
f 3777//1937 3778//1938 3779//1939
f 3777//1937 3779//1939 3780//1940
f 3781//1941 3782//1942 3783//1943
f 3781//1941 3783//1943 3784//1944
f 3785//1945 3786//1946 3787//1947
f 3785//1945 3787//1947 3788//1948
f 3789//1949 3790//1950 3791//1951
f 3789//1949 3791//1951 3792//1952
f 3793//1953 3794//1954 3795//1955
f 3793//1953 3795//1955 3796//1956
f 3797//1957 3798//1958 3799//1959
f 3797//1957 3799//1959 3800//1960
f 3801//1961 3802//1962 3803//1963
f 3801//1961 3803//1963 3804//1964
f 3805//1965 3806//1966 3807//1967
f 3805//1965 3807//1967 3808//1968
f 3809//1969 3810//1970 3811//1971
f 3809//1969 3811//1971 3812//1972
f 3813//1973 3814//1973 3815//1973
f 3813//1973 3816//1973 3817//1973
f 3813//1973 3818//1973 3819//1973
f 3813//1973 3820//1973 3821//1973
f 3813//1973 3822//1973 3823//1973
f 3813//1973 3824//1973 3825//1973
f 3813//1973 3826//1973 3827//1973
f 3813//1973 3828//1973 3829//1973
f 3813//1973 3830//1973 3831//1973
f 3813//1973 3832//1973 3833//1973
f 3834//1974 3835//1974 3836//1974
f 3834//1974 3837//1974 3838//1974
f 3834//1974 3839//1974 3840//1974
f 3834//1974 3841//1974 3842//1974
f 3834//1974 3843//1974 3844//1974
f 3834//1974 3845//1974 3846//1974
f 3834//1974 3847//1974 3848//1974
f 3834//1974 3849//1974 3850//1974
f 3834//1974 3851//1974 3852//1974
f 3834//1974 3853//1974 3854//1974
f 3855//1975 3856//1976 3857//1977
f 3855//1975 3857//1977 3858//1978
f 3859//1979 3860//1980 3861//1981
f 3859//1979 3861//1981 3862//1982
f 3863//1983 3864//1984 3865//1985
f 3863//1983 3865//1985 3866//1986
f 3867//1987 3868//1988 3869//1989
f 3867//1987 3869//1989 3870//1990
f 3871//1991 3872//1992 3873//1993
f 3871//1991 3873//1993 3874//1994
f 3875//1995 3876//1996 3877//1997
f 3875//1995 3877//1997 3878//1998
f 3879//1999 3880//2000 3881//2001
f 3879//1999 3881//2001 3882//2002
f 3883//2003 3884//2004 3885//2005
f 3883//2003 3885//2005 3886//2006
f 3887//2007 3888//2008 3889//2009
f 3887//2007 3889//2009 3890//2010
f 3891//2011 3892//2012 3893//2013
f 3891//2011 3893//2013 3894//2014
f 3895//2015 3896//2015 3897//2015
f 3895//2015 3898//2015 3899//2015
f 3895//2015 3900//2015 3901//2015
f 3895//2015 3902//2015 3903//2015
f 3895//2015 3904//2015 3905//2015
f 3895//2015 3906//2015 3907//2015
f 3895//2015 3908//2015 3909//2015
f 3895//2015 3910//2015 3911//2015
f 3895//2015 3912//2015 3913//2015
f 3895//2015 3914//2015 3915//2015
f 3916//2016 3917//2016 3918//2016
f 3916//2016 3919//2016 3920//2016
f 3916//2016 3921//2016 3922//2016
f 3916//2016 3923//2016 3924//2016
f 3916//2016 3925//2016 3926//2016
f 3916//2016 3927//2016 3928//2016
f 3916//2016 3929//2016 3930//2016
f 3916//2016 3931//2016 3932//2016
f 3916//2016 3933//2016 3934//2016
f 3916//2016 3935//2016 3936//2016
f 3937//2017 3938//2018 3939//2019
f 3937//2017 3939//2019 3940//2020
f 3941//2021 3942//2022 3943//2023
f 3941//2021 3943//2023 3944//2024
f 3945//2025 3946//2026 3947//2027
f 3945//2025 3947//2027 3948//2028
f 3949//2029 3950//2030 3951//2031
f 3949//2029 3951//2031 3952//2032
f 3953//2033 3954//2034 3955//2035
f 3953//2033 3955//2035 3956//2036
f 3957//2037 3958//2038 3959//2039
f 3957//2037 3959//2039 3960//2040
f 3961//2041 3962//2042 3963//2043
f 3961//2041 3963//2043 3964//2044
f 3965//2045 3966//2046 3967//2047
f 3965//2045 3967//2047 3968//2048
f 3969//2049 3970//2050 3971//2051
f 3969//2049 3971//2051 3972//2052
f 3973//2053 3974//2054 3975//2055
f 3973//2053 3975//2055 3976//2056
f 3977//2057 3978//2057 3979//2057
f 3977//2057 3980//2057 3981//2057
f 3977//2057 3982//2057 3983//2057
f 3977//2057 3984//2057 3985//2057
f 3977//2057 3986//2057 3987//2057
f 3977//2057 3988//2057 3989//2057
f 3977//2057 3990//2057 3991//2057
f 3977//2057 3992//2057 3993//2057
f 3977//2057 3994//2057 3995//2057
f 3977//2057 3996//2057 3997//2057
f 3998//2058 3999//2058 4000//2058
f 3998//2058 4001//2058 4002//2058
f 3998//2058 4003//2058 4004//2058
f 3998//2058 4005//2058 4006//2058
f 3998//2058 4007//2058 4008//2058
f 3998//2058 4009//2058 4010//2058
f 3998//2058 4011//2058 4012//2058
f 3998//2058 4013//2058 4014//2058
f 3998//2058 4015//2058 4016//2058
f 3998//2058 4017//2058 4018//2058
f 4019//2059 4020//2060 4021//2061
f 4019//2059 4021//2061 4022//2062
f 4023//2063 4024//2064 4025//2065
f 4023//2063 4025//2065 4026//2066
f 4027//2067 4028//2068 4029//2069
f 4027//2067 4029//2069 4030//2070
f 4031//2071 4032//2072 4033//2073
f 4031//2071 4033//2073 4034//2074
f 4035//2075 4036//2076 4037//2077
f 4035//2075 4037//2077 4038//2078
f 4039//2079 4040//2080 4041//2081
f 4039//2079 4041//2081 4042//2082
f 4043//2083 4044//2084 4045//2085
f 4043//2083 4045//2085 4046//2086
f 4047//2087 4048//2088 4049//2089
f 4047//2087 4049//2089 4050//2090
f 4051//2091 4052//2092 4053//2093
f 4051//2091 4053//2093 4054//2094
f 4055//2095 4056//2096 4057//2097
f 4055//2095 4057//2097 4058//2098
f 4059//2099 4060//2099 4061//2099
f 4059//2099 4062//2099 4063//2099
f 4059//2099 4064//2099 4065//2099
f 4059//2099 4066//2099 4067//2099
f 4059//2099 4068//2099 4069//2099
f 4059//2099 4070//2099 4071//2099
f 4059//2099 4072//2099 4073//2099
f 4059//2099 4074//2099 4075//2099
f 4059//2099 4076//2099 4077//2099
f 4059//2099 4078//2099 4079//2099
f 4080//2100 4081//2100 4082//2100
f 4080//2100 4083//2100 4084//2100
f 4080//2100 4085//2100 4086//2100
f 4080//2100 4087//2100 4088//2100
f 4080//2100 4089//2100 4090//2100
f 4080//2100 4091//2100 4092//2100
f 4080//2100 4093//2100 4094//2100
f 4080//2100 4095//2100 4096//2100
f 4080//2100 4097//2100 4098//2100
f 4080//2100 4099//2100 4100//2100
f 4101//2101 4102//2102 4103//2103
f 4101//2101 4103//2103 4104//2104
f 4105//2105 4106//2106 4107//2107
f 4105//2105 4107//2107 4108//2108
f 4109//2109 4110//2110 4111//2111
f 4109//2109 4111//2111 4112//2112
f 4113//2113 4114//2114 4115//2115
f 4113//2113 4115//2115 4116//2116
f 4117//2117 4118//2118 4119//2119
f 4117//2117 4119//2119 4120//2120
f 4121//2121 4122//2122 4123//2123
f 4121//2121 4123//2123 4124//2124
f 4125//2125 4126//2126 4127//2127
f 4125//2125 4127//2127 4128//2128
f 4129//2129 4130//2130 4131//2131
f 4129//2129 4131//2131 4132//2132
f 4133//2133 4134//2134 4135//2135
f 4133//2133 4135//2135 4136//2136
f 4137//2137 4138//2138 4139//2139
f 4137//2137 4139//2139 4140//2140
f 4141//2141 4142//2141 4143//2141
f 4141//2141 4144//2141 4145//2141
f 4141//2141 4146//2141 4147//2141
f 4141//2141 4148//2141 4149//2141
f 4141//2141 4150//2141 4151//2141
f 4141//2141 4152//2141 4153//2141
f 4141//2141 4154//2141 4155//2141
f 4141//2141 4156//2141 4157//2141
f 4141//2141 4158//2141 4159//2141
f 4141//2141 4160//2141 4161//2141
f 4162//2142 4163//2142 4164//2142
f 4162//2142 4165//2142 4166//2142
f 4162//2142 4167//2142 4168//2142
f 4162//2142 4169//2142 4170//2142
f 4162//2142 4171//2142 4172//2142
f 4162//2142 4173//2142 4174//2142
f 4162//2142 4175//2142 4176//2142
f 4162//2142 4177//2142 4178//2142
f 4162//2142 4179//2142 4180//2142
f 4162//2142 4181//2142 4182//2142
f 4183//2143 4184//2144 4185//2145
f 4183//2143 4185//2145 4186//2146
f 4187//2147 4188//2148 4189//2149
f 4187//2147 4189//2149 4190//2150
f 4191//2151 4192//2152 4193//2153
f 4191//2151 4193//2153 4194//2154
f 4195//2155 4196//2156 4197//2157
f 4195//2155 4197//2157 4198//2158
f 4199//2159 4200//2160 4201//2161
f 4199//2159 4201//2161 4202//2162
f 4203//2163 4204//2164 4205//2165
f 4203//2163 4205//2165 4206//2166
f 4207//2167 4208//2168 4209//2169
f 4207//2167 4209//2169 4210//2170
f 4211//2171 4212//2172 4213//2173
f 4211//2171 4213//2173 4214//2174
f 4215//2175 4216//2176 4217//2177
f 4215//2175 4217//2177 4218//2178
f 4219//2179 4220//2180 4221//2181
f 4219//2179 4221//2181 4222//2182
f 4223//2183 4224//2183 4225//2183
f 4223//2183 4226//2183 4227//2183
f 4223//2183 4228//2183 4229//2183
f 4223//2183 4230//2183 4231//2183
f 4223//2183 4232//2183 4233//2183
f 4223//2183 4234//2183 4235//2183
f 4223//2183 4236//2183 4237//2183
f 4223//2183 4238//2183 4239//2183
f 4223//2183 4240//2183 4241//2183
f 4223//2183 4242//2183 4243//2183
f 4244//2184 4245//2184 4246//2184
f 4244//2184 4247//2184 4248//2184
f 4244//2184 4249//2184 4250//2184
f 4244//2184 4251//2184 4252//2184
f 4244//2184 4253//2184 4254//2184
f 4244//2184 4255//2184 4256//2184
f 4244//2184 4257//2184 4258//2184
f 4244//2184 4259//2184 4260//2184
f 4244//2184 4261//2184 4262//2184
f 4244//2184 4263//2184 4264//2184
f 4265//2185 4266//2186 4267//2187
f 4265//2185 4267//2187 4268//2188
f 4269//2189 4270//2190 4271//2191
f 4269//2189 4271//2191 4272//2192
f 4273//2193 4274//2194 4275//2195
f 4273//2193 4275//2195 4276//2196
f 4277//2197 4278//2198 4279//2199
f 4277//2197 4279//2199 4280//2200
f 4281//2201 4282//2202 4283//2203
f 4281//2201 4283//2203 4284//2204
f 4285//2205 4286//2206 4287//2207
f 4285//2205 4287//2207 4288//2208
f 4289//2209 4290//2210 4291//2211
f 4289//2209 4291//2211 4292//2212
f 4293//2213 4294//2214 4295//2215
f 4293//2213 4295//2215 4296//2216
f 4297//2217 4298//2218 4299//2219
f 4297//2217 4299//2219 4300//2220
f 4301//2221 4302//2222 4303//2223
f 4301//2221 4303//2223 4304//2224
f 4305//2225 4306//2225 4307//2225
f 4305//2225 4308//2225 4309//2225
f 4305//2225 4310//2225 4311//2225
f 4305//2225 4312//2225 4313//2225
f 4305//2225 4314//2225 4315//2225
f 4305//2225 4316//2225 4317//2225
f 4305//2225 4318//2225 4319//2225
f 4305//2225 4320//2225 4321//2225
f 4305//2225 4322//2225 4323//2225
f 4305//2225 4324//2225 4325//2225
f 4326//2226 4327//2226 4328//2226
f 4326//2226 4329//2226 4330//2226
f 4326//2226 4331//2226 4332//2226
f 4326//2226 4333//2226 4334//2226
f 4326//2226 4335//2226 4336//2226
f 4326//2226 4337//2226 4338//2226
f 4326//2226 4339//2226 4340//2226
f 4326//2226 4341//2226 4342//2226
f 4326//2226 4343//2226 4344//2226
f 4326//2226 4345//2226 4346//2226
f 4347//2227 4348//2228 4349//2229
f 4347//2227 4349//2229 4350//2230
f 4351//2231 4352//2232 4353//2233
f 4351//2231 4353//2233 4354//2234
f 4355//2235 4356//2236 4357//2237
f 4355//2235 4357//2237 4358//2238
f 4359//2239 4360//2240 4361//2241
f 4359//2239 4361//2241 4362//2242
f 4363//2243 4364//2244 4365//2245
f 4363//2243 4365//2245 4366//2246
f 4367//2247 4368//2248 4369//2249
f 4367//2247 4369//2249 4370//2250
f 4371//2251 4372//2252 4373//2253
f 4371//2251 4373//2253 4374//2254
f 4375//2255 4376//2256 4377//2257
f 4375//2255 4377//2257 4378//2258
f 4379//2259 4380//2260 4381//2261
f 4379//2259 4381//2261 4382//2262
f 4383//2263 4384//2264 4385//2265
f 4383//2263 4385//2265 4386//2266
f 4387//2267 4388//2267 4389//2267
f 4387//2267 4390//2267 4391//2267
f 4387//2267 4392//2267 4393//2267
f 4387//2267 4394//2267 4395//2267
f 4387//2267 4396//2267 4397//2267
f 4387//2267 4398//2267 4399//2267
f 4387//2267 4400//2267 4401//2267
f 4387//2267 4402//2267 4403//2267
f 4387//2267 4404//2267 4405//2267
f 4387//2267 4406//2267 4407//2267
f 4408//2268 4409//2268 4410//2268
f 4408//2268 4411//2268 4412//2268
f 4408//2268 4413//2268 4414//2268
f 4408//2268 4415//2268 4416//2268
f 4408//2268 4417//2268 4418//2268
f 4408//2268 4419//2268 4420//2268
f 4408//2268 4421//2268 4422//2268
f 4408//2268 4423//2268 4424//2268
f 4408//2268 4425//2268 4426//2268
f 4408//2268 4427//2268 4428//2268
f 4429//2269 4430//2270 4431//2271
f 4429//2269 4431//2271 4432//2272
f 4433//2273 4434//2274 4435//2275
f 4433//2273 4435//2275 4436//2276
f 4437//2277 4438//2278 4439//2279
f 4437//2277 4439//2279 4440//2280
f 4441//2281 4442//2282 4443//2283
f 4441//2281 4443//2283 4444//2284
f 4445//2285 4446//2286 4447//2287
f 4445//2285 4447//2287 4448//2288
f 4449//2289 4450//2290 4451//2291
f 4449//2289 4451//2291 4452//2292
f 4453//2293 4454//2294 4455//2295
f 4453//2293 4455//2295 4456//2296
f 4457//2297 4458//2298 4459//2299
f 4457//2297 4459//2299 4460//2300
f 4461//2301 4462//2302 4463//2303
f 4461//2301 4463//2303 4464//2304
f 4465//2305 4466//2306 4467//2307
f 4465//2305 4467//2307 4468//2308
f 4469//2309 4470//2309 4471//2309
f 4469//2309 4472//2309 4473//2309
f 4469//2309 4474//2309 4475//2309
f 4469//2309 4476//2309 4477//2309
f 4469//2309 4478//2309 4479//2309
f 4469//2309 4480//2309 4481//2309
f 4469//2309 4482//2309 4483//2309
f 4469//2309 4484//2309 4485//2309
f 4469//2309 4486//2309 4487//2309
f 4469//2309 4488//2309 4489//2309
f 4490//2310 4491//2310 4492//2310
f 4490//2310 4493//2310 4494//2310
f 4490//2310 4495//2310 4496//2310
f 4490//2310 4497//2310 4498//2310
f 4490//2310 4499//2310 4500//2310
f 4490//2310 4501//2310 4502//2310
f 4490//2310 4503//2310 4504//2310
f 4490//2310 4505//2310 4506//2310
f 4490//2310 4507//2310 4508//2310
f 4490//2310 4509//2310 4510//2310
f 4511//2311 4512//2312 4513//2313
f 4511//2311 4513//2313 4514//2314
f 4515//2315 4516//2316 4517//2317
f 4515//2315 4517//2317 4518//2318
f 4519//2319 4520//2320 4521//2321
f 4519//2319 4521//2321 4522//2322
f 4523//2323 4524//2324 4525//2325
f 4523//2323 4525//2325 4526//2326
f 4527//2327 4528//2328 4529//2329
f 4527//2327 4529//2329 4530//2330
f 4531//2331 4532//2332 4533//2333
f 4531//2331 4533//2333 4534//2334
f 4535//2335 4536//2336 4537//2337
f 4535//2335 4537//2337 4538//2338
f 4539//2339 4540//2340 4541//2341
f 4539//2339 4541//2341 4542//2342
f 4543//2343 4544//2344 4545//2345
f 4543//2343 4545//2345 4546//2346
f 4547//2347 4548//2348 4549//2349
f 4547//2347 4549//2349 4550//2350
f 4551//2351 4552//2351 4553//2351
f 4551//2351 4554//2351 4555//2351
f 4551//2351 4556//2351 4557//2351
f 4551//2351 4558//2351 4559//2351
f 4551//2351 4560//2351 4561//2351
f 4551//2351 4562//2351 4563//2351
f 4551//2351 4564//2351 4565//2351
f 4551//2351 4566//2351 4567//2351
f 4551//2351 4568//2351 4569//2351
f 4551//2351 4570//2351 4571//2351
f 4572//2352 4573//2352 4574//2352
f 4572//2352 4575//2352 4576//2352
f 4572//2352 4577//2352 4578//2352
f 4572//2352 4579//2352 4580//2352
f 4572//2352 4581//2352 4582//2352
f 4572//2352 4583//2352 4584//2352
f 4572//2352 4585//2352 4586//2352
f 4572//2352 4587//2352 4588//2352
f 4572//2352 4589//2352 4590//2352
f 4572//2352 4591//2352 4592//2352
f 4593//2353 4594//2354 4595//2355
f 4593//2353 4595//2355 4596//2356
f 4597//2357 4598//2358 4599//2359
f 4597//2357 4599//2359 4600//2360
f 4601//2361 4602//2362 4603//2363
f 4601//2361 4603//2363 4604//2364
f 4605//2365 4606//2366 4607//2367
f 4605//2365 4607//2367 4608//2368
f 4609//2369 4610//2370 4611//2371
f 4609//2369 4611//2371 4612//2372
f 4613//2373 4614//2374 4615//2375
f 4613//2373 4615//2375 4616//2376
f 4617//2377 4618//2378 4619//2379
f 4617//2377 4619//2379 4620//2380
f 4621//2381 4622//2382 4623//2383
f 4621//2381 4623//2383 4624//2384
f 4625//2385 4626//2386 4627//2387
f 4625//2385 4627//2387 4628//2388
f 4629//2389 4630//2390 4631//2391
f 4629//2389 4631//2391 4632//2392
f 4633//2393 4634//2393 4635//2393
f 4633//2393 4636//2393 4637//2393
f 4633//2393 4638//2393 4639//2393
f 4633//2393 4640//2393 4641//2393
f 4633//2393 4642//2393 4643//2393
f 4633//2393 4644//2393 4645//2393
f 4633//2393 4646//2393 4647//2393
f 4633//2393 4648//2393 4649//2393
f 4633//2393 4650//2393 4651//2393
f 4633//2393 4652//2393 4653//2393
f 4654//2394 4655//2394 4656//2394
f 4654//2394 4657//2394 4658//2394
f 4654//2394 4659//2394 4660//2394
f 4654//2394 4661//2394 4662//2394
f 4654//2394 4663//2394 4664//2394
f 4654//2394 4665//2394 4666//2394
f 4654//2394 4667//2394 4668//2394
f 4654//2394 4669//2394 4670//2394
f 4654//2394 4671//2394 4672//2394
f 4654//2394 4673//2394 4674//2394
f 4675//2395 4676//2396 4677//2397
f 4675//2395 4677//2397 4678//2398
f 4679//2399 4680//2400 4681//2401
f 4679//2399 4681//2401 4682//2402
f 4683//2403 4684//2404 4685//2405
f 4683//2403 4685//2405 4686//2406
f 4687//2407 4688//2408 4689//2409
f 4687//2407 4689//2409 4690//2410
f 4691//2411 4692//2412 4693//2413
f 4691//2411 4693//2413 4694//2414
f 4695//2415 4696//2416 4697//2417
f 4695//2415 4697//2417 4698//2418
f 4699//2419 4700//2420 4701//2421
f 4699//2419 4701//2421 4702//2422
f 4703//2423 4704//2424 4705//2425
f 4703//2423 4705//2425 4706//2426
f 4707//2427 4708//2428 4709//2429
f 4707//2427 4709//2429 4710//2430
f 4711//2431 4712//2432 4713//2433
f 4711//2431 4713//2433 4714//2434
f 4715//2435 4716//2435 4717//2435
f 4715//2435 4718//2435 4719//2435
f 4715//2435 4720//2435 4721//2435
f 4715//2435 4722//2435 4723//2435
f 4715//2435 4724//2435 4725//2435
f 4715//2435 4726//2435 4727//2435
f 4715//2435 4728//2435 4729//2435
f 4715//2435 4730//2435 4731//2435
f 4715//2435 4732//2435 4733//2435
f 4715//2435 4734//2435 4735//2435
f 4736//2436 4737//2436 4738//2436
f 4736//2436 4739//2436 4740//2436
f 4736//2436 4741//2436 4742//2436
f 4736//2436 4743//2436 4744//2436
f 4736//2436 4745//2436 4746//2436
f 4736//2436 4747//2436 4748//2436
f 4736//2436 4749//2436 4750//2436
f 4736//2436 4751//2436 4752//2436
f 4736//2436 4753//2436 4754//2436
f 4736//2436 4755//2436 4756//2436
f 4757//2437 4758//2438 4759//2439
f 4757//2437 4759//2439 4760//2440
f 4761//2441 4762//2442 4763//2443
f 4761//2441 4763//2443 4764//2444
f 4765//2445 4766//2446 4767//2447
f 4765//2445 4767//2447 4768//2448
f 4769//2449 4770//2450 4771//2451
f 4769//2449 4771//2451 4772//2452
f 4773//2453 4774//2454 4775//2455
f 4773//2453 4775//2455 4776//2456
f 4777//2457 4778//2458 4779//2459
f 4777//2457 4779//2459 4780//2460
f 4781//2461 4782//2462 4783//2463
f 4781//2461 4783//2463 4784//2464
f 4785//2465 4786//2466 4787//2467
f 4785//2465 4787//2467 4788//2468
f 4789//2469 4790//2470 4791//2471
f 4789//2469 4791//2471 4792//2472
f 4793//2473 4794//2474 4795//2475
f 4793//2473 4795//2475 4796//2476
f 4797//2477 4798//2477 4799//2477
f 4797//2477 4800//2477 4801//2477
f 4797//2477 4802//2477 4803//2477
f 4797//2477 4804//2477 4805//2477
f 4797//2477 4806//2477 4807//2477
f 4797//2477 4808//2477 4809//2477
f 4797//2477 4810//2477 4811//2477
f 4797//2477 4812//2477 4813//2477
f 4797//2477 4814//2477 4815//2477
f 4797//2477 4816//2477 4817//2477
f 4818//2478 4819//2478 4820//2478
f 4818//2478 4821//2478 4822//2478
f 4818//2478 4823//2478 4824//2478
f 4818//2478 4825//2478 4826//2478
f 4818//2478 4827//2478 4828//2478
f 4818//2478 4829//2478 4830//2478
f 4818//2478 4831//2478 4832//2478
f 4818//2478 4833//2478 4834//2478
f 4818//2478 4835//2478 4836//2478
f 4818//2478 4837//2478 4838//2478
f 4839//2479 4840//2480 4841//2481
f 4839//2479 4841//2481 4842//2482
f 4843//2483 4844//2484 4845//2485
f 4843//2483 4845//2485 4846//2486
f 4847//2487 4848//2488 4849//2489
f 4847//2487 4849//2489 4850//2490
f 4851//2491 4852//2492 4853//2493
f 4851//2491 4853//2493 4854//2494
f 4855//2495 4856//2496 4857//2497
f 4855//2495 4857//2497 4858//2498
f 4859//2499 4860//2500 4861//2501
f 4859//2499 4861//2501 4862//2502
f 4863//2503 4864//2504 4865//2505
f 4863//2503 4865//2505 4866//2506
f 4867//2507 4868//2508 4869//2509
f 4867//2507 4869//2509 4870//2510
f 4871//2511 4872//2512 4873//2513
f 4871//2511 4873//2513 4874//2514
f 4875//2515 4876//2516 4877//2517
f 4875//2515 4877//2517 4878//2518
f 4879//2519 4880//2519 4881//2519
f 4879//2519 4882//2519 4883//2519
f 4879//2519 4884//2519 4885//2519
f 4879//2519 4886//2519 4887//2519
f 4879//2519 4888//2519 4889//2519
f 4879//2519 4890//2519 4891//2519
f 4879//2519 4892//2519 4893//2519
f 4879//2519 4894//2519 4895//2519
f 4879//2519 4896//2519 4897//2519
f 4879//2519 4898//2519 4899//2519
f 4900//2520 4901//2520 4902//2520
f 4900//2520 4903//2520 4904//2520
f 4900//2520 4905//2520 4906//2520
f 4900//2520 4907//2520 4908//2520
f 4900//2520 4909//2520 4910//2520
f 4900//2520 4911//2520 4912//2520
f 4900//2520 4913//2520 4914//2520
f 4900//2520 4915//2520 4916//2520
f 4900//2520 4917//2520 4918//2520
f 4900//2520 4919//2520 4920//2520
f 4921//2521 4922//2522 4923//2523
f 4921//2521 4923//2523 4924//2524
f 4925//2525 4926//2526 4927//2527
f 4925//2525 4927//2527 4928//2528
f 4929//2529 4930//2530 4931//2531
f 4929//2529 4931//2531 4932//2532
f 4933//2533 4934//2534 4935//2535
f 4933//2533 4935//2535 4936//2536
f 4937//2537 4938//2538 4939//2539
f 4937//2537 4939//2539 4940//2540
f 4941//2541 4942//2542 4943//2543
f 4941//2541 4943//2543 4944//2544
f 4945//2545 4946//2546 4947//2547
f 4945//2545 4947//2547 4948//2548
f 4949//2549 4950//2550 4951//2551
f 4949//2549 4951//2551 4952//2552
f 4953//2553 4954//2554 4955//2555
f 4953//2553 4955//2555 4956//2556
f 4957//2557 4958//2558 4959//2559
f 4957//2557 4959//2559 4960//2560
f 4961//2561 4962//2561 4963//2561
f 4961//2561 4964//2561 4965//2561
f 4961//2561 4966//2561 4967//2561
f 4961//2561 4968//2561 4969//2561
f 4961//2561 4970//2561 4971//2561
f 4961//2561 4972//2561 4973//2561
f 4961//2561 4974//2561 4975//2561
f 4961//2561 4976//2561 4977//2561
f 4961//2561 4978//2561 4979//2561
f 4961//2561 4980//2561 4981//2561
f 4982//2562 4983//2562 4984//2562
f 4982//2562 4985//2562 4986//2562
f 4982//2562 4987//2562 4988//2562
f 4982//2562 4989//2562 4990//2562
f 4982//2562 4991//2562 4992//2562
f 4982//2562 4993//2562 4994//2562
f 4982//2562 4995//2562 4996//2562
f 4982//2562 4997//2562 4998//2562
f 4982//2562 4999//2562 5000//2562
f 4982//2562 5001//2562 5002//2562
f 5003//2563 5004//2564 5005//2565
f 5003//2563 5005//2565 5006//2566
f 5007//2567 5008//2568 5009//2569
f 5007//2567 5009//2569 5010//2570
f 5011//2571 5012//2572 5013//2573
f 5011//2571 5013//2573 5014//2574
f 5015//2575 5016//2576 5017//2577
f 5015//2575 5017//2577 5018//2578
f 5019//2579 5020//2580 5021//2581
f 5019//2579 5021//2581 5022//2582
f 5023//2583 5024//2584 5025//2585
f 5023//2583 5025//2585 5026//2586
f 5027//2587 5028//2588 5029//2589
f 5027//2587 5029//2589 5030//2590
f 5031//2591 5032//2592 5033//2593
f 5031//2591 5033//2593 5034//2594
f 5035//2595 5036//2596 5037//2597
f 5035//2595 5037//2597 5038//2598
f 5039//2599 5040//2600 5041//2601
f 5039//2599 5041//2601 5042//2602
f 5043//2603 5044//2603 5045//2603
f 5043//2603 5046//2603 5047//2603
f 5043//2603 5048//2603 5049//2603
f 5043//2603 5050//2603 5051//2603
f 5043//2603 5052//2603 5053//2603
f 5043//2603 5054//2603 5055//2603
f 5043//2603 5056//2603 5057//2603
f 5043//2603 5058//2603 5059//2603
f 5043//2603 5060//2603 5061//2603
f 5043//2603 5062//2603 5063//2603
f 5064//2604 5065//2604 5066//2604
f 5064//2604 5067//2604 5068//2604
f 5064//2604 5069//2604 5070//2604
f 5064//2604 5071//2604 5072//2604
f 5064//2604 5073//2604 5074//2604
f 5064//2604 5075//2604 5076//2604
f 5064//2604 5077//2604 5078//2604
f 5064//2604 5079//2604 5080//2604
f 5064//2604 5081//2604 5082//2604
f 5064//2604 5083//2604 5084//2604
f 5085//2605 5086//2606 5087//2607
f 5085//2605 5087//2607 5088//2608
f 5089//2609 5090//2610 5091//2611
f 5089//2609 5091//2611 5092//2612
f 5093//2613 5094//2614 5095//2615
f 5093//2613 5095//2615 5096//2616
f 5097//2617 5098//2618 5099//2619
f 5097//2617 5099//2619 5100//2620
f 5101//2621 5102//2622 5103//2623
f 5101//2621 5103//2623 5104//2624
f 5105//2625 5106//2626 5107//2627
f 5105//2625 5107//2627 5108//2628
f 5109//2629 5110//2630 5111//2631
f 5109//2629 5111//2631 5112//2632
f 5113//2633 5114//2634 5115//2635
f 5113//2633 5115//2635 5116//2636
f 5117//2637 5118//2638 5119//2639
f 5117//2637 5119//2639 5120//2640
f 5121//2641 5122//2642 5123//2643
f 5121//2641 5123//2643 5124//2644
f 5125//2645 5126//2645 5127//2645
f 5125//2645 5128//2645 5129//2645
f 5125//2645 5130//2645 5131//2645
f 5125//2645 5132//2645 5133//2645
f 5125//2645 5134//2645 5135//2645
f 5125//2645 5136//2645 5137//2645
f 5125//2645 5138//2645 5139//2645
f 5125//2645 5140//2645 5141//2645
f 5125//2645 5142//2645 5143//2645
f 5125//2645 5144//2645 5145//2645
f 5146//2646 5147//2646 5148//2646
f 5146//2646 5149//2646 5150//2646
f 5146//2646 5151//2646 5152//2646
f 5146//2646 5153//2646 5154//2646
f 5146//2646 5155//2646 5156//2646
f 5146//2646 5157//2646 5158//2646
f 5146//2646 5159//2646 5160//2646
f 5146//2646 5161//2646 5162//2646
f 5146//2646 5163//2646 5164//2646
f 5146//2646 5165//2646 5166//2646
f 5167//2647 5168//2648 5169//2649
f 5167//2647 5169//2649 5170//2650
f 5171//2651 5172//2652 5173//2653
f 5171//2651 5173//2653 5174//2654
f 5175//2655 5176//2656 5177//2657
f 5175//2655 5177//2657 5178//2658
f 5179//2659 5180//2660 5181//2661
f 5179//2659 5181//2661 5182//2662
f 5183//2663 5184//2664 5185//2665
f 5183//2663 5185//2665 5186//2666
f 5187//2667 5188//2668 5189//2669
f 5187//2667 5189//2669 5190//2670
f 5191//2671 5192//2672 5193//2673
f 5191//2671 5193//2673 5194//2674
f 5195//2675 5196//2676 5197//2677
f 5195//2675 5197//2677 5198//2678
f 5199//2679 5200//2680 5201//2681
f 5199//2679 5201//2681 5202//2682
f 5203//2683 5204//2684 5205//2685
f 5203//2683 5205//2685 5206//2686
f 5207//2687 5208//2687 5209//2687
f 5207//2687 5210//2687 5211//2687
f 5207//2687 5212//2687 5213//2687
f 5207//2687 5214//2687 5215//2687
f 5207//2687 5216//2687 5217//2687
f 5207//2687 5218//2687 5219//2687
f 5207//2687 5220//2687 5221//2687
f 5207//2687 5222//2687 5223//2687
f 5207//2687 5224//2687 5225//2687
f 5207//2687 5226//2687 5227//2687
f 5228//2688 5229//2688 5230//2688
f 5228//2688 5231//2688 5232//2688
f 5228//2688 5233//2688 5234//2688
f 5228//2688 5235//2688 5236//2688
f 5228//2688 5237//2688 5238//2688
f 5228//2688 5239//2688 5240//2688
f 5228//2688 5241//2688 5242//2688
f 5228//2688 5243//2688 5244//2688
f 5228//2688 5245//2688 5246//2688
f 5228//2688 5247//2688 5248//2688
f 5249//2689 5250//2690 5251//2691
f 5249//2689 5251//2691 5252//2692
f 5253//2693 5254//2694 5255//2695
f 5253//2693 5255//2695 5256//2696
f 5257//2697 5258//2698 5259//2699
f 5257//2697 5259//2699 5260//2700
f 5261//2701 5262//2702 5263//2703
f 5261//2701 5263//2703 5264//2704
f 5265//2705 5266//2706 5267//2707
f 5265//2705 5267//2707 5268//2708
f 5269//2709 5270//2710 5271//2711
f 5269//2709 5271//2711 5272//2712
f 5273//2713 5274//2714 5275//2715
f 5273//2713 5275//2715 5276//2716
f 5277//2717 5278//2718 5279//2719
f 5277//2717 5279//2719 5280//2720
f 5281//2721 5282//2722 5283//2723
f 5281//2721 5283//2723 5284//2724
f 5285//2725 5286//2726 5287//2727
f 5285//2725 5287//2727 5288//2728
f 5289//2729 5290//2729 5291//2729
f 5289//2729 5292//2729 5293//2729
f 5289//2729 5294//2729 5295//2729
f 5289//2729 5296//2729 5297//2729
f 5289//2729 5298//2729 5299//2729
f 5289//2729 5300//2729 5301//2729
f 5289//2729 5302//2729 5303//2729
f 5289//2729 5304//2729 5305//2729
f 5289//2729 5306//2729 5307//2729
f 5289//2729 5308//2729 5309//2729
f 5310//2730 5311//2730 5312//2730
f 5310//2730 5313//2730 5314//2730
f 5310//2730 5315//2730 5316//2730
f 5310//2730 5317//2730 5318//2730
f 5310//2730 5319//2730 5320//2730
f 5310//2730 5321//2730 5322//2730
f 5310//2730 5323//2730 5324//2730
f 5310//2730 5325//2730 5326//2730
f 5310//2730 5327//2730 5328//2730
f 5310//2730 5329//2730 5330//2730
f 5331//2731 5332//2732 5333//2733
f 5331//2731 5333//2733 5334//2734
f 5335//2735 5336//2736 5337//2737
f 5335//2735 5337//2737 5338//2738
f 5339//2739 5340//2740 5341//2741
f 5339//2739 5341//2741 5342//2742
f 5343//2743 5344//2744 5345//2745
f 5343//2743 5345//2745 5346//2746
f 5347//2747 5348//2748 5349//2749
f 5347//2747 5349//2749 5350//2750
f 5351//2751 5352//2752 5353//2753
f 5351//2751 5353//2753 5354//2754
f 5355//2755 5356//2756 5357//2757
f 5355//2755 5357//2757 5358//2758
f 5359//2759 5360//2760 5361//2761
f 5359//2759 5361//2761 5362//2762
f 5363//2763 5364//2764 5365//2765
f 5363//2763 5365//2765 5366//2766
f 5367//2767 5368//2768 5369//2769
f 5367//2767 5369//2769 5370//2770
f 5371//2771 5372//2771 5373//2771
f 5371//2771 5374//2771 5375//2771
f 5371//2771 5376//2771 5377//2771
f 5371//2771 5378//2771 5379//2771
f 5371//2771 5380//2771 5381//2771
f 5371//2771 5382//2771 5383//2771
f 5371//2771 5384//2771 5385//2771
f 5371//2771 5386//2771 5387//2771
f 5371//2771 5388//2771 5389//2771
f 5371//2771 5390//2771 5391//2771
f 5392//2772 5393//2772 5394//2772
f 5392//2772 5395//2772 5396//2772
f 5392//2772 5397//2772 5398//2772
f 5392//2772 5399//2772 5400//2772
f 5392//2772 5401//2772 5402//2772
f 5392//2772 5403//2772 5404//2772
f 5392//2772 5405//2772 5406//2772
f 5392//2772 5407//2772 5408//2772
f 5392//2772 5409//2772 5410//2772
f 5392//2772 5411//2772 5412//2772
f 5413//2773 5414//2774 5415//2775
f 5413//2773 5415//2775 5416//2776
f 5417//2777 5418//2778 5419//2779
f 5417//2777 5419//2779 5420//2780
f 5421//2781 5422//2782 5423//2783
f 5421//2781 5423//2783 5424//2784
f 5425//2785 5426//2786 5427//2787
f 5425//2785 5427//2787 5428//2788
f 5429//2789 5430//2790 5431//2791
f 5429//2789 5431//2791 5432//2792
f 5433//2793 5434//2794 5435//2795
f 5433//2793 5435//2795 5436//2796
f 5437//2797 5438//2798 5439//2799
f 5437//2797 5439//2799 5440//2800
f 5441//2801 5442//2802 5443//2803
f 5441//2801 5443//2803 5444//2804
f 5445//2805 5446//2806 5447//2807
f 5445//2805 5447//2807 5448//2808
f 5449//2809 5450//2810 5451//2811
f 5449//2809 5451//2811 5452//2812
f 5453//2813 5454//2813 5455//2813
f 5453//2813 5456//2813 5457//2813
f 5453//2813 5458//2813 5459//2813
f 5453//2813 5460//2813 5461//2813
f 5453//2813 5462//2813 5463//2813
f 5453//2813 5464//2813 5465//2813
f 5453//2813 5466//2813 5467//2813
f 5453//2813 5468//2813 5469//2813
f 5453//2813 5470//2813 5471//2813
f 5453//2813 5472//2813 5473//2813
f 5474//2814 5475//2814 5476//2814
f 5474//2814 5477//2814 5478//2814
f 5474//2814 5479//2814 5480//2814
f 5474//2814 5481//2814 5482//2814
f 5474//2814 5483//2814 5484//2814
f 5474//2814 5485//2814 5486//2814
f 5474//2814 5487//2814 5488//2814
f 5474//2814 5489//2814 5490//2814
f 5474//2814 5491//2814 5492//2814
f 5474//2814 5493//2814 5494//2814
f 5495//2815 5496//2816 5497//2817
f 5495//2815 5497//2817 5498//2818
f 5499//2819 5500//2820 5501//2821
f 5499//2819 5501//2821 5502//2822
f 5503//2823 5504//2824 5505//2825
f 5503//2823 5505//2825 5506//2826
f 5507//2827 5508//2828 5509//2829
f 5507//2827 5509//2829 5510//2830
f 5511//2831 5512//2832 5513//2833
f 5511//2831 5513//2833 5514//2834
f 5515//2835 5516//2836 5517//2837
f 5515//2835 5517//2837 5518//2838
f 5519//2839 5520//2840 5521//2841
f 5519//2839 5521//2841 5522//2842
f 5523//2843 5524//2844 5525//2845
f 5523//2843 5525//2845 5526//2846
f 5527//2847 5528//2848 5529//2849
f 5527//2847 5529//2849 5530//2850
f 5531//2851 5532//2852 5533//2853
f 5531//2851 5533//2853 5534//2854
f 5535//2855 5536//2855 5537//2855
f 5535//2855 5538//2855 5539//2855
f 5535//2855 5540//2855 5541//2855
f 5535//2855 5542//2855 5543//2855
f 5535//2855 5544//2855 5545//2855
f 5535//2855 5546//2855 5547//2855
f 5535//2855 5548//2855 5549//2855
f 5535//2855 5550//2855 5551//2855
f 5535//2855 5552//2855 5553//2855
f 5535//2855 5554//2855 5555//2855
f 5556//2856 5557//2856 5558//2856
f 5556//2856 5559//2856 5560//2856
f 5556//2856 5561//2856 5562//2856
f 5556//2856 5563//2856 5564//2856
f 5556//2856 5565//2856 5566//2856
f 5556//2856 5567//2856 5568//2856
f 5556//2856 5569//2856 5570//2856
f 5556//2856 5571//2856 5572//2856
f 5556//2856 5573//2856 5574//2856
f 5556//2856 5575//2856 5576//2856
f 5577//2857 5578//2858 5579//2859
f 5577//2857 5579//2859 5580//2860
f 5581//2861 5582//2862 5583//2863
f 5581//2861 5583//2863 5584//2864
f 5585//2865 5586//2866 5587//2867
f 5585//2865 5587//2867 5588//2868
f 5589//2869 5590//2870 5591//2871
f 5589//2869 5591//2871 5592//2872
f 5593//2873 5594//2874 5595//2875
f 5593//2873 5595//2875 5596//2876
f 5597//2877 5598//2878 5599//2879
f 5597//2877 5599//2879 5600//2880
f 5601//2881 5602//2882 5603//2883
f 5601//2881 5603//2883 5604//2884
f 5605//2885 5606//2886 5607//2887
f 5605//2885 5607//2887 5608//2888
f 5609//2889 5610//2890 5611//2891
f 5609//2889 5611//2891 5612//2892
f 5613//2893 5614//2894 5615//2895
f 5613//2893 5615//2895 5616//2896
f 5617//2897 5618//2897 5619//2897
f 5617//2897 5620//2897 5621//2897
f 5617//2897 5622//2897 5623//2897
f 5617//2897 5624//2897 5625//2897
f 5617//2897 5626//2897 5627//2897
f 5617//2897 5628//2897 5629//2897
f 5617//2897 5630//2897 5631//2897
f 5617//2897 5632//2897 5633//2897
f 5617//2897 5634//2897 5635//2897
f 5617//2897 5636//2897 5637//2897
f 5638//2898 5639//2898 5640//2898
f 5638//2898 5641//2898 5642//2898
f 5638//2898 5643//2898 5644//2898
f 5638//2898 5645//2898 5646//2898
f 5638//2898 5647//2898 5648//2898
f 5638//2898 5649//2898 5650//2898
f 5638//2898 5651//2898 5652//2898
f 5638//2898 5653//2898 5654//2898
f 5638//2898 5655//2898 5656//2898
f 5638//2898 5657//2898 5658//2898
f 5659//2899 5660//2900 5661//2901
f 5659//2899 5661//2901 5662//2902
f 5663//2903 5664//2904 5665//2905
f 5663//2903 5665//2905 5666//2906
f 5667//2907 5668//2908 5669//2909
f 5667//2907 5669//2909 5670//2910
f 5671//2911 5672//2912 5673//2913
f 5671//2911 5673//2913 5674//2914
f 5675//2915 5676//2916 5677//2917
f 5675//2915 5677//2917 5678//2918
f 5679//2919 5680//2920 5681//2921
f 5679//2919 5681//2921 5682//2922
f 5683//2923 5684//2924 5685//2925
f 5683//2923 5685//2925 5686//2926
f 5687//2927 5688//2928 5689//2929
f 5687//2927 5689//2929 5690//2930
f 5691//2931 5692//2932 5693//2933
f 5691//2931 5693//2933 5694//2934
f 5695//2935 5696//2936 5697//2937
f 5695//2935 5697//2937 5698//2938
f 5699//2939 5700//2939 5701//2939
f 5699//2939 5702//2939 5703//2939
f 5699//2939 5704//2939 5705//2939
f 5699//2939 5706//2939 5707//2939
f 5699//2939 5708//2939 5709//2939
f 5699//2939 5710//2939 5711//2939
f 5699//2939 5712//2939 5713//2939
f 5699//2939 5714//2939 5715//2939
f 5699//2939 5716//2939 5717//2939
f 5699//2939 5718//2939 5719//2939
f 5720//2940 5721//2940 5722//2940
f 5720//2940 5723//2940 5724//2940
f 5720//2940 5725//2940 5726//2940
f 5720//2940 5727//2940 5728//2940
f 5720//2940 5729//2940 5730//2940
f 5720//2940 5731//2940 5732//2940
f 5720//2940 5733//2940 5734//2940
f 5720//2940 5735//2940 5736//2940
f 5720//2940 5737//2940 5738//2940
f 5720//2940 5739//2940 5740//2940
f 5741//2941 5742//2942 5743//2943
f 5741//2941 5743//2943 5744//2944
f 5745//2945 5746//2946 5747//2947
f 5745//2945 5747//2947 5748//2948
f 5749//2949 5750//2950 5751//2951
f 5749//2949 5751//2951 5752//2952
f 5753//2953 5754//2954 5755//2955
f 5753//2953 5755//2955 5756//2956
f 5757//2957 5758//2958 5759//2959
f 5757//2957 5759//2959 5760//2960
f 5761//2961 5762//2962 5763//2963
f 5761//2961 5763//2963 5764//2964
f 5765//2965 5766//2966 5767//2967
f 5765//2965 5767//2967 5768//2968
f 5769//2969 5770//2970 5771//2971
f 5769//2969 5771//2971 5772//2972
f 5773//2973 5774//2974 5775//2975
f 5773//2973 5775//2975 5776//2976
f 5777//2977 5778//2978 5779//2979
f 5777//2977 5779//2979 5780//2980
f 5781//2981 5782//2981 5783//2981
f 5781//2981 5784//2981 5785//2981
f 5781//2981 5786//2981 5787//2981
f 5781//2981 5788//2981 5789//2981
f 5781//2981 5790//2981 5791//2981
f 5781//2981 5792//2981 5793//2981
f 5781//2981 5794//2981 5795//2981
f 5781//2981 5796//2981 5797//2981
f 5781//2981 5798//2981 5799//2981
f 5781//2981 5800//2981 5801//2981
f 5802//2982 5803//2982 5804//2982
f 5802//2982 5805//2982 5806//2982
f 5802//2982 5807//2982 5808//2982
f 5802//2982 5809//2982 5810//2982
f 5802//2982 5811//2982 5812//2982
f 5802//2982 5813//2982 5814//2982
f 5802//2982 5815//2982 5816//2982
f 5802//2982 5817//2982 5818//2982
f 5802//2982 5819//2982 5820//2982
f 5802//2982 5821//2982 5822//2982
f 5823//2983 5824//2984 5825//2985
f 5823//2983 5825//2985 5826//2986
f 5827//2987 5828//2988 5829//2989
f 5827//2987 5829//2989 5830//2990
f 5831//2991 5832//2992 5833//2993
f 5831//2991 5833//2993 5834//2994
f 5835//2995 5836//2996 5837//2997
f 5835//2995 5837//2997 5838//2998
f 5839//2999 5840//3000 5841//3001
f 5839//2999 5841//3001 5842//3002
f 5843//3003 5844//3004 5845//3005
f 5843//3003 5845//3005 5846//3006
f 5847//3007 5848//3008 5849//3009
f 5847//3007 5849//3009 5850//3010
f 5851//3011 5852//3012 5853//3013
f 5851//3011 5853//3013 5854//3014
f 5855//3015 5856//3016 5857//3017
f 5855//3015 5857//3017 5858//3018
f 5859//3019 5860//3020 5861//3021
f 5859//3019 5861//3021 5862//3022
f 5863//3023 5864//3023 5865//3023
f 5863//3023 5866//3023 5867//3023
f 5863//3023 5868//3023 5869//3023
f 5863//3023 5870//3023 5871//3023
f 5863//3023 5872//3023 5873//3023
f 5863//3023 5874//3023 5875//3023
f 5863//3023 5876//3023 5877//3023
f 5863//3023 5878//3023 5879//3023
f 5863//3023 5880//3023 5881//3023
f 5863//3023 5882//3023 5883//3023
f 5884//3024 5885//3024 5886//3024
f 5884//3024 5887//3024 5888//3024
f 5884//3024 5889//3024 5890//3024
f 5884//3024 5891//3024 5892//3024
f 5884//3024 5893//3024 5894//3024
f 5884//3024 5895//3024 5896//3024
f 5884//3024 5897//3024 5898//3024
f 5884//3024 5899//3024 5900//3024
f 5884//3024 5901//3024 5902//3024
f 5884//3024 5903//3024 5904//3024
f 5905//3025 5906//3026 5907//3027
f 5905//3025 5907//3027 5908//3028
f 5909//3029 5910//3030 5911//3031
f 5909//3029 5911//3031 5912//3032
f 5913//3033 5914//3034 5915//3035
f 5913//3033 5915//3035 5916//3036
f 5917//3037 5918//3038 5919//3039
f 5917//3037 5919//3039 5920//3040
f 5921//3041 5922//3042 5923//3043
f 5921//3041 5923//3043 5924//3044
f 5925//3045 5926//3046 5927//3047
f 5925//3045 5927//3047 5928//3048
f 5929//3049 5930//3050 5931//3051
f 5929//3049 5931//3051 5932//3052
f 5933//3053 5934//3054 5935//3055
f 5933//3053 5935//3055 5936//3056
f 5937//3057 5938//3058 5939//3059
f 5937//3057 5939//3059 5940//3060
f 5941//3061 5942//3062 5943//3063
f 5941//3061 5943//3063 5944//3064
f 5945//3065 5946//3065 5947//3065
f 5945//3065 5948//3065 5949//3065
f 5945//3065 5950//3065 5951//3065
f 5945//3065 5952//3065 5953//3065
f 5945//3065 5954//3065 5955//3065
f 5945//3065 5956//3065 5957//3065
f 5945//3065 5958//3065 5959//3065
f 5945//3065 5960//3065 5961//3065
f 5945//3065 5962//3065 5963//3065
f 5945//3065 5964//3065 5965//3065
f 5966//3066 5967//3066 5968//3066
f 5966//3066 5969//3066 5970//3066
f 5966//3066 5971//3066 5972//3066
f 5966//3066 5973//3066 5974//3066
f 5966//3066 5975//3066 5976//3066
f 5966//3066 5977//3066 5978//3066
f 5966//3066 5979//3066 5980//3066
f 5966//3066 5981//3066 5982//3066
f 5966//3066 5983//3066 5984//3066
f 5966//3066 5985//3066 5986//3066
f 5987//3067 5988//3068 5989//3069
f 5987//3067 5989//3069 5990//3070
f 5991//3071 5992//3072 5993//3073
f 5991//3071 5993//3073 5994//3074
f 5995//3075 5996//3076 5997//3077
f 5995//3075 5997//3077 5998//3078
f 5999//3079 6000//3080 6001//3081
f 5999//3079 6001//3081 6002//3082
f 6003//3083 6004//3084 6005//3085
f 6003//3083 6005//3085 6006//3086
f 6007//3087 6008//3088 6009//3089
f 6007//3087 6009//3089 6010//3090
f 6011//3091 6012//3092 6013//3093
f 6011//3091 6013//3093 6014//3094
f 6015//3095 6016//3096 6017//3097
f 6015//3095 6017//3097 6018//3098
f 6019//3099 6020//3100 6021//3101
f 6019//3099 6021//3101 6022//3102
f 6023//3103 6024//3104 6025//3105
f 6023//3103 6025//3105 6026//3106
f 6027//3107 6028//3107 6029//3107
f 6027//3107 6030//3107 6031//3107
f 6027//3107 6032//3107 6033//3107
f 6027//3107 6034//3107 6035//3107
f 6027//3107 6036//3107 6037//3107
f 6027//3107 6038//3107 6039//3107
f 6027//3107 6040//3107 6041//3107
f 6027//3107 6042//3107 6043//3107
f 6027//3107 6044//3107 6045//3107
f 6027//3107 6046//3107 6047//3107
f 6048//3108 6049//3108 6050//3108
f 6048//3108 6051//3108 6052//3108
f 6048//3108 6053//3108 6054//3108
f 6048//3108 6055//3108 6056//3108
f 6048//3108 6057//3108 6058//3108
f 6048//3108 6059//3108 6060//3108
f 6048//3108 6061//3108 6062//3108
f 6048//3108 6063//3108 6064//3108
f 6048//3108 6065//3108 6066//3108
f 6048//3108 6067//3108 6068//3108
f 6069//3109 6070//3110 6071//3111
f 6069//3109 6071//3111 6072//3112
f 6073//3113 6074//3114 6075//3115
f 6073//3113 6075//3115 6076//3116
f 6077//3117 6078//3118 6079//3119
f 6077//3117 6079//3119 6080//3120
f 6081//3121 6082//3122 6083//3123
f 6081//3121 6083//3123 6084//3124
f 6085//3125 6086//3126 6087//3127
f 6085//3125 6087//3127 6088//3128
f 6089//3129 6090//3130 6091//3131
f 6089//3129 6091//3131 6092//3132
f 6093//3133 6094//3134 6095//3135
f 6093//3133 6095//3135 6096//3136
f 6097//3137 6098//3138 6099//3139
f 6097//3137 6099//3139 6100//3140
f 6101//3141 6102//3142 6103//3143
f 6101//3141 6103//3143 6104//3144
f 6105//3145 6106//3146 6107//3147
f 6105//3145 6107//3147 6108//3148
f 6109//3149 6110//3149 6111//3149
f 6109//3149 6112//3149 6113//3149
f 6109//3149 6114//3149 6115//3149
f 6109//3149 6116//3149 6117//3149
f 6109//3149 6118//3149 6119//3149
f 6109//3149 6120//3149 6121//3149
f 6109//3149 6122//3149 6123//3149
f 6109//3149 6124//3149 6125//3149
f 6109//3149 6126//3149 6127//3149
f 6109//3149 6128//3149 6129//3149
f 6130//3150 6131//3150 6132//3150
f 6130//3150 6133//3150 6134//3150
f 6130//3150 6135//3150 6136//3150
f 6130//3150 6137//3150 6138//3150
f 6130//3150 6139//3150 6140//3150
f 6130//3150 6141//3150 6142//3150
f 6130//3150 6143//3150 6144//3150
f 6130//3150 6145//3150 6146//3150
f 6130//3150 6147//3150 6148//3150
f 6130//3150 6149//3150 6150//3150
f 6151//3151 6152//3152 6153//3153
f 6151//3151 6153//3153 6154//3154
f 6155//3155 6156//3156 6157//3157
f 6155//3155 6157//3157 6158//3158
f 6159//3159 6160//3160 6161//3161
f 6159//3159 6161//3161 6162//3162
f 6163//3163 6164//3164 6165//3165
f 6163//3163 6165//3165 6166//3166
f 6167//3167 6168//3168 6169//3169
f 6167//3167 6169//3169 6170//3170
f 6171//3171 6172//3172 6173//3173
f 6171//3171 6173//3173 6174//3174
f 6175//3175 6176//3176 6177//3177
f 6175//3175 6177//3177 6178//3178
f 6179//3179 6180//3180 6181//3181
f 6179//3179 6181//3181 6182//3182
f 6183//3183 6184//3184 6185//3185
f 6183//3183 6185//3185 6186//3186
f 6187//3187 6188//3188 6189//3189
f 6187//3187 6189//3189 6190//3190
f 6191//3191 6192//3191 6193//3191
f 6191//3191 6194//3191 6195//3191
f 6191//3191 6196//3191 6197//3191
f 6191//3191 6198//3191 6199//3191
f 6191//3191 6200//3191 6201//3191
f 6191//3191 6202//3191 6203//3191
f 6191//3191 6204//3191 6205//3191
f 6191//3191 6206//3191 6207//3191
f 6191//3191 6208//3191 6209//3191
f 6191//3191 6210//3191 6211//3191
f 6212//3192 6213//3192 6214//3192
f 6212//3192 6215//3192 6216//3192
f 6212//3192 6217//3192 6218//3192
f 6212//3192 6219//3192 6220//3192
f 6212//3192 6221//3192 6222//3192
f 6212//3192 6223//3192 6224//3192
f 6212//3192 6225//3192 6226//3192
f 6212//3192 6227//3192 6228//3192
f 6212//3192 6229//3192 6230//3192
f 6212//3192 6231//3192 6232//3192
f 6233//3193 6234//3194 6235//3195
f 6233//3193 6235//3195 6236//3196
f 6237//3197 6238//3198 6239//3199
f 6237//3197 6239//3199 6240//3200
f 6241//3201 6242//3202 6243//3203
f 6241//3201 6243//3203 6244//3204
f 6245//3205 6246//3206 6247//3207
f 6245//3205 6247//3207 6248//3208
f 6249//3209 6250//3210 6251//3211
f 6249//3209 6251//3211 6252//3212
f 6253//3213 6254//3214 6255//3215
f 6253//3213 6255//3215 6256//3216
f 6257//3217 6258//3218 6259//3219
f 6257//3217 6259//3219 6260//3220
f 6261//3221 6262//3222 6263//3223
f 6261//3221 6263//3223 6264//3224
f 6265//3225 6266//3226 6267//3227
f 6265//3225 6267//3227 6268//3228
f 6269//3229 6270//3230 6271//3231
f 6269//3229 6271//3231 6272//3232
f 6273//3233 6274//3233 6275//3233
f 6273//3233 6276//3233 6277//3233
f 6273//3233 6278//3233 6279//3233
f 6273//3233 6280//3233 6281//3233
f 6273//3233 6282//3233 6283//3233
f 6273//3233 6284//3233 6285//3233
f 6273//3233 6286//3233 6287//3233
f 6273//3233 6288//3233 6289//3233
f 6273//3233 6290//3233 6291//3233
f 6273//3233 6292//3233 6293//3233
f 6294//3234 6295//3234 6296//3234
f 6294//3234 6297//3234 6298//3234
f 6294//3234 6299//3234 6300//3234
f 6294//3234 6301//3234 6302//3234
f 6294//3234 6303//3234 6304//3234
f 6294//3234 6305//3234 6306//3234
f 6294//3234 6307//3234 6308//3234
f 6294//3234 6309//3234 6310//3234
f 6294//3234 6311//3234 6312//3234
f 6294//3234 6313//3234 6314//3234
f 6315//3235 6316//3236 6317//3237
f 6315//3235 6317//3237 6318//3238
f 6319//3239 6320//3240 6321//3241
f 6319//3239 6321//3241 6322//3242
f 6323//3243 6324//3244 6325//3245
f 6323//3243 6325//3245 6326//3246
f 6327//3247 6328//3248 6329//3249
f 6327//3247 6329//3249 6330//3250
f 6331//3251 6332//3252 6333//3253
f 6331//3251 6333//3253 6334//3254
f 6335//3255 6336//3256 6337//3257
f 6335//3255 6337//3257 6338//3258
f 6339//3259 6340//3260 6341//3261
f 6339//3259 6341//3261 6342//3262
f 6343//3263 6344//3264 6345//3265
f 6343//3263 6345//3265 6346//3266
f 6347//3267 6348//3268 6349//3269
f 6347//3267 6349//3269 6350//3270
f 6351//3271 6352//3272 6353//3273
f 6351//3271 6353//3273 6354//3274
f 6355//3275 6356//3275 6357//3275
f 6355//3275 6358//3275 6359//3275
f 6355//3275 6360//3275 6361//3275
f 6355//3275 6362//3275 6363//3275
f 6355//3275 6364//3275 6365//3275
f 6355//3275 6366//3275 6367//3275
f 6355//3275 6368//3275 6369//3275
f 6355//3275 6370//3275 6371//3275
f 6355//3275 6372//3275 6373//3275
f 6355//3275 6374//3275 6375//3275
f 6376//3276 6377//3276 6378//3276
f 6376//3276 6379//3276 6380//3276
f 6376//3276 6381//3276 6382//3276
f 6376//3276 6383//3276 6384//3276
f 6376//3276 6385//3276 6386//3276
f 6376//3276 6387//3276 6388//3276
f 6376//3276 6389//3276 6390//3276
f 6376//3276 6391//3276 6392//3276
f 6376//3276 6393//3276 6394//3276
f 6376//3276 6395//3276 6396//3276
f 6397//3277 6398//3278 6399//3279
f 6397//3277 6399//3279 6400//3280
f 6401//3281 6402//3282 6403//3283
f 6401//3281 6403//3283 6404//3284
f 6405//3285 6406//3286 6407//3287
f 6405//3285 6407//3287 6408//3288
f 6409//3289 6410//3290 6411//3291
f 6409//3289 6411//3291 6412//3292
f 6413//3293 6414//3294 6415//3295
f 6413//3293 6415//3295 6416//3296
f 6417//3297 6418//3298 6419//3299
f 6417//3297 6419//3299 6420//3300
f 6421//3301 6422//3302 6423//3303
f 6421//3301 6423//3303 6424//3304
f 6425//3305 6426//3306 6427//3307
f 6425//3305 6427//3307 6428//3308
f 6429//3309 6430//3310 6431//3311
f 6429//3309 6431//3311 6432//3312
f 6433//3313 6434//3314 6435//3315
f 6433//3313 6435//3315 6436//3316
f 6437//3317 6438//3317 6439//3317
f 6437//3317 6440//3317 6441//3317
f 6437//3317 6442//3317 6443//3317
f 6437//3317 6444//3317 6445//3317
f 6437//3317 6446//3317 6447//3317
f 6437//3317 6448//3317 6449//3317
f 6437//3317 6450//3317 6451//3317
f 6437//3317 6452//3317 6453//3317
f 6437//3317 6454//3317 6455//3317
f 6437//3317 6456//3317 6457//3317
f 6458//3318 6459//3318 6460//3318
f 6458//3318 6461//3318 6462//3318
f 6458//3318 6463//3318 6464//3318
f 6458//3318 6465//3318 6466//3318
f 6458//3318 6467//3318 6468//3318
f 6458//3318 6469//3318 6470//3318
f 6458//3318 6471//3318 6472//3318
f 6458//3318 6473//3318 6474//3318
f 6458//3318 6475//3318 6476//3318
f 6458//3318 6477//3318 6478//3318
f 6479//3319 6480//3320 6481//3321
f 6479//3319 6481//3321 6482//3322
f 6483//3323 6484//3324 6485//3325
f 6483//3323 6485//3325 6486//3326
f 6487//3327 6488//3328 6489//3329
f 6487//3327 6489//3329 6490//3330
f 6491//3331 6492//3332 6493//3333
f 6491//3331 6493//3333 6494//3334
f 6495//3335 6496//3336 6497//3337
f 6495//3335 6497//3337 6498//3338
f 6499//3339 6500//3340 6501//3341
f 6499//3339 6501//3341 6502//3342
f 6503//3343 6504//3344 6505//3345
f 6503//3343 6505//3345 6506//3346
f 6507//3347 6508//3348 6509//3349
f 6507//3347 6509//3349 6510//3350
f 6511//3351 6512//3352 6513//3353
f 6511//3351 6513//3353 6514//3354
f 6515//3355 6516//3356 6517//3357
f 6515//3355 6517//3357 6518//3358
f 6519//3359 6520//3359 6521//3359
f 6519//3359 6522//3359 6523//3359
f 6519//3359 6524//3359 6525//3359
f 6519//3359 6526//3359 6527//3359
f 6519//3359 6528//3359 6529//3359
f 6519//3359 6530//3359 6531//3359
f 6519//3359 6532//3359 6533//3359
f 6519//3359 6534//3359 6535//3359
f 6519//3359 6536//3359 6537//3359
f 6519//3359 6538//3359 6539//3359
f 6540//3360 6541//3360 6542//3360
f 6540//3360 6543//3360 6544//3360
f 6540//3360 6545//3360 6546//3360
f 6540//3360 6547//3360 6548//3360
f 6540//3360 6549//3360 6550//3360
f 6540//3360 6551//3360 6552//3360
f 6540//3360 6553//3360 6554//3360
f 6540//3360 6555//3360 6556//3360
f 6540//3360 6557//3360 6558//3360
f 6540//3360 6559//3360 6560//3360
f 6561//3361 6562//3362 6563//3363
f 6561//3361 6563//3363 6564//3364
f 6565//3365 6566//3366 6567//3367
f 6565//3365 6567//3367 6568//3368
f 6569//3369 6570//3370 6571//3371
f 6569//3369 6571//3371 6572//3372
f 6573//3373 6574//3374 6575//3375
f 6573//3373 6575//3375 6576//3376
f 6577//3377 6578//3378 6579//3379
f 6577//3377 6579//3379 6580//3380
f 6581//3381 6582//3382 6583//3383
f 6581//3381 6583//3383 6584//3384
f 6585//3385 6586//3386 6587//3387
f 6585//3385 6587//3387 6588//3388
f 6589//3389 6590//3390 6591//3391
f 6589//3389 6591//3391 6592//3392
f 6593//3393 6594//3394 6595//3395
f 6593//3393 6595//3395 6596//3396
f 6597//3397 6598//3398 6599//3399
f 6597//3397 6599//3399 6600//3400
f 6601//3401 6602//3401 6603//3401
f 6601//3401 6604//3401 6605//3401
f 6601//3401 6606//3401 6607//3401
f 6601//3401 6608//3401 6609//3401
f 6601//3401 6610//3401 6611//3401
f 6601//3401 6612//3401 6613//3401
f 6601//3401 6614//3401 6615//3401
f 6601//3401 6616//3401 6617//3401
f 6601//3401 6618//3401 6619//3401
f 6601//3401 6620//3401 6621//3401
f 6622//3402 6623//3402 6624//3402
f 6622//3402 6625//3402 6626//3402
f 6622//3402 6627//3402 6628//3402
f 6622//3402 6629//3402 6630//3402
f 6622//3402 6631//3402 6632//3402
f 6622//3402 6633//3402 6634//3402
f 6622//3402 6635//3402 6636//3402
f 6622//3402 6637//3402 6638//3402
f 6622//3402 6639//3402 6640//3402
f 6622//3402 6641//3402 6642//3402
f 6643//3403 6644//3404 6645//3405
f 6643//3403 6645//3405 6646//3406
f 6647//3407 6648//3408 6649//3409
f 6647//3407 6649//3409 6650//3410
f 6651//3411 6652//3412 6653//3413
f 6651//3411 6653//3413 6654//3414
f 6655//3415 6656//3416 6657//3417
f 6655//3415 6657//3417 6658//3418
f 6659//3419 6660//3420 6661//3421
f 6659//3419 6661//3421 6662//3422
f 6663//3423 6664//3424 6665//3425
f 6663//3423 6665//3425 6666//3426
f 6667//3427 6668//3428 6669//3429
f 6667//3427 6669//3429 6670//3430
f 6671//3431 6672//3432 6673//3433
f 6671//3431 6673//3433 6674//3434
f 6675//3435 6676//3436 6677//3437
f 6675//3435 6677//3437 6678//3438
f 6679//3439 6680//3440 6681//3441
f 6679//3439 6681//3441 6682//3442
f 6683//3443 6684//3443 6685//3443
f 6683//3443 6686//3443 6687//3443
f 6683//3443 6688//3443 6689//3443
f 6683//3443 6690//3443 6691//3443
f 6683//3443 6692//3443 6693//3443
f 6683//3443 6694//3443 6695//3443
f 6683//3443 6696//3443 6697//3443
f 6683//3443 6698//3443 6699//3443
f 6683//3443 6700//3443 6701//3443
f 6683//3443 6702//3443 6703//3443
f 6704//3444 6705//3444 6706//3444
f 6704//3444 6707//3444 6708//3444
f 6704//3444 6709//3444 6710//3444
f 6704//3444 6711//3444 6712//3444
f 6704//3444 6713//3444 6714//3444
f 6704//3444 6715//3444 6716//3444
f 6704//3444 6717//3444 6718//3444
f 6704//3444 6719//3444 6720//3444
f 6704//3444 6721//3444 6722//3444
f 6704//3444 6723//3444 6724//3444
f 6725//3445 6726//3446 6727//3447
f 6725//3445 6727//3447 6728//3448
f 6729//3449 6730//3450 6731//3451
f 6729//3449 6731//3451 6732//3452
f 6733//3453 6734//3454 6735//3455
f 6733//3453 6735//3455 6736//3456
f 6737//3457 6738//3458 6739//3459
f 6737//3457 6739//3459 6740//3460
f 6741//3461 6742//3462 6743//3463
f 6741//3461 6743//3463 6744//3464
f 6745//3465 6746//3466 6747//3467
f 6745//3465 6747//3467 6748//3468
f 6749//3469 6750//3470 6751//3471
f 6749//3469 6751//3471 6752//3472
f 6753//3473 6754//3474 6755//3475
f 6753//3473 6755//3475 6756//3476
f 6757//3477 6758//3478 6759//3479
f 6757//3477 6759//3479 6760//3480
f 6761//3481 6762//3482 6763//3483
f 6761//3481 6763//3483 6764//3484
f 6765//3485 6766//3485 6767//3485
f 6765//3485 6768//3485 6769//3485
f 6765//3485 6770//3485 6771//3485
f 6765//3485 6772//3485 6773//3485
f 6765//3485 6774//3485 6775//3485
f 6765//3485 6776//3485 6777//3485
f 6765//3485 6778//3485 6779//3485
f 6765//3485 6780//3485 6781//3485
f 6765//3485 6782//3485 6783//3485
f 6765//3485 6784//3485 6785//3485
f 6786//3486 6787//3486 6788//3486
f 6786//3486 6789//3486 6790//3486
f 6786//3486 6791//3486 6792//3486
f 6786//3486 6793//3486 6794//3486
f 6786//3486 6795//3486 6796//3486
f 6786//3486 6797//3486 6798//3486
f 6786//3486 6799//3486 6800//3486
f 6786//3486 6801//3486 6802//3486
f 6786//3486 6803//3486 6804//3486
f 6786//3486 6805//3486 6806//3486
f 6807//3487 6808//3488 6809//3489
f 6807//3487 6809//3489 6810//3490
f 6811//3491 6812//3492 6813//3493
f 6811//3491 6813//3493 6814//3494
f 6815//3495 6816//3496 6817//3497
f 6815//3495 6817//3497 6818//3498
f 6819//3499 6820//3500 6821//3501
f 6819//3499 6821//3501 6822//3502
f 6823//3503 6824//3504 6825//3505
f 6823//3503 6825//3505 6826//3506
f 6827//3507 6828//3508 6829//3509
f 6827//3507 6829//3509 6830//3510
f 6831//3511 6832//3512 6833//3513
f 6831//3511 6833//3513 6834//3514
f 6835//3515 6836//3516 6837//3517
f 6835//3515 6837//3517 6838//3518
f 6839//3519 6840//3520 6841//3521
f 6839//3519 6841//3521 6842//3522
f 6843//3523 6844//3524 6845//3525
f 6843//3523 6845//3525 6846//3526
f 6847//3527 6848//3527 6849//3527
f 6847//3527 6850//3527 6851//3527
f 6847//3527 6852//3527 6853//3527
f 6847//3527 6854//3527 6855//3527
f 6847//3527 6856//3527 6857//3527
f 6847//3527 6858//3527 6859//3527
f 6847//3527 6860//3527 6861//3527
f 6847//3527 6862//3527 6863//3527
f 6847//3527 6864//3527 6865//3527
f 6847//3527 6866//3527 6867//3527
f 6868//3528 6869//3528 6870//3528
f 6868//3528 6871//3528 6872//3528
f 6868//3528 6873//3528 6874//3528
f 6868//3528 6875//3528 6876//3528
f 6868//3528 6877//3528 6878//3528
f 6868//3528 6879//3528 6880//3528
f 6868//3528 6881//3528 6882//3528
f 6868//3528 6883//3528 6884//3528
f 6868//3528 6885//3528 6886//3528
f 6868//3528 6887//3528 6888//3528
