# conductors
# generated for a 36 m 220 kV double-circuit tower, 200 m span, 4.5 m sag
# 9420 vertices, 4704 triangles
# generated by tools/gen_powerline.py -- do not hand-edit
o conductors
v 0.0000 -5.5857 17.6160
v 4.1667 -5.5857 17.2486
v 4.1675 -5.5899 17.2587
v 0.0009 -5.5899 17.6261
v 0.0009 -5.5899 17.6261
v 4.1675 -5.5899 17.2587
v 4.1679 -5.6000 17.2628
v 0.0013 -5.6000 17.6302
v 0.0013 -5.6000 17.6302
v 4.1679 -5.6000 17.2628
v 4.1675 -5.6101 17.2587
v 0.0009 -5.6101 17.6261
v 0.0009 -5.6101 17.6261
v 4.1675 -5.6101 17.2587
v 4.1667 -5.6143 17.2486
v 0.0000 -5.6143 17.6160
v 0.0000 -5.6143 17.6160
v 4.1667 -5.6143 17.2486
v 4.1658 -5.6101 17.2385
v -0.0009 -5.6101 17.6059
v -0.0009 -5.6101 17.6059
v 4.1658 -5.6101 17.2385
v 4.1654 -5.6000 17.2343
v -0.0013 -5.6000 17.6018
v -0.0013 -5.6000 17.6018
v 4.1654 -5.6000 17.2343
v 4.1658 -5.5899 17.2385
v -0.0009 -5.5899 17.6059
v -0.0009 -5.5899 17.6059
v 4.1658 -5.5899 17.2385
v 4.1667 -5.5857 17.2486
v 0.0000 -5.5857 17.6160
v 4.1667 -5.5857 17.2486
v 8.3333 -5.5857 16.8968
v 8.3342 -5.5899 16.9069
v 4.1675 -5.5899 17.2587
v 4.1675 -5.5899 17.2587
v 8.3342 -5.5899 16.9069
v 8.3345 -5.6000 16.9111
v 4.1679 -5.6000 17.2628
v 4.1679 -5.6000 17.2628
v 8.3345 -5.6000 16.9111
v 8.3342 -5.6101 16.9069
v 4.1675 -5.6101 17.2587
v 4.1675 -5.6101 17.2587
v 8.3342 -5.6101 16.9069
v 8.3333 -5.6143 16.8968
v 4.1667 -5.6143 17.2486
v 4.1667 -5.6143 17.2486
v 8.3333 -5.6143 16.8968
v 8.3325 -5.6101 16.8868
v 4.1658 -5.6101 17.2385
v 4.1658 -5.6101 17.2385
v 8.3325 -5.6101 16.8868
v 8.3322 -5.6000 16.8826
v 4.1654 -5.6000 17.2343
v 4.1654 -5.6000 17.2343
v 8.3322 -5.6000 16.8826
v 8.3325 -5.5899 16.8868
v 4.1658 -5.5899 17.2385
v 4.1658 -5.5899 17.2385
v 8.3325 -5.5899 16.8868
v 8.3333 -5.5857 16.8968
v 4.1667 -5.5857 17.2486
v 8.3333 -5.5857 16.8968
v 12.5000 -5.5857 16.5608
v 12.5008 -5.5899 16.5708
v 8.3342 -5.5899 16.9069
v 8.3342 -5.5899 16.9069
v 12.5008 -5.5899 16.5708
v 12.5011 -5.6000 16.5750
v 8.3345 -5.6000 16.9111
v 8.3345 -5.6000 16.9111
v 12.5011 -5.6000 16.5750
v 12.5008 -5.6101 16.5708
v 8.3342 -5.6101 16.9069
v 8.3342 -5.6101 16.9069
v 12.5008 -5.6101 16.5708
v 12.5000 -5.6143 16.5608
v 8.3333 -5.6143 16.8968
v 8.3333 -5.6143 16.8968
v 12.5000 -5.6143 16.5608
v 12.4992 -5.6101 16.5507
v 8.3325 -5.6101 16.8868
v 8.3325 -5.6101 16.8868
v 12.4992 -5.6101 16.5507
v 12.4989 -5.6000 16.5465
v 8.3322 -5.6000 16.8826
v 8.3322 -5.6000 16.8826
v 12.4989 -5.6000 16.5465
v 12.4992 -5.5899 16.5507
v 8.3325 -5.5899 16.8868
v 8.3325 -5.5899 16.8868
v 12.4992 -5.5899 16.5507
v 12.5000 -5.5857 16.5608
v 8.3333 -5.5857 16.8968
v 12.5000 -5.5857 16.5608
v 16.6667 -5.5857 16.2404
v 16.6674 -5.5899 16.2504
v 12.5008 -5.5899 16.5708
v 12.5008 -5.5899 16.5708
v 16.6674 -5.5899 16.2504
v 16.6677 -5.6000 16.2546
v 12.5011 -5.6000 16.5750
v 12.5011 -5.6000 16.5750
v 16.6677 -5.6000 16.2546
v 16.6674 -5.6101 16.2504
v 12.5008 -5.6101 16.5708
v 12.5008 -5.6101 16.5708
v 16.6674 -5.6101 16.2504
v 16.6667 -5.6143 16.2404
v 12.5000 -5.6143 16.5608
v 12.5000 -5.6143 16.5608
v 16.6667 -5.6143 16.2404
v 16.6659 -5.6101 16.2303
v 12.4992 -5.6101 16.5507
v 12.4992 -5.6101 16.5507
v 16.6659 -5.6101 16.2303
v 16.6656 -5.6000 16.2261
v 12.4989 -5.6000 16.5465
v 12.4989 -5.6000 16.5465
v 16.6656 -5.6000 16.2261
v 16.6659 -5.5899 16.2303
v 12.4992 -5.5899 16.5507
v 12.4992 -5.5899 16.5507
v 16.6659 -5.5899 16.2303
v 16.6667 -5.5857 16.2404
v 12.5000 -5.5857 16.5608
v 16.6667 -5.5857 16.2404
v 20.8333 -5.5857 15.9356
v 20.8341 -5.5899 15.9457
v 16.6674 -5.5899 16.2504
v 16.6674 -5.5899 16.2504
v 20.8341 -5.5899 15.9457
v 20.8343 -5.6000 15.9499
v 16.6677 -5.6000 16.2546
v 16.6677 -5.6000 16.2546
v 20.8343 -5.6000 15.9499
v 20.8341 -5.6101 15.9457
v 16.6674 -5.6101 16.2504
v 16.6674 -5.6101 16.2504
v 20.8341 -5.6101 15.9457
v 20.8333 -5.6143 15.9356
v 16.6667 -5.6143 16.2404
v 16.6667 -5.6143 16.2404
v 20.8333 -5.6143 15.9356
v 20.8326 -5.6101 15.9255
v 16.6659 -5.6101 16.2303
v 16.6659 -5.6101 16.2303
v 20.8326 -5.6101 15.9255
v 20.8323 -5.6000 15.9213
v 16.6656 -5.6000 16.2261
v 16.6656 -5.6000 16.2261
v 20.8323 -5.6000 15.9213
v 20.8326 -5.5899 15.9255
v 16.6659 -5.5899 16.2303
v 16.6659 -5.5899 16.2303
v 20.8326 -5.5899 15.9255
v 20.8333 -5.5857 15.9356
v 16.6667 -5.5857 16.2404
v 20.8333 -5.5857 15.9356
v 25.0000 -5.5857 15.6465
v 25.0007 -5.5899 15.6566
v 20.8341 -5.5899 15.9457
v 20.8341 -5.5899 15.9457
v 25.0007 -5.5899 15.6566
v 25.0010 -5.6000 15.6608
v 20.8343 -5.6000 15.9499
v 20.8343 -5.6000 15.9499
v 25.0010 -5.6000 15.6608
v 25.0007 -5.6101 15.6566
v 20.8341 -5.6101 15.9457
v 20.8341 -5.6101 15.9457
v 25.0007 -5.6101 15.6566
v 25.0000 -5.6143 15.6465
v 20.8333 -5.6143 15.9356
v 20.8333 -5.6143 15.9356
v 25.0000 -5.6143 15.6465
v 24.9993 -5.6101 15.6364
v 20.8326 -5.6101 15.9255
v 20.8326 -5.6101 15.9255
v 24.9993 -5.6101 15.6364
v 24.9990 -5.6000 15.6322
v 20.8323 -5.6000 15.9213
v 20.8323 -5.6000 15.9213
v 24.9990 -5.6000 15.6322
v 24.9993 -5.5899 15.6364
v 20.8326 -5.5899 15.9255
v 20.8326 -5.5899 15.9255
v 24.9993 -5.5899 15.6364
v 25.0000 -5.5857 15.6465
v 20.8333 -5.5857 15.9356
v 25.0000 -5.5857 15.6465
v 29.1667 -5.5857 15.3731
v 29.1673 -5.5899 15.3831
v 25.0007 -5.5899 15.6566
v 25.0007 -5.5899 15.6566
v 29.1673 -5.5899 15.3831
v 29.1676 -5.6000 15.3873
v 25.0010 -5.6000 15.6608
v 25.0010 -5.6000 15.6608
v 29.1676 -5.6000 15.3873
v 29.1673 -5.6101 15.3831
v 25.0007 -5.6101 15.6566
v 25.0007 -5.6101 15.6566
v 29.1673 -5.6101 15.3831
v 29.1667 -5.6143 15.3731
v 25.0000 -5.6143 15.6465
v 25.0000 -5.6143 15.6465
v 29.1667 -5.6143 15.3731
v 29.1660 -5.6101 15.3630
v 24.9993 -5.6101 15.6364
v 24.9993 -5.6101 15.6364
v 29.1660 -5.6101 15.3630
v 29.1658 -5.6000 15.3588
v 24.9990 -5.6000 15.6322
v 24.9990 -5.6000 15.6322
v 29.1658 -5.6000 15.3588
v 29.1660 -5.5899 15.3630
v 24.9993 -5.5899 15.6364
v 24.9993 -5.5899 15.6364
v 29.1660 -5.5899 15.3630
v 29.1667 -5.5857 15.3731
v 25.0000 -5.5857 15.6465
v 29.1667 -5.5857 15.3731
v 33.3333 -5.5857 15.1153
v 33.3339 -5.5899 15.1253
v 29.1673 -5.5899 15.3831
v 29.1673 -5.5899 15.3831
v 33.3339 -5.5899 15.1253
v 33.3342 -5.6000 15.1295
v 29.1676 -5.6000 15.3873
v 29.1676 -5.6000 15.3873
v 33.3342 -5.6000 15.1295
v 33.3339 -5.6101 15.1253
v 29.1673 -5.6101 15.3831
v 29.1673 -5.6101 15.3831
v 33.3339 -5.6101 15.1253
v 33.3333 -5.6143 15.1153
v 29.1667 -5.6143 15.3731
v 29.1667 -5.6143 15.3731
v 33.3333 -5.6143 15.1153
v 33.3327 -5.6101 15.1052
v 29.1660 -5.6101 15.3630
v 29.1660 -5.6101 15.3630
v 33.3327 -5.6101 15.1052
v 33.3325 -5.6000 15.1010
v 29.1658 -5.6000 15.3588
v 29.1658 -5.6000 15.3588
v 33.3325 -5.6000 15.1010
v 33.3327 -5.5899 15.1052
v 29.1660 -5.5899 15.3630
v 29.1660 -5.5899 15.3630
v 33.3327 -5.5899 15.1052
v 33.3333 -5.5857 15.1153
v 29.1667 -5.5857 15.3731
v 33.3333 -5.5857 15.1153
v 37.5000 -5.5857 14.8731
v 37.5006 -5.5899 14.8832
v 33.3339 -5.5899 15.1253
v 33.3339 -5.5899 15.1253
v 37.5006 -5.5899 14.8832
v 37.5008 -5.6000 14.8874
v 33.3342 -5.6000 15.1295
v 33.3342 -5.6000 15.1295
v 37.5008 -5.6000 14.8874
v 37.5006 -5.6101 14.8832
v 33.3339 -5.6101 15.1253
v 33.3339 -5.6101 15.1253
v 37.5006 -5.6101 14.8832
v 37.5000 -5.6143 14.8731
v 33.3333 -5.6143 15.1153
v 33.3333 -5.6143 15.1153
v 37.5000 -5.6143 14.8731
v 37.4994 -5.6101 14.8630
v 33.3327 -5.6101 15.1052
v 33.3327 -5.6101 15.1052
v 37.4994 -5.6101 14.8630
v 37.4992 -5.6000 14.8588
v 33.3325 -5.6000 15.1010
v 33.3325 -5.6000 15.1010
v 37.4992 -5.6000 14.8588
v 37.4994 -5.5899 14.8630
v 33.3327 -5.5899 15.1052
v 33.3327 -5.5899 15.1052
v 37.4994 -5.5899 14.8630
v 37.5000 -5.5857 14.8731
v 33.3333 -5.5857 15.1153
v 37.5000 -5.5857 14.8731
v 41.6667 -5.5857 14.6466
v 41.6672 -5.5899 14.6567
v 37.5006 -5.5899 14.8832
v 37.5006 -5.5899 14.8832
v 41.6672 -5.5899 14.6567
v 41.6674 -5.6000 14.6608
v 37.5008 -5.6000 14.8874
v 37.5008 -5.6000 14.8874
v 41.6674 -5.6000 14.6608
v 41.6672 -5.6101 14.6567
v 37.5006 -5.6101 14.8832
v 37.5006 -5.6101 14.8832
v 41.6672 -5.6101 14.6567
v 41.6667 -5.6143 14.6466
v 37.5000 -5.6143 14.8731
v 37.5000 -5.6143 14.8731
v 41.6667 -5.6143 14.6466
v 41.6661 -5.6101 14.6365
v 37.4994 -5.6101 14.8630
v 37.4994 -5.6101 14.8630
v 41.6661 -5.6101 14.6365
v 41.6659 -5.6000 14.6323
v 37.4992 -5.6000 14.8588
v 37.4992 -5.6000 14.8588
v 41.6659 -5.6000 14.6323
v 41.6661 -5.5899 14.6365
v 37.4994 -5.5899 14.8630
v 37.4994 -5.5899 14.8630
v 41.6661 -5.5899 14.6365
v 41.6667 -5.5857 14.6466
v 37.5000 -5.5857 14.8731
v 41.6667 -5.5857 14.6466
v 45.8333 -5.5857 14.4357
v 45.8338 -5.5899 14.4458
v 41.6672 -5.5899 14.6567
v 41.6672 -5.5899 14.6567
v 45.8338 -5.5899 14.4458
v 45.8340 -5.6000 14.4500
v 41.6674 -5.6000 14.6608
v 41.6674 -5.6000 14.6608
v 45.8340 -5.6000 14.4500
v 45.8338 -5.6101 14.4458
v 41.6672 -5.6101 14.6567
v 41.6672 -5.6101 14.6567
v 45.8338 -5.6101 14.4458
v 45.8333 -5.6143 14.4357
v 41.6667 -5.6143 14.6466
v 41.6667 -5.6143 14.6466
v 45.8333 -5.6143 14.4357
v 45.8328 -5.6101 14.4256
v 41.6661 -5.6101 14.6365
v 41.6661 -5.6101 14.6365
v 45.8328 -5.6101 14.4256
v 45.8326 -5.6000 14.4214
v 41.6659 -5.6000 14.6323
v 41.6659 -5.6000 14.6323
v 45.8326 -5.6000 14.4214
v 45.8328 -5.5899 14.4256
v 41.6661 -5.5899 14.6365
v 41.6661 -5.5899 14.6365
v 45.8328 -5.5899 14.4256
v 45.8333 -5.5857 14.4357
v 41.6667 -5.5857 14.6466
v 45.8333 -5.5857 14.4357
v 50.0000 -5.5857 14.2404
v 50.0005 -5.5899 14.2505
v 45.8338 -5.5899 14.4458
v 45.8338 -5.5899 14.4458
v 50.0005 -5.5899 14.2505
v 50.0006 -5.6000 14.2547
v 45.8340 -5.6000 14.4500
v 45.8340 -5.6000 14.4500
v 50.0006 -5.6000 14.2547
v 50.0005 -5.6101 14.2505
v 45.8338 -5.6101 14.4458
v 45.8338 -5.6101 14.4458
v 50.0005 -5.6101 14.2505
v 50.0000 -5.6143 14.2404
v 45.8333 -5.6143 14.4357
v 45.8333 -5.6143 14.4357
v 50.0000 -5.6143 14.2404
v 49.9995 -5.6101 14.2303
v 45.8328 -5.6101 14.4256
v 45.8328 -5.6101 14.4256
v 49.9995 -5.6101 14.2303
v 49.9994 -5.6000 14.2261
v 45.8326 -5.6000 14.4214
v 45.8326 -5.6000 14.4214
v 49.9994 -5.6000 14.2261
v 49.9995 -5.5899 14.2303
v 45.8328 -5.5899 14.4256
v 45.8328 -5.5899 14.4256
v 49.9995 -5.5899 14.2303
v 50.0000 -5.5857 14.2404
v 45.8333 -5.5857 14.4357
v 50.0000 -5.5857 14.2404
v 54.1667 -5.5857 14.0608
v 54.1671 -5.5899 14.0709
v 50.0005 -5.5899 14.2505
v 50.0005 -5.5899 14.2505
v 54.1671 -5.5899 14.0709
v 54.1673 -5.6000 14.0751
v 50.0006 -5.6000 14.2547
v 50.0006 -5.6000 14.2547
v 54.1673 -5.6000 14.0751
v 54.1671 -5.6101 14.0709
v 50.0005 -5.6101 14.2505
v 50.0005 -5.6101 14.2505
v 54.1671 -5.6101 14.0709
v 54.1667 -5.6143 14.0608
v 50.0000 -5.6143 14.2404
v 50.0000 -5.6143 14.2404
v 54.1667 -5.6143 14.0608
v 54.1663 -5.6101 14.0507
v 49.9995 -5.6101 14.2303
v 49.9995 -5.6101 14.2303
v 54.1663 -5.6101 14.0507
v 54.1661 -5.6000 14.0465
v 49.9994 -5.6000 14.2261
v 49.9994 -5.6000 14.2261
v 54.1661 -5.6000 14.0465
v 54.1663 -5.5899 14.0507
v 49.9995 -5.5899 14.2303
v 49.9995 -5.5899 14.2303
v 54.1663 -5.5899 14.0507
v 54.1667 -5.5857 14.0608
v 50.0000 -5.5857 14.2404
v 54.1667 -5.5857 14.0608
v 58.3333 -5.5857 13.8968
v 58.3337 -5.5899 13.9069
v 54.1671 -5.5899 14.0709
v 54.1671 -5.5899 14.0709
v 58.3337 -5.5899 13.9069
v 58.3339 -5.6000 13.9111
v 54.1673 -5.6000 14.0751
v 54.1673 -5.6000 14.0751
v 58.3339 -5.6000 13.9111
v 58.3337 -5.6101 13.9069
v 54.1671 -5.6101 14.0709
v 54.1671 -5.6101 14.0709
v 58.3337 -5.6101 13.9069
v 58.3333 -5.6143 13.8968
v 54.1667 -5.6143 14.0608
v 54.1667 -5.6143 14.0608
v 58.3333 -5.6143 13.8968
v 58.3330 -5.6101 13.8867
v 54.1663 -5.6101 14.0507
v 54.1663 -5.6101 14.0507
v 58.3330 -5.6101 13.8867
v 58.3328 -5.6000 13.8825
v 54.1661 -5.6000 14.0465
v 54.1661 -5.6000 14.0465
v 58.3328 -5.6000 13.8825
v 58.3330 -5.5899 13.8867
v 54.1663 -5.5899 14.0507
v 54.1663 -5.5899 14.0507
v 58.3330 -5.5899 13.8867
v 58.3333 -5.5857 13.8968
v 54.1667 -5.5857 14.0608
v 58.3333 -5.5857 13.8968
v 62.5000 -5.5857 13.7484
v 62.5003 -5.5899 13.7586
v 58.3337 -5.5899 13.9069
v 58.3337 -5.5899 13.9069
v 62.5003 -5.5899 13.7586
v 62.5005 -5.6000 13.7627
v 58.3339 -5.6000 13.9111
v 58.3339 -5.6000 13.9111
v 62.5005 -5.6000 13.7627
v 62.5003 -5.6101 13.7586
v 58.3337 -5.6101 13.9069
v 58.3337 -5.6101 13.9069
v 62.5003 -5.6101 13.7586
v 62.5000 -5.6143 13.7484
v 58.3333 -5.6143 13.8968
v 58.3333 -5.6143 13.8968
v 62.5000 -5.6143 13.7484
v 62.4997 -5.6101 13.7383
v 58.3330 -5.6101 13.8867
v 58.3330 -5.6101 13.8867
v 62.4997 -5.6101 13.7383
v 62.4995 -5.6000 13.7342
v 58.3328 -5.6000 13.8825
v 58.3328 -5.6000 13.8825
v 62.4995 -5.6000 13.7342
v 62.4997 -5.5899 13.7383
v 58.3330 -5.5899 13.8867
v 58.3330 -5.5899 13.8867
v 62.4997 -5.5899 13.7383
v 62.5000 -5.5857 13.7484
v 58.3333 -5.5857 13.8968
v 62.5000 -5.5857 13.7484
v 66.6667 -5.5857 13.6157
v 66.6670 -5.5899 13.6258
v 62.5003 -5.5899 13.7586
v 62.5003 -5.5899 13.7586
v 66.6670 -5.5899 13.6258
v 66.6671 -5.6000 13.6300
v 62.5005 -5.6000 13.7627
v 62.5005 -5.6000 13.7627
v 66.6671 -5.6000 13.6300
v 66.6670 -5.6101 13.6258
v 62.5003 -5.6101 13.7586
v 62.5003 -5.6101 13.7586
v 66.6670 -5.6101 13.6258
v 66.6667 -5.6143 13.6157
v 62.5000 -5.6143 13.7484
v 62.5000 -5.6143 13.7484
v 66.6667 -5.6143 13.6157
v 66.6664 -5.6101 13.6056
v 62.4997 -5.6101 13.7383
v 62.4997 -5.6101 13.7383
v 66.6664 -5.6101 13.6056
v 66.6662 -5.6000 13.6014
v 62.4995 -5.6000 13.7342
v 62.4995 -5.6000 13.7342
v 66.6662 -5.6000 13.6014
v 66.6664 -5.5899 13.6056
v 62.4997 -5.5899 13.7383
v 62.4997 -5.5899 13.7383
v 66.6664 -5.5899 13.6056
v 66.6667 -5.5857 13.6157
v 62.5000 -5.5857 13.7484
v 66.6667 -5.5857 13.6157
v 70.8333 -5.5857 13.4986
v 70.8336 -5.5899 13.5087
v 66.6670 -5.5899 13.6258
v 66.6670 -5.5899 13.6258
v 70.8336 -5.5899 13.5087
v 70.8337 -5.6000 13.5129
v 66.6671 -5.6000 13.6300
v 66.6671 -5.6000 13.6300
v 70.8337 -5.6000 13.5129
v 70.8336 -5.6101 13.5087
v 66.6670 -5.6101 13.6258
v 66.6670 -5.6101 13.6258
v 70.8336 -5.6101 13.5087
v 70.8333 -5.6143 13.4986
v 66.6667 -5.6143 13.6157
v 66.6667 -5.6143 13.6157
v 70.8333 -5.6143 13.4986
v 70.8331 -5.6101 13.4885
v 66.6664 -5.6101 13.6056
v 66.6664 -5.6101 13.6056
v 70.8331 -5.6101 13.4885
v 70.8330 -5.6000 13.4843
v 66.6662 -5.6000 13.6014
v 66.6662 -5.6000 13.6014
v 70.8330 -5.6000 13.4843
v 70.8331 -5.5899 13.4885
v 66.6664 -5.5899 13.6056
v 66.6664 -5.5899 13.6056
v 70.8331 -5.5899 13.4885
v 70.8333 -5.5857 13.4986
v 66.6667 -5.5857 13.6157
v 70.8333 -5.5857 13.4986
v 75.0000 -5.5857 13.3971
v 75.0002 -5.5899 13.4072
v 70.8336 -5.5899 13.5087
v 70.8336 -5.5899 13.5087
v 75.0002 -5.5899 13.4072
v 75.0003 -5.6000 13.4114
v 70.8337 -5.6000 13.5129
v 70.8337 -5.6000 13.5129
v 75.0003 -5.6000 13.4114
v 75.0002 -5.6101 13.4072
v 70.8336 -5.6101 13.5087
v 70.8336 -5.6101 13.5087
v 75.0002 -5.6101 13.4072
v 75.0000 -5.6143 13.3971
v 70.8333 -5.6143 13.4986
v 70.8333 -5.6143 13.4986
v 75.0000 -5.6143 13.3971
v 74.9998 -5.6101 13.3870
v 70.8331 -5.6101 13.4885
v 70.8331 -5.6101 13.4885
v 74.9998 -5.6101 13.3870
v 74.9997 -5.6000 13.3828
v 70.8330 -5.6000 13.4843
v 70.8330 -5.6000 13.4843
v 74.9997 -5.6000 13.3828
v 74.9998 -5.5899 13.3870
v 70.8331 -5.5899 13.4885
v 70.8331 -5.5899 13.4885
v 74.9998 -5.5899 13.3870
v 75.0000 -5.5857 13.3971
v 70.8333 -5.5857 13.4986
v 75.0000 -5.5857 13.3971
v 79.1667 -5.5857 13.3112
v 79.1669 -5.5899 13.3213
v 75.0002 -5.5899 13.4072
v 75.0002 -5.5899 13.4072
v 79.1669 -5.5899 13.3213
v 79.1669 -5.6000 13.3255
v 75.0003 -5.6000 13.4114
v 75.0003 -5.6000 13.4114
v 79.1669 -5.6000 13.3255
v 79.1669 -5.6101 13.3213
v 75.0002 -5.6101 13.4072
v 75.0002 -5.6101 13.4072
v 79.1669 -5.6101 13.3213
v 79.1667 -5.6143 13.3112
v 75.0000 -5.6143 13.3971
v 75.0000 -5.6143 13.3971
v 79.1667 -5.6143 13.3112
v 79.1665 -5.6101 13.3011
v 74.9998 -5.6101 13.3870
v 74.9998 -5.6101 13.3870
v 79.1665 -5.6101 13.3011
v 79.1664 -5.6000 13.2969
v 74.9997 -5.6000 13.3828
v 74.9997 -5.6000 13.3828
v 79.1664 -5.6000 13.2969
v 79.1665 -5.5899 13.3011
v 74.9998 -5.5899 13.3870
v 74.9998 -5.5899 13.3870
v 79.1665 -5.5899 13.3011
v 79.1667 -5.5857 13.3112
v 75.0000 -5.5857 13.3971
v 79.1667 -5.5857 13.3112
v 83.3333 -5.5857 13.2409
v 83.3335 -5.5899 13.2510
v 79.1669 -5.5899 13.3213
v 79.1669 -5.5899 13.3213
v 83.3335 -5.5899 13.2510
v 83.3335 -5.6000 13.2552
v 79.1669 -5.6000 13.3255
v 79.1669 -5.6000 13.3255
v 83.3335 -5.6000 13.2552
v 83.3335 -5.6101 13.2510
v 79.1669 -5.6101 13.3213
v 79.1669 -5.6101 13.3213
v 83.3335 -5.6101 13.2510
v 83.3333 -5.6143 13.2409
v 79.1667 -5.6143 13.3112
v 79.1667 -5.6143 13.3112
v 83.3333 -5.6143 13.2409
v 83.3332 -5.6101 13.2308
v 79.1665 -5.6101 13.3011
v 79.1665 -5.6101 13.3011
v 83.3332 -5.6101 13.2308
v 83.3331 -5.6000 13.2266
v 79.1664 -5.6000 13.2969
v 79.1664 -5.6000 13.2969
v 83.3331 -5.6000 13.2266
v 83.3332 -5.5899 13.2308
v 79.1665 -5.5899 13.3011
v 79.1665 -5.5899 13.3011
v 83.3332 -5.5899 13.2308
v 83.3333 -5.5857 13.2409
v 79.1667 -5.5857 13.3112
v 83.3333 -5.5857 13.2409
v 87.5000 -5.5857 13.1863
v 87.5001 -5.5899 13.1964
v 83.3335 -5.5899 13.2510
v 83.3335 -5.5899 13.2510
v 87.5001 -5.5899 13.1964
v 87.5002 -5.6000 13.2006
v 83.3335 -5.6000 13.2552
v 83.3335 -5.6000 13.2552
v 87.5002 -5.6000 13.2006
v 87.5001 -5.6101 13.1964
v 83.3335 -5.6101 13.2510
v 83.3335 -5.6101 13.2510
v 87.5001 -5.6101 13.1964
v 87.5000 -5.6143 13.1863
v 83.3333 -5.6143 13.2409
v 83.3333 -5.6143 13.2409
v 87.5000 -5.6143 13.1863
v 87.4999 -5.6101 13.1762
v 83.3332 -5.6101 13.2308
v 83.3332 -5.6101 13.2308
v 87.4999 -5.6101 13.1762
v 87.4998 -5.6000 13.1720
v 83.3331 -5.6000 13.2266
v 83.3331 -5.6000 13.2266
v 87.4998 -5.6000 13.1720
v 87.4999 -5.5899 13.1762
v 83.3332 -5.5899 13.2308
v 83.3332 -5.5899 13.2308
v 87.4999 -5.5899 13.1762
v 87.5000 -5.5857 13.1863
v 83.3333 -5.5857 13.2409
v 87.5000 -5.5857 13.1863
v 91.6667 -5.5857 13.1472
v 91.6667 -5.5899 13.1573
v 87.5001 -5.5899 13.1964
v 87.5001 -5.5899 13.1964
v 91.6667 -5.5899 13.1573
v 91.6668 -5.6000 13.1615
v 87.5002 -5.6000 13.2006
v 87.5002 -5.6000 13.2006
v 91.6668 -5.6000 13.1615
v 91.6667 -5.6101 13.1573
v 87.5001 -5.6101 13.1964
v 87.5001 -5.6101 13.1964
v 91.6667 -5.6101 13.1573
v 91.6667 -5.6143 13.1472
v 87.5000 -5.6143 13.1863
v 87.5000 -5.6143 13.1863
v 91.6667 -5.6143 13.1472
v 91.6666 -5.6101 13.1371
v 87.4999 -5.6101 13.1762
v 87.4999 -5.6101 13.1762
v 91.6666 -5.6101 13.1371
v 91.6666 -5.6000 13.1329
v 87.4998 -5.6000 13.1720
v 87.4998 -5.6000 13.1720
v 91.6666 -5.6000 13.1329
v 91.6666 -5.5899 13.1371
v 87.4999 -5.5899 13.1762
v 87.4999 -5.5899 13.1762
v 91.6666 -5.5899 13.1371
v 91.6667 -5.5857 13.1472
v 87.5000 -5.5857 13.1863
v 91.6667 -5.5857 13.1472
v 95.8333 -5.5857 13.1238
v 95.8334 -5.5899 13.1339
v 91.6667 -5.5899 13.1573
v 91.6667 -5.5899 13.1573
v 95.8334 -5.5899 13.1339
v 95.8334 -5.6000 13.1381
v 91.6668 -5.6000 13.1615
v 91.6668 -5.6000 13.1615
v 95.8334 -5.6000 13.1381
v 95.8334 -5.6101 13.1339
v 91.6667 -5.6101 13.1573
v 91.6667 -5.6101 13.1573
v 95.8334 -5.6101 13.1339
v 95.8333 -5.6143 13.1238
v 91.6667 -5.6143 13.1472
v 91.6667 -5.6143 13.1472
v 95.8333 -5.6143 13.1238
v 95.8333 -5.6101 13.1137
v 91.6666 -5.6101 13.1371
v 91.6666 -5.6101 13.1371
v 95.8333 -5.6101 13.1137
v 95.8333 -5.6000 13.1095
v 91.6666 -5.6000 13.1329
v 91.6666 -5.6000 13.1329
v 95.8333 -5.6000 13.1095
v 95.8333 -5.5899 13.1137
v 91.6666 -5.5899 13.1371
v 91.6666 -5.5899 13.1371
v 95.8333 -5.5899 13.1137
v 95.8333 -5.5857 13.1238
v 91.6667 -5.5857 13.1472
v 95.8333 -5.5857 13.1238
v 100.0000 -5.5857 13.1160
v 100.0000 -5.5899 13.1261
v 95.8334 -5.5899 13.1339
v 95.8334 -5.5899 13.1339
v 100.0000 -5.5899 13.1261
v 100.0000 -5.6000 13.1303
v 95.8334 -5.6000 13.1381
v 95.8334 -5.6000 13.1381
v 100.0000 -5.6000 13.1303
v 100.0000 -5.6101 13.1261
v 95.8334 -5.6101 13.1339
v 95.8334 -5.6101 13.1339
v 100.0000 -5.6101 13.1261
v 100.0000 -5.6143 13.1160
v 95.8333 -5.6143 13.1238
v 95.8333 -5.6143 13.1238
v 100.0000 -5.6143 13.1160
v 100.0000 -5.6101 13.1059
v 95.8333 -5.6101 13.1137
v 95.8333 -5.6101 13.1137
v 100.0000 -5.6101 13.1059
v 100.0000 -5.6000 13.1017
v 95.8333 -5.6000 13.1095
v 95.8333 -5.6000 13.1095
v 100.0000 -5.6000 13.1017
v 100.0000 -5.5899 13.1059
v 95.8333 -5.5899 13.1137
v 95.8333 -5.5899 13.1137
v 100.0000 -5.5899 13.1059
v 100.0000 -5.5857 13.1160
v 95.8333 -5.5857 13.1238
v 100.0000 -5.5857 13.1160
v 104.1667 -5.5857 13.1238
v 104.1666 -5.5899 13.1339
v 100.0000 -5.5899 13.1261
v 100.0000 -5.5899 13.1261
v 104.1666 -5.5899 13.1339
v 104.1666 -5.6000 13.1381
v 100.0000 -5.6000 13.1303
v 100.0000 -5.6000 13.1303
v 104.1666 -5.6000 13.1381
v 104.1666 -5.6101 13.1339
v 100.0000 -5.6101 13.1261
v 100.0000 -5.6101 13.1261
v 104.1666 -5.6101 13.1339
v 104.1667 -5.6143 13.1238
v 100.0000 -5.6143 13.1160
v 100.0000 -5.6143 13.1160
v 104.1667 -5.6143 13.1238
v 104.1667 -5.6101 13.1137
v 100.0000 -5.6101 13.1059
v 100.0000 -5.6101 13.1059
v 104.1667 -5.6101 13.1137
v 104.1667 -5.6000 13.1095
v 100.0000 -5.6000 13.1017
v 100.0000 -5.6000 13.1017
v 104.1667 -5.6000 13.1095
v 104.1667 -5.5899 13.1137
v 100.0000 -5.5899 13.1059
v 100.0000 -5.5899 13.1059
v 104.1667 -5.5899 13.1137
v 104.1667 -5.5857 13.1238
v 100.0000 -5.5857 13.1160
v 104.1667 -5.5857 13.1238
v 108.3333 -5.5857 13.1472
v 108.3333 -5.5899 13.1573
v 104.1666 -5.5899 13.1339
v 104.1666 -5.5899 13.1339
v 108.3333 -5.5899 13.1573
v 108.3332 -5.6000 13.1615
v 104.1666 -5.6000 13.1381
v 104.1666 -5.6000 13.1381
v 108.3332 -5.6000 13.1615
v 108.3333 -5.6101 13.1573
v 104.1666 -5.6101 13.1339
v 104.1666 -5.6101 13.1339
v 108.3333 -5.6101 13.1573
v 108.3333 -5.6143 13.1472
v 104.1667 -5.6143 13.1238
v 104.1667 -5.6143 13.1238
v 108.3333 -5.6143 13.1472
v 108.3334 -5.6101 13.1371
v 104.1667 -5.6101 13.1137
v 104.1667 -5.6101 13.1137
v 108.3334 -5.6101 13.1371
v 108.3334 -5.6000 13.1329
v 104.1667 -5.6000 13.1095
v 104.1667 -5.6000 13.1095
v 108.3334 -5.6000 13.1329
v 108.3334 -5.5899 13.1371
v 104.1667 -5.5899 13.1137
v 104.1667 -5.5899 13.1137
v 108.3334 -5.5899 13.1371
v 108.3333 -5.5857 13.1472
v 104.1667 -5.5857 13.1238
v 108.3333 -5.5857 13.1472
v 112.5000 -5.5857 13.1863
v 112.4999 -5.5899 13.1964
v 108.3333 -5.5899 13.1573
v 108.3333 -5.5899 13.1573
v 112.4999 -5.5899 13.1964
v 112.4998 -5.6000 13.2006
v 108.3332 -5.6000 13.1615
v 108.3332 -5.6000 13.1615
v 112.4998 -5.6000 13.2006
v 112.4999 -5.6101 13.1964
v 108.3333 -5.6101 13.1573
v 108.3333 -5.6101 13.1573
v 112.4999 -5.6101 13.1964
v 112.5000 -5.6143 13.1863
v 108.3333 -5.6143 13.1472
v 108.3333 -5.6143 13.1472
v 112.5000 -5.6143 13.1863
v 112.5001 -5.6101 13.1762
v 108.3334 -5.6101 13.1371
v 108.3334 -5.6101 13.1371
v 112.5001 -5.6101 13.1762
v 112.5002 -5.6000 13.1720
v 108.3334 -5.6000 13.1329
v 108.3334 -5.6000 13.1329
v 112.5002 -5.6000 13.1720
v 112.5001 -5.5899 13.1762
v 108.3334 -5.5899 13.1371
v 108.3334 -5.5899 13.1371
v 112.5001 -5.5899 13.1762
v 112.5000 -5.5857 13.1863
v 108.3333 -5.5857 13.1472
v 112.5000 -5.5857 13.1863
v 116.6667 -5.5857 13.2409
v 116.6665 -5.5899 13.2510
v 112.4999 -5.5899 13.1964
v 112.4999 -5.5899 13.1964
v 116.6665 -5.5899 13.2510
v 116.6665 -5.6000 13.2552
v 112.4998 -5.6000 13.2006
v 112.4998 -5.6000 13.2006
v 116.6665 -5.6000 13.2552
v 116.6665 -5.6101 13.2510
v 112.4999 -5.6101 13.1964
v 112.4999 -5.6101 13.1964
v 116.6665 -5.6101 13.2510
v 116.6667 -5.6143 13.2409
v 112.5000 -5.6143 13.1863
v 112.5000 -5.6143 13.1863
v 116.6667 -5.6143 13.2409
v 116.6668 -5.6101 13.2308
v 112.5001 -5.6101 13.1762
v 112.5001 -5.6101 13.1762
v 116.6668 -5.6101 13.2308
v 116.6669 -5.6000 13.2266
v 112.5002 -5.6000 13.1720
v 112.5002 -5.6000 13.1720
v 116.6669 -5.6000 13.2266
v 116.6668 -5.5899 13.2308
v 112.5001 -5.5899 13.1762
v 112.5001 -5.5899 13.1762
v 116.6668 -5.5899 13.2308
v 116.6667 -5.5857 13.2409
v 112.5000 -5.5857 13.1863
v 116.6667 -5.5857 13.2409
v 120.8333 -5.5857 13.3112
v 120.8331 -5.5899 13.3213
v 116.6665 -5.5899 13.2510
v 116.6665 -5.5899 13.2510
v 120.8331 -5.5899 13.3213
v 120.8331 -5.6000 13.3255
v 116.6665 -5.6000 13.2552
v 116.6665 -5.6000 13.2552
v 120.8331 -5.6000 13.3255
v 120.8331 -5.6101 13.3213
v 116.6665 -5.6101 13.2510
v 116.6665 -5.6101 13.2510
v 120.8331 -5.6101 13.3213
v 120.8333 -5.6143 13.3112
v 116.6667 -5.6143 13.2409
v 116.6667 -5.6143 13.2409
v 120.8333 -5.6143 13.3112
v 120.8335 -5.6101 13.3011
v 116.6668 -5.6101 13.2308
v 116.6668 -5.6101 13.2308
v 120.8335 -5.6101 13.3011
v 120.8336 -5.6000 13.2969
v 116.6669 -5.6000 13.2266
v 116.6669 -5.6000 13.2266
v 120.8336 -5.6000 13.2969
v 120.8335 -5.5899 13.3011
v 116.6668 -5.5899 13.2308
v 116.6668 -5.5899 13.2308
v 120.8335 -5.5899 13.3011
v 120.8333 -5.5857 13.3112
v 116.6667 -5.5857 13.2409
v 120.8333 -5.5857 13.3112
v 125.0000 -5.5857 13.3971
v 124.9998 -5.5899 13.4072
v 120.8331 -5.5899 13.3213
v 120.8331 -5.5899 13.3213
v 124.9998 -5.5899 13.4072
v 124.9997 -5.6000 13.4114
v 120.8331 -5.6000 13.3255
v 120.8331 -5.6000 13.3255
v 124.9997 -5.6000 13.4114
v 124.9998 -5.6101 13.4072
v 120.8331 -5.6101 13.3213
v 120.8331 -5.6101 13.3213
v 124.9998 -5.6101 13.4072
v 125.0000 -5.6143 13.3971
v 120.8333 -5.6143 13.3112
v 120.8333 -5.6143 13.3112
v 125.0000 -5.6143 13.3971
v 125.0002 -5.6101 13.3870
v 120.8335 -5.6101 13.3011
v 120.8335 -5.6101 13.3011
v 125.0002 -5.6101 13.3870
v 125.0003 -5.6000 13.3828
v 120.8336 -5.6000 13.2969
v 120.8336 -5.6000 13.2969
v 125.0003 -5.6000 13.3828
v 125.0002 -5.5899 13.3870
v 120.8335 -5.5899 13.3011
v 120.8335 -5.5899 13.3011
v 125.0002 -5.5899 13.3870
v 125.0000 -5.5857 13.3971
v 120.8333 -5.5857 13.3112
v 125.0000 -5.5857 13.3971
v 129.1667 -5.5857 13.4986
v 129.1664 -5.5899 13.5087
v 124.9998 -5.5899 13.4072
v 124.9998 -5.5899 13.4072
v 129.1664 -5.5899 13.5087
v 129.1663 -5.6000 13.5129
v 124.9997 -5.6000 13.4114
v 124.9997 -5.6000 13.4114
v 129.1663 -5.6000 13.5129
v 129.1664 -5.6101 13.5087
v 124.9998 -5.6101 13.4072
v 124.9998 -5.6101 13.4072
v 129.1664 -5.6101 13.5087
v 129.1667 -5.6143 13.4986
v 125.0000 -5.6143 13.3971
v 125.0000 -5.6143 13.3971
v 129.1667 -5.6143 13.4986
v 129.1669 -5.6101 13.4885
v 125.0002 -5.6101 13.3870
v 125.0002 -5.6101 13.3870
v 129.1669 -5.6101 13.4885
v 129.1670 -5.6000 13.4843
v 125.0003 -5.6000 13.3828
v 125.0003 -5.6000 13.3828
v 129.1670 -5.6000 13.4843
v 129.1669 -5.5899 13.4885
v 125.0002 -5.5899 13.3870
v 125.0002 -5.5899 13.3870
v 129.1669 -5.5899 13.4885
v 129.1667 -5.5857 13.4986
v 125.0000 -5.5857 13.3971
v 129.1667 -5.5857 13.4986
v 133.3333 -5.5857 13.6157
v 133.3330 -5.5899 13.6258
v 129.1664 -5.5899 13.5087
v 129.1664 -5.5899 13.5087
v 133.3330 -5.5899 13.6258
v 133.3329 -5.6000 13.6300
v 129.1663 -5.6000 13.5129
v 129.1663 -5.6000 13.5129
v 133.3329 -5.6000 13.6300
v 133.3330 -5.6101 13.6258
v 129.1664 -5.6101 13.5087
v 129.1664 -5.6101 13.5087
v 133.3330 -5.6101 13.6258
v 133.3333 -5.6143 13.6157
v 129.1667 -5.6143 13.4986
v 129.1667 -5.6143 13.4986
v 133.3333 -5.6143 13.6157
v 133.3336 -5.6101 13.6056
v 129.1669 -5.6101 13.4885
v 129.1669 -5.6101 13.4885
v 133.3336 -5.6101 13.6056
v 133.3338 -5.6000 13.6014
v 129.1670 -5.6000 13.4843
v 129.1670 -5.6000 13.4843
v 133.3338 -5.6000 13.6014
v 133.3336 -5.5899 13.6056
v 129.1669 -5.5899 13.4885
v 129.1669 -5.5899 13.4885
v 133.3336 -5.5899 13.6056
v 133.3333 -5.5857 13.6157
v 129.1667 -5.5857 13.4986
v 133.3333 -5.5857 13.6157
v 137.5000 -5.5857 13.7484
v 137.4997 -5.5899 13.7586
v 133.3330 -5.5899 13.6258
v 133.3330 -5.5899 13.6258
v 137.4997 -5.5899 13.7586
v 137.4995 -5.6000 13.7627
v 133.3329 -5.6000 13.6300
v 133.3329 -5.6000 13.6300
v 137.4995 -5.6000 13.7627
v 137.4997 -5.6101 13.7586
v 133.3330 -5.6101 13.6258
v 133.3330 -5.6101 13.6258
v 137.4997 -5.6101 13.7586
v 137.5000 -5.6143 13.7484
v 133.3333 -5.6143 13.6157
v 133.3333 -5.6143 13.6157
v 137.5000 -5.6143 13.7484
v 137.5003 -5.6101 13.7383
v 133.3336 -5.6101 13.6056
v 133.3336 -5.6101 13.6056
v 137.5003 -5.6101 13.7383
v 137.5005 -5.6000 13.7342
v 133.3338 -5.6000 13.6014
v 133.3338 -5.6000 13.6014
v 137.5005 -5.6000 13.7342
v 137.5003 -5.5899 13.7383
v 133.3336 -5.5899 13.6056
v 133.3336 -5.5899 13.6056
v 137.5003 -5.5899 13.7383
v 137.5000 -5.5857 13.7484
v 133.3333 -5.5857 13.6157
v 137.5000 -5.5857 13.7484
v 141.6667 -5.5857 13.8968
v 141.6663 -5.5899 13.9069
v 137.4997 -5.5899 13.7586
v 137.4997 -5.5899 13.7586
v 141.6663 -5.5899 13.9069
v 141.6661 -5.6000 13.9111
v 137.4995 -5.6000 13.7627
v 137.4995 -5.6000 13.7627
v 141.6661 -5.6000 13.9111
v 141.6663 -5.6101 13.9069
v 137.4997 -5.6101 13.7586
v 137.4997 -5.6101 13.7586
v 141.6663 -5.6101 13.9069
v 141.6667 -5.6143 13.8968
v 137.5000 -5.6143 13.7484
v 137.5000 -5.6143 13.7484
v 141.6667 -5.6143 13.8968
v 141.6670 -5.6101 13.8867
v 137.5003 -5.6101 13.7383
v 137.5003 -5.6101 13.7383
v 141.6670 -5.6101 13.8867
v 141.6672 -5.6000 13.8825
v 137.5005 -5.6000 13.7342
v 137.5005 -5.6000 13.7342
v 141.6672 -5.6000 13.8825
v 141.6670 -5.5899 13.8867
v 137.5003 -5.5899 13.7383
v 137.5003 -5.5899 13.7383
v 141.6670 -5.5899 13.8867
v 141.6667 -5.5857 13.8968
v 137.5000 -5.5857 13.7484
v 141.6667 -5.5857 13.8968
v 145.8333 -5.5857 14.0608
v 145.8329 -5.5899 14.0709
v 141.6663 -5.5899 13.9069
v 141.6663 -5.5899 13.9069
v 145.8329 -5.5899 14.0709
v 145.8327 -5.6000 14.0751
v 141.6661 -5.6000 13.9111
v 141.6661 -5.6000 13.9111
v 145.8327 -5.6000 14.0751
v 145.8329 -5.6101 14.0709
v 141.6663 -5.6101 13.9069
v 141.6663 -5.6101 13.9069
v 145.8329 -5.6101 14.0709
v 145.8333 -5.6143 14.0608
v 141.6667 -5.6143 13.8968
v 141.6667 -5.6143 13.8968
v 145.8333 -5.6143 14.0608
v 145.8337 -5.6101 14.0507
v 141.6670 -5.6101 13.8867
v 141.6670 -5.6101 13.8867
v 145.8337 -5.6101 14.0507
v 145.8339 -5.6000 14.0465
v 141.6672 -5.6000 13.8825
v 141.6672 -5.6000 13.8825
v 145.8339 -5.6000 14.0465
v 145.8337 -5.5899 14.0507
v 141.6670 -5.5899 13.8867
v 141.6670 -5.5899 13.8867
v 145.8337 -5.5899 14.0507
v 145.8333 -5.5857 14.0608
v 141.6667 -5.5857 13.8968
v 145.8333 -5.5857 14.0608
v 150.0000 -5.5857 14.2404
v 149.9995 -5.5899 14.2505
v 145.8329 -5.5899 14.0709
v 145.8329 -5.5899 14.0709
v 149.9995 -5.5899 14.2505
v 149.9994 -5.6000 14.2547
v 145.8327 -5.6000 14.0751
v 145.8327 -5.6000 14.0751
v 149.9994 -5.6000 14.2547
v 149.9995 -5.6101 14.2505
v 145.8329 -5.6101 14.0709
v 145.8329 -5.6101 14.0709
v 149.9995 -5.6101 14.2505
v 150.0000 -5.6143 14.2404
v 145.8333 -5.6143 14.0608
v 145.8333 -5.6143 14.0608
v 150.0000 -5.6143 14.2404
v 150.0005 -5.6101 14.2303
v 145.8337 -5.6101 14.0507
v 145.8337 -5.6101 14.0507
v 150.0005 -5.6101 14.2303
v 150.0006 -5.6000 14.2261
v 145.8339 -5.6000 14.0465
v 145.8339 -5.6000 14.0465
v 150.0006 -5.6000 14.2261
v 150.0005 -5.5899 14.2303
v 145.8337 -5.5899 14.0507
v 145.8337 -5.5899 14.0507
v 150.0005 -5.5899 14.2303
v 150.0000 -5.5857 14.2404
v 145.8333 -5.5857 14.0608
v 150.0000 -5.5857 14.2404
v 154.1667 -5.5857 14.4357
v 154.1662 -5.5899 14.4458
v 149.9995 -5.5899 14.2505
v 149.9995 -5.5899 14.2505
v 154.1662 -5.5899 14.4458
v 154.1660 -5.6000 14.4500
v 149.9994 -5.6000 14.2547
v 149.9994 -5.6000 14.2547
v 154.1660 -5.6000 14.4500
v 154.1662 -5.6101 14.4458
v 149.9995 -5.6101 14.2505
v 149.9995 -5.6101 14.2505
v 154.1662 -5.6101 14.4458
v 154.1667 -5.6143 14.4357
v 150.0000 -5.6143 14.2404
v 150.0000 -5.6143 14.2404
v 154.1667 -5.6143 14.4357
v 154.1672 -5.6101 14.4256
v 150.0005 -5.6101 14.2303
v 150.0005 -5.6101 14.2303
v 154.1672 -5.6101 14.4256
v 154.1674 -5.6000 14.4214
v 150.0006 -5.6000 14.2261
v 150.0006 -5.6000 14.2261
v 154.1674 -5.6000 14.4214
v 154.1672 -5.5899 14.4256
v 150.0005 -5.5899 14.2303
v 150.0005 -5.5899 14.2303
v 154.1672 -5.5899 14.4256
v 154.1667 -5.5857 14.4357
v 150.0000 -5.5857 14.2404
v 154.1667 -5.5857 14.4357
v 158.3333 -5.5857 14.6466
v 158.3328 -5.5899 14.6567
v 154.1662 -5.5899 14.4458
v 154.1662 -5.5899 14.4458
v 158.3328 -5.5899 14.6567
v 158.3326 -5.6000 14.6608
v 154.1660 -5.6000 14.4500
v 154.1660 -5.6000 14.4500
v 158.3326 -5.6000 14.6608
v 158.3328 -5.6101 14.6567
v 154.1662 -5.6101 14.4458
v 154.1662 -5.6101 14.4458
v 158.3328 -5.6101 14.6567
v 158.3333 -5.6143 14.6466
v 154.1667 -5.6143 14.4357
v 154.1667 -5.6143 14.4357
v 158.3333 -5.6143 14.6466
v 158.3339 -5.6101 14.6365
v 154.1672 -5.6101 14.4256
v 154.1672 -5.6101 14.4256
v 158.3339 -5.6101 14.6365
v 158.3341 -5.6000 14.6323
v 154.1674 -5.6000 14.4214
v 154.1674 -5.6000 14.4214
v 158.3341 -5.6000 14.6323
v 158.3339 -5.5899 14.6365
v 154.1672 -5.5899 14.4256
v 154.1672 -5.5899 14.4256
v 158.3339 -5.5899 14.6365
v 158.3333 -5.5857 14.6466
v 154.1667 -5.5857 14.4357
v 158.3333 -5.5857 14.6466
v 162.5000 -5.5857 14.8731
v 162.4994 -5.5899 14.8832
v 158.3328 -5.5899 14.6567
v 158.3328 -5.5899 14.6567
v 162.4994 -5.5899 14.8832
v 162.4992 -5.6000 14.8874
v 158.3326 -5.6000 14.6608
v 158.3326 -5.6000 14.6608
v 162.4992 -5.6000 14.8874
v 162.4994 -5.6101 14.8832
v 158.3328 -5.6101 14.6567
v 158.3328 -5.6101 14.6567
v 162.4994 -5.6101 14.8832
v 162.5000 -5.6143 14.8731
v 158.3333 -5.6143 14.6466
v 158.3333 -5.6143 14.6466
v 162.5000 -5.6143 14.8731
v 162.5006 -5.6101 14.8630
v 158.3339 -5.6101 14.6365
v 158.3339 -5.6101 14.6365
v 162.5006 -5.6101 14.8630
v 162.5008 -5.6000 14.8588
v 158.3341 -5.6000 14.6323
v 158.3341 -5.6000 14.6323
v 162.5008 -5.6000 14.8588
v 162.5006 -5.5899 14.8630
v 158.3339 -5.5899 14.6365
v 158.3339 -5.5899 14.6365
v 162.5006 -5.5899 14.8630
v 162.5000 -5.5857 14.8731
v 158.3333 -5.5857 14.6466
v 162.5000 -5.5857 14.8731
v 166.6667 -5.5857 15.1153
v 166.6661 -5.5899 15.1253
v 162.4994 -5.5899 14.8832
v 162.4994 -5.5899 14.8832
v 166.6661 -5.5899 15.1253
v 166.6658 -5.6000 15.1295
v 162.4992 -5.6000 14.8874
v 162.4992 -5.6000 14.8874
v 166.6658 -5.6000 15.1295
v 166.6661 -5.6101 15.1253
v 162.4994 -5.6101 14.8832
v 162.4994 -5.6101 14.8832
v 166.6661 -5.6101 15.1253
v 166.6667 -5.6143 15.1153
v 162.5000 -5.6143 14.8731
v 162.5000 -5.6143 14.8731
v 166.6667 -5.6143 15.1153
v 166.6673 -5.6101 15.1052
v 162.5006 -5.6101 14.8630
v 162.5006 -5.6101 14.8630
v 166.6673 -5.6101 15.1052
v 166.6675 -5.6000 15.1010
v 162.5008 -5.6000 14.8588
v 162.5008 -5.6000 14.8588
v 166.6675 -5.6000 15.1010
v 166.6673 -5.5899 15.1052
v 162.5006 -5.5899 14.8630
v 162.5006 -5.5899 14.8630
v 166.6673 -5.5899 15.1052
v 166.6667 -5.5857 15.1153
v 162.5000 -5.5857 14.8731
v 166.6667 -5.5857 15.1153
v 170.8333 -5.5857 15.3731
v 170.8327 -5.5899 15.3831
v 166.6661 -5.5899 15.1253
v 166.6661 -5.5899 15.1253
v 170.8327 -5.5899 15.3831
v 170.8324 -5.6000 15.3873
v 166.6658 -5.6000 15.1295
v 166.6658 -5.6000 15.1295
v 170.8324 -5.6000 15.3873
v 170.8327 -5.6101 15.3831
v 166.6661 -5.6101 15.1253
v 166.6661 -5.6101 15.1253
v 170.8327 -5.6101 15.3831
v 170.8333 -5.6143 15.3731
v 166.6667 -5.6143 15.1153
v 166.6667 -5.6143 15.1153
v 170.8333 -5.6143 15.3731
v 170.8340 -5.6101 15.3630
v 166.6673 -5.6101 15.1052
v 166.6673 -5.6101 15.1052
v 170.8340 -5.6101 15.3630
v 170.8342 -5.6000 15.3588
v 166.6675 -5.6000 15.1010
v 166.6675 -5.6000 15.1010
v 170.8342 -5.6000 15.3588
v 170.8340 -5.5899 15.3630
v 166.6673 -5.5899 15.1052
v 166.6673 -5.5899 15.1052
v 170.8340 -5.5899 15.3630
v 170.8333 -5.5857 15.3731
v 166.6667 -5.5857 15.1153
v 170.8333 -5.5857 15.3731
v 175.0000 -5.5857 15.6465
v 174.9993 -5.5899 15.6566
v 170.8327 -5.5899 15.3831
v 170.8327 -5.5899 15.3831
v 174.9993 -5.5899 15.6566
v 174.9990 -5.6000 15.6608
v 170.8324 -5.6000 15.3873
v 170.8324 -5.6000 15.3873
v 174.9990 -5.6000 15.6608
v 174.9993 -5.6101 15.6566
v 170.8327 -5.6101 15.3831
v 170.8327 -5.6101 15.3831
v 174.9993 -5.6101 15.6566
v 175.0000 -5.6143 15.6465
v 170.8333 -5.6143 15.3731
v 170.8333 -5.6143 15.3731
v 175.0000 -5.6143 15.6465
v 175.0007 -5.6101 15.6364
v 170.8340 -5.6101 15.3630
v 170.8340 -5.6101 15.3630
v 175.0007 -5.6101 15.6364
v 175.0010 -5.6000 15.6322
v 170.8342 -5.6000 15.3588
v 170.8342 -5.6000 15.3588
v 175.0010 -5.6000 15.6322
v 175.0007 -5.5899 15.6364
v 170.8340 -5.5899 15.3630
v 170.8340 -5.5899 15.3630
v 175.0007 -5.5899 15.6364
v 175.0000 -5.5857 15.6465
v 170.8333 -5.5857 15.3731
v 175.0000 -5.5857 15.6465
v 179.1667 -5.5857 15.9356
v 179.1659 -5.5899 15.9457
v 174.9993 -5.5899 15.6566
v 174.9993 -5.5899 15.6566
v 179.1659 -5.5899 15.9457
v 179.1657 -5.6000 15.9499
v 174.9990 -5.6000 15.6608
v 174.9990 -5.6000 15.6608
v 179.1657 -5.6000 15.9499
v 179.1659 -5.6101 15.9457
v 174.9993 -5.6101 15.6566
v 174.9993 -5.6101 15.6566
v 179.1659 -5.6101 15.9457
v 179.1667 -5.6143 15.9356
v 175.0000 -5.6143 15.6465
v 175.0000 -5.6143 15.6465
v 179.1667 -5.6143 15.9356
v 179.1674 -5.6101 15.9255
v 175.0007 -5.6101 15.6364
v 175.0007 -5.6101 15.6364
v 179.1674 -5.6101 15.9255
v 179.1677 -5.6000 15.9213
v 175.0010 -5.6000 15.6322
v 175.0010 -5.6000 15.6322
v 179.1677 -5.6000 15.9213
v 179.1674 -5.5899 15.9255
v 175.0007 -5.5899 15.6364
v 175.0007 -5.5899 15.6364
v 179.1674 -5.5899 15.9255
v 179.1667 -5.5857 15.9356
v 175.0000 -5.5857 15.6465
v 179.1667 -5.5857 15.9356
v 183.3333 -5.5857 16.2404
v 183.3326 -5.5899 16.2504
v 179.1659 -5.5899 15.9457
v 179.1659 -5.5899 15.9457
v 183.3326 -5.5899 16.2504
v 183.3323 -5.6000 16.2546
v 179.1657 -5.6000 15.9499
v 179.1657 -5.6000 15.9499
v 183.3323 -5.6000 16.2546
v 183.3326 -5.6101 16.2504
v 179.1659 -5.6101 15.9457
v 179.1659 -5.6101 15.9457
v 183.3326 -5.6101 16.2504
v 183.3333 -5.6143 16.2404
v 179.1667 -5.6143 15.9356
v 179.1667 -5.6143 15.9356
v 183.3333 -5.6143 16.2404
v 183.3341 -5.6101 16.2303
v 179.1674 -5.6101 15.9255
v 179.1674 -5.6101 15.9255
v 183.3341 -5.6101 16.2303
v 183.3344 -5.6000 16.2261
v 179.1677 -5.6000 15.9213
v 179.1677 -5.6000 15.9213
v 183.3344 -5.6000 16.2261
v 183.3341 -5.5899 16.2303
v 179.1674 -5.5899 15.9255
v 179.1674 -5.5899 15.9255
v 183.3341 -5.5899 16.2303
v 183.3333 -5.5857 16.2404
v 179.1667 -5.5857 15.9356
v 183.3333 -5.5857 16.2404
v 187.5000 -5.5857 16.5608
v 187.4992 -5.5899 16.5708
v 183.3326 -5.5899 16.2504
v 183.3326 -5.5899 16.2504
v 187.4992 -5.5899 16.5708
v 187.4989 -5.6000 16.5750
v 183.3323 -5.6000 16.2546
v 183.3323 -5.6000 16.2546
v 187.4989 -5.6000 16.5750
v 187.4992 -5.6101 16.5708
v 183.3326 -5.6101 16.2504
v 183.3326 -5.6101 16.2504
v 187.4992 -5.6101 16.5708
v 187.5000 -5.6143 16.5608
v 183.3333 -5.6143 16.2404
v 183.3333 -5.6143 16.2404
v 187.5000 -5.6143 16.5608
v 187.5008 -5.6101 16.5507
v 183.3341 -5.6101 16.2303
v 183.3341 -5.6101 16.2303
v 187.5008 -5.6101 16.5507
v 187.5011 -5.6000 16.5465
v 183.3344 -5.6000 16.2261
v 183.3344 -5.6000 16.2261
v 187.5011 -5.6000 16.5465
v 187.5008 -5.5899 16.5507
v 183.3341 -5.5899 16.2303
v 183.3341 -5.5899 16.2303
v 187.5008 -5.5899 16.5507
v 187.5000 -5.5857 16.5608
v 183.3333 -5.5857 16.2404
v 187.5000 -5.5857 16.5608
v 191.6667 -5.5857 16.8968
v 191.6658 -5.5899 16.9069
v 187.4992 -5.5899 16.5708
v 187.4992 -5.5899 16.5708
v 191.6658 -5.5899 16.9069
v 191.6655 -5.6000 16.9111
v 187.4989 -5.6000 16.5750
v 187.4989 -5.6000 16.5750
v 191.6655 -5.6000 16.9111
v 191.6658 -5.6101 16.9069
v 187.4992 -5.6101 16.5708
v 187.4992 -5.6101 16.5708
v 191.6658 -5.6101 16.9069
v 191.6667 -5.6143 16.8968
v 187.5000 -5.6143 16.5608
v 187.5000 -5.6143 16.5608
v 191.6667 -5.6143 16.8968
v 191.6675 -5.6101 16.8868
v 187.5008 -5.6101 16.5507
v 187.5008 -5.6101 16.5507
v 191.6675 -5.6101 16.8868
v 191.6678 -5.6000 16.8826
v 187.5011 -5.6000 16.5465
v 187.5011 -5.6000 16.5465
v 191.6678 -5.6000 16.8826
v 191.6675 -5.5899 16.8868
v 187.5008 -5.5899 16.5507
v 187.5008 -5.5899 16.5507
v 191.6675 -5.5899 16.8868
v 191.6667 -5.5857 16.8968
v 187.5000 -5.5857 16.5608
v 191.6667 -5.5857 16.8968
v 195.8333 -5.5857 17.2486
v 195.8325 -5.5899 17.2587
v 191.6658 -5.5899 16.9069
v 191.6658 -5.5899 16.9069
v 195.8325 -5.5899 17.2587
v 195.8321 -5.6000 17.2628
v 191.6655 -5.6000 16.9111
v 191.6655 -5.6000 16.9111
v 195.8321 -5.6000 17.2628
v 195.8325 -5.6101 17.2587
v 191.6658 -5.6101 16.9069
v 191.6658 -5.6101 16.9069
v 195.8325 -5.6101 17.2587
v 195.8333 -5.6143 17.2486
v 191.6667 -5.6143 16.8968
v 191.6667 -5.6143 16.8968
v 195.8333 -5.6143 17.2486
v 195.8342 -5.6101 17.2385
v 191.6675 -5.6101 16.8868
v 191.6675 -5.6101 16.8868
v 195.8342 -5.6101 17.2385
v 195.8346 -5.6000 17.2343
v 191.6678 -5.6000 16.8826
v 191.6678 -5.6000 16.8826
v 195.8346 -5.6000 17.2343
v 195.8342 -5.5899 17.2385
v 191.6675 -5.5899 16.8868
v 191.6675 -5.5899 16.8868
v 195.8342 -5.5899 17.2385
v 195.8333 -5.5857 17.2486
v 191.6667 -5.5857 16.8968
v 195.8333 -5.5857 17.2486
v 200.0000 -5.5857 17.6160
v 199.9991 -5.5899 17.6261
v 195.8325 -5.5899 17.2587
v 195.8325 -5.5899 17.2587
v 199.9991 -5.5899 17.6261
v 199.9987 -5.6000 17.6302
v 195.8321 -5.6000 17.2628
v 195.8321 -5.6000 17.2628
v 199.9987 -5.6000 17.6302
v 199.9991 -5.6101 17.6261
v 195.8325 -5.6101 17.2587
v 195.8325 -5.6101 17.2587
v 199.9991 -5.6101 17.6261
v 200.0000 -5.6143 17.6160
v 195.8333 -5.6143 17.2486
v 195.8333 -5.6143 17.2486
v 200.0000 -5.6143 17.6160
v 200.0009 -5.6101 17.6059
v 195.8342 -5.6101 17.2385
v 195.8342 -5.6101 17.2385
v 200.0009 -5.6101 17.6059
v 200.0013 -5.6000 17.6018
v 195.8346 -5.6000 17.2343
v 195.8346 -5.6000 17.2343
v 200.0013 -5.6000 17.6018
v 200.0009 -5.5899 17.6059
v 195.8342 -5.5899 17.2385
v 195.8342 -5.5899 17.2385
v 200.0009 -5.5899 17.6059
v 200.0000 -5.5857 17.6160
v 195.8333 -5.5857 17.2486
v 0.0000 -5.6000 17.6160
v 0.0000 -5.5857 17.6160
v 0.0009 -5.5899 17.6261
v 0.0009 -5.5899 17.6261
v 0.0013 -5.6000 17.6302
v 0.0013 -5.6000 17.6302
v 0.0009 -5.6101 17.6261
v 0.0009 -5.6101 17.6261
v 0.0000 -5.6143 17.6160
v 0.0000 -5.6143 17.6160
v -0.0009 -5.6101 17.6059
v -0.0009 -5.6101 17.6059
v -0.0013 -5.6000 17.6018
v -0.0013 -5.6000 17.6018
v -0.0009 -5.5899 17.6059
v -0.0009 -5.5899 17.6059
v 0.0000 -5.5857 17.6160
v 200.0000 -5.6000 17.6160
v 200.0000 -5.5857 17.6160
v 199.9991 -5.5899 17.6261
v 199.9991 -5.5899 17.6261
v 199.9987 -5.6000 17.6302
v 199.9987 -5.6000 17.6302
v 199.9991 -5.6101 17.6261
v 199.9991 -5.6101 17.6261
v 200.0000 -5.6143 17.6160
v 200.0000 -5.6143 17.6160
v 200.0009 -5.6101 17.6059
v 200.0009 -5.6101 17.6059
v 200.0013 -5.6000 17.6018
v 200.0013 -5.6000 17.6018
v 200.0009 -5.5899 17.6059
v 200.0009 -5.5899 17.6059
v 200.0000 -5.5857 17.6160
v 0.0000 5.6143 17.6160
v 4.1667 5.6143 17.2486
v 4.1675 5.6101 17.2587
v 0.0009 5.6101 17.6261
v 0.0009 5.6101 17.6261
v 4.1675 5.6101 17.2587
v 4.1679 5.6000 17.2628
v 0.0013 5.6000 17.6302
v 0.0013 5.6000 17.6302
v 4.1679 5.6000 17.2628
v 4.1675 5.5899 17.2587
v 0.0009 5.5899 17.6261
v 0.0009 5.5899 17.6261
v 4.1675 5.5899 17.2587
v 4.1667 5.5857 17.2486
v 0.0000 5.5857 17.6160
v 0.0000 5.5857 17.6160
v 4.1667 5.5857 17.2486
v 4.1658 5.5899 17.2385
v -0.0009 5.5899 17.6059
v -0.0009 5.5899 17.6059
v 4.1658 5.5899 17.2385
v 4.1654 5.6000 17.2343
v -0.0013 5.6000 17.6018
v -0.0013 5.6000 17.6018
v 4.1654 5.6000 17.2343
v 4.1658 5.6101 17.2385
v -0.0009 5.6101 17.6059
v -0.0009 5.6101 17.6059
v 4.1658 5.6101 17.2385
v 4.1667 5.6143 17.2486
v 0.0000 5.6143 17.6160
v 4.1667 5.6143 17.2486
v 8.3333 5.6143 16.8968
v 8.3342 5.6101 16.9069
v 4.1675 5.6101 17.2587
v 4.1675 5.6101 17.2587
v 8.3342 5.6101 16.9069
v 8.3345 5.6000 16.9111
v 4.1679 5.6000 17.2628
v 4.1679 5.6000 17.2628
v 8.3345 5.6000 16.9111
v 8.3342 5.5899 16.9069
v 4.1675 5.5899 17.2587
v 4.1675 5.5899 17.2587
v 8.3342 5.5899 16.9069
v 8.3333 5.5857 16.8968
v 4.1667 5.5857 17.2486
v 4.1667 5.5857 17.2486
v 8.3333 5.5857 16.8968
v 8.3325 5.5899 16.8868
v 4.1658 5.5899 17.2385
v 4.1658 5.5899 17.2385
v 8.3325 5.5899 16.8868
v 8.3322 5.6000 16.8826
v 4.1654 5.6000 17.2343
v 4.1654 5.6000 17.2343
v 8.3322 5.6000 16.8826
v 8.3325 5.6101 16.8868
v 4.1658 5.6101 17.2385
v 4.1658 5.6101 17.2385
v 8.3325 5.6101 16.8868
v 8.3333 5.6143 16.8968
v 4.1667 5.6143 17.2486
v 8.3333 5.6143 16.8968
v 12.5000 5.6143 16.5608
v 12.5008 5.6101 16.5708
v 8.3342 5.6101 16.9069
v 8.3342 5.6101 16.9069
v 12.5008 5.6101 16.5708
v 12.5011 5.6000 16.5750
v 8.3345 5.6000 16.9111
v 8.3345 5.6000 16.9111
v 12.5011 5.6000 16.5750
v 12.5008 5.5899 16.5708
v 8.3342 5.5899 16.9069
v 8.3342 5.5899 16.9069
v 12.5008 5.5899 16.5708
v 12.5000 5.5857 16.5608
v 8.3333 5.5857 16.8968
v 8.3333 5.5857 16.8968
v 12.5000 5.5857 16.5608
v 12.4992 5.5899 16.5507
v 8.3325 5.5899 16.8868
v 8.3325 5.5899 16.8868
v 12.4992 5.5899 16.5507
v 12.4989 5.6000 16.5465
v 8.3322 5.6000 16.8826
v 8.3322 5.6000 16.8826
v 12.4989 5.6000 16.5465
v 12.4992 5.6101 16.5507
v 8.3325 5.6101 16.8868
v 8.3325 5.6101 16.8868
v 12.4992 5.6101 16.5507
v 12.5000 5.6143 16.5608
v 8.3333 5.6143 16.8968
v 12.5000 5.6143 16.5608
v 16.6667 5.6143 16.2404
v 16.6674 5.6101 16.2504
v 12.5008 5.6101 16.5708
v 12.5008 5.6101 16.5708
v 16.6674 5.6101 16.2504
v 16.6677 5.6000 16.2546
v 12.5011 5.6000 16.5750
v 12.5011 5.6000 16.5750
v 16.6677 5.6000 16.2546
v 16.6674 5.5899 16.2504
v 12.5008 5.5899 16.5708
v 12.5008 5.5899 16.5708
v 16.6674 5.5899 16.2504
v 16.6667 5.5857 16.2404
v 12.5000 5.5857 16.5608
v 12.5000 5.5857 16.5608
v 16.6667 5.5857 16.2404
v 16.6659 5.5899 16.2303
v 12.4992 5.5899 16.5507
v 12.4992 5.5899 16.5507
v 16.6659 5.5899 16.2303
v 16.6656 5.6000 16.2261
v 12.4989 5.6000 16.5465
v 12.4989 5.6000 16.5465
v 16.6656 5.6000 16.2261
v 16.6659 5.6101 16.2303
v 12.4992 5.6101 16.5507
v 12.4992 5.6101 16.5507
v 16.6659 5.6101 16.2303
v 16.6667 5.6143 16.2404
v 12.5000 5.6143 16.5608
v 16.6667 5.6143 16.2404
v 20.8333 5.6143 15.9356
v 20.8341 5.6101 15.9457
v 16.6674 5.6101 16.2504
v 16.6674 5.6101 16.2504
v 20.8341 5.6101 15.9457
v 20.8343 5.6000 15.9499
v 16.6677 5.6000 16.2546
v 16.6677 5.6000 16.2546
v 20.8343 5.6000 15.9499
v 20.8341 5.5899 15.9457
v 16.6674 5.5899 16.2504
v 16.6674 5.5899 16.2504
v 20.8341 5.5899 15.9457
v 20.8333 5.5857 15.9356
v 16.6667 5.5857 16.2404
v 16.6667 5.5857 16.2404
v 20.8333 5.5857 15.9356
v 20.8326 5.5899 15.9255
v 16.6659 5.5899 16.2303
v 16.6659 5.5899 16.2303
v 20.8326 5.5899 15.9255
v 20.8323 5.6000 15.9213
v 16.6656 5.6000 16.2261
v 16.6656 5.6000 16.2261
v 20.8323 5.6000 15.9213
v 20.8326 5.6101 15.9255
v 16.6659 5.6101 16.2303
v 16.6659 5.6101 16.2303
v 20.8326 5.6101 15.9255
v 20.8333 5.6143 15.9356
v 16.6667 5.6143 16.2404
v 20.8333 5.6143 15.9356
v 25.0000 5.6143 15.6465
v 25.0007 5.6101 15.6566
v 20.8341 5.6101 15.9457
v 20.8341 5.6101 15.9457
v 25.0007 5.6101 15.6566
v 25.0010 5.6000 15.6608
v 20.8343 5.6000 15.9499
v 20.8343 5.6000 15.9499
v 25.0010 5.6000 15.6608
v 25.0007 5.5899 15.6566
v 20.8341 5.5899 15.9457
v 20.8341 5.5899 15.9457
v 25.0007 5.5899 15.6566
v 25.0000 5.5857 15.6465
v 20.8333 5.5857 15.9356
v 20.8333 5.5857 15.9356
v 25.0000 5.5857 15.6465
v 24.9993 5.5899 15.6364
v 20.8326 5.5899 15.9255
v 20.8326 5.5899 15.9255
v 24.9993 5.5899 15.6364
v 24.9990 5.6000 15.6322
v 20.8323 5.6000 15.9213
v 20.8323 5.6000 15.9213
v 24.9990 5.6000 15.6322
v 24.9993 5.6101 15.6364
v 20.8326 5.6101 15.9255
v 20.8326 5.6101 15.9255
v 24.9993 5.6101 15.6364
v 25.0000 5.6143 15.6465
v 20.8333 5.6143 15.9356
v 25.0000 5.6143 15.6465
v 29.1667 5.6143 15.3731
v 29.1673 5.6101 15.3831
v 25.0007 5.6101 15.6566
v 25.0007 5.6101 15.6566
v 29.1673 5.6101 15.3831
v 29.1676 5.6000 15.3873
v 25.0010 5.6000 15.6608
v 25.0010 5.6000 15.6608
v 29.1676 5.6000 15.3873
v 29.1673 5.5899 15.3831
v 25.0007 5.5899 15.6566
v 25.0007 5.5899 15.6566
v 29.1673 5.5899 15.3831
v 29.1667 5.5857 15.3731
v 25.0000 5.5857 15.6465
v 25.0000 5.5857 15.6465
v 29.1667 5.5857 15.3731
v 29.1660 5.5899 15.3630
v 24.9993 5.5899 15.6364
v 24.9993 5.5899 15.6364
v 29.1660 5.5899 15.3630
v 29.1658 5.6000 15.3588
v 24.9990 5.6000 15.6322
v 24.9990 5.6000 15.6322
v 29.1658 5.6000 15.3588
v 29.1660 5.6101 15.3630
v 24.9993 5.6101 15.6364
v 24.9993 5.6101 15.6364
v 29.1660 5.6101 15.3630
v 29.1667 5.6143 15.3731
v 25.0000 5.6143 15.6465
v 29.1667 5.6143 15.3731
v 33.3333 5.6143 15.1153
v 33.3339 5.6101 15.1253
v 29.1673 5.6101 15.3831
v 29.1673 5.6101 15.3831
v 33.3339 5.6101 15.1253
v 33.3342 5.6000 15.1295
v 29.1676 5.6000 15.3873
v 29.1676 5.6000 15.3873
v 33.3342 5.6000 15.1295
v 33.3339 5.5899 15.1253
v 29.1673 5.5899 15.3831
v 29.1673 5.5899 15.3831
v 33.3339 5.5899 15.1253
v 33.3333 5.5857 15.1153
v 29.1667 5.5857 15.3731
v 29.1667 5.5857 15.3731
v 33.3333 5.5857 15.1153
v 33.3327 5.5899 15.1052
v 29.1660 5.5899 15.3630
v 29.1660 5.5899 15.3630
v 33.3327 5.5899 15.1052
v 33.3325 5.6000 15.1010
v 29.1658 5.6000 15.3588
v 29.1658 5.6000 15.3588
v 33.3325 5.6000 15.1010
v 33.3327 5.6101 15.1052
v 29.1660 5.6101 15.3630
v 29.1660 5.6101 15.3630
v 33.3327 5.6101 15.1052
v 33.3333 5.6143 15.1153
v 29.1667 5.6143 15.3731
v 33.3333 5.6143 15.1153
v 37.5000 5.6143 14.8731
v 37.5006 5.6101 14.8832
v 33.3339 5.6101 15.1253
v 33.3339 5.6101 15.1253
v 37.5006 5.6101 14.8832
v 37.5008 5.6000 14.8874
v 33.3342 5.6000 15.1295
v 33.3342 5.6000 15.1295
v 37.5008 5.6000 14.8874
v 37.5006 5.5899 14.8832
v 33.3339 5.5899 15.1253
v 33.3339 5.5899 15.1253
v 37.5006 5.5899 14.8832
v 37.5000 5.5857 14.8731
v 33.3333 5.5857 15.1153
v 33.3333 5.5857 15.1153
v 37.5000 5.5857 14.8731
v 37.4994 5.5899 14.8630
v 33.3327 5.5899 15.1052
v 33.3327 5.5899 15.1052
v 37.4994 5.5899 14.8630
v 37.4992 5.6000 14.8588
v 33.3325 5.6000 15.1010
v 33.3325 5.6000 15.1010
v 37.4992 5.6000 14.8588
v 37.4994 5.6101 14.8630
v 33.3327 5.6101 15.1052
v 33.3327 5.6101 15.1052
v 37.4994 5.6101 14.8630
v 37.5000 5.6143 14.8731
v 33.3333 5.6143 15.1153
v 37.5000 5.6143 14.8731
v 41.6667 5.6143 14.6466
v 41.6672 5.6101 14.6567
v 37.5006 5.6101 14.8832
v 37.5006 5.6101 14.8832
v 41.6672 5.6101 14.6567
v 41.6674 5.6000 14.6608
v 37.5008 5.6000 14.8874
v 37.5008 5.6000 14.8874
v 41.6674 5.6000 14.6608
v 41.6672 5.5899 14.6567
v 37.5006 5.5899 14.8832
v 37.5006 5.5899 14.8832
v 41.6672 5.5899 14.6567
v 41.6667 5.5857 14.6466
v 37.5000 5.5857 14.8731
v 37.5000 5.5857 14.8731
v 41.6667 5.5857 14.6466
v 41.6661 5.5899 14.6365
v 37.4994 5.5899 14.8630
v 37.4994 5.5899 14.8630
v 41.6661 5.5899 14.6365
v 41.6659 5.6000 14.6323
v 37.4992 5.6000 14.8588
v 37.4992 5.6000 14.8588
v 41.6659 5.6000 14.6323
v 41.6661 5.6101 14.6365
v 37.4994 5.6101 14.8630
v 37.4994 5.6101 14.8630
v 41.6661 5.6101 14.6365
v 41.6667 5.6143 14.6466
v 37.5000 5.6143 14.8731
v 41.6667 5.6143 14.6466
v 45.8333 5.6143 14.4357
v 45.8338 5.6101 14.4458
v 41.6672 5.6101 14.6567
v 41.6672 5.6101 14.6567
v 45.8338 5.6101 14.4458
v 45.8340 5.6000 14.4500
v 41.6674 5.6000 14.6608
v 41.6674 5.6000 14.6608
v 45.8340 5.6000 14.4500
v 45.8338 5.5899 14.4458
v 41.6672 5.5899 14.6567
v 41.6672 5.5899 14.6567
v 45.8338 5.5899 14.4458
v 45.8333 5.5857 14.4357
v 41.6667 5.5857 14.6466
v 41.6667 5.5857 14.6466
v 45.8333 5.5857 14.4357
v 45.8328 5.5899 14.4256
v 41.6661 5.5899 14.6365
v 41.6661 5.5899 14.6365
v 45.8328 5.5899 14.4256
v 45.8326 5.6000 14.4214
v 41.6659 5.6000 14.6323
v 41.6659 5.6000 14.6323
v 45.8326 5.6000 14.4214
v 45.8328 5.6101 14.4256
v 41.6661 5.6101 14.6365
v 41.6661 5.6101 14.6365
v 45.8328 5.6101 14.4256
v 45.8333 5.6143 14.4357
v 41.6667 5.6143 14.6466
v 45.8333 5.6143 14.4357
v 50.0000 5.6143 14.2404
v 50.0005 5.6101 14.2505
v 45.8338 5.6101 14.4458
v 45.8338 5.6101 14.4458
v 50.0005 5.6101 14.2505
v 50.0006 5.6000 14.2547
v 45.8340 5.6000 14.4500
v 45.8340 5.6000 14.4500
v 50.0006 5.6000 14.2547
v 50.0005 5.5899 14.2505
v 45.8338 5.5899 14.4458
v 45.8338 5.5899 14.4458
v 50.0005 5.5899 14.2505
v 50.0000 5.5857 14.2404
v 45.8333 5.5857 14.4357
v 45.8333 5.5857 14.4357
v 50.0000 5.5857 14.2404
v 49.9995 5.5899 14.2303
v 45.8328 5.5899 14.4256
v 45.8328 5.5899 14.4256
v 49.9995 5.5899 14.2303
v 49.9994 5.6000 14.2261
v 45.8326 5.6000 14.4214
v 45.8326 5.6000 14.4214
v 49.9994 5.6000 14.2261
v 49.9995 5.6101 14.2303
v 45.8328 5.6101 14.4256
v 45.8328 5.6101 14.4256
v 49.9995 5.6101 14.2303
v 50.0000 5.6143 14.2404
v 45.8333 5.6143 14.4357
v 50.0000 5.6143 14.2404
v 54.1667 5.6143 14.0608
v 54.1671 5.6101 14.0709
v 50.0005 5.6101 14.2505
v 50.0005 5.6101 14.2505
v 54.1671 5.6101 14.0709
v 54.1673 5.6000 14.0751
v 50.0006 5.6000 14.2547
v 50.0006 5.6000 14.2547
v 54.1673 5.6000 14.0751
v 54.1671 5.5899 14.0709
v 50.0005 5.5899 14.2505
v 50.0005 5.5899 14.2505
v 54.1671 5.5899 14.0709
v 54.1667 5.5857 14.0608
v 50.0000 5.5857 14.2404
v 50.0000 5.5857 14.2404
v 54.1667 5.5857 14.0608
v 54.1663 5.5899 14.0507
v 49.9995 5.5899 14.2303
v 49.9995 5.5899 14.2303
v 54.1663 5.5899 14.0507
v 54.1661 5.6000 14.0465
v 49.9994 5.6000 14.2261
v 49.9994 5.6000 14.2261
v 54.1661 5.6000 14.0465
v 54.1663 5.6101 14.0507
v 49.9995 5.6101 14.2303
v 49.9995 5.6101 14.2303
v 54.1663 5.6101 14.0507
v 54.1667 5.6143 14.0608
v 50.0000 5.6143 14.2404
v 54.1667 5.6143 14.0608
v 58.3333 5.6143 13.8968
v 58.3337 5.6101 13.9069
v 54.1671 5.6101 14.0709
v 54.1671 5.6101 14.0709
v 58.3337 5.6101 13.9069
v 58.3339 5.6000 13.9111
v 54.1673 5.6000 14.0751
v 54.1673 5.6000 14.0751
v 58.3339 5.6000 13.9111
v 58.3337 5.5899 13.9069
v 54.1671 5.5899 14.0709
v 54.1671 5.5899 14.0709
v 58.3337 5.5899 13.9069
v 58.3333 5.5857 13.8968
v 54.1667 5.5857 14.0608
v 54.1667 5.5857 14.0608
v 58.3333 5.5857 13.8968
v 58.3330 5.5899 13.8867
v 54.1663 5.5899 14.0507
v 54.1663 5.5899 14.0507
v 58.3330 5.5899 13.8867
v 58.3328 5.6000 13.8825
v 54.1661 5.6000 14.0465
v 54.1661 5.6000 14.0465
v 58.3328 5.6000 13.8825
v 58.3330 5.6101 13.8867
v 54.1663 5.6101 14.0507
v 54.1663 5.6101 14.0507
v 58.3330 5.6101 13.8867
v 58.3333 5.6143 13.8968
v 54.1667 5.6143 14.0608
v 58.3333 5.6143 13.8968
v 62.5000 5.6143 13.7484
v 62.5003 5.6101 13.7586
v 58.3337 5.6101 13.9069
v 58.3337 5.6101 13.9069
v 62.5003 5.6101 13.7586
v 62.5005 5.6000 13.7627
v 58.3339 5.6000 13.9111
v 58.3339 5.6000 13.9111
v 62.5005 5.6000 13.7627
v 62.5003 5.5899 13.7586
v 58.3337 5.5899 13.9069
v 58.3337 5.5899 13.9069
v 62.5003 5.5899 13.7586
v 62.5000 5.5857 13.7484
v 58.3333 5.5857 13.8968
v 58.3333 5.5857 13.8968
v 62.5000 5.5857 13.7484
v 62.4997 5.5899 13.7383
v 58.3330 5.5899 13.8867
v 58.3330 5.5899 13.8867
v 62.4997 5.5899 13.7383
v 62.4995 5.6000 13.7342
v 58.3328 5.6000 13.8825
v 58.3328 5.6000 13.8825
v 62.4995 5.6000 13.7342
v 62.4997 5.6101 13.7383
v 58.3330 5.6101 13.8867
v 58.3330 5.6101 13.8867
v 62.4997 5.6101 13.7383
v 62.5000 5.6143 13.7484
v 58.3333 5.6143 13.8968
v 62.5000 5.6143 13.7484
v 66.6667 5.6143 13.6157
v 66.6670 5.6101 13.6258
v 62.5003 5.6101 13.7586
v 62.5003 5.6101 13.7586
v 66.6670 5.6101 13.6258
v 66.6671 5.6000 13.6300
v 62.5005 5.6000 13.7627
v 62.5005 5.6000 13.7627
v 66.6671 5.6000 13.6300
v 66.6670 5.5899 13.6258
v 62.5003 5.5899 13.7586
v 62.5003 5.5899 13.7586
v 66.6670 5.5899 13.6258
v 66.6667 5.5857 13.6157
v 62.5000 5.5857 13.7484
v 62.5000 5.5857 13.7484
v 66.6667 5.5857 13.6157
v 66.6664 5.5899 13.6056
v 62.4997 5.5899 13.7383
v 62.4997 5.5899 13.7383
v 66.6664 5.5899 13.6056
v 66.6662 5.6000 13.6014
v 62.4995 5.6000 13.7342
v 62.4995 5.6000 13.7342
v 66.6662 5.6000 13.6014
v 66.6664 5.6101 13.6056
v 62.4997 5.6101 13.7383
v 62.4997 5.6101 13.7383
v 66.6664 5.6101 13.6056
v 66.6667 5.6143 13.6157
v 62.5000 5.6143 13.7484
v 66.6667 5.6143 13.6157
v 70.8333 5.6143 13.4986
v 70.8336 5.6101 13.5087
v 66.6670 5.6101 13.6258
v 66.6670 5.6101 13.6258
v 70.8336 5.6101 13.5087
v 70.8337 5.6000 13.5129
v 66.6671 5.6000 13.6300
v 66.6671 5.6000 13.6300
v 70.8337 5.6000 13.5129
v 70.8336 5.5899 13.5087
v 66.6670 5.5899 13.6258
v 66.6670 5.5899 13.6258
v 70.8336 5.5899 13.5087
v 70.8333 5.5857 13.4986
v 66.6667 5.5857 13.6157
v 66.6667 5.5857 13.6157
v 70.8333 5.5857 13.4986
v 70.8331 5.5899 13.4885
v 66.6664 5.5899 13.6056
v 66.6664 5.5899 13.6056
v 70.8331 5.5899 13.4885
v 70.8330 5.6000 13.4843
v 66.6662 5.6000 13.6014
v 66.6662 5.6000 13.6014
v 70.8330 5.6000 13.4843
v 70.8331 5.6101 13.4885
v 66.6664 5.6101 13.6056
v 66.6664 5.6101 13.6056
v 70.8331 5.6101 13.4885
v 70.8333 5.6143 13.4986
v 66.6667 5.6143 13.6157
v 70.8333 5.6143 13.4986
v 75.0000 5.6143 13.3971
v 75.0002 5.6101 13.4072
v 70.8336 5.6101 13.5087
v 70.8336 5.6101 13.5087
v 75.0002 5.6101 13.4072
v 75.0003 5.6000 13.4114
v 70.8337 5.6000 13.5129
v 70.8337 5.6000 13.5129
v 75.0003 5.6000 13.4114
v 75.0002 5.5899 13.4072
v 70.8336 5.5899 13.5087
v 70.8336 5.5899 13.5087
v 75.0002 5.5899 13.4072
v 75.0000 5.5857 13.3971
v 70.8333 5.5857 13.4986
v 70.8333 5.5857 13.4986
v 75.0000 5.5857 13.3971
v 74.9998 5.5899 13.3870
v 70.8331 5.5899 13.4885
v 70.8331 5.5899 13.4885
v 74.9998 5.5899 13.3870
v 74.9997 5.6000 13.3828
v 70.8330 5.6000 13.4843
v 70.8330 5.6000 13.4843
v 74.9997 5.6000 13.3828
v 74.9998 5.6101 13.3870
v 70.8331 5.6101 13.4885
v 70.8331 5.6101 13.4885
v 74.9998 5.6101 13.3870
v 75.0000 5.6143 13.3971
v 70.8333 5.6143 13.4986
v 75.0000 5.6143 13.3971
v 79.1667 5.6143 13.3112
v 79.1669 5.6101 13.3213
v 75.0002 5.6101 13.4072
v 75.0002 5.6101 13.4072
v 79.1669 5.6101 13.3213
v 79.1669 5.6000 13.3255
v 75.0003 5.6000 13.4114
v 75.0003 5.6000 13.4114
v 79.1669 5.6000 13.3255
v 79.1669 5.5899 13.3213
v 75.0002 5.5899 13.4072
v 75.0002 5.5899 13.4072
v 79.1669 5.5899 13.3213
v 79.1667 5.5857 13.3112
v 75.0000 5.5857 13.3971
v 75.0000 5.5857 13.3971
v 79.1667 5.5857 13.3112
v 79.1665 5.5899 13.3011
v 74.9998 5.5899 13.3870
v 74.9998 5.5899 13.3870
v 79.1665 5.5899 13.3011
v 79.1664 5.6000 13.2969
v 74.9997 5.6000 13.3828
v 74.9997 5.6000 13.3828
v 79.1664 5.6000 13.2969
v 79.1665 5.6101 13.3011
v 74.9998 5.6101 13.3870
v 74.9998 5.6101 13.3870
v 79.1665 5.6101 13.3011
v 79.1667 5.6143 13.3112
v 75.0000 5.6143 13.3971
v 79.1667 5.6143 13.3112
v 83.3333 5.6143 13.2409
v 83.3335 5.6101 13.2510
v 79.1669 5.6101 13.3213
v 79.1669 5.6101 13.3213
v 83.3335 5.6101 13.2510
v 83.3335 5.6000 13.2552
v 79.1669 5.6000 13.3255
v 79.1669 5.6000 13.3255
v 83.3335 5.6000 13.2552
v 83.3335 5.5899 13.2510
v 79.1669 5.5899 13.3213
v 79.1669 5.5899 13.3213
v 83.3335 5.5899 13.2510
v 83.3333 5.5857 13.2409
v 79.1667 5.5857 13.3112
v 79.1667 5.5857 13.3112
v 83.3333 5.5857 13.2409
v 83.3332 5.5899 13.2308
v 79.1665 5.5899 13.3011
v 79.1665 5.5899 13.3011
v 83.3332 5.5899 13.2308
v 83.3331 5.6000 13.2266
v 79.1664 5.6000 13.2969
v 79.1664 5.6000 13.2969
v 83.3331 5.6000 13.2266
v 83.3332 5.6101 13.2308
v 79.1665 5.6101 13.3011
v 79.1665 5.6101 13.3011
v 83.3332 5.6101 13.2308
v 83.3333 5.6143 13.2409
v 79.1667 5.6143 13.3112
v 83.3333 5.6143 13.2409
v 87.5000 5.6143 13.1863
v 87.5001 5.6101 13.1964
v 83.3335 5.6101 13.2510
v 83.3335 5.6101 13.2510
v 87.5001 5.6101 13.1964
v 87.5002 5.6000 13.2006
v 83.3335 5.6000 13.2552
v 83.3335 5.6000 13.2552
v 87.5002 5.6000 13.2006
v 87.5001 5.5899 13.1964
v 83.3335 5.5899 13.2510
v 83.3335 5.5899 13.2510
v 87.5001 5.5899 13.1964
v 87.5000 5.5857 13.1863
v 83.3333 5.5857 13.2409
v 83.3333 5.5857 13.2409
v 87.5000 5.5857 13.1863
v 87.4999 5.5899 13.1762
v 83.3332 5.5899 13.2308
v 83.3332 5.5899 13.2308
v 87.4999 5.5899 13.1762
v 87.4998 5.6000 13.1720
v 83.3331 5.6000 13.2266
v 83.3331 5.6000 13.2266
v 87.4998 5.6000 13.1720
v 87.4999 5.6101 13.1762
v 83.3332 5.6101 13.2308
v 83.3332 5.6101 13.2308
v 87.4999 5.6101 13.1762
v 87.5000 5.6143 13.1863
v 83.3333 5.6143 13.2409
v 87.5000 5.6143 13.1863
v 91.6667 5.6143 13.1472
v 91.6667 5.6101 13.1573
v 87.5001 5.6101 13.1964
v 87.5001 5.6101 13.1964
v 91.6667 5.6101 13.1573
v 91.6668 5.6000 13.1615
v 87.5002 5.6000 13.2006
v 87.5002 5.6000 13.2006
v 91.6668 5.6000 13.1615
v 91.6667 5.5899 13.1573
v 87.5001 5.5899 13.1964
v 87.5001 5.5899 13.1964
v 91.6667 5.5899 13.1573
v 91.6667 5.5857 13.1472
v 87.5000 5.5857 13.1863
v 87.5000 5.5857 13.1863
v 91.6667 5.5857 13.1472
v 91.6666 5.5899 13.1371
v 87.4999 5.5899 13.1762
v 87.4999 5.5899 13.1762
v 91.6666 5.5899 13.1371
v 91.6666 5.6000 13.1329
v 87.4998 5.6000 13.1720
v 87.4998 5.6000 13.1720
v 91.6666 5.6000 13.1329
v 91.6666 5.6101 13.1371
v 87.4999 5.6101 13.1762
v 87.4999 5.6101 13.1762
v 91.6666 5.6101 13.1371
v 91.6667 5.6143 13.1472
v 87.5000 5.6143 13.1863
v 91.6667 5.6143 13.1472
v 95.8333 5.6143 13.1238
v 95.8334 5.6101 13.1339
v 91.6667 5.6101 13.1573
v 91.6667 5.6101 13.1573
v 95.8334 5.6101 13.1339
v 95.8334 5.6000 13.1381
v 91.6668 5.6000 13.1615
v 91.6668 5.6000 13.1615
v 95.8334 5.6000 13.1381
v 95.8334 5.5899 13.1339
v 91.6667 5.5899 13.1573
v 91.6667 5.5899 13.1573
v 95.8334 5.5899 13.1339
v 95.8333 5.5857 13.1238
v 91.6667 5.5857 13.1472
v 91.6667 5.5857 13.1472
v 95.8333 5.5857 13.1238
v 95.8333 5.5899 13.1137
v 91.6666 5.5899 13.1371
v 91.6666 5.5899 13.1371
v 95.8333 5.5899 13.1137
v 95.8333 5.6000 13.1095
v 91.6666 5.6000 13.1329
v 91.6666 5.6000 13.1329
v 95.8333 5.6000 13.1095
v 95.8333 5.6101 13.1137
v 91.6666 5.6101 13.1371
v 91.6666 5.6101 13.1371
v 95.8333 5.6101 13.1137
v 95.8333 5.6143 13.1238
v 91.6667 5.6143 13.1472
v 95.8333 5.6143 13.1238
v 100.0000 5.6143 13.1160
v 100.0000 5.6101 13.1261
v 95.8334 5.6101 13.1339
v 95.8334 5.6101 13.1339
v 100.0000 5.6101 13.1261
v 100.0000 5.6000 13.1303
v 95.8334 5.6000 13.1381
v 95.8334 5.6000 13.1381
v 100.0000 5.6000 13.1303
v 100.0000 5.5899 13.1261
v 95.8334 5.5899 13.1339
v 95.8334 5.5899 13.1339
v 100.0000 5.5899 13.1261
v 100.0000 5.5857 13.1160
v 95.8333 5.5857 13.1238
v 95.8333 5.5857 13.1238
v 100.0000 5.5857 13.1160
v 100.0000 5.5899 13.1059
v 95.8333 5.5899 13.1137
v 95.8333 5.5899 13.1137
v 100.0000 5.5899 13.1059
v 100.0000 5.6000 13.1017
v 95.8333 5.6000 13.1095
v 95.8333 5.6000 13.1095
v 100.0000 5.6000 13.1017
v 100.0000 5.6101 13.1059
v 95.8333 5.6101 13.1137
v 95.8333 5.6101 13.1137
v 100.0000 5.6101 13.1059
v 100.0000 5.6143 13.1160
v 95.8333 5.6143 13.1238
v 100.0000 5.6143 13.1160
v 104.1667 5.6143 13.1238
v 104.1666 5.6101 13.1339
v 100.0000 5.6101 13.1261
v 100.0000 5.6101 13.1261
v 104.1666 5.6101 13.1339
v 104.1666 5.6000 13.1381
v 100.0000 5.6000 13.1303
v 100.0000 5.6000 13.1303
v 104.1666 5.6000 13.1381
v 104.1666 5.5899 13.1339
v 100.0000 5.5899 13.1261
v 100.0000 5.5899 13.1261
v 104.1666 5.5899 13.1339
v 104.1667 5.5857 13.1238
v 100.0000 5.5857 13.1160
v 100.0000 5.5857 13.1160
v 104.1667 5.5857 13.1238
v 104.1667 5.5899 13.1137
v 100.0000 5.5899 13.1059
v 100.0000 5.5899 13.1059
v 104.1667 5.5899 13.1137
v 104.1667 5.6000 13.1095
v 100.0000 5.6000 13.1017
v 100.0000 5.6000 13.1017
v 104.1667 5.6000 13.1095
v 104.1667 5.6101 13.1137
v 100.0000 5.6101 13.1059
v 100.0000 5.6101 13.1059
v 104.1667 5.6101 13.1137
v 104.1667 5.6143 13.1238
v 100.0000 5.6143 13.1160
v 104.1667 5.6143 13.1238
v 108.3333 5.6143 13.1472
v 108.3333 5.6101 13.1573
v 104.1666 5.6101 13.1339
v 104.1666 5.6101 13.1339
v 108.3333 5.6101 13.1573
v 108.3332 5.6000 13.1615
v 104.1666 5.6000 13.1381
v 104.1666 5.6000 13.1381
v 108.3332 5.6000 13.1615
v 108.3333 5.5899 13.1573
v 104.1666 5.5899 13.1339
v 104.1666 5.5899 13.1339
v 108.3333 5.5899 13.1573
v 108.3333 5.5857 13.1472
v 104.1667 5.5857 13.1238
v 104.1667 5.5857 13.1238
v 108.3333 5.5857 13.1472
v 108.3334 5.5899 13.1371
v 104.1667 5.5899 13.1137
v 104.1667 5.5899 13.1137
v 108.3334 5.5899 13.1371
v 108.3334 5.6000 13.1329
v 104.1667 5.6000 13.1095
v 104.1667 5.6000 13.1095
v 108.3334 5.6000 13.1329
v 108.3334 5.6101 13.1371
v 104.1667 5.6101 13.1137
v 104.1667 5.6101 13.1137
v 108.3334 5.6101 13.1371
v 108.3333 5.6143 13.1472
v 104.1667 5.6143 13.1238
v 108.3333 5.6143 13.1472
v 112.5000 5.6143 13.1863
v 112.4999 5.6101 13.1964
v 108.3333 5.6101 13.1573
v 108.3333 5.6101 13.1573
v 112.4999 5.6101 13.1964
v 112.4998 5.6000 13.2006
v 108.3332 5.6000 13.1615
v 108.3332 5.6000 13.1615
v 112.4998 5.6000 13.2006
v 112.4999 5.5899 13.1964
v 108.3333 5.5899 13.1573
v 108.3333 5.5899 13.1573
v 112.4999 5.5899 13.1964
v 112.5000 5.5857 13.1863
v 108.3333 5.5857 13.1472
v 108.3333 5.5857 13.1472
v 112.5000 5.5857 13.1863
v 112.5001 5.5899 13.1762
v 108.3334 5.5899 13.1371
v 108.3334 5.5899 13.1371
v 112.5001 5.5899 13.1762
v 112.5002 5.6000 13.1720
v 108.3334 5.6000 13.1329
v 108.3334 5.6000 13.1329
v 112.5002 5.6000 13.1720
v 112.5001 5.6101 13.1762
v 108.3334 5.6101 13.1371
v 108.3334 5.6101 13.1371
v 112.5001 5.6101 13.1762
v 112.5000 5.6143 13.1863
v 108.3333 5.6143 13.1472
v 112.5000 5.6143 13.1863
v 116.6667 5.6143 13.2409
v 116.6665 5.6101 13.2510
v 112.4999 5.6101 13.1964
v 112.4999 5.6101 13.1964
v 116.6665 5.6101 13.2510
v 116.6665 5.6000 13.2552
v 112.4998 5.6000 13.2006
v 112.4998 5.6000 13.2006
v 116.6665 5.6000 13.2552
v 116.6665 5.5899 13.2510
v 112.4999 5.5899 13.1964
v 112.4999 5.5899 13.1964
v 116.6665 5.5899 13.2510
v 116.6667 5.5857 13.2409
v 112.5000 5.5857 13.1863
v 112.5000 5.5857 13.1863
v 116.6667 5.5857 13.2409
v 116.6668 5.5899 13.2308
v 112.5001 5.5899 13.1762
v 112.5001 5.5899 13.1762
v 116.6668 5.5899 13.2308
v 116.6669 5.6000 13.2266
v 112.5002 5.6000 13.1720
v 112.5002 5.6000 13.1720
v 116.6669 5.6000 13.2266
v 116.6668 5.6101 13.2308
v 112.5001 5.6101 13.1762
v 112.5001 5.6101 13.1762
v 116.6668 5.6101 13.2308
v 116.6667 5.6143 13.2409
v 112.5000 5.6143 13.1863
v 116.6667 5.6143 13.2409
v 120.8333 5.6143 13.3112
v 120.8331 5.6101 13.3213
v 116.6665 5.6101 13.2510
v 116.6665 5.6101 13.2510
v 120.8331 5.6101 13.3213
v 120.8331 5.6000 13.3255
v 116.6665 5.6000 13.2552
v 116.6665 5.6000 13.2552
v 120.8331 5.6000 13.3255
v 120.8331 5.5899 13.3213
v 116.6665 5.5899 13.2510
v 116.6665 5.5899 13.2510
v 120.8331 5.5899 13.3213
v 120.8333 5.5857 13.3112
v 116.6667 5.5857 13.2409
v 116.6667 5.5857 13.2409
v 120.8333 5.5857 13.3112
v 120.8335 5.5899 13.3011
v 116.6668 5.5899 13.2308
v 116.6668 5.5899 13.2308
v 120.8335 5.5899 13.3011
v 120.8336 5.6000 13.2969
v 116.6669 5.6000 13.2266
v 116.6669 5.6000 13.2266
v 120.8336 5.6000 13.2969
v 120.8335 5.6101 13.3011
v 116.6668 5.6101 13.2308
v 116.6668 5.6101 13.2308
v 120.8335 5.6101 13.3011
v 120.8333 5.6143 13.3112
v 116.6667 5.6143 13.2409
v 120.8333 5.6143 13.3112
v 125.0000 5.6143 13.3971
v 124.9998 5.6101 13.4072
v 120.8331 5.6101 13.3213
v 120.8331 5.6101 13.3213
v 124.9998 5.6101 13.4072
v 124.9997 5.6000 13.4114
v 120.8331 5.6000 13.3255
v 120.8331 5.6000 13.3255
v 124.9997 5.6000 13.4114
v 124.9998 5.5899 13.4072
v 120.8331 5.5899 13.3213
v 120.8331 5.5899 13.3213
v 124.9998 5.5899 13.4072
v 125.0000 5.5857 13.3971
v 120.8333 5.5857 13.3112
v 120.8333 5.5857 13.3112
v 125.0000 5.5857 13.3971
v 125.0002 5.5899 13.3870
v 120.8335 5.5899 13.3011
v 120.8335 5.5899 13.3011
v 125.0002 5.5899 13.3870
v 125.0003 5.6000 13.3828
v 120.8336 5.6000 13.2969
v 120.8336 5.6000 13.2969
v 125.0003 5.6000 13.3828
v 125.0002 5.6101 13.3870
v 120.8335 5.6101 13.3011
v 120.8335 5.6101 13.3011
v 125.0002 5.6101 13.3870
v 125.0000 5.6143 13.3971
v 120.8333 5.6143 13.3112
v 125.0000 5.6143 13.3971
v 129.1667 5.6143 13.4986
v 129.1664 5.6101 13.5087
v 124.9998 5.6101 13.4072
v 124.9998 5.6101 13.4072
v 129.1664 5.6101 13.5087
v 129.1663 5.6000 13.5129
v 124.9997 5.6000 13.4114
v 124.9997 5.6000 13.4114
v 129.1663 5.6000 13.5129
v 129.1664 5.5899 13.5087
v 124.9998 5.5899 13.4072
v 124.9998 5.5899 13.4072
v 129.1664 5.5899 13.5087
v 129.1667 5.5857 13.4986
v 125.0000 5.5857 13.3971
v 125.0000 5.5857 13.3971
v 129.1667 5.5857 13.4986
v 129.1669 5.5899 13.4885
v 125.0002 5.5899 13.3870
v 125.0002 5.5899 13.3870
v 129.1669 5.5899 13.4885
v 129.1670 5.6000 13.4843
v 125.0003 5.6000 13.3828
v 125.0003 5.6000 13.3828
v 129.1670 5.6000 13.4843
v 129.1669 5.6101 13.4885
v 125.0002 5.6101 13.3870
v 125.0002 5.6101 13.3870
v 129.1669 5.6101 13.4885
v 129.1667 5.6143 13.4986
v 125.0000 5.6143 13.3971
v 129.1667 5.6143 13.4986
v 133.3333 5.6143 13.6157
v 133.3330 5.6101 13.6258
v 129.1664 5.6101 13.5087
v 129.1664 5.6101 13.5087
v 133.3330 5.6101 13.6258
v 133.3329 5.6000 13.6300
v 129.1663 5.6000 13.5129
v 129.1663 5.6000 13.5129
v 133.3329 5.6000 13.6300
v 133.3330 5.5899 13.6258
v 129.1664 5.5899 13.5087
v 129.1664 5.5899 13.5087
v 133.3330 5.5899 13.6258
v 133.3333 5.5857 13.6157
v 129.1667 5.5857 13.4986
v 129.1667 5.5857 13.4986
v 133.3333 5.5857 13.6157
v 133.3336 5.5899 13.6056
v 129.1669 5.5899 13.4885
v 129.1669 5.5899 13.4885
v 133.3336 5.5899 13.6056
v 133.3338 5.6000 13.6014
v 129.1670 5.6000 13.4843
v 129.1670 5.6000 13.4843
v 133.3338 5.6000 13.6014
v 133.3336 5.6101 13.6056
v 129.1669 5.6101 13.4885
v 129.1669 5.6101 13.4885
v 133.3336 5.6101 13.6056
v 133.3333 5.6143 13.6157
v 129.1667 5.6143 13.4986
v 133.3333 5.6143 13.6157
v 137.5000 5.6143 13.7484
v 137.4997 5.6101 13.7586
v 133.3330 5.6101 13.6258
v 133.3330 5.6101 13.6258
v 137.4997 5.6101 13.7586
v 137.4995 5.6000 13.7627
v 133.3329 5.6000 13.6300
v 133.3329 5.6000 13.6300
v 137.4995 5.6000 13.7627
v 137.4997 5.5899 13.7586
v 133.3330 5.5899 13.6258
v 133.3330 5.5899 13.6258
v 137.4997 5.5899 13.7586
v 137.5000 5.5857 13.7484
v 133.3333 5.5857 13.6157
v 133.3333 5.5857 13.6157
v 137.5000 5.5857 13.7484
v 137.5003 5.5899 13.7383
v 133.3336 5.5899 13.6056
v 133.3336 5.5899 13.6056
v 137.5003 5.5899 13.7383
v 137.5005 5.6000 13.7342
v 133.3338 5.6000 13.6014
v 133.3338 5.6000 13.6014
v 137.5005 5.6000 13.7342
v 137.5003 5.6101 13.7383
v 133.3336 5.6101 13.6056
v 133.3336 5.6101 13.6056
v 137.5003 5.6101 13.7383
v 137.5000 5.6143 13.7484
v 133.3333 5.6143 13.6157
v 137.5000 5.6143 13.7484
v 141.6667 5.6143 13.8968
v 141.6663 5.6101 13.9069
v 137.4997 5.6101 13.7586
v 137.4997 5.6101 13.7586
v 141.6663 5.6101 13.9069
v 141.6661 5.6000 13.9111
v 137.4995 5.6000 13.7627
v 137.4995 5.6000 13.7627
v 141.6661 5.6000 13.9111
v 141.6663 5.5899 13.9069
v 137.4997 5.5899 13.7586
v 137.4997 5.5899 13.7586
v 141.6663 5.5899 13.9069
v 141.6667 5.5857 13.8968
v 137.5000 5.5857 13.7484
v 137.5000 5.5857 13.7484
v 141.6667 5.5857 13.8968
v 141.6670 5.5899 13.8867
v 137.5003 5.5899 13.7383
v 137.5003 5.5899 13.7383
v 141.6670 5.5899 13.8867
v 141.6672 5.6000 13.8825
v 137.5005 5.6000 13.7342
v 137.5005 5.6000 13.7342
v 141.6672 5.6000 13.8825
v 141.6670 5.6101 13.8867
v 137.5003 5.6101 13.7383
v 137.5003 5.6101 13.7383
v 141.6670 5.6101 13.8867
v 141.6667 5.6143 13.8968
v 137.5000 5.6143 13.7484
v 141.6667 5.6143 13.8968
v 145.8333 5.6143 14.0608
v 145.8329 5.6101 14.0709
v 141.6663 5.6101 13.9069
v 141.6663 5.6101 13.9069
v 145.8329 5.6101 14.0709
v 145.8327 5.6000 14.0751
v 141.6661 5.6000 13.9111
v 141.6661 5.6000 13.9111
v 145.8327 5.6000 14.0751
v 145.8329 5.5899 14.0709
v 141.6663 5.5899 13.9069
v 141.6663 5.5899 13.9069
v 145.8329 5.5899 14.0709
v 145.8333 5.5857 14.0608
v 141.6667 5.5857 13.8968
v 141.6667 5.5857 13.8968
v 145.8333 5.5857 14.0608
v 145.8337 5.5899 14.0507
v 141.6670 5.5899 13.8867
v 141.6670 5.5899 13.8867
v 145.8337 5.5899 14.0507
v 145.8339 5.6000 14.0465
v 141.6672 5.6000 13.8825
v 141.6672 5.6000 13.8825
v 145.8339 5.6000 14.0465
v 145.8337 5.6101 14.0507
v 141.6670 5.6101 13.8867
v 141.6670 5.6101 13.8867
v 145.8337 5.6101 14.0507
v 145.8333 5.6143 14.0608
v 141.6667 5.6143 13.8968
v 145.8333 5.6143 14.0608
v 150.0000 5.6143 14.2404
v 149.9995 5.6101 14.2505
v 145.8329 5.6101 14.0709
v 145.8329 5.6101 14.0709
v 149.9995 5.6101 14.2505
v 149.9994 5.6000 14.2547
v 145.8327 5.6000 14.0751
v 145.8327 5.6000 14.0751
v 149.9994 5.6000 14.2547
v 149.9995 5.5899 14.2505
v 145.8329 5.5899 14.0709
v 145.8329 5.5899 14.0709
v 149.9995 5.5899 14.2505
v 150.0000 5.5857 14.2404
v 145.8333 5.5857 14.0608
v 145.8333 5.5857 14.0608
v 150.0000 5.5857 14.2404
v 150.0005 5.5899 14.2303
v 145.8337 5.5899 14.0507
v 145.8337 5.5899 14.0507
v 150.0005 5.5899 14.2303
v 150.0006 5.6000 14.2261
v 145.8339 5.6000 14.0465
v 145.8339 5.6000 14.0465
v 150.0006 5.6000 14.2261
v 150.0005 5.6101 14.2303
v 145.8337 5.6101 14.0507
v 145.8337 5.6101 14.0507
v 150.0005 5.6101 14.2303
v 150.0000 5.6143 14.2404
v 145.8333 5.6143 14.0608
v 150.0000 5.6143 14.2404
v 154.1667 5.6143 14.4357
v 154.1662 5.6101 14.4458
v 149.9995 5.6101 14.2505
v 149.9995 5.6101 14.2505
v 154.1662 5.6101 14.4458
v 154.1660 5.6000 14.4500
v 149.9994 5.6000 14.2547
v 149.9994 5.6000 14.2547
v 154.1660 5.6000 14.4500
v 154.1662 5.5899 14.4458
v 149.9995 5.5899 14.2505
v 149.9995 5.5899 14.2505
v 154.1662 5.5899 14.4458
v 154.1667 5.5857 14.4357
v 150.0000 5.5857 14.2404
v 150.0000 5.5857 14.2404
v 154.1667 5.5857 14.4357
v 154.1672 5.5899 14.4256
v 150.0005 5.5899 14.2303
v 150.0005 5.5899 14.2303
v 154.1672 5.5899 14.4256
v 154.1674 5.6000 14.4214
v 150.0006 5.6000 14.2261
v 150.0006 5.6000 14.2261
v 154.1674 5.6000 14.4214
v 154.1672 5.6101 14.4256
v 150.0005 5.6101 14.2303
v 150.0005 5.6101 14.2303
v 154.1672 5.6101 14.4256
v 154.1667 5.6143 14.4357
v 150.0000 5.6143 14.2404
v 154.1667 5.6143 14.4357
v 158.3333 5.6143 14.6466
v 158.3328 5.6101 14.6567
v 154.1662 5.6101 14.4458
v 154.1662 5.6101 14.4458
v 158.3328 5.6101 14.6567
v 158.3326 5.6000 14.6608
v 154.1660 5.6000 14.4500
v 154.1660 5.6000 14.4500
v 158.3326 5.6000 14.6608
v 158.3328 5.5899 14.6567
v 154.1662 5.5899 14.4458
v 154.1662 5.5899 14.4458
v 158.3328 5.5899 14.6567
v 158.3333 5.5857 14.6466
v 154.1667 5.5857 14.4357
v 154.1667 5.5857 14.4357
v 158.3333 5.5857 14.6466
v 158.3339 5.5899 14.6365
v 154.1672 5.5899 14.4256
v 154.1672 5.5899 14.4256
v 158.3339 5.5899 14.6365
v 158.3341 5.6000 14.6323
v 154.1674 5.6000 14.4214
v 154.1674 5.6000 14.4214
v 158.3341 5.6000 14.6323
v 158.3339 5.6101 14.6365
v 154.1672 5.6101 14.4256
v 154.1672 5.6101 14.4256
v 158.3339 5.6101 14.6365
v 158.3333 5.6143 14.6466
v 154.1667 5.6143 14.4357
v 158.3333 5.6143 14.6466
v 162.5000 5.6143 14.8731
v 162.4994 5.6101 14.8832
v 158.3328 5.6101 14.6567
v 158.3328 5.6101 14.6567
v 162.4994 5.6101 14.8832
v 162.4992 5.6000 14.8874
v 158.3326 5.6000 14.6608
v 158.3326 5.6000 14.6608
v 162.4992 5.6000 14.8874
v 162.4994 5.5899 14.8832
v 158.3328 5.5899 14.6567
v 158.3328 5.5899 14.6567
v 162.4994 5.5899 14.8832
v 162.5000 5.5857 14.8731
v 158.3333 5.5857 14.6466
v 158.3333 5.5857 14.6466
v 162.5000 5.5857 14.8731
v 162.5006 5.5899 14.8630
v 158.3339 5.5899 14.6365
v 158.3339 5.5899 14.6365
v 162.5006 5.5899 14.8630
v 162.5008 5.6000 14.8588
v 158.3341 5.6000 14.6323
v 158.3341 5.6000 14.6323
v 162.5008 5.6000 14.8588
v 162.5006 5.6101 14.8630
v 158.3339 5.6101 14.6365
v 158.3339 5.6101 14.6365
v 162.5006 5.6101 14.8630
v 162.5000 5.6143 14.8731
v 158.3333 5.6143 14.6466
v 162.5000 5.6143 14.8731
v 166.6667 5.6143 15.1153
v 166.6661 5.6101 15.1253
v 162.4994 5.6101 14.8832
v 162.4994 5.6101 14.8832
v 166.6661 5.6101 15.1253
v 166.6658 5.6000 15.1295
v 162.4992 5.6000 14.8874
v 162.4992 5.6000 14.8874
v 166.6658 5.6000 15.1295
v 166.6661 5.5899 15.1253
v 162.4994 5.5899 14.8832
v 162.4994 5.5899 14.8832
v 166.6661 5.5899 15.1253
v 166.6667 5.5857 15.1153
v 162.5000 5.5857 14.8731
v 162.5000 5.5857 14.8731
v 166.6667 5.5857 15.1153
v 166.6673 5.5899 15.1052
v 162.5006 5.5899 14.8630
v 162.5006 5.5899 14.8630
v 166.6673 5.5899 15.1052
v 166.6675 5.6000 15.1010
v 162.5008 5.6000 14.8588
v 162.5008 5.6000 14.8588
v 166.6675 5.6000 15.1010
v 166.6673 5.6101 15.1052
v 162.5006 5.6101 14.8630
v 162.5006 5.6101 14.8630
v 166.6673 5.6101 15.1052
v 166.6667 5.6143 15.1153
v 162.5000 5.6143 14.8731
v 166.6667 5.6143 15.1153
v 170.8333 5.6143 15.3731
v 170.8327 5.6101 15.3831
v 166.6661 5.6101 15.1253
v 166.6661 5.6101 15.1253
v 170.8327 5.6101 15.3831
v 170.8324 5.6000 15.3873
v 166.6658 5.6000 15.1295
v 166.6658 5.6000 15.1295
v 170.8324 5.6000 15.3873
v 170.8327 5.5899 15.3831
v 166.6661 5.5899 15.1253
v 166.6661 5.5899 15.1253
v 170.8327 5.5899 15.3831
v 170.8333 5.5857 15.3731
v 166.6667 5.5857 15.1153
v 166.6667 5.5857 15.1153
v 170.8333 5.5857 15.3731
v 170.8340 5.5899 15.3630
v 166.6673 5.5899 15.1052
v 166.6673 5.5899 15.1052
v 170.8340 5.5899 15.3630
v 170.8342 5.6000 15.3588
v 166.6675 5.6000 15.1010
v 166.6675 5.6000 15.1010
v 170.8342 5.6000 15.3588
v 170.8340 5.6101 15.3630
v 166.6673 5.6101 15.1052
v 166.6673 5.6101 15.1052
v 170.8340 5.6101 15.3630
v 170.8333 5.6143 15.3731
v 166.6667 5.6143 15.1153
v 170.8333 5.6143 15.3731
v 175.0000 5.6143 15.6465
v 174.9993 5.6101 15.6566
v 170.8327 5.6101 15.3831
v 170.8327 5.6101 15.3831
v 174.9993 5.6101 15.6566
v 174.9990 5.6000 15.6608
v 170.8324 5.6000 15.3873
v 170.8324 5.6000 15.3873
v 174.9990 5.6000 15.6608
v 174.9993 5.5899 15.6566
v 170.8327 5.5899 15.3831
v 170.8327 5.5899 15.3831
v 174.9993 5.5899 15.6566
v 175.0000 5.5857 15.6465
v 170.8333 5.5857 15.3731
v 170.8333 5.5857 15.3731
v 175.0000 5.5857 15.6465
v 175.0007 5.5899 15.6364
v 170.8340 5.5899 15.3630
v 170.8340 5.5899 15.3630
v 175.0007 5.5899 15.6364
v 175.0010 5.6000 15.6322
v 170.8342 5.6000 15.3588
v 170.8342 5.6000 15.3588
v 175.0010 5.6000 15.6322
v 175.0007 5.6101 15.6364
v 170.8340 5.6101 15.3630
v 170.8340 5.6101 15.3630
v 175.0007 5.6101 15.6364
v 175.0000 5.6143 15.6465
v 170.8333 5.6143 15.3731
v 175.0000 5.6143 15.6465
v 179.1667 5.6143 15.9356
v 179.1659 5.6101 15.9457
v 174.9993 5.6101 15.6566
v 174.9993 5.6101 15.6566
v 179.1659 5.6101 15.9457
v 179.1657 5.6000 15.9499
v 174.9990 5.6000 15.6608
v 174.9990 5.6000 15.6608
v 179.1657 5.6000 15.9499
v 179.1659 5.5899 15.9457
v 174.9993 5.5899 15.6566
v 174.9993 5.5899 15.6566
v 179.1659 5.5899 15.9457
v 179.1667 5.5857 15.9356
v 175.0000 5.5857 15.6465
v 175.0000 5.5857 15.6465
v 179.1667 5.5857 15.9356
v 179.1674 5.5899 15.9255
v 175.0007 5.5899 15.6364
v 175.0007 5.5899 15.6364
v 179.1674 5.5899 15.9255
v 179.1677 5.6000 15.9213
v 175.0010 5.6000 15.6322
v 175.0010 5.6000 15.6322
v 179.1677 5.6000 15.9213
v 179.1674 5.6101 15.9255
v 175.0007 5.6101 15.6364
v 175.0007 5.6101 15.6364
v 179.1674 5.6101 15.9255
v 179.1667 5.6143 15.9356
v 175.0000 5.6143 15.6465
v 179.1667 5.6143 15.9356
v 183.3333 5.6143 16.2404
v 183.3326 5.6101 16.2504
v 179.1659 5.6101 15.9457
v 179.1659 5.6101 15.9457
v 183.3326 5.6101 16.2504
v 183.3323 5.6000 16.2546
v 179.1657 5.6000 15.9499
v 179.1657 5.6000 15.9499
v 183.3323 5.6000 16.2546
v 183.3326 5.5899 16.2504
v 179.1659 5.5899 15.9457
v 179.1659 5.5899 15.9457
v 183.3326 5.5899 16.2504
v 183.3333 5.5857 16.2404
v 179.1667 5.5857 15.9356
v 179.1667 5.5857 15.9356
v 183.3333 5.5857 16.2404
v 183.3341 5.5899 16.2303
v 179.1674 5.5899 15.9255
v 179.1674 5.5899 15.9255
v 183.3341 5.5899 16.2303
v 183.3344 5.6000 16.2261
v 179.1677 5.6000 15.9213
v 179.1677 5.6000 15.9213
v 183.3344 5.6000 16.2261
v 183.3341 5.6101 16.2303
v 179.1674 5.6101 15.9255
v 179.1674 5.6101 15.9255
v 183.3341 5.6101 16.2303
v 183.3333 5.6143 16.2404
v 179.1667 5.6143 15.9356
v 183.3333 5.6143 16.2404
v 187.5000 5.6143 16.5608
v 187.4992 5.6101 16.5708
v 183.3326 5.6101 16.2504
v 183.3326 5.6101 16.2504
v 187.4992 5.6101 16.5708
v 187.4989 5.6000 16.5750
v 183.3323 5.6000 16.2546
v 183.3323 5.6000 16.2546
v 187.4989 5.6000 16.5750
v 187.4992 5.5899 16.5708
v 183.3326 5.5899 16.2504
v 183.3326 5.5899 16.2504
v 187.4992 5.5899 16.5708
v 187.5000 5.5857 16.5608
v 183.3333 5.5857 16.2404
v 183.3333 5.5857 16.2404
v 187.5000 5.5857 16.5608
v 187.5008 5.5899 16.5507
v 183.3341 5.5899 16.2303
v 183.3341 5.5899 16.2303
v 187.5008 5.5899 16.5507
v 187.5011 5.6000 16.5465
v 183.3344 5.6000 16.2261
v 183.3344 5.6000 16.2261
v 187.5011 5.6000 16.5465
v 187.5008 5.6101 16.5507
v 183.3341 5.6101 16.2303
v 183.3341 5.6101 16.2303
v 187.5008 5.6101 16.5507
v 187.5000 5.6143 16.5608
v 183.3333 5.6143 16.2404
v 187.5000 5.6143 16.5608
v 191.6667 5.6143 16.8968
v 191.6658 5.6101 16.9069
v 187.4992 5.6101 16.5708
v 187.4992 5.6101 16.5708
v 191.6658 5.6101 16.9069
v 191.6655 5.6000 16.9111
v 187.4989 5.6000 16.5750
v 187.4989 5.6000 16.5750
v 191.6655 5.6000 16.9111
v 191.6658 5.5899 16.9069
v 187.4992 5.5899 16.5708
v 187.4992 5.5899 16.5708
v 191.6658 5.5899 16.9069
v 191.6667 5.5857 16.8968
v 187.5000 5.5857 16.5608
v 187.5000 5.5857 16.5608
v 191.6667 5.5857 16.8968
v 191.6675 5.5899 16.8868
v 187.5008 5.5899 16.5507
v 187.5008 5.5899 16.5507
v 191.6675 5.5899 16.8868
v 191.6678 5.6000 16.8826
v 187.5011 5.6000 16.5465
v 187.5011 5.6000 16.5465
v 191.6678 5.6000 16.8826
v 191.6675 5.6101 16.8868
v 187.5008 5.6101 16.5507
v 187.5008 5.6101 16.5507
v 191.6675 5.6101 16.8868
v 191.6667 5.6143 16.8968
v 187.5000 5.6143 16.5608
v 191.6667 5.6143 16.8968
v 195.8333 5.6143 17.2486
v 195.8325 5.6101 17.2587
v 191.6658 5.6101 16.9069
v 191.6658 5.6101 16.9069
v 195.8325 5.6101 17.2587
v 195.8321 5.6000 17.2628
v 191.6655 5.6000 16.9111
v 191.6655 5.6000 16.9111
v 195.8321 5.6000 17.2628
v 195.8325 5.5899 17.2587
v 191.6658 5.5899 16.9069
v 191.6658 5.5899 16.9069
v 195.8325 5.5899 17.2587
v 195.8333 5.5857 17.2486
v 191.6667 5.5857 16.8968
v 191.6667 5.5857 16.8968
v 195.8333 5.5857 17.2486
v 195.8342 5.5899 17.2385
v 191.6675 5.5899 16.8868
v 191.6675 5.5899 16.8868
v 195.8342 5.5899 17.2385
v 195.8346 5.6000 17.2343
v 191.6678 5.6000 16.8826
v 191.6678 5.6000 16.8826
v 195.8346 5.6000 17.2343
v 195.8342 5.6101 17.2385
v 191.6675 5.6101 16.8868
v 191.6675 5.6101 16.8868
v 195.8342 5.6101 17.2385
v 195.8333 5.6143 17.2486
v 191.6667 5.6143 16.8968
v 195.8333 5.6143 17.2486
v 200.0000 5.6143 17.6160
v 199.9991 5.6101 17.6261
v 195.8325 5.6101 17.2587
v 195.8325 5.6101 17.2587
v 199.9991 5.6101 17.6261
v 199.9987 5.6000 17.6302
v 195.8321 5.6000 17.2628
v 195.8321 5.6000 17.2628
v 199.9987 5.6000 17.6302
v 199.9991 5.5899 17.6261
v 195.8325 5.5899 17.2587
v 195.8325 5.5899 17.2587
v 199.9991 5.5899 17.6261
v 200.0000 5.5857 17.6160
v 195.8333 5.5857 17.2486
v 195.8333 5.5857 17.2486
v 200.0000 5.5857 17.6160
v 200.0009 5.5899 17.6059
v 195.8342 5.5899 17.2385
v 195.8342 5.5899 17.2385
v 200.0009 5.5899 17.6059
v 200.0013 5.6000 17.6018
v 195.8346 5.6000 17.2343
v 195.8346 5.6000 17.2343
v 200.0013 5.6000 17.6018
v 200.0009 5.6101 17.6059
v 195.8342 5.6101 17.2385
v 195.8342 5.6101 17.2385
v 200.0009 5.6101 17.6059
v 200.0000 5.6143 17.6160
v 195.8333 5.6143 17.2486
v 0.0000 5.6000 17.6160
v 0.0000 5.6143 17.6160
v 0.0009 5.6101 17.6261
v 0.0009 5.6101 17.6261
v 0.0013 5.6000 17.6302
v 0.0013 5.6000 17.6302
v 0.0009 5.5899 17.6261
v 0.0009 5.5899 17.6261
v 0.0000 5.5857 17.6160
v 0.0000 5.5857 17.6160
v -0.0009 5.5899 17.6059
v -0.0009 5.5899 17.6059
v -0.0013 5.6000 17.6018
v -0.0013 5.6000 17.6018
v -0.0009 5.6101 17.6059
v -0.0009 5.6101 17.6059
v 0.0000 5.6143 17.6160
v 200.0000 5.6000 17.6160
v 200.0000 5.6143 17.6160
v 199.9991 5.6101 17.6261
v 199.9991 5.6101 17.6261
v 199.9987 5.6000 17.6302
v 199.9987 5.6000 17.6302
v 199.9991 5.5899 17.6261
v 199.9991 5.5899 17.6261
v 200.0000 5.5857 17.6160
v 200.0000 5.5857 17.6160
v 200.0009 5.5899 17.6059
v 200.0009 5.5899 17.6059
v 200.0013 5.6000 17.6018
v 200.0013 5.6000 17.6018
v 200.0009 5.6101 17.6059
v 200.0009 5.6101 17.6059
v 200.0000 5.6143 17.6160
v 0.0000 -6.3857 23.0880
v 4.1667 -6.3857 22.7206
v 4.1675 -6.3899 22.7307
v 0.0009 -6.3899 23.0981
v 0.0009 -6.3899 23.0981
v 4.1675 -6.3899 22.7307
v 4.1679 -6.4000 22.7348
v 0.0013 -6.4000 23.1022
v 0.0013 -6.4000 23.1022
v 4.1679 -6.4000 22.7348
v 4.1675 -6.4101 22.7307
v 0.0009 -6.4101 23.0981
v 0.0009 -6.4101 23.0981
v 4.1675 -6.4101 22.7307
v 4.1667 -6.4143 22.7206
v 0.0000 -6.4143 23.0880
v 0.0000 -6.4143 23.0880
v 4.1667 -6.4143 22.7206
v 4.1658 -6.4101 22.7105
v -0.0009 -6.4101 23.0779
v -0.0009 -6.4101 23.0779
v 4.1658 -6.4101 22.7105
v 4.1654 -6.4000 22.7063
v -0.0013 -6.4000 23.0738
v -0.0013 -6.4000 23.0738
v 4.1654 -6.4000 22.7063
v 4.1658 -6.3899 22.7105
v -0.0009 -6.3899 23.0779
v -0.0009 -6.3899 23.0779
v 4.1658 -6.3899 22.7105
v 4.1667 -6.3857 22.7206
v 0.0000 -6.3857 23.0880
v 4.1667 -6.3857 22.7206
v 8.3333 -6.3857 22.3688
v 8.3342 -6.3899 22.3789
v 4.1675 -6.3899 22.7307
v 4.1675 -6.3899 22.7307
v 8.3342 -6.3899 22.3789
v 8.3345 -6.4000 22.3831
v 4.1679 -6.4000 22.7348
v 4.1679 -6.4000 22.7348
v 8.3345 -6.4000 22.3831
v 8.3342 -6.4101 22.3789
v 4.1675 -6.4101 22.7307
v 4.1675 -6.4101 22.7307
v 8.3342 -6.4101 22.3789
v 8.3333 -6.4143 22.3688
v 4.1667 -6.4143 22.7206
v 4.1667 -6.4143 22.7206
v 8.3333 -6.4143 22.3688
v 8.3325 -6.4101 22.3588
v 4.1658 -6.4101 22.7105
v 4.1658 -6.4101 22.7105
v 8.3325 -6.4101 22.3588
v 8.3322 -6.4000 22.3546
v 4.1654 -6.4000 22.7063
v 4.1654 -6.4000 22.7063
v 8.3322 -6.4000 22.3546
v 8.3325 -6.3899 22.3588
v 4.1658 -6.3899 22.7105
v 4.1658 -6.3899 22.7105
v 8.3325 -6.3899 22.3588
v 8.3333 -6.3857 22.3688
v 4.1667 -6.3857 22.7206
v 8.3333 -6.3857 22.3688
v 12.5000 -6.3857 22.0328
v 12.5008 -6.3899 22.0428
v 8.3342 -6.3899 22.3789
v 8.3342 -6.3899 22.3789
v 12.5008 -6.3899 22.0428
v 12.5011 -6.4000 22.0470
v 8.3345 -6.4000 22.3831
v 8.3345 -6.4000 22.3831
v 12.5011 -6.4000 22.0470
v 12.5008 -6.4101 22.0428
v 8.3342 -6.4101 22.3789
v 8.3342 -6.4101 22.3789
v 12.5008 -6.4101 22.0428
v 12.5000 -6.4143 22.0328
v 8.3333 -6.4143 22.3688
v 8.3333 -6.4143 22.3688
v 12.5000 -6.4143 22.0328
v 12.4992 -6.4101 22.0227
v 8.3325 -6.4101 22.3588
v 8.3325 -6.4101 22.3588
v 12.4992 -6.4101 22.0227
v 12.4989 -6.4000 22.0185
v 8.3322 -6.4000 22.3546
v 8.3322 -6.4000 22.3546
v 12.4989 -6.4000 22.0185
v 12.4992 -6.3899 22.0227
v 8.3325 -6.3899 22.3588
v 8.3325 -6.3899 22.3588
v 12.4992 -6.3899 22.0227
v 12.5000 -6.3857 22.0328
v 8.3333 -6.3857 22.3688
v 12.5000 -6.3857 22.0328
v 16.6667 -6.3857 21.7124
v 16.6674 -6.3899 21.7224
v 12.5008 -6.3899 22.0428
v 12.5008 -6.3899 22.0428
v 16.6674 -6.3899 21.7224
v 16.6677 -6.4000 21.7266
v 12.5011 -6.4000 22.0470
v 12.5011 -6.4000 22.0470
v 16.6677 -6.4000 21.7266
v 16.6674 -6.4101 21.7224
v 12.5008 -6.4101 22.0428
v 12.5008 -6.4101 22.0428
v 16.6674 -6.4101 21.7224
v 16.6667 -6.4143 21.7124
v 12.5000 -6.4143 22.0328
v 12.5000 -6.4143 22.0328
v 16.6667 -6.4143 21.7124
v 16.6659 -6.4101 21.7023
v 12.4992 -6.4101 22.0227
v 12.4992 -6.4101 22.0227
v 16.6659 -6.4101 21.7023
v 16.6656 -6.4000 21.6981
v 12.4989 -6.4000 22.0185
v 12.4989 -6.4000 22.0185
v 16.6656 -6.4000 21.6981
v 16.6659 -6.3899 21.7023
v 12.4992 -6.3899 22.0227
v 12.4992 -6.3899 22.0227
v 16.6659 -6.3899 21.7023
v 16.6667 -6.3857 21.7124
v 12.5000 -6.3857 22.0328
v 16.6667 -6.3857 21.7124
v 20.8333 -6.3857 21.4076
v 20.8341 -6.3899 21.4177
v 16.6674 -6.3899 21.7224
v 16.6674 -6.3899 21.7224
v 20.8341 -6.3899 21.4177
v 20.8343 -6.4000 21.4219
v 16.6677 -6.4000 21.7266
v 16.6677 -6.4000 21.7266
v 20.8343 -6.4000 21.4219
v 20.8341 -6.4101 21.4177
v 16.6674 -6.4101 21.7224
v 16.6674 -6.4101 21.7224
v 20.8341 -6.4101 21.4177
v 20.8333 -6.4143 21.4076
v 16.6667 -6.4143 21.7124
v 16.6667 -6.4143 21.7124
v 20.8333 -6.4143 21.4076
v 20.8326 -6.4101 21.3975
v 16.6659 -6.4101 21.7023
v 16.6659 -6.4101 21.7023
v 20.8326 -6.4101 21.3975
v 20.8323 -6.4000 21.3933
v 16.6656 -6.4000 21.6981
v 16.6656 -6.4000 21.6981
v 20.8323 -6.4000 21.3933
v 20.8326 -6.3899 21.3975
v 16.6659 -6.3899 21.7023
v 16.6659 -6.3899 21.7023
v 20.8326 -6.3899 21.3975
v 20.8333 -6.3857 21.4076
v 16.6667 -6.3857 21.7124
v 20.8333 -6.3857 21.4076
v 25.0000 -6.3857 21.1185
v 25.0007 -6.3899 21.1286
v 20.8341 -6.3899 21.4177
v 20.8341 -6.3899 21.4177
v 25.0007 -6.3899 21.1286
v 25.0010 -6.4000 21.1328
v 20.8343 -6.4000 21.4219
v 20.8343 -6.4000 21.4219
v 25.0010 -6.4000 21.1328
v 25.0007 -6.4101 21.1286
v 20.8341 -6.4101 21.4177
v 20.8341 -6.4101 21.4177
v 25.0007 -6.4101 21.1286
v 25.0000 -6.4143 21.1185
v 20.8333 -6.4143 21.4076
v 20.8333 -6.4143 21.4076
v 25.0000 -6.4143 21.1185
v 24.9993 -6.4101 21.1084
v 20.8326 -6.4101 21.3975
v 20.8326 -6.4101 21.3975
v 24.9993 -6.4101 21.1084
v 24.9990 -6.4000 21.1042
v 20.8323 -6.4000 21.3933
v 20.8323 -6.4000 21.3933
v 24.9990 -6.4000 21.1042
v 24.9993 -6.3899 21.1084
v 20.8326 -6.3899 21.3975
v 20.8326 -6.3899 21.3975
v 24.9993 -6.3899 21.1084
v 25.0000 -6.3857 21.1185
v 20.8333 -6.3857 21.4076
v 25.0000 -6.3857 21.1185
v 29.1667 -6.3857 20.8451
v 29.1673 -6.3899 20.8551
v 25.0007 -6.3899 21.1286
v 25.0007 -6.3899 21.1286
v 29.1673 -6.3899 20.8551
v 29.1676 -6.4000 20.8593
v 25.0010 -6.4000 21.1328
v 25.0010 -6.4000 21.1328
v 29.1676 -6.4000 20.8593
v 29.1673 -6.4101 20.8551
v 25.0007 -6.4101 21.1286
v 25.0007 -6.4101 21.1286
v 29.1673 -6.4101 20.8551
v 29.1667 -6.4143 20.8451
v 25.0000 -6.4143 21.1185
v 25.0000 -6.4143 21.1185
v 29.1667 -6.4143 20.8451
v 29.1660 -6.4101 20.8350
v 24.9993 -6.4101 21.1084
v 24.9993 -6.4101 21.1084
v 29.1660 -6.4101 20.8350
v 29.1658 -6.4000 20.8308
v 24.9990 -6.4000 21.1042
v 24.9990 -6.4000 21.1042
v 29.1658 -6.4000 20.8308
v 29.1660 -6.3899 20.8350
v 24.9993 -6.3899 21.1084
v 24.9993 -6.3899 21.1084
v 29.1660 -6.3899 20.8350
v 29.1667 -6.3857 20.8451
v 25.0000 -6.3857 21.1185
v 29.1667 -6.3857 20.8451
v 33.3333 -6.3857 20.5873
v 33.3339 -6.3899 20.5973
v 29.1673 -6.3899 20.8551
v 29.1673 -6.3899 20.8551
v 33.3339 -6.3899 20.5973
v 33.3342 -6.4000 20.6015
v 29.1676 -6.4000 20.8593
v 29.1676 -6.4000 20.8593
v 33.3342 -6.4000 20.6015
v 33.3339 -6.4101 20.5973
v 29.1673 -6.4101 20.8551
v 29.1673 -6.4101 20.8551
v 33.3339 -6.4101 20.5973
v 33.3333 -6.4143 20.5873
v 29.1667 -6.4143 20.8451
v 29.1667 -6.4143 20.8451
v 33.3333 -6.4143 20.5873
v 33.3327 -6.4101 20.5772
v 29.1660 -6.4101 20.8350
v 29.1660 -6.4101 20.8350
v 33.3327 -6.4101 20.5772
v 33.3325 -6.4000 20.5730
v 29.1658 -6.4000 20.8308
v 29.1658 -6.4000 20.8308
v 33.3325 -6.4000 20.5730
v 33.3327 -6.3899 20.5772
v 29.1660 -6.3899 20.8350
v 29.1660 -6.3899 20.8350
v 33.3327 -6.3899 20.5772
v 33.3333 -6.3857 20.5873
v 29.1667 -6.3857 20.8451
v 33.3333 -6.3857 20.5873
v 37.5000 -6.3857 20.3451
v 37.5006 -6.3899 20.3552
v 33.3339 -6.3899 20.5973
v 33.3339 -6.3899 20.5973
v 37.5006 -6.3899 20.3552
v 37.5008 -6.4000 20.3594
v 33.3342 -6.4000 20.6015
v 33.3342 -6.4000 20.6015
v 37.5008 -6.4000 20.3594
v 37.5006 -6.4101 20.3552
v 33.3339 -6.4101 20.5973
v 33.3339 -6.4101 20.5973
v 37.5006 -6.4101 20.3552
v 37.5000 -6.4143 20.3451
v 33.3333 -6.4143 20.5873
v 33.3333 -6.4143 20.5873
v 37.5000 -6.4143 20.3451
v 37.4994 -6.4101 20.3350
v 33.3327 -6.4101 20.5772
v 33.3327 -6.4101 20.5772
v 37.4994 -6.4101 20.3350
v 37.4992 -6.4000 20.3308
v 33.3325 -6.4000 20.5730
v 33.3325 -6.4000 20.5730
v 37.4992 -6.4000 20.3308
v 37.4994 -6.3899 20.3350
v 33.3327 -6.3899 20.5772
v 33.3327 -6.3899 20.5772
v 37.4994 -6.3899 20.3350
v 37.5000 -6.3857 20.3451
v 33.3333 -6.3857 20.5873
v 37.5000 -6.3857 20.3451
v 41.6667 -6.3857 20.1186
v 41.6672 -6.3899 20.1287
v 37.5006 -6.3899 20.3552
v 37.5006 -6.3899 20.3552
v 41.6672 -6.3899 20.1287
v 41.6674 -6.4000 20.1328
v 37.5008 -6.4000 20.3594
v 37.5008 -6.4000 20.3594
v 41.6674 -6.4000 20.1328
v 41.6672 -6.4101 20.1287
v 37.5006 -6.4101 20.3552
v 37.5006 -6.4101 20.3552
v 41.6672 -6.4101 20.1287
v 41.6667 -6.4143 20.1186
v 37.5000 -6.4143 20.3451
v 37.5000 -6.4143 20.3451
v 41.6667 -6.4143 20.1186
v 41.6661 -6.4101 20.1085
v 37.4994 -6.4101 20.3350
v 37.4994 -6.4101 20.3350
v 41.6661 -6.4101 20.1085
v 41.6659 -6.4000 20.1043
v 37.4992 -6.4000 20.3308
v 37.4992 -6.4000 20.3308
v 41.6659 -6.4000 20.1043
v 41.6661 -6.3899 20.1085
v 37.4994 -6.3899 20.3350
v 37.4994 -6.3899 20.3350
v 41.6661 -6.3899 20.1085
v 41.6667 -6.3857 20.1186
v 37.5000 -6.3857 20.3451
v 41.6667 -6.3857 20.1186
v 45.8333 -6.3857 19.9077
v 45.8338 -6.3899 19.9178
v 41.6672 -6.3899 20.1287
v 41.6672 -6.3899 20.1287
v 45.8338 -6.3899 19.9178
v 45.8340 -6.4000 19.9220
v 41.6674 -6.4000 20.1328
v 41.6674 -6.4000 20.1328
v 45.8340 -6.4000 19.9220
v 45.8338 -6.4101 19.9178
v 41.6672 -6.4101 20.1287
v 41.6672 -6.4101 20.1287
v 45.8338 -6.4101 19.9178
v 45.8333 -6.4143 19.9077
v 41.6667 -6.4143 20.1186
v 41.6667 -6.4143 20.1186
v 45.8333 -6.4143 19.9077
v 45.8328 -6.4101 19.8976
v 41.6661 -6.4101 20.1085
v 41.6661 -6.4101 20.1085
v 45.8328 -6.4101 19.8976
v 45.8326 -6.4000 19.8934
v 41.6659 -6.4000 20.1043
v 41.6659 -6.4000 20.1043
v 45.8326 -6.4000 19.8934
v 45.8328 -6.3899 19.8976
v 41.6661 -6.3899 20.1085
v 41.6661 -6.3899 20.1085
v 45.8328 -6.3899 19.8976
v 45.8333 -6.3857 19.9077
v 41.6667 -6.3857 20.1186
v 45.8333 -6.3857 19.9077
v 50.0000 -6.3857 19.7124
v 50.0005 -6.3899 19.7225
v 45.8338 -6.3899 19.9178
v 45.8338 -6.3899 19.9178
v 50.0005 -6.3899 19.7225
v 50.0006 -6.4000 19.7267
v 45.8340 -6.4000 19.9220
v 45.8340 -6.4000 19.9220
v 50.0006 -6.4000 19.7267
v 50.0005 -6.4101 19.7225
v 45.8338 -6.4101 19.9178
v 45.8338 -6.4101 19.9178
v 50.0005 -6.4101 19.7225
v 50.0000 -6.4143 19.7124
v 45.8333 -6.4143 19.9077
v 45.8333 -6.4143 19.9077
v 50.0000 -6.4143 19.7124
v 49.9995 -6.4101 19.7023
v 45.8328 -6.4101 19.8976
v 45.8328 -6.4101 19.8976
v 49.9995 -6.4101 19.7023
v 49.9994 -6.4000 19.6981
v 45.8326 -6.4000 19.8934
v 45.8326 -6.4000 19.8934
v 49.9994 -6.4000 19.6981
v 49.9995 -6.3899 19.7023
v 45.8328 -6.3899 19.8976
v 45.8328 -6.3899 19.8976
v 49.9995 -6.3899 19.7023
v 50.0000 -6.3857 19.7124
v 45.8333 -6.3857 19.9077
v 50.0000 -6.3857 19.7124
v 54.1667 -6.3857 19.5328
v 54.1671 -6.3899 19.5429
v 50.0005 -6.3899 19.7225
v 50.0005 -6.3899 19.7225
v 54.1671 -6.3899 19.5429
v 54.1673 -6.4000 19.5471
v 50.0006 -6.4000 19.7267
v 50.0006 -6.4000 19.7267
v 54.1673 -6.4000 19.5471
v 54.1671 -6.4101 19.5429
v 50.0005 -6.4101 19.7225
v 50.0005 -6.4101 19.7225
v 54.1671 -6.4101 19.5429
v 54.1667 -6.4143 19.5328
v 50.0000 -6.4143 19.7124
v 50.0000 -6.4143 19.7124
v 54.1667 -6.4143 19.5328
v 54.1663 -6.4101 19.5227
v 49.9995 -6.4101 19.7023
v 49.9995 -6.4101 19.7023
v 54.1663 -6.4101 19.5227
v 54.1661 -6.4000 19.5185
v 49.9994 -6.4000 19.6981
v 49.9994 -6.4000 19.6981
v 54.1661 -6.4000 19.5185
v 54.1663 -6.3899 19.5227
v 49.9995 -6.3899 19.7023
v 49.9995 -6.3899 19.7023
v 54.1663 -6.3899 19.5227
v 54.1667 -6.3857 19.5328
v 50.0000 -6.3857 19.7124
v 54.1667 -6.3857 19.5328
v 58.3333 -6.3857 19.3688
v 58.3337 -6.3899 19.3789
v 54.1671 -6.3899 19.5429
v 54.1671 -6.3899 19.5429
v 58.3337 -6.3899 19.3789
v 58.3339 -6.4000 19.3831
v 54.1673 -6.4000 19.5471
v 54.1673 -6.4000 19.5471
v 58.3339 -6.4000 19.3831
v 58.3337 -6.4101 19.3789
v 54.1671 -6.4101 19.5429
v 54.1671 -6.4101 19.5429
v 58.3337 -6.4101 19.3789
v 58.3333 -6.4143 19.3688
v 54.1667 -6.4143 19.5328
v 54.1667 -6.4143 19.5328
v 58.3333 -6.4143 19.3688
v 58.3330 -6.4101 19.3587
v 54.1663 -6.4101 19.5227
v 54.1663 -6.4101 19.5227
v 58.3330 -6.4101 19.3587
v 58.3328 -6.4000 19.3545
v 54.1661 -6.4000 19.5185
v 54.1661 -6.4000 19.5185
v 58.3328 -6.4000 19.3545
v 58.3330 -6.3899 19.3587
v 54.1663 -6.3899 19.5227
v 54.1663 -6.3899 19.5227
v 58.3330 -6.3899 19.3587
v 58.3333 -6.3857 19.3688
v 54.1667 -6.3857 19.5328
v 58.3333 -6.3857 19.3688
v 62.5000 -6.3857 19.2204
v 62.5003 -6.3899 19.2306
v 58.3337 -6.3899 19.3789
v 58.3337 -6.3899 19.3789
v 62.5003 -6.3899 19.2306
v 62.5005 -6.4000 19.2347
v 58.3339 -6.4000 19.3831
v 58.3339 -6.4000 19.3831
v 62.5005 -6.4000 19.2347
v 62.5003 -6.4101 19.2306
v 58.3337 -6.4101 19.3789
v 58.3337 -6.4101 19.3789
v 62.5003 -6.4101 19.2306
v 62.5000 -6.4143 19.2204
v 58.3333 -6.4143 19.3688
v 58.3333 -6.4143 19.3688
v 62.5000 -6.4143 19.2204
v 62.4997 -6.4101 19.2103
v 58.3330 -6.4101 19.3587
v 58.3330 -6.4101 19.3587
v 62.4997 -6.4101 19.2103
v 62.4995 -6.4000 19.2062
v 58.3328 -6.4000 19.3545
v 58.3328 -6.4000 19.3545
v 62.4995 -6.4000 19.2062
v 62.4997 -6.3899 19.2103
v 58.3330 -6.3899 19.3587
v 58.3330 -6.3899 19.3587
v 62.4997 -6.3899 19.2103
v 62.5000 -6.3857 19.2204
v 58.3333 -6.3857 19.3688
v 62.5000 -6.3857 19.2204
v 66.6667 -6.3857 19.0877
v 66.6670 -6.3899 19.0978
v 62.5003 -6.3899 19.2306
v 62.5003 -6.3899 19.2306
v 66.6670 -6.3899 19.0978
v 66.6671 -6.4000 19.1020
v 62.5005 -6.4000 19.2347
v 62.5005 -6.4000 19.2347
v 66.6671 -6.4000 19.1020
v 66.6670 -6.4101 19.0978
v 62.5003 -6.4101 19.2306
v 62.5003 -6.4101 19.2306
v 66.6670 -6.4101 19.0978
v 66.6667 -6.4143 19.0877
v 62.5000 -6.4143 19.2204
v 62.5000 -6.4143 19.2204
v 66.6667 -6.4143 19.0877
v 66.6664 -6.4101 19.0776
v 62.4997 -6.4101 19.2103
v 62.4997 -6.4101 19.2103
v 66.6664 -6.4101 19.0776
v 66.6662 -6.4000 19.0734
v 62.4995 -6.4000 19.2062
v 62.4995 -6.4000 19.2062
v 66.6662 -6.4000 19.0734
v 66.6664 -6.3899 19.0776
v 62.4997 -6.3899 19.2103
v 62.4997 -6.3899 19.2103
v 66.6664 -6.3899 19.0776
v 66.6667 -6.3857 19.0877
v 62.5000 -6.3857 19.2204
v 66.6667 -6.3857 19.0877
v 70.8333 -6.3857 18.9706
v 70.8336 -6.3899 18.9807
v 66.6670 -6.3899 19.0978
v 66.6670 -6.3899 19.0978
v 70.8336 -6.3899 18.9807
v 70.8337 -6.4000 18.9849
v 66.6671 -6.4000 19.1020
v 66.6671 -6.4000 19.1020
v 70.8337 -6.4000 18.9849
v 70.8336 -6.4101 18.9807
v 66.6670 -6.4101 19.0978
v 66.6670 -6.4101 19.0978
v 70.8336 -6.4101 18.9807
v 70.8333 -6.4143 18.9706
v 66.6667 -6.4143 19.0877
v 66.6667 -6.4143 19.0877
v 70.8333 -6.4143 18.9706
v 70.8331 -6.4101 18.9605
v 66.6664 -6.4101 19.0776
v 66.6664 -6.4101 19.0776
v 70.8331 -6.4101 18.9605
v 70.8330 -6.4000 18.9563
v 66.6662 -6.4000 19.0734
v 66.6662 -6.4000 19.0734
v 70.8330 -6.4000 18.9563
v 70.8331 -6.3899 18.9605
v 66.6664 -6.3899 19.0776
v 66.6664 -6.3899 19.0776
v 70.8331 -6.3899 18.9605
v 70.8333 -6.3857 18.9706
v 66.6667 -6.3857 19.0877
v 70.8333 -6.3857 18.9706
v 75.0000 -6.3857 18.8691
v 75.0002 -6.3899 18.8792
v 70.8336 -6.3899 18.9807
v 70.8336 -6.3899 18.9807
v 75.0002 -6.3899 18.8792
v 75.0003 -6.4000 18.8834
v 70.8337 -6.4000 18.9849
v 70.8337 -6.4000 18.9849
v 75.0003 -6.4000 18.8834
v 75.0002 -6.4101 18.8792
v 70.8336 -6.4101 18.9807
v 70.8336 -6.4101 18.9807
v 75.0002 -6.4101 18.8792
v 75.0000 -6.4143 18.8691
v 70.8333 -6.4143 18.9706
v 70.8333 -6.4143 18.9706
v 75.0000 -6.4143 18.8691
v 74.9998 -6.4101 18.8590
v 70.8331 -6.4101 18.9605
v 70.8331 -6.4101 18.9605
v 74.9998 -6.4101 18.8590
v 74.9997 -6.4000 18.8548
v 70.8330 -6.4000 18.9563
v 70.8330 -6.4000 18.9563
v 74.9997 -6.4000 18.8548
v 74.9998 -6.3899 18.8590
v 70.8331 -6.3899 18.9605
v 70.8331 -6.3899 18.9605
v 74.9998 -6.3899 18.8590
v 75.0000 -6.3857 18.8691
v 70.8333 -6.3857 18.9706
v 75.0000 -6.3857 18.8691
v 79.1667 -6.3857 18.7832
v 79.1669 -6.3899 18.7933
v 75.0002 -6.3899 18.8792
v 75.0002 -6.3899 18.8792
v 79.1669 -6.3899 18.7933
v 79.1669 -6.4000 18.7975
v 75.0003 -6.4000 18.8834
v 75.0003 -6.4000 18.8834
v 79.1669 -6.4000 18.7975
v 79.1669 -6.4101 18.7933
v 75.0002 -6.4101 18.8792
v 75.0002 -6.4101 18.8792
v 79.1669 -6.4101 18.7933
v 79.1667 -6.4143 18.7832
v 75.0000 -6.4143 18.8691
v 75.0000 -6.4143 18.8691
v 79.1667 -6.4143 18.7832
v 79.1665 -6.4101 18.7731
v 74.9998 -6.4101 18.8590
v 74.9998 -6.4101 18.8590
v 79.1665 -6.4101 18.7731
v 79.1664 -6.4000 18.7689
v 74.9997 -6.4000 18.8548
v 74.9997 -6.4000 18.8548
v 79.1664 -6.4000 18.7689
v 79.1665 -6.3899 18.7731
v 74.9998 -6.3899 18.8590
v 74.9998 -6.3899 18.8590
v 79.1665 -6.3899 18.7731
v 79.1667 -6.3857 18.7832
v 75.0000 -6.3857 18.8691
v 79.1667 -6.3857 18.7832
v 83.3333 -6.3857 18.7129
v 83.3335 -6.3899 18.7230
v 79.1669 -6.3899 18.7933
v 79.1669 -6.3899 18.7933
v 83.3335 -6.3899 18.7230
v 83.3335 -6.4000 18.7272
v 79.1669 -6.4000 18.7975
v 79.1669 -6.4000 18.7975
v 83.3335 -6.4000 18.7272
v 83.3335 -6.4101 18.7230
v 79.1669 -6.4101 18.7933
v 79.1669 -6.4101 18.7933
v 83.3335 -6.4101 18.7230
v 83.3333 -6.4143 18.7129
v 79.1667 -6.4143 18.7832
v 79.1667 -6.4143 18.7832
v 83.3333 -6.4143 18.7129
v 83.3332 -6.4101 18.7028
v 79.1665 -6.4101 18.7731
v 79.1665 -6.4101 18.7731
v 83.3332 -6.4101 18.7028
v 83.3331 -6.4000 18.6986
v 79.1664 -6.4000 18.7689
v 79.1664 -6.4000 18.7689
v 83.3331 -6.4000 18.6986
v 83.3332 -6.3899 18.7028
v 79.1665 -6.3899 18.7731
v 79.1665 -6.3899 18.7731
v 83.3332 -6.3899 18.7028
v 83.3333 -6.3857 18.7129
v 79.1667 -6.3857 18.7832
v 83.3333 -6.3857 18.7129
v 87.5000 -6.3857 18.6583
v 87.5001 -6.3899 18.6684
v 83.3335 -6.3899 18.7230
v 83.3335 -6.3899 18.7230
v 87.5001 -6.3899 18.6684
v 87.5002 -6.4000 18.6726
v 83.3335 -6.4000 18.7272
v 83.3335 -6.4000 18.7272
v 87.5002 -6.4000 18.6726
v 87.5001 -6.4101 18.6684
v 83.3335 -6.4101 18.7230
v 83.3335 -6.4101 18.7230
v 87.5001 -6.4101 18.6684
v 87.5000 -6.4143 18.6583
v 83.3333 -6.4143 18.7129
v 83.3333 -6.4143 18.7129
v 87.5000 -6.4143 18.6583
v 87.4999 -6.4101 18.6482
v 83.3332 -6.4101 18.7028
v 83.3332 -6.4101 18.7028
v 87.4999 -6.4101 18.6482
v 87.4998 -6.4000 18.6440
v 83.3331 -6.4000 18.6986
v 83.3331 -6.4000 18.6986
v 87.4998 -6.4000 18.6440
v 87.4999 -6.3899 18.6482
v 83.3332 -6.3899 18.7028
v 83.3332 -6.3899 18.7028
v 87.4999 -6.3899 18.6482
v 87.5000 -6.3857 18.6583
v 83.3333 -6.3857 18.7129
v 87.5000 -6.3857 18.6583
v 91.6667 -6.3857 18.6192
v 91.6667 -6.3899 18.6293
v 87.5001 -6.3899 18.6684
v 87.5001 -6.3899 18.6684
v 91.6667 -6.3899 18.6293
v 91.6668 -6.4000 18.6335
v 87.5002 -6.4000 18.6726
v 87.5002 -6.4000 18.6726
v 91.6668 -6.4000 18.6335
v 91.6667 -6.4101 18.6293
v 87.5001 -6.4101 18.6684
v 87.5001 -6.4101 18.6684
v 91.6667 -6.4101 18.6293
v 91.6667 -6.4143 18.6192
v 87.5000 -6.4143 18.6583
v 87.5000 -6.4143 18.6583
v 91.6667 -6.4143 18.6192
v 91.6666 -6.4101 18.6091
v 87.4999 -6.4101 18.6482
v 87.4999 -6.4101 18.6482
v 91.6666 -6.4101 18.6091
v 91.6666 -6.4000 18.6049
v 87.4998 -6.4000 18.6440
v 87.4998 -6.4000 18.6440
v 91.6666 -6.4000 18.6049
v 91.6666 -6.3899 18.6091
v 87.4999 -6.3899 18.6482
v 87.4999 -6.3899 18.6482
v 91.6666 -6.3899 18.6091
v 91.6667 -6.3857 18.6192
v 87.5000 -6.3857 18.6583
v 91.6667 -6.3857 18.6192
v 95.8333 -6.3857 18.5958
v 95.8334 -6.3899 18.6059
v 91.6667 -6.3899 18.6293
v 91.6667 -6.3899 18.6293
v 95.8334 -6.3899 18.6059
v 95.8334 -6.4000 18.6101
v 91.6668 -6.4000 18.6335
v 91.6668 -6.4000 18.6335
v 95.8334 -6.4000 18.6101
v 95.8334 -6.4101 18.6059
v 91.6667 -6.4101 18.6293
v 91.6667 -6.4101 18.6293
v 95.8334 -6.4101 18.6059
v 95.8333 -6.4143 18.5958
v 91.6667 -6.4143 18.6192
v 91.6667 -6.4143 18.6192
v 95.8333 -6.4143 18.5958
v 95.8333 -6.4101 18.5857
v 91.6666 -6.4101 18.6091
v 91.6666 -6.4101 18.6091
v 95.8333 -6.4101 18.5857
v 95.8333 -6.4000 18.5815
v 91.6666 -6.4000 18.6049
v 91.6666 -6.4000 18.6049
v 95.8333 -6.4000 18.5815
v 95.8333 -6.3899 18.5857
v 91.6666 -6.3899 18.6091
v 91.6666 -6.3899 18.6091
v 95.8333 -6.3899 18.5857
v 95.8333 -6.3857 18.5958
v 91.6667 -6.3857 18.6192
v 95.8333 -6.3857 18.5958
v 100.0000 -6.3857 18.5880
v 100.0000 -6.3899 18.5981
v 95.8334 -6.3899 18.6059
v 95.8334 -6.3899 18.6059
v 100.0000 -6.3899 18.5981
v 100.0000 -6.4000 18.6023
v 95.8334 -6.4000 18.6101
v 95.8334 -6.4000 18.6101
v 100.0000 -6.4000 18.6023
v 100.0000 -6.4101 18.5981
v 95.8334 -6.4101 18.6059
v 95.8334 -6.4101 18.6059
v 100.0000 -6.4101 18.5981
v 100.0000 -6.4143 18.5880
v 95.8333 -6.4143 18.5958
v 95.8333 -6.4143 18.5958
v 100.0000 -6.4143 18.5880
v 100.0000 -6.4101 18.5779
v 95.8333 -6.4101 18.5857
v 95.8333 -6.4101 18.5857
v 100.0000 -6.4101 18.5779
v 100.0000 -6.4000 18.5737
v 95.8333 -6.4000 18.5815
v 95.8333 -6.4000 18.5815
v 100.0000 -6.4000 18.5737
v 100.0000 -6.3899 18.5779
v 95.8333 -6.3899 18.5857
v 95.8333 -6.3899 18.5857
v 100.0000 -6.3899 18.5779
v 100.0000 -6.3857 18.5880
v 95.8333 -6.3857 18.5958
v 100.0000 -6.3857 18.5880
v 104.1667 -6.3857 18.5958
v 104.1666 -6.3899 18.6059
v 100.0000 -6.3899 18.5981
v 100.0000 -6.3899 18.5981
v 104.1666 -6.3899 18.6059
v 104.1666 -6.4000 18.6101
v 100.0000 -6.4000 18.6023
v 100.0000 -6.4000 18.6023
v 104.1666 -6.4000 18.6101
v 104.1666 -6.4101 18.6059
v 100.0000 -6.4101 18.5981
v 100.0000 -6.4101 18.5981
v 104.1666 -6.4101 18.6059
v 104.1667 -6.4143 18.5958
v 100.0000 -6.4143 18.5880
v 100.0000 -6.4143 18.5880
v 104.1667 -6.4143 18.5958
v 104.1667 -6.4101 18.5857
v 100.0000 -6.4101 18.5779
v 100.0000 -6.4101 18.5779
v 104.1667 -6.4101 18.5857
v 104.1667 -6.4000 18.5815
v 100.0000 -6.4000 18.5737
v 100.0000 -6.4000 18.5737
v 104.1667 -6.4000 18.5815
v 104.1667 -6.3899 18.5857
v 100.0000 -6.3899 18.5779
v 100.0000 -6.3899 18.5779
v 104.1667 -6.3899 18.5857
v 104.1667 -6.3857 18.5958
v 100.0000 -6.3857 18.5880
v 104.1667 -6.3857 18.5958
v 108.3333 -6.3857 18.6192
v 108.3333 -6.3899 18.6293
v 104.1666 -6.3899 18.6059
v 104.1666 -6.3899 18.6059
v 108.3333 -6.3899 18.6293
v 108.3332 -6.4000 18.6335
v 104.1666 -6.4000 18.6101
v 104.1666 -6.4000 18.6101
v 108.3332 -6.4000 18.6335
v 108.3333 -6.4101 18.6293
v 104.1666 -6.4101 18.6059
v 104.1666 -6.4101 18.6059
v 108.3333 -6.4101 18.6293
v 108.3333 -6.4143 18.6192
v 104.1667 -6.4143 18.5958
v 104.1667 -6.4143 18.5958
v 108.3333 -6.4143 18.6192
v 108.3334 -6.4101 18.6091
v 104.1667 -6.4101 18.5857
v 104.1667 -6.4101 18.5857
v 108.3334 -6.4101 18.6091
v 108.3334 -6.4000 18.6049
v 104.1667 -6.4000 18.5815
v 104.1667 -6.4000 18.5815
v 108.3334 -6.4000 18.6049
v 108.3334 -6.3899 18.6091
v 104.1667 -6.3899 18.5857
v 104.1667 -6.3899 18.5857
v 108.3334 -6.3899 18.6091
v 108.3333 -6.3857 18.6192
v 104.1667 -6.3857 18.5958
v 108.3333 -6.3857 18.6192
v 112.5000 -6.3857 18.6583
v 112.4999 -6.3899 18.6684
v 108.3333 -6.3899 18.6293
v 108.3333 -6.3899 18.6293
v 112.4999 -6.3899 18.6684
v 112.4998 -6.4000 18.6726
v 108.3332 -6.4000 18.6335
v 108.3332 -6.4000 18.6335
v 112.4998 -6.4000 18.6726
v 112.4999 -6.4101 18.6684
v 108.3333 -6.4101 18.6293
v 108.3333 -6.4101 18.6293
v 112.4999 -6.4101 18.6684
v 112.5000 -6.4143 18.6583
v 108.3333 -6.4143 18.6192
v 108.3333 -6.4143 18.6192
v 112.5000 -6.4143 18.6583
v 112.5001 -6.4101 18.6482
v 108.3334 -6.4101 18.6091
v 108.3334 -6.4101 18.6091
v 112.5001 -6.4101 18.6482
v 112.5002 -6.4000 18.6440
v 108.3334 -6.4000 18.6049
v 108.3334 -6.4000 18.6049
v 112.5002 -6.4000 18.6440
v 112.5001 -6.3899 18.6482
v 108.3334 -6.3899 18.6091
v 108.3334 -6.3899 18.6091
v 112.5001 -6.3899 18.6482
v 112.5000 -6.3857 18.6583
v 108.3333 -6.3857 18.6192
v 112.5000 -6.3857 18.6583
v 116.6667 -6.3857 18.7129
v 116.6665 -6.3899 18.7230
v 112.4999 -6.3899 18.6684
v 112.4999 -6.3899 18.6684
v 116.6665 -6.3899 18.7230
v 116.6665 -6.4000 18.7272
v 112.4998 -6.4000 18.6726
v 112.4998 -6.4000 18.6726
v 116.6665 -6.4000 18.7272
v 116.6665 -6.4101 18.7230
v 112.4999 -6.4101 18.6684
v 112.4999 -6.4101 18.6684
v 116.6665 -6.4101 18.7230
v 116.6667 -6.4143 18.7129
v 112.5000 -6.4143 18.6583
v 112.5000 -6.4143 18.6583
v 116.6667 -6.4143 18.7129
v 116.6668 -6.4101 18.7028
v 112.5001 -6.4101 18.6482
v 112.5001 -6.4101 18.6482
v 116.6668 -6.4101 18.7028
v 116.6669 -6.4000 18.6986
v 112.5002 -6.4000 18.6440
v 112.5002 -6.4000 18.6440
v 116.6669 -6.4000 18.6986
v 116.6668 -6.3899 18.7028
v 112.5001 -6.3899 18.6482
v 112.5001 -6.3899 18.6482
v 116.6668 -6.3899 18.7028
v 116.6667 -6.3857 18.7129
v 112.5000 -6.3857 18.6583
v 116.6667 -6.3857 18.7129
v 120.8333 -6.3857 18.7832
v 120.8331 -6.3899 18.7933
v 116.6665 -6.3899 18.7230
v 116.6665 -6.3899 18.7230
v 120.8331 -6.3899 18.7933
v 120.8331 -6.4000 18.7975
v 116.6665 -6.4000 18.7272
v 116.6665 -6.4000 18.7272
v 120.8331 -6.4000 18.7975
v 120.8331 -6.4101 18.7933
v 116.6665 -6.4101 18.7230
v 116.6665 -6.4101 18.7230
v 120.8331 -6.4101 18.7933
v 120.8333 -6.4143 18.7832
v 116.6667 -6.4143 18.7129
v 116.6667 -6.4143 18.7129
v 120.8333 -6.4143 18.7832
v 120.8335 -6.4101 18.7731
v 116.6668 -6.4101 18.7028
v 116.6668 -6.4101 18.7028
v 120.8335 -6.4101 18.7731
v 120.8336 -6.4000 18.7689
v 116.6669 -6.4000 18.6986
v 116.6669 -6.4000 18.6986
v 120.8336 -6.4000 18.7689
v 120.8335 -6.3899 18.7731
v 116.6668 -6.3899 18.7028
v 116.6668 -6.3899 18.7028
v 120.8335 -6.3899 18.7731
v 120.8333 -6.3857 18.7832
v 116.6667 -6.3857 18.7129
v 120.8333 -6.3857 18.7832
v 125.0000 -6.3857 18.8691
v 124.9998 -6.3899 18.8792
v 120.8331 -6.3899 18.7933
v 120.8331 -6.3899 18.7933
v 124.9998 -6.3899 18.8792
v 124.9997 -6.4000 18.8834
v 120.8331 -6.4000 18.7975
v 120.8331 -6.4000 18.7975
v 124.9997 -6.4000 18.8834
v 124.9998 -6.4101 18.8792
v 120.8331 -6.4101 18.7933
v 120.8331 -6.4101 18.7933
v 124.9998 -6.4101 18.8792
v 125.0000 -6.4143 18.8691
v 120.8333 -6.4143 18.7832
v 120.8333 -6.4143 18.7832
v 125.0000 -6.4143 18.8691
v 125.0002 -6.4101 18.8590
v 120.8335 -6.4101 18.7731
v 120.8335 -6.4101 18.7731
v 125.0002 -6.4101 18.8590
v 125.0003 -6.4000 18.8548
v 120.8336 -6.4000 18.7689
v 120.8336 -6.4000 18.7689
v 125.0003 -6.4000 18.8548
v 125.0002 -6.3899 18.8590
v 120.8335 -6.3899 18.7731
v 120.8335 -6.3899 18.7731
v 125.0002 -6.3899 18.8590
v 125.0000 -6.3857 18.8691
v 120.8333 -6.3857 18.7832
v 125.0000 -6.3857 18.8691
v 129.1667 -6.3857 18.9706
v 129.1664 -6.3899 18.9807
v 124.9998 -6.3899 18.8792
v 124.9998 -6.3899 18.8792
v 129.1664 -6.3899 18.9807
v 129.1663 -6.4000 18.9849
v 124.9997 -6.4000 18.8834
v 124.9997 -6.4000 18.8834
v 129.1663 -6.4000 18.9849
v 129.1664 -6.4101 18.9807
v 124.9998 -6.4101 18.8792
v 124.9998 -6.4101 18.8792
v 129.1664 -6.4101 18.9807
v 129.1667 -6.4143 18.9706
v 125.0000 -6.4143 18.8691
v 125.0000 -6.4143 18.8691
v 129.1667 -6.4143 18.9706
v 129.1669 -6.4101 18.9605
v 125.0002 -6.4101 18.8590
v 125.0002 -6.4101 18.8590
v 129.1669 -6.4101 18.9605
v 129.1670 -6.4000 18.9563
v 125.0003 -6.4000 18.8548
v 125.0003 -6.4000 18.8548
v 129.1670 -6.4000 18.9563
v 129.1669 -6.3899 18.9605
v 125.0002 -6.3899 18.8590
v 125.0002 -6.3899 18.8590
v 129.1669 -6.3899 18.9605
v 129.1667 -6.3857 18.9706
v 125.0000 -6.3857 18.8691
v 129.1667 -6.3857 18.9706
v 133.3333 -6.3857 19.0877
v 133.3330 -6.3899 19.0978
v 129.1664 -6.3899 18.9807
v 129.1664 -6.3899 18.9807
v 133.3330 -6.3899 19.0978
v 133.3329 -6.4000 19.1020
v 129.1663 -6.4000 18.9849
v 129.1663 -6.4000 18.9849
v 133.3329 -6.4000 19.1020
v 133.3330 -6.4101 19.0978
v 129.1664 -6.4101 18.9807
v 129.1664 -6.4101 18.9807
v 133.3330 -6.4101 19.0978
v 133.3333 -6.4143 19.0877
v 129.1667 -6.4143 18.9706
v 129.1667 -6.4143 18.9706
v 133.3333 -6.4143 19.0877
v 133.3336 -6.4101 19.0776
v 129.1669 -6.4101 18.9605
v 129.1669 -6.4101 18.9605
v 133.3336 -6.4101 19.0776
v 133.3338 -6.4000 19.0734
v 129.1670 -6.4000 18.9563
v 129.1670 -6.4000 18.9563
v 133.3338 -6.4000 19.0734
v 133.3336 -6.3899 19.0776
v 129.1669 -6.3899 18.9605
v 129.1669 -6.3899 18.9605
v 133.3336 -6.3899 19.0776
v 133.3333 -6.3857 19.0877
v 129.1667 -6.3857 18.9706
v 133.3333 -6.3857 19.0877
v 137.5000 -6.3857 19.2204
v 137.4997 -6.3899 19.2306
v 133.3330 -6.3899 19.0978
v 133.3330 -6.3899 19.0978
v 137.4997 -6.3899 19.2306
v 137.4995 -6.4000 19.2347
v 133.3329 -6.4000 19.1020
v 133.3329 -6.4000 19.1020
v 137.4995 -6.4000 19.2347
v 137.4997 -6.4101 19.2306
v 133.3330 -6.4101 19.0978
v 133.3330 -6.4101 19.0978
v 137.4997 -6.4101 19.2306
v 137.5000 -6.4143 19.2204
v 133.3333 -6.4143 19.0877
v 133.3333 -6.4143 19.0877
v 137.5000 -6.4143 19.2204
v 137.5003 -6.4101 19.2103
v 133.3336 -6.4101 19.0776
v 133.3336 -6.4101 19.0776
v 137.5003 -6.4101 19.2103
v 137.5005 -6.4000 19.2062
v 133.3338 -6.4000 19.0734
v 133.3338 -6.4000 19.0734
v 137.5005 -6.4000 19.2062
v 137.5003 -6.3899 19.2103
v 133.3336 -6.3899 19.0776
v 133.3336 -6.3899 19.0776
v 137.5003 -6.3899 19.2103
v 137.5000 -6.3857 19.2204
v 133.3333 -6.3857 19.0877
v 137.5000 -6.3857 19.2204
v 141.6667 -6.3857 19.3688
v 141.6663 -6.3899 19.3789
v 137.4997 -6.3899 19.2306
v 137.4997 -6.3899 19.2306
v 141.6663 -6.3899 19.3789
v 141.6661 -6.4000 19.3831
v 137.4995 -6.4000 19.2347
v 137.4995 -6.4000 19.2347
v 141.6661 -6.4000 19.3831
v 141.6663 -6.4101 19.3789
v 137.4997 -6.4101 19.2306
v 137.4997 -6.4101 19.2306
v 141.6663 -6.4101 19.3789
v 141.6667 -6.4143 19.3688
v 137.5000 -6.4143 19.2204
v 137.5000 -6.4143 19.2204
v 141.6667 -6.4143 19.3688
v 141.6670 -6.4101 19.3587
v 137.5003 -6.4101 19.2103
v 137.5003 -6.4101 19.2103
v 141.6670 -6.4101 19.3587
v 141.6672 -6.4000 19.3545
v 137.5005 -6.4000 19.2062
v 137.5005 -6.4000 19.2062
v 141.6672 -6.4000 19.3545
v 141.6670 -6.3899 19.3587
v 137.5003 -6.3899 19.2103
v 137.5003 -6.3899 19.2103
v 141.6670 -6.3899 19.3587
v 141.6667 -6.3857 19.3688
v 137.5000 -6.3857 19.2204
v 141.6667 -6.3857 19.3688
v 145.8333 -6.3857 19.5328
v 145.8329 -6.3899 19.5429
v 141.6663 -6.3899 19.3789
v 141.6663 -6.3899 19.3789
v 145.8329 -6.3899 19.5429
v 145.8327 -6.4000 19.5471
v 141.6661 -6.4000 19.3831
v 141.6661 -6.4000 19.3831
v 145.8327 -6.4000 19.5471
v 145.8329 -6.4101 19.5429
v 141.6663 -6.4101 19.3789
v 141.6663 -6.4101 19.3789
v 145.8329 -6.4101 19.5429
v 145.8333 -6.4143 19.5328
v 141.6667 -6.4143 19.3688
v 141.6667 -6.4143 19.3688
v 145.8333 -6.4143 19.5328
v 145.8337 -6.4101 19.5227
v 141.6670 -6.4101 19.3587
v 141.6670 -6.4101 19.3587
v 145.8337 -6.4101 19.5227
v 145.8339 -6.4000 19.5185
v 141.6672 -6.4000 19.3545
v 141.6672 -6.4000 19.3545
v 145.8339 -6.4000 19.5185
v 145.8337 -6.3899 19.5227
v 141.6670 -6.3899 19.3587
v 141.6670 -6.3899 19.3587
v 145.8337 -6.3899 19.5227
v 145.8333 -6.3857 19.5328
v 141.6667 -6.3857 19.3688
v 145.8333 -6.3857 19.5328
v 150.0000 -6.3857 19.7124
v 149.9995 -6.3899 19.7225
v 145.8329 -6.3899 19.5429
v 145.8329 -6.3899 19.5429
v 149.9995 -6.3899 19.7225
v 149.9994 -6.4000 19.7267
v 145.8327 -6.4000 19.5471
v 145.8327 -6.4000 19.5471
v 149.9994 -6.4000 19.7267
v 149.9995 -6.4101 19.7225
v 145.8329 -6.4101 19.5429
v 145.8329 -6.4101 19.5429
v 149.9995 -6.4101 19.7225
v 150.0000 -6.4143 19.7124
v 145.8333 -6.4143 19.5328
v 145.8333 -6.4143 19.5328
v 150.0000 -6.4143 19.7124
v 150.0005 -6.4101 19.7023
v 145.8337 -6.4101 19.5227
v 145.8337 -6.4101 19.5227
v 150.0005 -6.4101 19.7023
v 150.0006 -6.4000 19.6981
v 145.8339 -6.4000 19.5185
v 145.8339 -6.4000 19.5185
v 150.0006 -6.4000 19.6981
v 150.0005 -6.3899 19.7023
v 145.8337 -6.3899 19.5227
v 145.8337 -6.3899 19.5227
v 150.0005 -6.3899 19.7023
v 150.0000 -6.3857 19.7124
v 145.8333 -6.3857 19.5328
v 150.0000 -6.3857 19.7124
v 154.1667 -6.3857 19.9077
v 154.1662 -6.3899 19.9178
v 149.9995 -6.3899 19.7225
v 149.9995 -6.3899 19.7225
v 154.1662 -6.3899 19.9178
v 154.1660 -6.4000 19.9220
v 149.9994 -6.4000 19.7267
v 149.9994 -6.4000 19.7267
v 154.1660 -6.4000 19.9220
v 154.1662 -6.4101 19.9178
v 149.9995 -6.4101 19.7225
v 149.9995 -6.4101 19.7225
v 154.1662 -6.4101 19.9178
v 154.1667 -6.4143 19.9077
v 150.0000 -6.4143 19.7124
v 150.0000 -6.4143 19.7124
v 154.1667 -6.4143 19.9077
v 154.1672 -6.4101 19.8976
v 150.0005 -6.4101 19.7023
v 150.0005 -6.4101 19.7023
v 154.1672 -6.4101 19.8976
v 154.1674 -6.4000 19.8934
v 150.0006 -6.4000 19.6981
v 150.0006 -6.4000 19.6981
v 154.1674 -6.4000 19.8934
v 154.1672 -6.3899 19.8976
v 150.0005 -6.3899 19.7023
v 150.0005 -6.3899 19.7023
v 154.1672 -6.3899 19.8976
v 154.1667 -6.3857 19.9077
v 150.0000 -6.3857 19.7124
v 154.1667 -6.3857 19.9077
v 158.3333 -6.3857 20.1186
v 158.3328 -6.3899 20.1287
v 154.1662 -6.3899 19.9178
v 154.1662 -6.3899 19.9178
v 158.3328 -6.3899 20.1287
v 158.3326 -6.4000 20.1328
v 154.1660 -6.4000 19.9220
v 154.1660 -6.4000 19.9220
v 158.3326 -6.4000 20.1328
v 158.3328 -6.4101 20.1287
v 154.1662 -6.4101 19.9178
v 154.1662 -6.4101 19.9178
v 158.3328 -6.4101 20.1287
v 158.3333 -6.4143 20.1186
v 154.1667 -6.4143 19.9077
v 154.1667 -6.4143 19.9077
v 158.3333 -6.4143 20.1186
v 158.3339 -6.4101 20.1085
v 154.1672 -6.4101 19.8976
v 154.1672 -6.4101 19.8976
v 158.3339 -6.4101 20.1085
v 158.3341 -6.4000 20.1043
v 154.1674 -6.4000 19.8934
v 154.1674 -6.4000 19.8934
v 158.3341 -6.4000 20.1043
v 158.3339 -6.3899 20.1085
v 154.1672 -6.3899 19.8976
v 154.1672 -6.3899 19.8976
v 158.3339 -6.3899 20.1085
v 158.3333 -6.3857 20.1186
v 154.1667 -6.3857 19.9077
v 158.3333 -6.3857 20.1186
v 162.5000 -6.3857 20.3451
v 162.4994 -6.3899 20.3552
v 158.3328 -6.3899 20.1287
v 158.3328 -6.3899 20.1287
v 162.4994 -6.3899 20.3552
v 162.4992 -6.4000 20.3594
v 158.3326 -6.4000 20.1328
v 158.3326 -6.4000 20.1328
v 162.4992 -6.4000 20.3594
v 162.4994 -6.4101 20.3552
v 158.3328 -6.4101 20.1287
v 158.3328 -6.4101 20.1287
v 162.4994 -6.4101 20.3552
v 162.5000 -6.4143 20.3451
v 158.3333 -6.4143 20.1186
v 158.3333 -6.4143 20.1186
v 162.5000 -6.4143 20.3451
v 162.5006 -6.4101 20.3350
v 158.3339 -6.4101 20.1085
v 158.3339 -6.4101 20.1085
v 162.5006 -6.4101 20.3350
v 162.5008 -6.4000 20.3308
v 158.3341 -6.4000 20.1043
v 158.3341 -6.4000 20.1043
v 162.5008 -6.4000 20.3308
v 162.5006 -6.3899 20.3350
v 158.3339 -6.3899 20.1085
v 158.3339 -6.3899 20.1085
v 162.5006 -6.3899 20.3350
v 162.5000 -6.3857 20.3451
v 158.3333 -6.3857 20.1186
v 162.5000 -6.3857 20.3451
v 166.6667 -6.3857 20.5873
v 166.6661 -6.3899 20.5973
v 162.4994 -6.3899 20.3552
v 162.4994 -6.3899 20.3552
v 166.6661 -6.3899 20.5973
v 166.6658 -6.4000 20.6015
v 162.4992 -6.4000 20.3594
v 162.4992 -6.4000 20.3594
v 166.6658 -6.4000 20.6015
v 166.6661 -6.4101 20.5973
v 162.4994 -6.4101 20.3552
v 162.4994 -6.4101 20.3552
v 166.6661 -6.4101 20.5973
v 166.6667 -6.4143 20.5873
v 162.5000 -6.4143 20.3451
v 162.5000 -6.4143 20.3451
v 166.6667 -6.4143 20.5873
v 166.6673 -6.4101 20.5772
v 162.5006 -6.4101 20.3350
v 162.5006 -6.4101 20.3350
v 166.6673 -6.4101 20.5772
v 166.6675 -6.4000 20.5730
v 162.5008 -6.4000 20.3308
v 162.5008 -6.4000 20.3308
v 166.6675 -6.4000 20.5730
v 166.6673 -6.3899 20.5772
v 162.5006 -6.3899 20.3350
v 162.5006 -6.3899 20.3350
v 166.6673 -6.3899 20.5772
v 166.6667 -6.3857 20.5873
v 162.5000 -6.3857 20.3451
v 166.6667 -6.3857 20.5873
v 170.8333 -6.3857 20.8451
v 170.8327 -6.3899 20.8551
v 166.6661 -6.3899 20.5973
v 166.6661 -6.3899 20.5973
v 170.8327 -6.3899 20.8551
v 170.8324 -6.4000 20.8593
v 166.6658 -6.4000 20.6015
v 166.6658 -6.4000 20.6015
v 170.8324 -6.4000 20.8593
v 170.8327 -6.4101 20.8551
v 166.6661 -6.4101 20.5973
v 166.6661 -6.4101 20.5973
v 170.8327 -6.4101 20.8551
v 170.8333 -6.4143 20.8451
v 166.6667 -6.4143 20.5873
v 166.6667 -6.4143 20.5873
v 170.8333 -6.4143 20.8451
v 170.8340 -6.4101 20.8350
v 166.6673 -6.4101 20.5772
v 166.6673 -6.4101 20.5772
v 170.8340 -6.4101 20.8350
v 170.8342 -6.4000 20.8308
v 166.6675 -6.4000 20.5730
v 166.6675 -6.4000 20.5730
v 170.8342 -6.4000 20.8308
v 170.8340 -6.3899 20.8350
v 166.6673 -6.3899 20.5772
v 166.6673 -6.3899 20.5772
v 170.8340 -6.3899 20.8350
v 170.8333 -6.3857 20.8451
v 166.6667 -6.3857 20.5873
v 170.8333 -6.3857 20.8451
v 175.0000 -6.3857 21.1185
v 174.9993 -6.3899 21.1286
v 170.8327 -6.3899 20.8551
v 170.8327 -6.3899 20.8551
v 174.9993 -6.3899 21.1286
v 174.9990 -6.4000 21.1328
v 170.8324 -6.4000 20.8593
v 170.8324 -6.4000 20.8593
v 174.9990 -6.4000 21.1328
v 174.9993 -6.4101 21.1286
v 170.8327 -6.4101 20.8551
v 170.8327 -6.4101 20.8551
v 174.9993 -6.4101 21.1286
v 175.0000 -6.4143 21.1185
v 170.8333 -6.4143 20.8451
v 170.8333 -6.4143 20.8451
v 175.0000 -6.4143 21.1185
v 175.0007 -6.4101 21.1084
v 170.8340 -6.4101 20.8350
v 170.8340 -6.4101 20.8350
v 175.0007 -6.4101 21.1084
v 175.0010 -6.4000 21.1042
v 170.8342 -6.4000 20.8308
v 170.8342 -6.4000 20.8308
v 175.0010 -6.4000 21.1042
v 175.0007 -6.3899 21.1084
v 170.8340 -6.3899 20.8350
v 170.8340 -6.3899 20.8350
v 175.0007 -6.3899 21.1084
v 175.0000 -6.3857 21.1185
v 170.8333 -6.3857 20.8451
v 175.0000 -6.3857 21.1185
v 179.1667 -6.3857 21.4076
v 179.1659 -6.3899 21.4177
v 174.9993 -6.3899 21.1286
v 174.9993 -6.3899 21.1286
v 179.1659 -6.3899 21.4177
v 179.1657 -6.4000 21.4219
v 174.9990 -6.4000 21.1328
v 174.9990 -6.4000 21.1328
v 179.1657 -6.4000 21.4219
v 179.1659 -6.4101 21.4177
v 174.9993 -6.4101 21.1286
v 174.9993 -6.4101 21.1286
v 179.1659 -6.4101 21.4177
v 179.1667 -6.4143 21.4076
v 175.0000 -6.4143 21.1185
v 175.0000 -6.4143 21.1185
v 179.1667 -6.4143 21.4076
v 179.1674 -6.4101 21.3975
v 175.0007 -6.4101 21.1084
v 175.0007 -6.4101 21.1084
v 179.1674 -6.4101 21.3975
v 179.1677 -6.4000 21.3933
v 175.0010 -6.4000 21.1042
v 175.0010 -6.4000 21.1042
v 179.1677 -6.4000 21.3933
v 179.1674 -6.3899 21.3975
v 175.0007 -6.3899 21.1084
v 175.0007 -6.3899 21.1084
v 179.1674 -6.3899 21.3975
v 179.1667 -6.3857 21.4076
v 175.0000 -6.3857 21.1185
v 179.1667 -6.3857 21.4076
v 183.3333 -6.3857 21.7124
v 183.3326 -6.3899 21.7224
v 179.1659 -6.3899 21.4177
v 179.1659 -6.3899 21.4177
v 183.3326 -6.3899 21.7224
v 183.3323 -6.4000 21.7266
v 179.1657 -6.4000 21.4219
v 179.1657 -6.4000 21.4219
v 183.3323 -6.4000 21.7266
v 183.3326 -6.4101 21.7224
v 179.1659 -6.4101 21.4177
v 179.1659 -6.4101 21.4177
v 183.3326 -6.4101 21.7224
v 183.3333 -6.4143 21.7124
v 179.1667 -6.4143 21.4076
v 179.1667 -6.4143 21.4076
v 183.3333 -6.4143 21.7124
v 183.3341 -6.4101 21.7023
v 179.1674 -6.4101 21.3975
v 179.1674 -6.4101 21.3975
v 183.3341 -6.4101 21.7023
v 183.3344 -6.4000 21.6981
v 179.1677 -6.4000 21.3933
v 179.1677 -6.4000 21.3933
v 183.3344 -6.4000 21.6981
v 183.3341 -6.3899 21.7023
v 179.1674 -6.3899 21.3975
v 179.1674 -6.3899 21.3975
v 183.3341 -6.3899 21.7023
v 183.3333 -6.3857 21.7124
v 179.1667 -6.3857 21.4076
v 183.3333 -6.3857 21.7124
v 187.5000 -6.3857 22.0328
v 187.4992 -6.3899 22.0428
v 183.3326 -6.3899 21.7224
v 183.3326 -6.3899 21.7224
v 187.4992 -6.3899 22.0428
v 187.4989 -6.4000 22.0470
v 183.3323 -6.4000 21.7266
v 183.3323 -6.4000 21.7266
v 187.4989 -6.4000 22.0470
v 187.4992 -6.4101 22.0428
v 183.3326 -6.4101 21.7224
v 183.3326 -6.4101 21.7224
v 187.4992 -6.4101 22.0428
v 187.5000 -6.4143 22.0328
v 183.3333 -6.4143 21.7124
v 183.3333 -6.4143 21.7124
v 187.5000 -6.4143 22.0328
v 187.5008 -6.4101 22.0227
v 183.3341 -6.4101 21.7023
v 183.3341 -6.4101 21.7023
v 187.5008 -6.4101 22.0227
v 187.5011 -6.4000 22.0185
v 183.3344 -6.4000 21.6981
v 183.3344 -6.4000 21.6981
v 187.5011 -6.4000 22.0185
v 187.5008 -6.3899 22.0227
v 183.3341 -6.3899 21.7023
v 183.3341 -6.3899 21.7023
v 187.5008 -6.3899 22.0227
v 187.5000 -6.3857 22.0328
v 183.3333 -6.3857 21.7124
v 187.5000 -6.3857 22.0328
v 191.6667 -6.3857 22.3688
v 191.6658 -6.3899 22.3789
v 187.4992 -6.3899 22.0428
v 187.4992 -6.3899 22.0428
v 191.6658 -6.3899 22.3789
v 191.6655 -6.4000 22.3831
v 187.4989 -6.4000 22.0470
v 187.4989 -6.4000 22.0470
v 191.6655 -6.4000 22.3831
v 191.6658 -6.4101 22.3789
v 187.4992 -6.4101 22.0428
v 187.4992 -6.4101 22.0428
v 191.6658 -6.4101 22.3789
v 191.6667 -6.4143 22.3688
v 187.5000 -6.4143 22.0328
v 187.5000 -6.4143 22.0328
v 191.6667 -6.4143 22.3688
v 191.6675 -6.4101 22.3588
v 187.5008 -6.4101 22.0227
v 187.5008 -6.4101 22.0227
v 191.6675 -6.4101 22.3588
v 191.6678 -6.4000 22.3546
v 187.5011 -6.4000 22.0185
v 187.5011 -6.4000 22.0185
v 191.6678 -6.4000 22.3546
v 191.6675 -6.3899 22.3588
v 187.5008 -6.3899 22.0227
v 187.5008 -6.3899 22.0227
v 191.6675 -6.3899 22.3588
v 191.6667 -6.3857 22.3688
v 187.5000 -6.3857 22.0328
v 191.6667 -6.3857 22.3688
v 195.8333 -6.3857 22.7206
v 195.8325 -6.3899 22.7307
v 191.6658 -6.3899 22.3789
v 191.6658 -6.3899 22.3789
v 195.8325 -6.3899 22.7307
v 195.8321 -6.4000 22.7348
v 191.6655 -6.4000 22.3831
v 191.6655 -6.4000 22.3831
v 195.8321 -6.4000 22.7348
v 195.8325 -6.4101 22.7307
v 191.6658 -6.4101 22.3789
v 191.6658 -6.4101 22.3789
v 195.8325 -6.4101 22.7307
v 195.8333 -6.4143 22.7206
v 191.6667 -6.4143 22.3688
v 191.6667 -6.4143 22.3688
v 195.8333 -6.4143 22.7206
v 195.8342 -6.4101 22.7105
v 191.6675 -6.4101 22.3588
v 191.6675 -6.4101 22.3588
v 195.8342 -6.4101 22.7105
v 195.8346 -6.4000 22.7063
v 191.6678 -6.4000 22.3546
v 191.6678 -6.4000 22.3546
v 195.8346 -6.4000 22.7063
v 195.8342 -6.3899 22.7105
v 191.6675 -6.3899 22.3588
v 191.6675 -6.3899 22.3588
v 195.8342 -6.3899 22.7105
v 195.8333 -6.3857 22.7206
v 191.6667 -6.3857 22.3688
v 195.8333 -6.3857 22.7206
v 200.0000 -6.3857 23.0880
v 199.9991 -6.3899 23.0981
v 195.8325 -6.3899 22.7307
v 195.8325 -6.3899 22.7307
v 199.9991 -6.3899 23.0981
v 199.9987 -6.4000 23.1022
v 195.8321 -6.4000 22.7348
v 195.8321 -6.4000 22.7348
v 199.9987 -6.4000 23.1022
v 199.9991 -6.4101 23.0981
v 195.8325 -6.4101 22.7307
v 195.8325 -6.4101 22.7307
v 199.9991 -6.4101 23.0981
v 200.0000 -6.4143 23.0880
v 195.8333 -6.4143 22.7206
v 195.8333 -6.4143 22.7206
v 200.0000 -6.4143 23.0880
v 200.0009 -6.4101 23.0779
v 195.8342 -6.4101 22.7105
v 195.8342 -6.4101 22.7105
v 200.0009 -6.4101 23.0779
v 200.0013 -6.4000 23.0738
v 195.8346 -6.4000 22.7063
v 195.8346 -6.4000 22.7063
v 200.0013 -6.4000 23.0738
v 200.0009 -6.3899 23.0779
v 195.8342 -6.3899 22.7105
v 195.8342 -6.3899 22.7105
v 200.0009 -6.3899 23.0779
v 200.0000 -6.3857 23.0880
v 195.8333 -6.3857 22.7206
v 0.0000 -6.4000 23.0880
v 0.0000 -6.3857 23.0880
v 0.0009 -6.3899 23.0981
v 0.0009 -6.3899 23.0981
v 0.0013 -6.4000 23.1022
v 0.0013 -6.4000 23.1022
v 0.0009 -6.4101 23.0981
v 0.0009 -6.4101 23.0981
v 0.0000 -6.4143 23.0880
v 0.0000 -6.4143 23.0880
v -0.0009 -6.4101 23.0779
v -0.0009 -6.4101 23.0779
v -0.0013 -6.4000 23.0738
v -0.0013 -6.4000 23.0738
v -0.0009 -6.3899 23.0779
v -0.0009 -6.3899 23.0779
v 0.0000 -6.3857 23.0880
v 200.0000 -6.4000 23.0880
v 200.0000 -6.3857 23.0880
v 199.9991 -6.3899 23.0981
v 199.9991 -6.3899 23.0981
v 199.9987 -6.4000 23.1022
v 199.9987 -6.4000 23.1022
v 199.9991 -6.4101 23.0981
v 199.9991 -6.4101 23.0981
v 200.0000 -6.4143 23.0880
v 200.0000 -6.4143 23.0880
v 200.0009 -6.4101 23.0779
v 200.0009 -6.4101 23.0779
v 200.0013 -6.4000 23.0738
v 200.0013 -6.4000 23.0738
v 200.0009 -6.3899 23.0779
v 200.0009 -6.3899 23.0779
v 200.0000 -6.3857 23.0880
v 0.0000 6.4143 23.0880
v 4.1667 6.4143 22.7206
v 4.1675 6.4101 22.7307
v 0.0009 6.4101 23.0981
v 0.0009 6.4101 23.0981
v 4.1675 6.4101 22.7307
v 4.1679 6.4000 22.7348
v 0.0013 6.4000 23.1022
v 0.0013 6.4000 23.1022
v 4.1679 6.4000 22.7348
v 4.1675 6.3899 22.7307
v 0.0009 6.3899 23.0981
v 0.0009 6.3899 23.0981
v 4.1675 6.3899 22.7307
v 4.1667 6.3857 22.7206
v 0.0000 6.3857 23.0880
v 0.0000 6.3857 23.0880
v 4.1667 6.3857 22.7206
v 4.1658 6.3899 22.7105
v -0.0009 6.3899 23.0779
v -0.0009 6.3899 23.0779
v 4.1658 6.3899 22.7105
v 4.1654 6.4000 22.7063
v -0.0013 6.4000 23.0738
v -0.0013 6.4000 23.0738
v 4.1654 6.4000 22.7063
v 4.1658 6.4101 22.7105
v -0.0009 6.4101 23.0779
v -0.0009 6.4101 23.0779
v 4.1658 6.4101 22.7105
v 4.1667 6.4143 22.7206
v 0.0000 6.4143 23.0880
v 4.1667 6.4143 22.7206
v 8.3333 6.4143 22.3688
v 8.3342 6.4101 22.3789
v 4.1675 6.4101 22.7307
v 4.1675 6.4101 22.7307
v 8.3342 6.4101 22.3789
v 8.3345 6.4000 22.3831
v 4.1679 6.4000 22.7348
v 4.1679 6.4000 22.7348
v 8.3345 6.4000 22.3831
v 8.3342 6.3899 22.3789
v 4.1675 6.3899 22.7307
v 4.1675 6.3899 22.7307
v 8.3342 6.3899 22.3789
v 8.3333 6.3857 22.3688
v 4.1667 6.3857 22.7206
v 4.1667 6.3857 22.7206
v 8.3333 6.3857 22.3688
v 8.3325 6.3899 22.3588
v 4.1658 6.3899 22.7105
v 4.1658 6.3899 22.7105
v 8.3325 6.3899 22.3588
v 8.3322 6.4000 22.3546
v 4.1654 6.4000 22.7063
v 4.1654 6.4000 22.7063
v 8.3322 6.4000 22.3546
v 8.3325 6.4101 22.3588
v 4.1658 6.4101 22.7105
v 4.1658 6.4101 22.7105
v 8.3325 6.4101 22.3588
v 8.3333 6.4143 22.3688
v 4.1667 6.4143 22.7206
v 8.3333 6.4143 22.3688
v 12.5000 6.4143 22.0328
v 12.5008 6.4101 22.0428
v 8.3342 6.4101 22.3789
v 8.3342 6.4101 22.3789
v 12.5008 6.4101 22.0428
v 12.5011 6.4000 22.0470
v 8.3345 6.4000 22.3831
v 8.3345 6.4000 22.3831
v 12.5011 6.4000 22.0470
v 12.5008 6.3899 22.0428
v 8.3342 6.3899 22.3789
v 8.3342 6.3899 22.3789
v 12.5008 6.3899 22.0428
v 12.5000 6.3857 22.0328
v 8.3333 6.3857 22.3688
v 8.3333 6.3857 22.3688
v 12.5000 6.3857 22.0328
v 12.4992 6.3899 22.0227
v 8.3325 6.3899 22.3588
v 8.3325 6.3899 22.3588
v 12.4992 6.3899 22.0227
v 12.4989 6.4000 22.0185
v 8.3322 6.4000 22.3546
v 8.3322 6.4000 22.3546
v 12.4989 6.4000 22.0185
v 12.4992 6.4101 22.0227
v 8.3325 6.4101 22.3588
v 8.3325 6.4101 22.3588
v 12.4992 6.4101 22.0227
v 12.5000 6.4143 22.0328
v 8.3333 6.4143 22.3688
v 12.5000 6.4143 22.0328
v 16.6667 6.4143 21.7124
v 16.6674 6.4101 21.7224
v 12.5008 6.4101 22.0428
v 12.5008 6.4101 22.0428
v 16.6674 6.4101 21.7224
v 16.6677 6.4000 21.7266
v 12.5011 6.4000 22.0470
v 12.5011 6.4000 22.0470
v 16.6677 6.4000 21.7266
v 16.6674 6.3899 21.7224
v 12.5008 6.3899 22.0428
v 12.5008 6.3899 22.0428
v 16.6674 6.3899 21.7224
v 16.6667 6.3857 21.7124
v 12.5000 6.3857 22.0328
v 12.5000 6.3857 22.0328
v 16.6667 6.3857 21.7124
v 16.6659 6.3899 21.7023
v 12.4992 6.3899 22.0227
v 12.4992 6.3899 22.0227
v 16.6659 6.3899 21.7023
v 16.6656 6.4000 21.6981
v 12.4989 6.4000 22.0185
v 12.4989 6.4000 22.0185
v 16.6656 6.4000 21.6981
v 16.6659 6.4101 21.7023
v 12.4992 6.4101 22.0227
v 12.4992 6.4101 22.0227
v 16.6659 6.4101 21.7023
v 16.6667 6.4143 21.7124
v 12.5000 6.4143 22.0328
v 16.6667 6.4143 21.7124
v 20.8333 6.4143 21.4076
v 20.8341 6.4101 21.4177
v 16.6674 6.4101 21.7224
v 16.6674 6.4101 21.7224
v 20.8341 6.4101 21.4177
v 20.8343 6.4000 21.4219
v 16.6677 6.4000 21.7266
v 16.6677 6.4000 21.7266
v 20.8343 6.4000 21.4219
v 20.8341 6.3899 21.4177
v 16.6674 6.3899 21.7224
v 16.6674 6.3899 21.7224
v 20.8341 6.3899 21.4177
v 20.8333 6.3857 21.4076
v 16.6667 6.3857 21.7124
v 16.6667 6.3857 21.7124
v 20.8333 6.3857 21.4076
v 20.8326 6.3899 21.3975
v 16.6659 6.3899 21.7023
v 16.6659 6.3899 21.7023
v 20.8326 6.3899 21.3975
v 20.8323 6.4000 21.3933
v 16.6656 6.4000 21.6981
v 16.6656 6.4000 21.6981
v 20.8323 6.4000 21.3933
v 20.8326 6.4101 21.3975
v 16.6659 6.4101 21.7023
v 16.6659 6.4101 21.7023
v 20.8326 6.4101 21.3975
v 20.8333 6.4143 21.4076
v 16.6667 6.4143 21.7124
v 20.8333 6.4143 21.4076
v 25.0000 6.4143 21.1185
v 25.0007 6.4101 21.1286
v 20.8341 6.4101 21.4177
v 20.8341 6.4101 21.4177
v 25.0007 6.4101 21.1286
v 25.0010 6.4000 21.1328
v 20.8343 6.4000 21.4219
v 20.8343 6.4000 21.4219
v 25.0010 6.4000 21.1328
v 25.0007 6.3899 21.1286
v 20.8341 6.3899 21.4177
v 20.8341 6.3899 21.4177
v 25.0007 6.3899 21.1286
v 25.0000 6.3857 21.1185
v 20.8333 6.3857 21.4076
v 20.8333 6.3857 21.4076
v 25.0000 6.3857 21.1185
v 24.9993 6.3899 21.1084
v 20.8326 6.3899 21.3975
v 20.8326 6.3899 21.3975
v 24.9993 6.3899 21.1084
v 24.9990 6.4000 21.1042
v 20.8323 6.4000 21.3933
v 20.8323 6.4000 21.3933
v 24.9990 6.4000 21.1042
v 24.9993 6.4101 21.1084
v 20.8326 6.4101 21.3975
v 20.8326 6.4101 21.3975
v 24.9993 6.4101 21.1084
v 25.0000 6.4143 21.1185
v 20.8333 6.4143 21.4076
v 25.0000 6.4143 21.1185
v 29.1667 6.4143 20.8451
v 29.1673 6.4101 20.8551
v 25.0007 6.4101 21.1286
v 25.0007 6.4101 21.1286
v 29.1673 6.4101 20.8551
v 29.1676 6.4000 20.8593
v 25.0010 6.4000 21.1328
v 25.0010 6.4000 21.1328
v 29.1676 6.4000 20.8593
v 29.1673 6.3899 20.8551
v 25.0007 6.3899 21.1286
v 25.0007 6.3899 21.1286
v 29.1673 6.3899 20.8551
v 29.1667 6.3857 20.8451
v 25.0000 6.3857 21.1185
v 25.0000 6.3857 21.1185
v 29.1667 6.3857 20.8451
v 29.1660 6.3899 20.8350
v 24.9993 6.3899 21.1084
v 24.9993 6.3899 21.1084
v 29.1660 6.3899 20.8350
v 29.1658 6.4000 20.8308
v 24.9990 6.4000 21.1042
v 24.9990 6.4000 21.1042
v 29.1658 6.4000 20.8308
v 29.1660 6.4101 20.8350
v 24.9993 6.4101 21.1084
v 24.9993 6.4101 21.1084
v 29.1660 6.4101 20.8350
v 29.1667 6.4143 20.8451
v 25.0000 6.4143 21.1185
v 29.1667 6.4143 20.8451
v 33.3333 6.4143 20.5873
v 33.3339 6.4101 20.5973
v 29.1673 6.4101 20.8551
v 29.1673 6.4101 20.8551
v 33.3339 6.4101 20.5973
v 33.3342 6.4000 20.6015
v 29.1676 6.4000 20.8593
v 29.1676 6.4000 20.8593
v 33.3342 6.4000 20.6015
v 33.3339 6.3899 20.5973
v 29.1673 6.3899 20.8551
v 29.1673 6.3899 20.8551
v 33.3339 6.3899 20.5973
v 33.3333 6.3857 20.5873
v 29.1667 6.3857 20.8451
v 29.1667 6.3857 20.8451
v 33.3333 6.3857 20.5873
v 33.3327 6.3899 20.5772
v 29.1660 6.3899 20.8350
v 29.1660 6.3899 20.8350
v 33.3327 6.3899 20.5772
v 33.3325 6.4000 20.5730
v 29.1658 6.4000 20.8308
v 29.1658 6.4000 20.8308
v 33.3325 6.4000 20.5730
v 33.3327 6.4101 20.5772
v 29.1660 6.4101 20.8350
v 29.1660 6.4101 20.8350
v 33.3327 6.4101 20.5772
v 33.3333 6.4143 20.5873
v 29.1667 6.4143 20.8451
v 33.3333 6.4143 20.5873
v 37.5000 6.4143 20.3451
v 37.5006 6.4101 20.3552
v 33.3339 6.4101 20.5973
v 33.3339 6.4101 20.5973
v 37.5006 6.4101 20.3552
v 37.5008 6.4000 20.3594
v 33.3342 6.4000 20.6015
v 33.3342 6.4000 20.6015
v 37.5008 6.4000 20.3594
v 37.5006 6.3899 20.3552
v 33.3339 6.3899 20.5973
v 33.3339 6.3899 20.5973
v 37.5006 6.3899 20.3552
v 37.5000 6.3857 20.3451
v 33.3333 6.3857 20.5873
v 33.3333 6.3857 20.5873
v 37.5000 6.3857 20.3451
v 37.4994 6.3899 20.3350
v 33.3327 6.3899 20.5772
v 33.3327 6.3899 20.5772
v 37.4994 6.3899 20.3350
v 37.4992 6.4000 20.3308
v 33.3325 6.4000 20.5730
v 33.3325 6.4000 20.5730
v 37.4992 6.4000 20.3308
v 37.4994 6.4101 20.3350
v 33.3327 6.4101 20.5772
v 33.3327 6.4101 20.5772
v 37.4994 6.4101 20.3350
v 37.5000 6.4143 20.3451
v 33.3333 6.4143 20.5873
v 37.5000 6.4143 20.3451
v 41.6667 6.4143 20.1186
v 41.6672 6.4101 20.1287
v 37.5006 6.4101 20.3552
v 37.5006 6.4101 20.3552
v 41.6672 6.4101 20.1287
v 41.6674 6.4000 20.1328
v 37.5008 6.4000 20.3594
v 37.5008 6.4000 20.3594
v 41.6674 6.4000 20.1328
v 41.6672 6.3899 20.1287
v 37.5006 6.3899 20.3552
v 37.5006 6.3899 20.3552
v 41.6672 6.3899 20.1287
v 41.6667 6.3857 20.1186
v 37.5000 6.3857 20.3451
v 37.5000 6.3857 20.3451
v 41.6667 6.3857 20.1186
v 41.6661 6.3899 20.1085
v 37.4994 6.3899 20.3350
v 37.4994 6.3899 20.3350
v 41.6661 6.3899 20.1085
v 41.6659 6.4000 20.1043
v 37.4992 6.4000 20.3308
v 37.4992 6.4000 20.3308
v 41.6659 6.4000 20.1043
v 41.6661 6.4101 20.1085
v 37.4994 6.4101 20.3350
v 37.4994 6.4101 20.3350
v 41.6661 6.4101 20.1085
v 41.6667 6.4143 20.1186
v 37.5000 6.4143 20.3451
v 41.6667 6.4143 20.1186
v 45.8333 6.4143 19.9077
v 45.8338 6.4101 19.9178
v 41.6672 6.4101 20.1287
v 41.6672 6.4101 20.1287
v 45.8338 6.4101 19.9178
v 45.8340 6.4000 19.9220
v 41.6674 6.4000 20.1328
v 41.6674 6.4000 20.1328
v 45.8340 6.4000 19.9220
v 45.8338 6.3899 19.9178
v 41.6672 6.3899 20.1287
v 41.6672 6.3899 20.1287
v 45.8338 6.3899 19.9178
v 45.8333 6.3857 19.9077
v 41.6667 6.3857 20.1186
v 41.6667 6.3857 20.1186
v 45.8333 6.3857 19.9077
v 45.8328 6.3899 19.8976
v 41.6661 6.3899 20.1085
v 41.6661 6.3899 20.1085
v 45.8328 6.3899 19.8976
v 45.8326 6.4000 19.8934
v 41.6659 6.4000 20.1043
v 41.6659 6.4000 20.1043
v 45.8326 6.4000 19.8934
v 45.8328 6.4101 19.8976
v 41.6661 6.4101 20.1085
v 41.6661 6.4101 20.1085
v 45.8328 6.4101 19.8976
v 45.8333 6.4143 19.9077
v 41.6667 6.4143 20.1186
v 45.8333 6.4143 19.9077
v 50.0000 6.4143 19.7124
v 50.0005 6.4101 19.7225
v 45.8338 6.4101 19.9178
v 45.8338 6.4101 19.9178
v 50.0005 6.4101 19.7225
v 50.0006 6.4000 19.7267
v 45.8340 6.4000 19.9220
v 45.8340 6.4000 19.9220
v 50.0006 6.4000 19.7267
v 50.0005 6.3899 19.7225
v 45.8338 6.3899 19.9178
v 45.8338 6.3899 19.9178
v 50.0005 6.3899 19.7225
v 50.0000 6.3857 19.7124
v 45.8333 6.3857 19.9077
v 45.8333 6.3857 19.9077
v 50.0000 6.3857 19.7124
v 49.9995 6.3899 19.7023
v 45.8328 6.3899 19.8976
v 45.8328 6.3899 19.8976
v 49.9995 6.3899 19.7023
v 49.9994 6.4000 19.6981
v 45.8326 6.4000 19.8934
v 45.8326 6.4000 19.8934
v 49.9994 6.4000 19.6981
v 49.9995 6.4101 19.7023
v 45.8328 6.4101 19.8976
v 45.8328 6.4101 19.8976
v 49.9995 6.4101 19.7023
v 50.0000 6.4143 19.7124
v 45.8333 6.4143 19.9077
v 50.0000 6.4143 19.7124
v 54.1667 6.4143 19.5328
v 54.1671 6.4101 19.5429
v 50.0005 6.4101 19.7225
v 50.0005 6.4101 19.7225
v 54.1671 6.4101 19.5429
v 54.1673 6.4000 19.5471
v 50.0006 6.4000 19.7267
v 50.0006 6.4000 19.7267
v 54.1673 6.4000 19.5471
v 54.1671 6.3899 19.5429
v 50.0005 6.3899 19.7225
v 50.0005 6.3899 19.7225
v 54.1671 6.3899 19.5429
v 54.1667 6.3857 19.5328
v 50.0000 6.3857 19.7124
v 50.0000 6.3857 19.7124
v 54.1667 6.3857 19.5328
v 54.1663 6.3899 19.5227
v 49.9995 6.3899 19.7023
v 49.9995 6.3899 19.7023
v 54.1663 6.3899 19.5227
v 54.1661 6.4000 19.5185
v 49.9994 6.4000 19.6981
v 49.9994 6.4000 19.6981
v 54.1661 6.4000 19.5185
v 54.1663 6.4101 19.5227
v 49.9995 6.4101 19.7023
v 49.9995 6.4101 19.7023
v 54.1663 6.4101 19.5227
v 54.1667 6.4143 19.5328
v 50.0000 6.4143 19.7124
v 54.1667 6.4143 19.5328
v 58.3333 6.4143 19.3688
v 58.3337 6.4101 19.3789
v 54.1671 6.4101 19.5429
v 54.1671 6.4101 19.5429
v 58.3337 6.4101 19.3789
v 58.3339 6.4000 19.3831
v 54.1673 6.4000 19.5471
v 54.1673 6.4000 19.5471
v 58.3339 6.4000 19.3831
v 58.3337 6.3899 19.3789
v 54.1671 6.3899 19.5429
v 54.1671 6.3899 19.5429
v 58.3337 6.3899 19.3789
v 58.3333 6.3857 19.3688
v 54.1667 6.3857 19.5328
v 54.1667 6.3857 19.5328
v 58.3333 6.3857 19.3688
v 58.3330 6.3899 19.3587
v 54.1663 6.3899 19.5227
v 54.1663 6.3899 19.5227
v 58.3330 6.3899 19.3587
v 58.3328 6.4000 19.3545
v 54.1661 6.4000 19.5185
v 54.1661 6.4000 19.5185
v 58.3328 6.4000 19.3545
v 58.3330 6.4101 19.3587
v 54.1663 6.4101 19.5227
v 54.1663 6.4101 19.5227
v 58.3330 6.4101 19.3587
v 58.3333 6.4143 19.3688
v 54.1667 6.4143 19.5328
v 58.3333 6.4143 19.3688
v 62.5000 6.4143 19.2204
v 62.5003 6.4101 19.2306
v 58.3337 6.4101 19.3789
v 58.3337 6.4101 19.3789
v 62.5003 6.4101 19.2306
v 62.5005 6.4000 19.2347
v 58.3339 6.4000 19.3831
v 58.3339 6.4000 19.3831
v 62.5005 6.4000 19.2347
v 62.5003 6.3899 19.2306
v 58.3337 6.3899 19.3789
v 58.3337 6.3899 19.3789
v 62.5003 6.3899 19.2306
v 62.5000 6.3857 19.2204
v 58.3333 6.3857 19.3688
v 58.3333 6.3857 19.3688
v 62.5000 6.3857 19.2204
v 62.4997 6.3899 19.2103
v 58.3330 6.3899 19.3587
v 58.3330 6.3899 19.3587
v 62.4997 6.3899 19.2103
v 62.4995 6.4000 19.2062
v 58.3328 6.4000 19.3545
v 58.3328 6.4000 19.3545
v 62.4995 6.4000 19.2062
v 62.4997 6.4101 19.2103
v 58.3330 6.4101 19.3587
v 58.3330 6.4101 19.3587
v 62.4997 6.4101 19.2103
v 62.5000 6.4143 19.2204
v 58.3333 6.4143 19.3688
v 62.5000 6.4143 19.2204
v 66.6667 6.4143 19.0877
v 66.6670 6.4101 19.0978
v 62.5003 6.4101 19.2306
v 62.5003 6.4101 19.2306
v 66.6670 6.4101 19.0978
v 66.6671 6.4000 19.1020
v 62.5005 6.4000 19.2347
v 62.5005 6.4000 19.2347
v 66.6671 6.4000 19.1020
v 66.6670 6.3899 19.0978
v 62.5003 6.3899 19.2306
v 62.5003 6.3899 19.2306
v 66.6670 6.3899 19.0978
v 66.6667 6.3857 19.0877
v 62.5000 6.3857 19.2204
v 62.5000 6.3857 19.2204
v 66.6667 6.3857 19.0877
v 66.6664 6.3899 19.0776
v 62.4997 6.3899 19.2103
v 62.4997 6.3899 19.2103
v 66.6664 6.3899 19.0776
v 66.6662 6.4000 19.0734
v 62.4995 6.4000 19.2062
v 62.4995 6.4000 19.2062
v 66.6662 6.4000 19.0734
v 66.6664 6.4101 19.0776
v 62.4997 6.4101 19.2103
v 62.4997 6.4101 19.2103
v 66.6664 6.4101 19.0776
v 66.6667 6.4143 19.0877
v 62.5000 6.4143 19.2204
v 66.6667 6.4143 19.0877
v 70.8333 6.4143 18.9706
v 70.8336 6.4101 18.9807
v 66.6670 6.4101 19.0978
v 66.6670 6.4101 19.0978
v 70.8336 6.4101 18.9807
v 70.8337 6.4000 18.9849
v 66.6671 6.4000 19.1020
v 66.6671 6.4000 19.1020
v 70.8337 6.4000 18.9849
v 70.8336 6.3899 18.9807
v 66.6670 6.3899 19.0978
v 66.6670 6.3899 19.0978
v 70.8336 6.3899 18.9807
v 70.8333 6.3857 18.9706
v 66.6667 6.3857 19.0877
v 66.6667 6.3857 19.0877
v 70.8333 6.3857 18.9706
v 70.8331 6.3899 18.9605
v 66.6664 6.3899 19.0776
v 66.6664 6.3899 19.0776
v 70.8331 6.3899 18.9605
v 70.8330 6.4000 18.9563
v 66.6662 6.4000 19.0734
v 66.6662 6.4000 19.0734
v 70.8330 6.4000 18.9563
v 70.8331 6.4101 18.9605
v 66.6664 6.4101 19.0776
v 66.6664 6.4101 19.0776
v 70.8331 6.4101 18.9605
v 70.8333 6.4143 18.9706
v 66.6667 6.4143 19.0877
v 70.8333 6.4143 18.9706
v 75.0000 6.4143 18.8691
v 75.0002 6.4101 18.8792
v 70.8336 6.4101 18.9807
v 70.8336 6.4101 18.9807
v 75.0002 6.4101 18.8792
v 75.0003 6.4000 18.8834
v 70.8337 6.4000 18.9849
v 70.8337 6.4000 18.9849
v 75.0003 6.4000 18.8834
v 75.0002 6.3899 18.8792
v 70.8336 6.3899 18.9807
v 70.8336 6.3899 18.9807
v 75.0002 6.3899 18.8792
v 75.0000 6.3857 18.8691
v 70.8333 6.3857 18.9706
v 70.8333 6.3857 18.9706
v 75.0000 6.3857 18.8691
v 74.9998 6.3899 18.8590
v 70.8331 6.3899 18.9605
v 70.8331 6.3899 18.9605
v 74.9998 6.3899 18.8590
v 74.9997 6.4000 18.8548
v 70.8330 6.4000 18.9563
v 70.8330 6.4000 18.9563
v 74.9997 6.4000 18.8548
v 74.9998 6.4101 18.8590
v 70.8331 6.4101 18.9605
v 70.8331 6.4101 18.9605
v 74.9998 6.4101 18.8590
v 75.0000 6.4143 18.8691
v 70.8333 6.4143 18.9706
v 75.0000 6.4143 18.8691
v 79.1667 6.4143 18.7832
v 79.1669 6.4101 18.7933
v 75.0002 6.4101 18.8792
v 75.0002 6.4101 18.8792
v 79.1669 6.4101 18.7933
v 79.1669 6.4000 18.7975
v 75.0003 6.4000 18.8834
v 75.0003 6.4000 18.8834
v 79.1669 6.4000 18.7975
v 79.1669 6.3899 18.7933
v 75.0002 6.3899 18.8792
v 75.0002 6.3899 18.8792
v 79.1669 6.3899 18.7933
v 79.1667 6.3857 18.7832
v 75.0000 6.3857 18.8691
v 75.0000 6.3857 18.8691
v 79.1667 6.3857 18.7832
v 79.1665 6.3899 18.7731
v 74.9998 6.3899 18.8590
v 74.9998 6.3899 18.8590
v 79.1665 6.3899 18.7731
v 79.1664 6.4000 18.7689
v 74.9997 6.4000 18.8548
v 74.9997 6.4000 18.8548
v 79.1664 6.4000 18.7689
v 79.1665 6.4101 18.7731
v 74.9998 6.4101 18.8590
v 74.9998 6.4101 18.8590
v 79.1665 6.4101 18.7731
v 79.1667 6.4143 18.7832
v 75.0000 6.4143 18.8691
v 79.1667 6.4143 18.7832
v 83.3333 6.4143 18.7129
v 83.3335 6.4101 18.7230
v 79.1669 6.4101 18.7933
v 79.1669 6.4101 18.7933
v 83.3335 6.4101 18.7230
v 83.3335 6.4000 18.7272
v 79.1669 6.4000 18.7975
v 79.1669 6.4000 18.7975
v 83.3335 6.4000 18.7272
v 83.3335 6.3899 18.7230
v 79.1669 6.3899 18.7933
v 79.1669 6.3899 18.7933
v 83.3335 6.3899 18.7230
v 83.3333 6.3857 18.7129
v 79.1667 6.3857 18.7832
v 79.1667 6.3857 18.7832
v 83.3333 6.3857 18.7129
v 83.3332 6.3899 18.7028
v 79.1665 6.3899 18.7731
v 79.1665 6.3899 18.7731
v 83.3332 6.3899 18.7028
v 83.3331 6.4000 18.6986
v 79.1664 6.4000 18.7689
v 79.1664 6.4000 18.7689
v 83.3331 6.4000 18.6986
v 83.3332 6.4101 18.7028
v 79.1665 6.4101 18.7731
v 79.1665 6.4101 18.7731
v 83.3332 6.4101 18.7028
v 83.3333 6.4143 18.7129
v 79.1667 6.4143 18.7832
v 83.3333 6.4143 18.7129
v 87.5000 6.4143 18.6583
v 87.5001 6.4101 18.6684
v 83.3335 6.4101 18.7230
v 83.3335 6.4101 18.7230
v 87.5001 6.4101 18.6684
v 87.5002 6.4000 18.6726
v 83.3335 6.4000 18.7272
v 83.3335 6.4000 18.7272
v 87.5002 6.4000 18.6726
v 87.5001 6.3899 18.6684
v 83.3335 6.3899 18.7230
v 83.3335 6.3899 18.7230
v 87.5001 6.3899 18.6684
v 87.5000 6.3857 18.6583
v 83.3333 6.3857 18.7129
v 83.3333 6.3857 18.7129
v 87.5000 6.3857 18.6583
v 87.4999 6.3899 18.6482
v 83.3332 6.3899 18.7028
v 83.3332 6.3899 18.7028
v 87.4999 6.3899 18.6482
v 87.4998 6.4000 18.6440
v 83.3331 6.4000 18.6986
v 83.3331 6.4000 18.6986
v 87.4998 6.4000 18.6440
v 87.4999 6.4101 18.6482
v 83.3332 6.4101 18.7028
v 83.3332 6.4101 18.7028
v 87.4999 6.4101 18.6482
v 87.5000 6.4143 18.6583
v 83.3333 6.4143 18.7129
v 87.5000 6.4143 18.6583
v 91.6667 6.4143 18.6192
v 91.6667 6.4101 18.6293
v 87.5001 6.4101 18.6684
v 87.5001 6.4101 18.6684
v 91.6667 6.4101 18.6293
v 91.6668 6.4000 18.6335
v 87.5002 6.4000 18.6726
v 87.5002 6.4000 18.6726
v 91.6668 6.4000 18.6335
v 91.6667 6.3899 18.6293
v 87.5001 6.3899 18.6684
v 87.5001 6.3899 18.6684
v 91.6667 6.3899 18.6293
v 91.6667 6.3857 18.6192
v 87.5000 6.3857 18.6583
v 87.5000 6.3857 18.6583
v 91.6667 6.3857 18.6192
v 91.6666 6.3899 18.6091
v 87.4999 6.3899 18.6482
v 87.4999 6.3899 18.6482
v 91.6666 6.3899 18.6091
v 91.6666 6.4000 18.6049
v 87.4998 6.4000 18.6440
v 87.4998 6.4000 18.6440
v 91.6666 6.4000 18.6049
v 91.6666 6.4101 18.6091
v 87.4999 6.4101 18.6482
v 87.4999 6.4101 18.6482
v 91.6666 6.4101 18.6091
v 91.6667 6.4143 18.6192
v 87.5000 6.4143 18.6583
v 91.6667 6.4143 18.6192
v 95.8333 6.4143 18.5958
v 95.8334 6.4101 18.6059
v 91.6667 6.4101 18.6293
v 91.6667 6.4101 18.6293
v 95.8334 6.4101 18.6059
v 95.8334 6.4000 18.6101
v 91.6668 6.4000 18.6335
v 91.6668 6.4000 18.6335
v 95.8334 6.4000 18.6101
v 95.8334 6.3899 18.6059
v 91.6667 6.3899 18.6293
v 91.6667 6.3899 18.6293
v 95.8334 6.3899 18.6059
v 95.8333 6.3857 18.5958
v 91.6667 6.3857 18.6192
v 91.6667 6.3857 18.6192
v 95.8333 6.3857 18.5958
v 95.8333 6.3899 18.5857
v 91.6666 6.3899 18.6091
v 91.6666 6.3899 18.6091
v 95.8333 6.3899 18.5857
v 95.8333 6.4000 18.5815
v 91.6666 6.4000 18.6049
v 91.6666 6.4000 18.6049
v 95.8333 6.4000 18.5815
v 95.8333 6.4101 18.5857
v 91.6666 6.4101 18.6091
v 91.6666 6.4101 18.6091
v 95.8333 6.4101 18.5857
v 95.8333 6.4143 18.5958
v 91.6667 6.4143 18.6192
v 95.8333 6.4143 18.5958
v 100.0000 6.4143 18.5880
v 100.0000 6.4101 18.5981
v 95.8334 6.4101 18.6059
v 95.8334 6.4101 18.6059
v 100.0000 6.4101 18.5981
v 100.0000 6.4000 18.6023
v 95.8334 6.4000 18.6101
v 95.8334 6.4000 18.6101
v 100.0000 6.4000 18.6023
v 100.0000 6.3899 18.5981
v 95.8334 6.3899 18.6059
v 95.8334 6.3899 18.6059
v 100.0000 6.3899 18.5981
v 100.0000 6.3857 18.5880
v 95.8333 6.3857 18.5958
v 95.8333 6.3857 18.5958
v 100.0000 6.3857 18.5880
v 100.0000 6.3899 18.5779
v 95.8333 6.3899 18.5857
v 95.8333 6.3899 18.5857
v 100.0000 6.3899 18.5779
v 100.0000 6.4000 18.5737
v 95.8333 6.4000 18.5815
v 95.8333 6.4000 18.5815
v 100.0000 6.4000 18.5737
v 100.0000 6.4101 18.5779
v 95.8333 6.4101 18.5857
v 95.8333 6.4101 18.5857
v 100.0000 6.4101 18.5779
v 100.0000 6.4143 18.5880
v 95.8333 6.4143 18.5958
v 100.0000 6.4143 18.5880
v 104.1667 6.4143 18.5958
v 104.1666 6.4101 18.6059
v 100.0000 6.4101 18.5981
v 100.0000 6.4101 18.5981
v 104.1666 6.4101 18.6059
v 104.1666 6.4000 18.6101
v 100.0000 6.4000 18.6023
v 100.0000 6.4000 18.6023
v 104.1666 6.4000 18.6101
v 104.1666 6.3899 18.6059
v 100.0000 6.3899 18.5981
v 100.0000 6.3899 18.5981
v 104.1666 6.3899 18.6059
v 104.1667 6.3857 18.5958
v 100.0000 6.3857 18.5880
v 100.0000 6.3857 18.5880
v 104.1667 6.3857 18.5958
v 104.1667 6.3899 18.5857
v 100.0000 6.3899 18.5779
v 100.0000 6.3899 18.5779
v 104.1667 6.3899 18.5857
v 104.1667 6.4000 18.5815
v 100.0000 6.4000 18.5737
v 100.0000 6.4000 18.5737
v 104.1667 6.4000 18.5815
v 104.1667 6.4101 18.5857
v 100.0000 6.4101 18.5779
v 100.0000 6.4101 18.5779
v 104.1667 6.4101 18.5857
v 104.1667 6.4143 18.5958
v 100.0000 6.4143 18.5880
v 104.1667 6.4143 18.5958
v 108.3333 6.4143 18.6192
v 108.3333 6.4101 18.6293
v 104.1666 6.4101 18.6059
v 104.1666 6.4101 18.6059
v 108.3333 6.4101 18.6293
v 108.3332 6.4000 18.6335
v 104.1666 6.4000 18.6101
v 104.1666 6.4000 18.6101
v 108.3332 6.4000 18.6335
v 108.3333 6.3899 18.6293
v 104.1666 6.3899 18.6059
v 104.1666 6.3899 18.6059
v 108.3333 6.3899 18.6293
v 108.3333 6.3857 18.6192
v 104.1667 6.3857 18.5958
v 104.1667 6.3857 18.5958
v 108.3333 6.3857 18.6192
v 108.3334 6.3899 18.6091
v 104.1667 6.3899 18.5857
v 104.1667 6.3899 18.5857
v 108.3334 6.3899 18.6091
v 108.3334 6.4000 18.6049
v 104.1667 6.4000 18.5815
v 104.1667 6.4000 18.5815
v 108.3334 6.4000 18.6049
v 108.3334 6.4101 18.6091
v 104.1667 6.4101 18.5857
v 104.1667 6.4101 18.5857
v 108.3334 6.4101 18.6091
v 108.3333 6.4143 18.6192
v 104.1667 6.4143 18.5958
v 108.3333 6.4143 18.6192
v 112.5000 6.4143 18.6583
v 112.4999 6.4101 18.6684
v 108.3333 6.4101 18.6293
v 108.3333 6.4101 18.6293
v 112.4999 6.4101 18.6684
v 112.4998 6.4000 18.6726
v 108.3332 6.4000 18.6335
v 108.3332 6.4000 18.6335
v 112.4998 6.4000 18.6726
v 112.4999 6.3899 18.6684
v 108.3333 6.3899 18.6293
v 108.3333 6.3899 18.6293
v 112.4999 6.3899 18.6684
v 112.5000 6.3857 18.6583
v 108.3333 6.3857 18.6192
v 108.3333 6.3857 18.6192
v 112.5000 6.3857 18.6583
v 112.5001 6.3899 18.6482
v 108.3334 6.3899 18.6091
v 108.3334 6.3899 18.6091
v 112.5001 6.3899 18.6482
v 112.5002 6.4000 18.6440
v 108.3334 6.4000 18.6049
v 108.3334 6.4000 18.6049
v 112.5002 6.4000 18.6440
v 112.5001 6.4101 18.6482
v 108.3334 6.4101 18.6091
v 108.3334 6.4101 18.6091
v 112.5001 6.4101 18.6482
v 112.5000 6.4143 18.6583
v 108.3333 6.4143 18.6192
v 112.5000 6.4143 18.6583
v 116.6667 6.4143 18.7129
v 116.6665 6.4101 18.7230
v 112.4999 6.4101 18.6684
v 112.4999 6.4101 18.6684
v 116.6665 6.4101 18.7230
v 116.6665 6.4000 18.7272
v 112.4998 6.4000 18.6726
v 112.4998 6.4000 18.6726
v 116.6665 6.4000 18.7272
v 116.6665 6.3899 18.7230
v 112.4999 6.3899 18.6684
v 112.4999 6.3899 18.6684
v 116.6665 6.3899 18.7230
v 116.6667 6.3857 18.7129
v 112.5000 6.3857 18.6583
v 112.5000 6.3857 18.6583
v 116.6667 6.3857 18.7129
v 116.6668 6.3899 18.7028
v 112.5001 6.3899 18.6482
v 112.5001 6.3899 18.6482
v 116.6668 6.3899 18.7028
v 116.6669 6.4000 18.6986
v 112.5002 6.4000 18.6440
v 112.5002 6.4000 18.6440
v 116.6669 6.4000 18.6986
v 116.6668 6.4101 18.7028
v 112.5001 6.4101 18.6482
v 112.5001 6.4101 18.6482
v 116.6668 6.4101 18.7028
v 116.6667 6.4143 18.7129
v 112.5000 6.4143 18.6583
v 116.6667 6.4143 18.7129
v 120.8333 6.4143 18.7832
v 120.8331 6.4101 18.7933
v 116.6665 6.4101 18.7230
v 116.6665 6.4101 18.7230
v 120.8331 6.4101 18.7933
v 120.8331 6.4000 18.7975
v 116.6665 6.4000 18.7272
v 116.6665 6.4000 18.7272
v 120.8331 6.4000 18.7975
v 120.8331 6.3899 18.7933
v 116.6665 6.3899 18.7230
v 116.6665 6.3899 18.7230
v 120.8331 6.3899 18.7933
v 120.8333 6.3857 18.7832
v 116.6667 6.3857 18.7129
v 116.6667 6.3857 18.7129
v 120.8333 6.3857 18.7832
v 120.8335 6.3899 18.7731
v 116.6668 6.3899 18.7028
v 116.6668 6.3899 18.7028
v 120.8335 6.3899 18.7731
v 120.8336 6.4000 18.7689
v 116.6669 6.4000 18.6986
v 116.6669 6.4000 18.6986
v 120.8336 6.4000 18.7689
v 120.8335 6.4101 18.7731
v 116.6668 6.4101 18.7028
v 116.6668 6.4101 18.7028
v 120.8335 6.4101 18.7731
v 120.8333 6.4143 18.7832
v 116.6667 6.4143 18.7129
v 120.8333 6.4143 18.7832
v 125.0000 6.4143 18.8691
v 124.9998 6.4101 18.8792
v 120.8331 6.4101 18.7933
v 120.8331 6.4101 18.7933
v 124.9998 6.4101 18.8792
v 124.9997 6.4000 18.8834
v 120.8331 6.4000 18.7975
v 120.8331 6.4000 18.7975
v 124.9997 6.4000 18.8834
v 124.9998 6.3899 18.8792
v 120.8331 6.3899 18.7933
v 120.8331 6.3899 18.7933
v 124.9998 6.3899 18.8792
v 125.0000 6.3857 18.8691
v 120.8333 6.3857 18.7832
v 120.8333 6.3857 18.7832
v 125.0000 6.3857 18.8691
v 125.0002 6.3899 18.8590
v 120.8335 6.3899 18.7731
v 120.8335 6.3899 18.7731
v 125.0002 6.3899 18.8590
v 125.0003 6.4000 18.8548
v 120.8336 6.4000 18.7689
v 120.8336 6.4000 18.7689
v 125.0003 6.4000 18.8548
v 125.0002 6.4101 18.8590
v 120.8335 6.4101 18.7731
v 120.8335 6.4101 18.7731
v 125.0002 6.4101 18.8590
v 125.0000 6.4143 18.8691
v 120.8333 6.4143 18.7832
v 125.0000 6.4143 18.8691
v 129.1667 6.4143 18.9706
v 129.1664 6.4101 18.9807
v 124.9998 6.4101 18.8792
v 124.9998 6.4101 18.8792
v 129.1664 6.4101 18.9807
v 129.1663 6.4000 18.9849
v 124.9997 6.4000 18.8834
v 124.9997 6.4000 18.8834
v 129.1663 6.4000 18.9849
v 129.1664 6.3899 18.9807
v 124.9998 6.3899 18.8792
v 124.9998 6.3899 18.8792
v 129.1664 6.3899 18.9807
v 129.1667 6.3857 18.9706
v 125.0000 6.3857 18.8691
v 125.0000 6.3857 18.8691
v 129.1667 6.3857 18.9706
v 129.1669 6.3899 18.9605
v 125.0002 6.3899 18.8590
v 125.0002 6.3899 18.8590
v 129.1669 6.3899 18.9605
v 129.1670 6.4000 18.9563
v 125.0003 6.4000 18.8548
v 125.0003 6.4000 18.8548
v 129.1670 6.4000 18.9563
v 129.1669 6.4101 18.9605
v 125.0002 6.4101 18.8590
v 125.0002 6.4101 18.8590
v 129.1669 6.4101 18.9605
v 129.1667 6.4143 18.9706
v 125.0000 6.4143 18.8691
v 129.1667 6.4143 18.9706
v 133.3333 6.4143 19.0877
v 133.3330 6.4101 19.0978
v 129.1664 6.4101 18.9807
v 129.1664 6.4101 18.9807
v 133.3330 6.4101 19.0978
v 133.3329 6.4000 19.1020
v 129.1663 6.4000 18.9849
v 129.1663 6.4000 18.9849
v 133.3329 6.4000 19.1020
v 133.3330 6.3899 19.0978
v 129.1664 6.3899 18.9807
v 129.1664 6.3899 18.9807
v 133.3330 6.3899 19.0978
v 133.3333 6.3857 19.0877
v 129.1667 6.3857 18.9706
v 129.1667 6.3857 18.9706
v 133.3333 6.3857 19.0877
v 133.3336 6.3899 19.0776
v 129.1669 6.3899 18.9605
v 129.1669 6.3899 18.9605
v 133.3336 6.3899 19.0776
v 133.3338 6.4000 19.0734
v 129.1670 6.4000 18.9563
v 129.1670 6.4000 18.9563
v 133.3338 6.4000 19.0734
v 133.3336 6.4101 19.0776
v 129.1669 6.4101 18.9605
v 129.1669 6.4101 18.9605
v 133.3336 6.4101 19.0776
v 133.3333 6.4143 19.0877
v 129.1667 6.4143 18.9706
v 133.3333 6.4143 19.0877
v 137.5000 6.4143 19.2204
v 137.4997 6.4101 19.2306
v 133.3330 6.4101 19.0978
v 133.3330 6.4101 19.0978
v 137.4997 6.4101 19.2306
v 137.4995 6.4000 19.2347
v 133.3329 6.4000 19.1020
v 133.3329 6.4000 19.1020
v 137.4995 6.4000 19.2347
v 137.4997 6.3899 19.2306
v 133.3330 6.3899 19.0978
v 133.3330 6.3899 19.0978
v 137.4997 6.3899 19.2306
v 137.5000 6.3857 19.2204
v 133.3333 6.3857 19.0877
v 133.3333 6.3857 19.0877
v 137.5000 6.3857 19.2204
v 137.5003 6.3899 19.2103
v 133.3336 6.3899 19.0776
v 133.3336 6.3899 19.0776
v 137.5003 6.3899 19.2103
v 137.5005 6.4000 19.2062
v 133.3338 6.4000 19.0734
v 133.3338 6.4000 19.0734
v 137.5005 6.4000 19.2062
v 137.5003 6.4101 19.2103
v 133.3336 6.4101 19.0776
v 133.3336 6.4101 19.0776
v 137.5003 6.4101 19.2103
v 137.5000 6.4143 19.2204
v 133.3333 6.4143 19.0877
v 137.5000 6.4143 19.2204
v 141.6667 6.4143 19.3688
v 141.6663 6.4101 19.3789
v 137.4997 6.4101 19.2306
v 137.4997 6.4101 19.2306
v 141.6663 6.4101 19.3789
v 141.6661 6.4000 19.3831
v 137.4995 6.4000 19.2347
v 137.4995 6.4000 19.2347
v 141.6661 6.4000 19.3831
v 141.6663 6.3899 19.3789
v 137.4997 6.3899 19.2306
v 137.4997 6.3899 19.2306
v 141.6663 6.3899 19.3789
v 141.6667 6.3857 19.3688
v 137.5000 6.3857 19.2204
v 137.5000 6.3857 19.2204
v 141.6667 6.3857 19.3688
v 141.6670 6.3899 19.3587
v 137.5003 6.3899 19.2103
v 137.5003 6.3899 19.2103
v 141.6670 6.3899 19.3587
v 141.6672 6.4000 19.3545
v 137.5005 6.4000 19.2062
v 137.5005 6.4000 19.2062
v 141.6672 6.4000 19.3545
v 141.6670 6.4101 19.3587
v 137.5003 6.4101 19.2103
v 137.5003 6.4101 19.2103
v 141.6670 6.4101 19.3587
v 141.6667 6.4143 19.3688
v 137.5000 6.4143 19.2204
v 141.6667 6.4143 19.3688
v 145.8333 6.4143 19.5328
v 145.8329 6.4101 19.5429
v 141.6663 6.4101 19.3789
v 141.6663 6.4101 19.3789
v 145.8329 6.4101 19.5429
v 145.8327 6.4000 19.5471
v 141.6661 6.4000 19.3831
v 141.6661 6.4000 19.3831
v 145.8327 6.4000 19.5471
v 145.8329 6.3899 19.5429
v 141.6663 6.3899 19.3789
v 141.6663 6.3899 19.3789
v 145.8329 6.3899 19.5429
v 145.8333 6.3857 19.5328
v 141.6667 6.3857 19.3688
v 141.6667 6.3857 19.3688
v 145.8333 6.3857 19.5328
v 145.8337 6.3899 19.5227
v 141.6670 6.3899 19.3587
v 141.6670 6.3899 19.3587
v 145.8337 6.3899 19.5227
v 145.8339 6.4000 19.5185
v 141.6672 6.4000 19.3545
v 141.6672 6.4000 19.3545
v 145.8339 6.4000 19.5185
v 145.8337 6.4101 19.5227
v 141.6670 6.4101 19.3587
v 141.6670 6.4101 19.3587
v 145.8337 6.4101 19.5227
v 145.8333 6.4143 19.5328
v 141.6667 6.4143 19.3688
v 145.8333 6.4143 19.5328
v 150.0000 6.4143 19.7124
v 149.9995 6.4101 19.7225
v 145.8329 6.4101 19.5429
v 145.8329 6.4101 19.5429
v 149.9995 6.4101 19.7225
v 149.9994 6.4000 19.7267
v 145.8327 6.4000 19.5471
v 145.8327 6.4000 19.5471
v 149.9994 6.4000 19.7267
v 149.9995 6.3899 19.7225
v 145.8329 6.3899 19.5429
v 145.8329 6.3899 19.5429
v 149.9995 6.3899 19.7225
v 150.0000 6.3857 19.7124
v 145.8333 6.3857 19.5328
v 145.8333 6.3857 19.5328
v 150.0000 6.3857 19.7124
v 150.0005 6.3899 19.7023
v 145.8337 6.3899 19.5227
v 145.8337 6.3899 19.5227
v 150.0005 6.3899 19.7023
v 150.0006 6.4000 19.6981
v 145.8339 6.4000 19.5185
v 145.8339 6.4000 19.5185
v 150.0006 6.4000 19.6981
v 150.0005 6.4101 19.7023
v 145.8337 6.4101 19.5227
v 145.8337 6.4101 19.5227
v 150.0005 6.4101 19.7023
v 150.0000 6.4143 19.7124
v 145.8333 6.4143 19.5328
v 150.0000 6.4143 19.7124
v 154.1667 6.4143 19.9077
v 154.1662 6.4101 19.9178
v 149.9995 6.4101 19.7225
v 149.9995 6.4101 19.7225
v 154.1662 6.4101 19.9178
v 154.1660 6.4000 19.9220
v 149.9994 6.4000 19.7267
v 149.9994 6.4000 19.7267
v 154.1660 6.4000 19.9220
v 154.1662 6.3899 19.9178
v 149.9995 6.3899 19.7225
v 149.9995 6.3899 19.7225
v 154.1662 6.3899 19.9178
v 154.1667 6.3857 19.9077
v 150.0000 6.3857 19.7124
v 150.0000 6.3857 19.7124
v 154.1667 6.3857 19.9077
v 154.1672 6.3899 19.8976
v 150.0005 6.3899 19.7023
v 150.0005 6.3899 19.7023
v 154.1672 6.3899 19.8976
v 154.1674 6.4000 19.8934
v 150.0006 6.4000 19.6981
v 150.0006 6.4000 19.6981
v 154.1674 6.4000 19.8934
v 154.1672 6.4101 19.8976
v 150.0005 6.4101 19.7023
v 150.0005 6.4101 19.7023
v 154.1672 6.4101 19.8976
v 154.1667 6.4143 19.9077
v 150.0000 6.4143 19.7124
v 154.1667 6.4143 19.9077
v 158.3333 6.4143 20.1186
v 158.3328 6.4101 20.1287
v 154.1662 6.4101 19.9178
v 154.1662 6.4101 19.9178
v 158.3328 6.4101 20.1287
v 158.3326 6.4000 20.1328
v 154.1660 6.4000 19.9220
v 154.1660 6.4000 19.9220
v 158.3326 6.4000 20.1328
v 158.3328 6.3899 20.1287
v 154.1662 6.3899 19.9178
v 154.1662 6.3899 19.9178
v 158.3328 6.3899 20.1287
v 158.3333 6.3857 20.1186
v 154.1667 6.3857 19.9077
v 154.1667 6.3857 19.9077
v 158.3333 6.3857 20.1186
v 158.3339 6.3899 20.1085
v 154.1672 6.3899 19.8976
v 154.1672 6.3899 19.8976
v 158.3339 6.3899 20.1085
v 158.3341 6.4000 20.1043
v 154.1674 6.4000 19.8934
v 154.1674 6.4000 19.8934
v 158.3341 6.4000 20.1043
v 158.3339 6.4101 20.1085
v 154.1672 6.4101 19.8976
v 154.1672 6.4101 19.8976
v 158.3339 6.4101 20.1085
v 158.3333 6.4143 20.1186
v 154.1667 6.4143 19.9077
v 158.3333 6.4143 20.1186
v 162.5000 6.4143 20.3451
v 162.4994 6.4101 20.3552
v 158.3328 6.4101 20.1287
v 158.3328 6.4101 20.1287
v 162.4994 6.4101 20.3552
v 162.4992 6.4000 20.3594
v 158.3326 6.4000 20.1328
v 158.3326 6.4000 20.1328
v 162.4992 6.4000 20.3594
v 162.4994 6.3899 20.3552
v 158.3328 6.3899 20.1287
v 158.3328 6.3899 20.1287
v 162.4994 6.3899 20.3552
v 162.5000 6.3857 20.3451
v 158.3333 6.3857 20.1186
v 158.3333 6.3857 20.1186
v 162.5000 6.3857 20.3451
v 162.5006 6.3899 20.3350
v 158.3339 6.3899 20.1085
v 158.3339 6.3899 20.1085
v 162.5006 6.3899 20.3350
v 162.5008 6.4000 20.3308
v 158.3341 6.4000 20.1043
v 158.3341 6.4000 20.1043
v 162.5008 6.4000 20.3308
v 162.5006 6.4101 20.3350
v 158.3339 6.4101 20.1085
v 158.3339 6.4101 20.1085
v 162.5006 6.4101 20.3350
v 162.5000 6.4143 20.3451
v 158.3333 6.4143 20.1186
v 162.5000 6.4143 20.3451
v 166.6667 6.4143 20.5873
v 166.6661 6.4101 20.5973
v 162.4994 6.4101 20.3552
v 162.4994 6.4101 20.3552
v 166.6661 6.4101 20.5973
v 166.6658 6.4000 20.6015
v 162.4992 6.4000 20.3594
v 162.4992 6.4000 20.3594
v 166.6658 6.4000 20.6015
v 166.6661 6.3899 20.5973
v 162.4994 6.3899 20.3552
v 162.4994 6.3899 20.3552
v 166.6661 6.3899 20.5973
v 166.6667 6.3857 20.5873
v 162.5000 6.3857 20.3451
v 162.5000 6.3857 20.3451
v 166.6667 6.3857 20.5873
v 166.6673 6.3899 20.5772
v 162.5006 6.3899 20.3350
v 162.5006 6.3899 20.3350
v 166.6673 6.3899 20.5772
v 166.6675 6.4000 20.5730
v 162.5008 6.4000 20.3308
v 162.5008 6.4000 20.3308
v 166.6675 6.4000 20.5730
v 166.6673 6.4101 20.5772
v 162.5006 6.4101 20.3350
v 162.5006 6.4101 20.3350
v 166.6673 6.4101 20.5772
v 166.6667 6.4143 20.5873
v 162.5000 6.4143 20.3451
v 166.6667 6.4143 20.5873
v 170.8333 6.4143 20.8451
v 170.8327 6.4101 20.8551
v 166.6661 6.4101 20.5973
v 166.6661 6.4101 20.5973
v 170.8327 6.4101 20.8551
v 170.8324 6.4000 20.8593
v 166.6658 6.4000 20.6015
v 166.6658 6.4000 20.6015
v 170.8324 6.4000 20.8593
v 170.8327 6.3899 20.8551
v 166.6661 6.3899 20.5973
v 166.6661 6.3899 20.5973
v 170.8327 6.3899 20.8551
v 170.8333 6.3857 20.8451
v 166.6667 6.3857 20.5873
v 166.6667 6.3857 20.5873
v 170.8333 6.3857 20.8451
v 170.8340 6.3899 20.8350
v 166.6673 6.3899 20.5772
v 166.6673 6.3899 20.5772
v 170.8340 6.3899 20.8350
v 170.8342 6.4000 20.8308
v 166.6675 6.4000 20.5730
v 166.6675 6.4000 20.5730
v 170.8342 6.4000 20.8308
v 170.8340 6.4101 20.8350
v 166.6673 6.4101 20.5772
v 166.6673 6.4101 20.5772
v 170.8340 6.4101 20.8350
v 170.8333 6.4143 20.8451
v 166.6667 6.4143 20.5873
v 170.8333 6.4143 20.8451
v 175.0000 6.4143 21.1185
v 174.9993 6.4101 21.1286
v 170.8327 6.4101 20.8551
v 170.8327 6.4101 20.8551
v 174.9993 6.4101 21.1286
v 174.9990 6.4000 21.1328
v 170.8324 6.4000 20.8593
v 170.8324 6.4000 20.8593
v 174.9990 6.4000 21.1328
v 174.9993 6.3899 21.1286
v 170.8327 6.3899 20.8551
v 170.8327 6.3899 20.8551
v 174.9993 6.3899 21.1286
v 175.0000 6.3857 21.1185
v 170.8333 6.3857 20.8451
v 170.8333 6.3857 20.8451
v 175.0000 6.3857 21.1185
v 175.0007 6.3899 21.1084
v 170.8340 6.3899 20.8350
v 170.8340 6.3899 20.8350
v 175.0007 6.3899 21.1084
v 175.0010 6.4000 21.1042
v 170.8342 6.4000 20.8308
v 170.8342 6.4000 20.8308
v 175.0010 6.4000 21.1042
v 175.0007 6.4101 21.1084
v 170.8340 6.4101 20.8350
v 170.8340 6.4101 20.8350
v 175.0007 6.4101 21.1084
v 175.0000 6.4143 21.1185
v 170.8333 6.4143 20.8451
v 175.0000 6.4143 21.1185
v 179.1667 6.4143 21.4076
v 179.1659 6.4101 21.4177
v 174.9993 6.4101 21.1286
v 174.9993 6.4101 21.1286
v 179.1659 6.4101 21.4177
v 179.1657 6.4000 21.4219
v 174.9990 6.4000 21.1328
v 174.9990 6.4000 21.1328
v 179.1657 6.4000 21.4219
v 179.1659 6.3899 21.4177
v 174.9993 6.3899 21.1286
v 174.9993 6.3899 21.1286
v 179.1659 6.3899 21.4177
v 179.1667 6.3857 21.4076
v 175.0000 6.3857 21.1185
v 175.0000 6.3857 21.1185
v 179.1667 6.3857 21.4076
v 179.1674 6.3899 21.3975
v 175.0007 6.3899 21.1084
v 175.0007 6.3899 21.1084
v 179.1674 6.3899 21.3975
v 179.1677 6.4000 21.3933
v 175.0010 6.4000 21.1042
v 175.0010 6.4000 21.1042
v 179.1677 6.4000 21.3933
v 179.1674 6.4101 21.3975
v 175.0007 6.4101 21.1084
v 175.0007 6.4101 21.1084
v 179.1674 6.4101 21.3975
v 179.1667 6.4143 21.4076
v 175.0000 6.4143 21.1185
v 179.1667 6.4143 21.4076
v 183.3333 6.4143 21.7124
v 183.3326 6.4101 21.7224
v 179.1659 6.4101 21.4177
v 179.1659 6.4101 21.4177
v 183.3326 6.4101 21.7224
v 183.3323 6.4000 21.7266
v 179.1657 6.4000 21.4219
v 179.1657 6.4000 21.4219
v 183.3323 6.4000 21.7266
v 183.3326 6.3899 21.7224
v 179.1659 6.3899 21.4177
v 179.1659 6.3899 21.4177
v 183.3326 6.3899 21.7224
v 183.3333 6.3857 21.7124
v 179.1667 6.3857 21.4076
v 179.1667 6.3857 21.4076
v 183.3333 6.3857 21.7124
v 183.3341 6.3899 21.7023
v 179.1674 6.3899 21.3975
v 179.1674 6.3899 21.3975
v 183.3341 6.3899 21.7023
v 183.3344 6.4000 21.6981
v 179.1677 6.4000 21.3933
v 179.1677 6.4000 21.3933
v 183.3344 6.4000 21.6981
v 183.3341 6.4101 21.7023
v 179.1674 6.4101 21.3975
v 179.1674 6.4101 21.3975
v 183.3341 6.4101 21.7023
v 183.3333 6.4143 21.7124
v 179.1667 6.4143 21.4076
v 183.3333 6.4143 21.7124
v 187.5000 6.4143 22.0328
v 187.4992 6.4101 22.0428
v 183.3326 6.4101 21.7224
v 183.3326 6.4101 21.7224
v 187.4992 6.4101 22.0428
v 187.4989 6.4000 22.0470
v 183.3323 6.4000 21.7266
v 183.3323 6.4000 21.7266
v 187.4989 6.4000 22.0470
v 187.4992 6.3899 22.0428
v 183.3326 6.3899 21.7224
v 183.3326 6.3899 21.7224
v 187.4992 6.3899 22.0428
v 187.5000 6.3857 22.0328
v 183.3333 6.3857 21.7124
v 183.3333 6.3857 21.7124
v 187.5000 6.3857 22.0328
v 187.5008 6.3899 22.0227
v 183.3341 6.3899 21.7023
v 183.3341 6.3899 21.7023
v 187.5008 6.3899 22.0227
v 187.5011 6.4000 22.0185
v 183.3344 6.4000 21.6981
v 183.3344 6.4000 21.6981
v 187.5011 6.4000 22.0185
v 187.5008 6.4101 22.0227
v 183.3341 6.4101 21.7023
v 183.3341 6.4101 21.7023
v 187.5008 6.4101 22.0227
v 187.5000 6.4143 22.0328
v 183.3333 6.4143 21.7124
v 187.5000 6.4143 22.0328
v 191.6667 6.4143 22.3688
v 191.6658 6.4101 22.3789
v 187.4992 6.4101 22.0428
v 187.4992 6.4101 22.0428
v 191.6658 6.4101 22.3789
v 191.6655 6.4000 22.3831
v 187.4989 6.4000 22.0470
v 187.4989 6.4000 22.0470
v 191.6655 6.4000 22.3831
v 191.6658 6.3899 22.3789
v 187.4992 6.3899 22.0428
v 187.4992 6.3899 22.0428
v 191.6658 6.3899 22.3789
v 191.6667 6.3857 22.3688
v 187.5000 6.3857 22.0328
v 187.5000 6.3857 22.0328
v 191.6667 6.3857 22.3688
v 191.6675 6.3899 22.3588
v 187.5008 6.3899 22.0227
v 187.5008 6.3899 22.0227
v 191.6675 6.3899 22.3588
v 191.6678 6.4000 22.3546
v 187.5011 6.4000 22.0185
v 187.5011 6.4000 22.0185
v 191.6678 6.4000 22.3546
v 191.6675 6.4101 22.3588
v 187.5008 6.4101 22.0227
v 187.5008 6.4101 22.0227
v 191.6675 6.4101 22.3588
v 191.6667 6.4143 22.3688
v 187.5000 6.4143 22.0328
v 191.6667 6.4143 22.3688
v 195.8333 6.4143 22.7206
v 195.8325 6.4101 22.7307
v 191.6658 6.4101 22.3789
v 191.6658 6.4101 22.3789
v 195.8325 6.4101 22.7307
v 195.8321 6.4000 22.7348
v 191.6655 6.4000 22.3831
v 191.6655 6.4000 22.3831
v 195.8321 6.4000 22.7348
v 195.8325 6.3899 22.7307
v 191.6658 6.3899 22.3789
v 191.6658 6.3899 22.3789
v 195.8325 6.3899 22.7307
v 195.8333 6.3857 22.7206
v 191.6667 6.3857 22.3688
v 191.6667 6.3857 22.3688
v 195.8333 6.3857 22.7206
v 195.8342 6.3899 22.7105
v 191.6675 6.3899 22.3588
v 191.6675 6.3899 22.3588
v 195.8342 6.3899 22.7105
v 195.8346 6.4000 22.7063
v 191.6678 6.4000 22.3546
v 191.6678 6.4000 22.3546
v 195.8346 6.4000 22.7063
v 195.8342 6.4101 22.7105
v 191.6675 6.4101 22.3588
v 191.6675 6.4101 22.3588
v 195.8342 6.4101 22.7105
v 195.8333 6.4143 22.7206
v 191.6667 6.4143 22.3688
v 195.8333 6.4143 22.7206
v 200.0000 6.4143 23.0880
v 199.9991 6.4101 23.0981
v 195.8325 6.4101 22.7307
v 195.8325 6.4101 22.7307
v 199.9991 6.4101 23.0981
v 199.9987 6.4000 23.1022
v 195.8321 6.4000 22.7348
v 195.8321 6.4000 22.7348
v 199.9987 6.4000 23.1022
v 199.9991 6.3899 23.0981
v 195.8325 6.3899 22.7307
v 195.8325 6.3899 22.7307
v 199.9991 6.3899 23.0981
v 200.0000 6.3857 23.0880
v 195.8333 6.3857 22.7206
v 195.8333 6.3857 22.7206
v 200.0000 6.3857 23.0880
v 200.0009 6.3899 23.0779
v 195.8342 6.3899 22.7105
v 195.8342 6.3899 22.7105
v 200.0009 6.3899 23.0779
v 200.0013 6.4000 23.0738
v 195.8346 6.4000 22.7063
v 195.8346 6.4000 22.7063
v 200.0013 6.4000 23.0738
v 200.0009 6.4101 23.0779
v 195.8342 6.4101 22.7105
v 195.8342 6.4101 22.7105
v 200.0009 6.4101 23.0779
v 200.0000 6.4143 23.0880
v 195.8333 6.4143 22.7206
v 0.0000 6.4000 23.0880
v 0.0000 6.4143 23.0880
v 0.0009 6.4101 23.0981
v 0.0009 6.4101 23.0981
v 0.0013 6.4000 23.1022
v 0.0013 6.4000 23.1022
v 0.0009 6.3899 23.0981
v 0.0009 6.3899 23.0981
v 0.0000 6.3857 23.0880
v 0.0000 6.3857 23.0880
v -0.0009 6.3899 23.0779
v -0.0009 6.3899 23.0779
v -0.0013 6.4000 23.0738
v -0.0013 6.4000 23.0738
v -0.0009 6.4101 23.0779
v -0.0009 6.4101 23.0779
v 0.0000 6.4143 23.0880
v 200.0000 6.4000 23.0880
v 200.0000 6.4143 23.0880
v 199.9991 6.4101 23.0981
v 199.9991 6.4101 23.0981
v 199.9987 6.4000 23.1022
v 199.9987 6.4000 23.1022
v 199.9991 6.3899 23.0981
v 199.9991 6.3899 23.0981
v 200.0000 6.3857 23.0880
v 200.0000 6.3857 23.0880
v 200.0009 6.3899 23.0779
v 200.0009 6.3899 23.0779
v 200.0013 6.4000 23.0738
v 200.0013 6.4000 23.0738
v 200.0009 6.4101 23.0779
v 200.0009 6.4101 23.0779
v 200.0000 6.4143 23.0880
v 0.0000 -5.1857 28.0920
v 4.1667 -5.1857 27.7246
v 4.1675 -5.1899 27.7347
v 0.0009 -5.1899 28.1021
v 0.0009 -5.1899 28.1021
v 4.1675 -5.1899 27.7347
v 4.1679 -5.2000 27.7388
v 0.0013 -5.2000 28.1062
v 0.0013 -5.2000 28.1062
v 4.1679 -5.2000 27.7388
v 4.1675 -5.2101 27.7347
v 0.0009 -5.2101 28.1021
v 0.0009 -5.2101 28.1021
v 4.1675 -5.2101 27.7347
v 4.1667 -5.2143 27.7246
v 0.0000 -5.2143 28.0920
v 0.0000 -5.2143 28.0920
v 4.1667 -5.2143 27.7246
v 4.1658 -5.2101 27.7145
v -0.0009 -5.2101 28.0819
v -0.0009 -5.2101 28.0819
v 4.1658 -5.2101 27.7145
v 4.1654 -5.2000 27.7103
v -0.0013 -5.2000 28.0778
v -0.0013 -5.2000 28.0778
v 4.1654 -5.2000 27.7103
v 4.1658 -5.1899 27.7145
v -0.0009 -5.1899 28.0819
v -0.0009 -5.1899 28.0819
v 4.1658 -5.1899 27.7145
v 4.1667 -5.1857 27.7246
v 0.0000 -5.1857 28.0920
v 4.1667 -5.1857 27.7246
v 8.3333 -5.1857 27.3728
v 8.3342 -5.1899 27.3829
v 4.1675 -5.1899 27.7347
v 4.1675 -5.1899 27.7347
v 8.3342 -5.1899 27.3829
v 8.3345 -5.2000 27.3871
v 4.1679 -5.2000 27.7388
v 4.1679 -5.2000 27.7388
v 8.3345 -5.2000 27.3871
v 8.3342 -5.2101 27.3829
v 4.1675 -5.2101 27.7347
v 4.1675 -5.2101 27.7347
v 8.3342 -5.2101 27.3829
v 8.3333 -5.2143 27.3728
v 4.1667 -5.2143 27.7246
v 4.1667 -5.2143 27.7246
v 8.3333 -5.2143 27.3728
v 8.3325 -5.2101 27.3628
v 4.1658 -5.2101 27.7145
v 4.1658 -5.2101 27.7145
v 8.3325 -5.2101 27.3628
v 8.3322 -5.2000 27.3586
v 4.1654 -5.2000 27.7103
v 4.1654 -5.2000 27.7103
v 8.3322 -5.2000 27.3586
v 8.3325 -5.1899 27.3628
v 4.1658 -5.1899 27.7145
v 4.1658 -5.1899 27.7145
v 8.3325 -5.1899 27.3628
v 8.3333 -5.1857 27.3728
v 4.1667 -5.1857 27.7246
v 8.3333 -5.1857 27.3728
v 12.5000 -5.1857 27.0368
v 12.5008 -5.1899 27.0468
v 8.3342 -5.1899 27.3829
v 8.3342 -5.1899 27.3829
v 12.5008 -5.1899 27.0468
v 12.5011 -5.2000 27.0510
v 8.3345 -5.2000 27.3871
v 8.3345 -5.2000 27.3871
v 12.5011 -5.2000 27.0510
v 12.5008 -5.2101 27.0468
v 8.3342 -5.2101 27.3829
v 8.3342 -5.2101 27.3829
v 12.5008 -5.2101 27.0468
v 12.5000 -5.2143 27.0368
v 8.3333 -5.2143 27.3728
v 8.3333 -5.2143 27.3728
v 12.5000 -5.2143 27.0368
v 12.4992 -5.2101 27.0267
v 8.3325 -5.2101 27.3628
v 8.3325 -5.2101 27.3628
v 12.4992 -5.2101 27.0267
v 12.4989 -5.2000 27.0225
v 8.3322 -5.2000 27.3586
v 8.3322 -5.2000 27.3586
v 12.4989 -5.2000 27.0225
v 12.4992 -5.1899 27.0267
v 8.3325 -5.1899 27.3628
v 8.3325 -5.1899 27.3628
v 12.4992 -5.1899 27.0267
v 12.5000 -5.1857 27.0368
v 8.3333 -5.1857 27.3728
v 12.5000 -5.1857 27.0368
v 16.6667 -5.1857 26.7164
v 16.6674 -5.1899 26.7264
v 12.5008 -5.1899 27.0468
v 12.5008 -5.1899 27.0468
v 16.6674 -5.1899 26.7264
v 16.6677 -5.2000 26.7306
v 12.5011 -5.2000 27.0510
v 12.5011 -5.2000 27.0510
v 16.6677 -5.2000 26.7306
v 16.6674 -5.2101 26.7264
v 12.5008 -5.2101 27.0468
v 12.5008 -5.2101 27.0468
v 16.6674 -5.2101 26.7264
v 16.6667 -5.2143 26.7164
v 12.5000 -5.2143 27.0368
v 12.5000 -5.2143 27.0368
v 16.6667 -5.2143 26.7164
v 16.6659 -5.2101 26.7063
v 12.4992 -5.2101 27.0267
v 12.4992 -5.2101 27.0267
v 16.6659 -5.2101 26.7063
v 16.6656 -5.2000 26.7021
v 12.4989 -5.2000 27.0225
v 12.4989 -5.2000 27.0225
v 16.6656 -5.2000 26.7021
v 16.6659 -5.1899 26.7063
v 12.4992 -5.1899 27.0267
v 12.4992 -5.1899 27.0267
v 16.6659 -5.1899 26.7063
v 16.6667 -5.1857 26.7164
v 12.5000 -5.1857 27.0368
v 16.6667 -5.1857 26.7164
v 20.8333 -5.1857 26.4116
v 20.8341 -5.1899 26.4217
v 16.6674 -5.1899 26.7264
v 16.6674 -5.1899 26.7264
v 20.8341 -5.1899 26.4217
v 20.8343 -5.2000 26.4259
v 16.6677 -5.2000 26.7306
v 16.6677 -5.2000 26.7306
v 20.8343 -5.2000 26.4259
v 20.8341 -5.2101 26.4217
v 16.6674 -5.2101 26.7264
v 16.6674 -5.2101 26.7264
v 20.8341 -5.2101 26.4217
v 20.8333 -5.2143 26.4116
v 16.6667 -5.2143 26.7164
v 16.6667 -5.2143 26.7164
v 20.8333 -5.2143 26.4116
v 20.8326 -5.2101 26.4015
v 16.6659 -5.2101 26.7063
v 16.6659 -5.2101 26.7063
v 20.8326 -5.2101 26.4015
v 20.8323 -5.2000 26.3973
v 16.6656 -5.2000 26.7021
v 16.6656 -5.2000 26.7021
v 20.8323 -5.2000 26.3973
v 20.8326 -5.1899 26.4015
v 16.6659 -5.1899 26.7063
v 16.6659 -5.1899 26.7063
v 20.8326 -5.1899 26.4015
v 20.8333 -5.1857 26.4116
v 16.6667 -5.1857 26.7164
v 20.8333 -5.1857 26.4116
v 25.0000 -5.1857 26.1225
v 25.0007 -5.1899 26.1326
v 20.8341 -5.1899 26.4217
v 20.8341 -5.1899 26.4217
v 25.0007 -5.1899 26.1326
v 25.0010 -5.2000 26.1368
v 20.8343 -5.2000 26.4259
v 20.8343 -5.2000 26.4259
v 25.0010 -5.2000 26.1368
v 25.0007 -5.2101 26.1326
v 20.8341 -5.2101 26.4217
v 20.8341 -5.2101 26.4217
v 25.0007 -5.2101 26.1326
v 25.0000 -5.2143 26.1225
v 20.8333 -5.2143 26.4116
v 20.8333 -5.2143 26.4116
v 25.0000 -5.2143 26.1225
v 24.9993 -5.2101 26.1124
v 20.8326 -5.2101 26.4015
v 20.8326 -5.2101 26.4015
v 24.9993 -5.2101 26.1124
v 24.9990 -5.2000 26.1082
v 20.8323 -5.2000 26.3973
v 20.8323 -5.2000 26.3973
v 24.9990 -5.2000 26.1082
v 24.9993 -5.1899 26.1124
v 20.8326 -5.1899 26.4015
v 20.8326 -5.1899 26.4015
v 24.9993 -5.1899 26.1124
v 25.0000 -5.1857 26.1225
v 20.8333 -5.1857 26.4116
v 25.0000 -5.1857 26.1225
v 29.1667 -5.1857 25.8491
v 29.1673 -5.1899 25.8591
v 25.0007 -5.1899 26.1326
v 25.0007 -5.1899 26.1326
v 29.1673 -5.1899 25.8591
v 29.1676 -5.2000 25.8633
v 25.0010 -5.2000 26.1368
v 25.0010 -5.2000 26.1368
v 29.1676 -5.2000 25.8633
v 29.1673 -5.2101 25.8591
v 25.0007 -5.2101 26.1326
v 25.0007 -5.2101 26.1326
v 29.1673 -5.2101 25.8591
v 29.1667 -5.2143 25.8491
v 25.0000 -5.2143 26.1225
v 25.0000 -5.2143 26.1225
v 29.1667 -5.2143 25.8491
v 29.1660 -5.2101 25.8390
v 24.9993 -5.2101 26.1124
v 24.9993 -5.2101 26.1124
v 29.1660 -5.2101 25.8390
v 29.1658 -5.2000 25.8348
v 24.9990 -5.2000 26.1082
v 24.9990 -5.2000 26.1082
v 29.1658 -5.2000 25.8348
v 29.1660 -5.1899 25.8390
v 24.9993 -5.1899 26.1124
v 24.9993 -5.1899 26.1124
v 29.1660 -5.1899 25.8390
v 29.1667 -5.1857 25.8491
v 25.0000 -5.1857 26.1225
v 29.1667 -5.1857 25.8491
v 33.3333 -5.1857 25.5913
v 33.3339 -5.1899 25.6013
v 29.1673 -5.1899 25.8591
v 29.1673 -5.1899 25.8591
v 33.3339 -5.1899 25.6013
v 33.3342 -5.2000 25.6055
v 29.1676 -5.2000 25.8633
v 29.1676 -5.2000 25.8633
v 33.3342 -5.2000 25.6055
v 33.3339 -5.2101 25.6013
v 29.1673 -5.2101 25.8591
v 29.1673 -5.2101 25.8591
v 33.3339 -5.2101 25.6013
v 33.3333 -5.2143 25.5913
v 29.1667 -5.2143 25.8491
v 29.1667 -5.2143 25.8491
v 33.3333 -5.2143 25.5913
v 33.3327 -5.2101 25.5812
v 29.1660 -5.2101 25.8390
v 29.1660 -5.2101 25.8390
v 33.3327 -5.2101 25.5812
v 33.3325 -5.2000 25.5770
v 29.1658 -5.2000 25.8348
v 29.1658 -5.2000 25.8348
v 33.3325 -5.2000 25.5770
v 33.3327 -5.1899 25.5812
v 29.1660 -5.1899 25.8390
v 29.1660 -5.1899 25.8390
v 33.3327 -5.1899 25.5812
v 33.3333 -5.1857 25.5913
v 29.1667 -5.1857 25.8491
v 33.3333 -5.1857 25.5913
v 37.5000 -5.1857 25.3491
v 37.5006 -5.1899 25.3592
v 33.3339 -5.1899 25.6013
v 33.3339 -5.1899 25.6013
v 37.5006 -5.1899 25.3592
v 37.5008 -5.2000 25.3634
v 33.3342 -5.2000 25.6055
v 33.3342 -5.2000 25.6055
v 37.5008 -5.2000 25.3634
v 37.5006 -5.2101 25.3592
v 33.3339 -5.2101 25.6013
v 33.3339 -5.2101 25.6013
v 37.5006 -5.2101 25.3592
v 37.5000 -5.2143 25.3491
v 33.3333 -5.2143 25.5913
v 33.3333 -5.2143 25.5913
v 37.5000 -5.2143 25.3491
v 37.4994 -5.2101 25.3390
v 33.3327 -5.2101 25.5812
v 33.3327 -5.2101 25.5812
v 37.4994 -5.2101 25.3390
v 37.4992 -5.2000 25.3348
v 33.3325 -5.2000 25.5770
v 33.3325 -5.2000 25.5770
v 37.4992 -5.2000 25.3348
v 37.4994 -5.1899 25.3390
v 33.3327 -5.1899 25.5812
v 33.3327 -5.1899 25.5812
v 37.4994 -5.1899 25.3390
v 37.5000 -5.1857 25.3491
v 33.3333 -5.1857 25.5913
v 37.5000 -5.1857 25.3491
v 41.6667 -5.1857 25.1226
v 41.6672 -5.1899 25.1327
v 37.5006 -5.1899 25.3592
v 37.5006 -5.1899 25.3592
v 41.6672 -5.1899 25.1327
v 41.6674 -5.2000 25.1368
v 37.5008 -5.2000 25.3634
v 37.5008 -5.2000 25.3634
v 41.6674 -5.2000 25.1368
v 41.6672 -5.2101 25.1327
v 37.5006 -5.2101 25.3592
v 37.5006 -5.2101 25.3592
v 41.6672 -5.2101 25.1327
v 41.6667 -5.2143 25.1226
v 37.5000 -5.2143 25.3491
v 37.5000 -5.2143 25.3491
v 41.6667 -5.2143 25.1226
v 41.6661 -5.2101 25.1125
v 37.4994 -5.2101 25.3390
v 37.4994 -5.2101 25.3390
v 41.6661 -5.2101 25.1125
v 41.6659 -5.2000 25.1083
v 37.4992 -5.2000 25.3348
v 37.4992 -5.2000 25.3348
v 41.6659 -5.2000 25.1083
v 41.6661 -5.1899 25.1125
v 37.4994 -5.1899 25.3390
v 37.4994 -5.1899 25.3390
v 41.6661 -5.1899 25.1125
v 41.6667 -5.1857 25.1226
v 37.5000 -5.1857 25.3491
v 41.6667 -5.1857 25.1226
v 45.8333 -5.1857 24.9117
v 45.8338 -5.1899 24.9218
v 41.6672 -5.1899 25.1327
v 41.6672 -5.1899 25.1327
v 45.8338 -5.1899 24.9218
v 45.8340 -5.2000 24.9260
v 41.6674 -5.2000 25.1368
v 41.6674 -5.2000 25.1368
v 45.8340 -5.2000 24.9260
v 45.8338 -5.2101 24.9218
v 41.6672 -5.2101 25.1327
v 41.6672 -5.2101 25.1327
v 45.8338 -5.2101 24.9218
v 45.8333 -5.2143 24.9117
v 41.6667 -5.2143 25.1226
v 41.6667 -5.2143 25.1226
v 45.8333 -5.2143 24.9117
v 45.8328 -5.2101 24.9016
v 41.6661 -5.2101 25.1125
v 41.6661 -5.2101 25.1125
v 45.8328 -5.2101 24.9016
v 45.8326 -5.2000 24.8974
v 41.6659 -5.2000 25.1083
v 41.6659 -5.2000 25.1083
v 45.8326 -5.2000 24.8974
v 45.8328 -5.1899 24.9016
v 41.6661 -5.1899 25.1125
v 41.6661 -5.1899 25.1125
v 45.8328 -5.1899 24.9016
v 45.8333 -5.1857 24.9117
v 41.6667 -5.1857 25.1226
v 45.8333 -5.1857 24.9117
v 50.0000 -5.1857 24.7164
v 50.0005 -5.1899 24.7265
v 45.8338 -5.1899 24.9218
v 45.8338 -5.1899 24.9218
v 50.0005 -5.1899 24.7265
v 50.0006 -5.2000 24.7307
v 45.8340 -5.2000 24.9260
v 45.8340 -5.2000 24.9260
v 50.0006 -5.2000 24.7307
v 50.0005 -5.2101 24.7265
v 45.8338 -5.2101 24.9218
v 45.8338 -5.2101 24.9218
v 50.0005 -5.2101 24.7265
v 50.0000 -5.2143 24.7164
v 45.8333 -5.2143 24.9117
v 45.8333 -5.2143 24.9117
v 50.0000 -5.2143 24.7164
v 49.9995 -5.2101 24.7063
v 45.8328 -5.2101 24.9016
v 45.8328 -5.2101 24.9016
v 49.9995 -5.2101 24.7063
v 49.9994 -5.2000 24.7021
v 45.8326 -5.2000 24.8974
v 45.8326 -5.2000 24.8974
v 49.9994 -5.2000 24.7021
v 49.9995 -5.1899 24.7063
v 45.8328 -5.1899 24.9016
v 45.8328 -5.1899 24.9016
v 49.9995 -5.1899 24.7063
v 50.0000 -5.1857 24.7164
v 45.8333 -5.1857 24.9117
v 50.0000 -5.1857 24.7164
v 54.1667 -5.1857 24.5368
v 54.1671 -5.1899 24.5469
v 50.0005 -5.1899 24.7265
v 50.0005 -5.1899 24.7265
v 54.1671 -5.1899 24.5469
v 54.1673 -5.2000 24.5511
v 50.0006 -5.2000 24.7307
v 50.0006 -5.2000 24.7307
v 54.1673 -5.2000 24.5511
v 54.1671 -5.2101 24.5469
v 50.0005 -5.2101 24.7265
v 50.0005 -5.2101 24.7265
v 54.1671 -5.2101 24.5469
v 54.1667 -5.2143 24.5368
v 50.0000 -5.2143 24.7164
v 50.0000 -5.2143 24.7164
v 54.1667 -5.2143 24.5368
v 54.1663 -5.2101 24.5267
v 49.9995 -5.2101 24.7063
v 49.9995 -5.2101 24.7063
v 54.1663 -5.2101 24.5267
v 54.1661 -5.2000 24.5225
v 49.9994 -5.2000 24.7021
v 49.9994 -5.2000 24.7021
v 54.1661 -5.2000 24.5225
v 54.1663 -5.1899 24.5267
v 49.9995 -5.1899 24.7063
v 49.9995 -5.1899 24.7063
v 54.1663 -5.1899 24.5267
v 54.1667 -5.1857 24.5368
v 50.0000 -5.1857 24.7164
v 54.1667 -5.1857 24.5368
v 58.3333 -5.1857 24.3728
v 58.3337 -5.1899 24.3829
v 54.1671 -5.1899 24.5469
v 54.1671 -5.1899 24.5469
v 58.3337 -5.1899 24.3829
v 58.3339 -5.2000 24.3871
v 54.1673 -5.2000 24.5511
v 54.1673 -5.2000 24.5511
v 58.3339 -5.2000 24.3871
v 58.3337 -5.2101 24.3829
v 54.1671 -5.2101 24.5469
v 54.1671 -5.2101 24.5469
v 58.3337 -5.2101 24.3829
v 58.3333 -5.2143 24.3728
v 54.1667 -5.2143 24.5368
v 54.1667 -5.2143 24.5368
v 58.3333 -5.2143 24.3728
v 58.3330 -5.2101 24.3627
v 54.1663 -5.2101 24.5267
v 54.1663 -5.2101 24.5267
v 58.3330 -5.2101 24.3627
v 58.3328 -5.2000 24.3585
v 54.1661 -5.2000 24.5225
v 54.1661 -5.2000 24.5225
v 58.3328 -5.2000 24.3585
v 58.3330 -5.1899 24.3627
v 54.1663 -5.1899 24.5267
v 54.1663 -5.1899 24.5267
v 58.3330 -5.1899 24.3627
v 58.3333 -5.1857 24.3728
v 54.1667 -5.1857 24.5368
v 58.3333 -5.1857 24.3728
v 62.5000 -5.1857 24.2244
v 62.5003 -5.1899 24.2346
v 58.3337 -5.1899 24.3829
v 58.3337 -5.1899 24.3829
v 62.5003 -5.1899 24.2346
v 62.5005 -5.2000 24.2387
v 58.3339 -5.2000 24.3871
v 58.3339 -5.2000 24.3871
v 62.5005 -5.2000 24.2387
v 62.5003 -5.2101 24.2346
v 58.3337 -5.2101 24.3829
v 58.3337 -5.2101 24.3829
v 62.5003 -5.2101 24.2346
v 62.5000 -5.2143 24.2244
v 58.3333 -5.2143 24.3728
v 58.3333 -5.2143 24.3728
v 62.5000 -5.2143 24.2244
v 62.4997 -5.2101 24.2143
v 58.3330 -5.2101 24.3627
v 58.3330 -5.2101 24.3627
v 62.4997 -5.2101 24.2143
v 62.4995 -5.2000 24.2102
v 58.3328 -5.2000 24.3585
v 58.3328 -5.2000 24.3585
v 62.4995 -5.2000 24.2102
v 62.4997 -5.1899 24.2143
v 58.3330 -5.1899 24.3627
v 58.3330 -5.1899 24.3627
v 62.4997 -5.1899 24.2143
v 62.5000 -5.1857 24.2244
v 58.3333 -5.1857 24.3728
v 62.5000 -5.1857 24.2244
v 66.6667 -5.1857 24.0917
v 66.6670 -5.1899 24.1018
v 62.5003 -5.1899 24.2346
v 62.5003 -5.1899 24.2346
v 66.6670 -5.1899 24.1018
v 66.6671 -5.2000 24.1060
v 62.5005 -5.2000 24.2387
v 62.5005 -5.2000 24.2387
v 66.6671 -5.2000 24.1060
v 66.6670 -5.2101 24.1018
v 62.5003 -5.2101 24.2346
v 62.5003 -5.2101 24.2346
v 66.6670 -5.2101 24.1018
v 66.6667 -5.2143 24.0917
v 62.5000 -5.2143 24.2244
v 62.5000 -5.2143 24.2244
v 66.6667 -5.2143 24.0917
v 66.6664 -5.2101 24.0816
v 62.4997 -5.2101 24.2143
v 62.4997 -5.2101 24.2143
v 66.6664 -5.2101 24.0816
v 66.6662 -5.2000 24.0774
v 62.4995 -5.2000 24.2102
v 62.4995 -5.2000 24.2102
v 66.6662 -5.2000 24.0774
v 66.6664 -5.1899 24.0816
v 62.4997 -5.1899 24.2143
v 62.4997 -5.1899 24.2143
v 66.6664 -5.1899 24.0816
v 66.6667 -5.1857 24.0917
v 62.5000 -5.1857 24.2244
v 66.6667 -5.1857 24.0917
v 70.8333 -5.1857 23.9746
v 70.8336 -5.1899 23.9847
v 66.6670 -5.1899 24.1018
v 66.6670 -5.1899 24.1018
v 70.8336 -5.1899 23.9847
v 70.8337 -5.2000 23.9889
v 66.6671 -5.2000 24.1060
v 66.6671 -5.2000 24.1060
v 70.8337 -5.2000 23.9889
v 70.8336 -5.2101 23.9847
v 66.6670 -5.2101 24.1018
v 66.6670 -5.2101 24.1018
v 70.8336 -5.2101 23.9847
v 70.8333 -5.2143 23.9746
v 66.6667 -5.2143 24.0917
v 66.6667 -5.2143 24.0917
v 70.8333 -5.2143 23.9746
v 70.8331 -5.2101 23.9645
v 66.6664 -5.2101 24.0816
v 66.6664 -5.2101 24.0816
v 70.8331 -5.2101 23.9645
v 70.8330 -5.2000 23.9603
v 66.6662 -5.2000 24.0774
v 66.6662 -5.2000 24.0774
v 70.8330 -5.2000 23.9603
v 70.8331 -5.1899 23.9645
v 66.6664 -5.1899 24.0816
v 66.6664 -5.1899 24.0816
v 70.8331 -5.1899 23.9645
v 70.8333 -5.1857 23.9746
v 66.6667 -5.1857 24.0917
v 70.8333 -5.1857 23.9746
v 75.0000 -5.1857 23.8731
v 75.0002 -5.1899 23.8832
v 70.8336 -5.1899 23.9847
v 70.8336 -5.1899 23.9847
v 75.0002 -5.1899 23.8832
v 75.0003 -5.2000 23.8874
v 70.8337 -5.2000 23.9889
v 70.8337 -5.2000 23.9889
v 75.0003 -5.2000 23.8874
v 75.0002 -5.2101 23.8832
v 70.8336 -5.2101 23.9847
v 70.8336 -5.2101 23.9847
v 75.0002 -5.2101 23.8832
v 75.0000 -5.2143 23.8731
v 70.8333 -5.2143 23.9746
v 70.8333 -5.2143 23.9746
v 75.0000 -5.2143 23.8731
v 74.9998 -5.2101 23.8630
v 70.8331 -5.2101 23.9645
v 70.8331 -5.2101 23.9645
v 74.9998 -5.2101 23.8630
v 74.9997 -5.2000 23.8588
v 70.8330 -5.2000 23.9603
v 70.8330 -5.2000 23.9603
v 74.9997 -5.2000 23.8588
v 74.9998 -5.1899 23.8630
v 70.8331 -5.1899 23.9645
v 70.8331 -5.1899 23.9645
v 74.9998 -5.1899 23.8630
v 75.0000 -5.1857 23.8731
v 70.8333 -5.1857 23.9746
v 75.0000 -5.1857 23.8731
v 79.1667 -5.1857 23.7872
v 79.1669 -5.1899 23.7973
v 75.0002 -5.1899 23.8832
v 75.0002 -5.1899 23.8832
v 79.1669 -5.1899 23.7973
v 79.1669 -5.2000 23.8015
v 75.0003 -5.2000 23.8874
v 75.0003 -5.2000 23.8874
v 79.1669 -5.2000 23.8015
v 79.1669 -5.2101 23.7973
v 75.0002 -5.2101 23.8832
v 75.0002 -5.2101 23.8832
v 79.1669 -5.2101 23.7973
v 79.1667 -5.2143 23.7872
v 75.0000 -5.2143 23.8731
v 75.0000 -5.2143 23.8731
v 79.1667 -5.2143 23.7872
v 79.1665 -5.2101 23.7771
v 74.9998 -5.2101 23.8630
v 74.9998 -5.2101 23.8630
v 79.1665 -5.2101 23.7771
v 79.1664 -5.2000 23.7729
v 74.9997 -5.2000 23.8588
v 74.9997 -5.2000 23.8588
v 79.1664 -5.2000 23.7729
v 79.1665 -5.1899 23.7771
v 74.9998 -5.1899 23.8630
v 74.9998 -5.1899 23.8630
v 79.1665 -5.1899 23.7771
v 79.1667 -5.1857 23.7872
v 75.0000 -5.1857 23.8731
v 79.1667 -5.1857 23.7872
v 83.3333 -5.1857 23.7169
v 83.3335 -5.1899 23.7270
v 79.1669 -5.1899 23.7973
v 79.1669 -5.1899 23.7973
v 83.3335 -5.1899 23.7270
v 83.3335 -5.2000 23.7312
v 79.1669 -5.2000 23.8015
v 79.1669 -5.2000 23.8015
v 83.3335 -5.2000 23.7312
v 83.3335 -5.2101 23.7270
v 79.1669 -5.2101 23.7973
v 79.1669 -5.2101 23.7973
v 83.3335 -5.2101 23.7270
v 83.3333 -5.2143 23.7169
v 79.1667 -5.2143 23.7872
v 79.1667 -5.2143 23.7872
v 83.3333 -5.2143 23.7169
v 83.3332 -5.2101 23.7068
v 79.1665 -5.2101 23.7771
v 79.1665 -5.2101 23.7771
v 83.3332 -5.2101 23.7068
v 83.3331 -5.2000 23.7026
v 79.1664 -5.2000 23.7729
v 79.1664 -5.2000 23.7729
v 83.3331 -5.2000 23.7026
v 83.3332 -5.1899 23.7068
v 79.1665 -5.1899 23.7771
v 79.1665 -5.1899 23.7771
v 83.3332 -5.1899 23.7068
v 83.3333 -5.1857 23.7169
v 79.1667 -5.1857 23.7872
v 83.3333 -5.1857 23.7169
v 87.5000 -5.1857 23.6623
v 87.5001 -5.1899 23.6724
v 83.3335 -5.1899 23.7270
v 83.3335 -5.1899 23.7270
v 87.5001 -5.1899 23.6724
v 87.5002 -5.2000 23.6766
v 83.3335 -5.2000 23.7312
v 83.3335 -5.2000 23.7312
v 87.5002 -5.2000 23.6766
v 87.5001 -5.2101 23.6724
v 83.3335 -5.2101 23.7270
v 83.3335 -5.2101 23.7270
v 87.5001 -5.2101 23.6724
v 87.5000 -5.2143 23.6623
v 83.3333 -5.2143 23.7169
v 83.3333 -5.2143 23.7169
v 87.5000 -5.2143 23.6623
v 87.4999 -5.2101 23.6522
v 83.3332 -5.2101 23.7068
v 83.3332 -5.2101 23.7068
v 87.4999 -5.2101 23.6522
v 87.4998 -5.2000 23.6480
v 83.3331 -5.2000 23.7026
v 83.3331 -5.2000 23.7026
v 87.4998 -5.2000 23.6480
v 87.4999 -5.1899 23.6522
v 83.3332 -5.1899 23.7068
v 83.3332 -5.1899 23.7068
v 87.4999 -5.1899 23.6522
v 87.5000 -5.1857 23.6623
v 83.3333 -5.1857 23.7169
v 87.5000 -5.1857 23.6623
v 91.6667 -5.1857 23.6232
v 91.6667 -5.1899 23.6333
v 87.5001 -5.1899 23.6724
v 87.5001 -5.1899 23.6724
v 91.6667 -5.1899 23.6333
v 91.6668 -5.2000 23.6375
v 87.5002 -5.2000 23.6766
v 87.5002 -5.2000 23.6766
v 91.6668 -5.2000 23.6375
v 91.6667 -5.2101 23.6333
v 87.5001 -5.2101 23.6724
v 87.5001 -5.2101 23.6724
v 91.6667 -5.2101 23.6333
v 91.6667 -5.2143 23.6232
v 87.5000 -5.2143 23.6623
v 87.5000 -5.2143 23.6623
v 91.6667 -5.2143 23.6232
v 91.6666 -5.2101 23.6131
v 87.4999 -5.2101 23.6522
v 87.4999 -5.2101 23.6522
v 91.6666 -5.2101 23.6131
v 91.6666 -5.2000 23.6089
v 87.4998 -5.2000 23.6480
v 87.4998 -5.2000 23.6480
v 91.6666 -5.2000 23.6089
v 91.6666 -5.1899 23.6131
v 87.4999 -5.1899 23.6522
v 87.4999 -5.1899 23.6522
v 91.6666 -5.1899 23.6131
v 91.6667 -5.1857 23.6232
v 87.5000 -5.1857 23.6623
v 91.6667 -5.1857 23.6232
v 95.8333 -5.1857 23.5998
v 95.8334 -5.1899 23.6099
v 91.6667 -5.1899 23.6333
v 91.6667 -5.1899 23.6333
v 95.8334 -5.1899 23.6099
v 95.8334 -5.2000 23.6141
v 91.6668 -5.2000 23.6375
v 91.6668 -5.2000 23.6375
v 95.8334 -5.2000 23.6141
v 95.8334 -5.2101 23.6099
v 91.6667 -5.2101 23.6333
v 91.6667 -5.2101 23.6333
v 95.8334 -5.2101 23.6099
v 95.8333 -5.2143 23.5998
v 91.6667 -5.2143 23.6232
v 91.6667 -5.2143 23.6232
v 95.8333 -5.2143 23.5998
v 95.8333 -5.2101 23.5897
v 91.6666 -5.2101 23.6131
v 91.6666 -5.2101 23.6131
v 95.8333 -5.2101 23.5897
v 95.8333 -5.2000 23.5855
v 91.6666 -5.2000 23.6089
v 91.6666 -5.2000 23.6089
v 95.8333 -5.2000 23.5855
v 95.8333 -5.1899 23.5897
v 91.6666 -5.1899 23.6131
v 91.6666 -5.1899 23.6131
v 95.8333 -5.1899 23.5897
v 95.8333 -5.1857 23.5998
v 91.6667 -5.1857 23.6232
v 95.8333 -5.1857 23.5998
v 100.0000 -5.1857 23.5920
v 100.0000 -5.1899 23.6021
v 95.8334 -5.1899 23.6099
v 95.8334 -5.1899 23.6099
v 100.0000 -5.1899 23.6021
v 100.0000 -5.2000 23.6063
v 95.8334 -5.2000 23.6141
v 95.8334 -5.2000 23.6141
v 100.0000 -5.2000 23.6063
v 100.0000 -5.2101 23.6021
v 95.8334 -5.2101 23.6099
v 95.8334 -5.2101 23.6099
v 100.0000 -5.2101 23.6021
v 100.0000 -5.2143 23.5920
v 95.8333 -5.2143 23.5998
v 95.8333 -5.2143 23.5998
v 100.0000 -5.2143 23.5920
v 100.0000 -5.2101 23.5819
v 95.8333 -5.2101 23.5897
v 95.8333 -5.2101 23.5897
v 100.0000 -5.2101 23.5819
v 100.0000 -5.2000 23.5777
v 95.8333 -5.2000 23.5855
v 95.8333 -5.2000 23.5855
v 100.0000 -5.2000 23.5777
v 100.0000 -5.1899 23.5819
v 95.8333 -5.1899 23.5897
v 95.8333 -5.1899 23.5897
v 100.0000 -5.1899 23.5819
v 100.0000 -5.1857 23.5920
v 95.8333 -5.1857 23.5998
v 100.0000 -5.1857 23.5920
v 104.1667 -5.1857 23.5998
v 104.1666 -5.1899 23.6099
v 100.0000 -5.1899 23.6021
v 100.0000 -5.1899 23.6021
v 104.1666 -5.1899 23.6099
v 104.1666 -5.2000 23.6141
v 100.0000 -5.2000 23.6063
v 100.0000 -5.2000 23.6063
v 104.1666 -5.2000 23.6141
v 104.1666 -5.2101 23.6099
v 100.0000 -5.2101 23.6021
v 100.0000 -5.2101 23.6021
v 104.1666 -5.2101 23.6099
v 104.1667 -5.2143 23.5998
v 100.0000 -5.2143 23.5920
v 100.0000 -5.2143 23.5920
v 104.1667 -5.2143 23.5998
v 104.1667 -5.2101 23.5897
v 100.0000 -5.2101 23.5819
v 100.0000 -5.2101 23.5819
v 104.1667 -5.2101 23.5897
v 104.1667 -5.2000 23.5855
v 100.0000 -5.2000 23.5777
v 100.0000 -5.2000 23.5777
v 104.1667 -5.2000 23.5855
v 104.1667 -5.1899 23.5897
v 100.0000 -5.1899 23.5819
v 100.0000 -5.1899 23.5819
v 104.1667 -5.1899 23.5897
v 104.1667 -5.1857 23.5998
v 100.0000 -5.1857 23.5920
v 104.1667 -5.1857 23.5998
v 108.3333 -5.1857 23.6232
v 108.3333 -5.1899 23.6333
v 104.1666 -5.1899 23.6099
v 104.1666 -5.1899 23.6099
v 108.3333 -5.1899 23.6333
v 108.3332 -5.2000 23.6375
v 104.1666 -5.2000 23.6141
v 104.1666 -5.2000 23.6141
v 108.3332 -5.2000 23.6375
v 108.3333 -5.2101 23.6333
v 104.1666 -5.2101 23.6099
v 104.1666 -5.2101 23.6099
v 108.3333 -5.2101 23.6333
v 108.3333 -5.2143 23.6232
v 104.1667 -5.2143 23.5998
v 104.1667 -5.2143 23.5998
v 108.3333 -5.2143 23.6232
v 108.3334 -5.2101 23.6131
v 104.1667 -5.2101 23.5897
v 104.1667 -5.2101 23.5897
v 108.3334 -5.2101 23.6131
v 108.3334 -5.2000 23.6089
v 104.1667 -5.2000 23.5855
v 104.1667 -5.2000 23.5855
v 108.3334 -5.2000 23.6089
v 108.3334 -5.1899 23.6131
v 104.1667 -5.1899 23.5897
v 104.1667 -5.1899 23.5897
v 108.3334 -5.1899 23.6131
v 108.3333 -5.1857 23.6232
v 104.1667 -5.1857 23.5998
v 108.3333 -5.1857 23.6232
v 112.5000 -5.1857 23.6623
v 112.4999 -5.1899 23.6724
v 108.3333 -5.1899 23.6333
v 108.3333 -5.1899 23.6333
v 112.4999 -5.1899 23.6724
v 112.4998 -5.2000 23.6766
v 108.3332 -5.2000 23.6375
v 108.3332 -5.2000 23.6375
v 112.4998 -5.2000 23.6766
v 112.4999 -5.2101 23.6724
v 108.3333 -5.2101 23.6333
v 108.3333 -5.2101 23.6333
v 112.4999 -5.2101 23.6724
v 112.5000 -5.2143 23.6623
v 108.3333 -5.2143 23.6232
v 108.3333 -5.2143 23.6232
v 112.5000 -5.2143 23.6623
v 112.5001 -5.2101 23.6522
v 108.3334 -5.2101 23.6131
v 108.3334 -5.2101 23.6131
v 112.5001 -5.2101 23.6522
v 112.5002 -5.2000 23.6480
v 108.3334 -5.2000 23.6089
v 108.3334 -5.2000 23.6089
v 112.5002 -5.2000 23.6480
v 112.5001 -5.1899 23.6522
v 108.3334 -5.1899 23.6131
v 108.3334 -5.1899 23.6131
v 112.5001 -5.1899 23.6522
v 112.5000 -5.1857 23.6623
v 108.3333 -5.1857 23.6232
v 112.5000 -5.1857 23.6623
v 116.6667 -5.1857 23.7169
v 116.6665 -5.1899 23.7270
v 112.4999 -5.1899 23.6724
v 112.4999 -5.1899 23.6724
v 116.6665 -5.1899 23.7270
v 116.6665 -5.2000 23.7312
v 112.4998 -5.2000 23.6766
v 112.4998 -5.2000 23.6766
v 116.6665 -5.2000 23.7312
v 116.6665 -5.2101 23.7270
v 112.4999 -5.2101 23.6724
v 112.4999 -5.2101 23.6724
v 116.6665 -5.2101 23.7270
v 116.6667 -5.2143 23.7169
v 112.5000 -5.2143 23.6623
v 112.5000 -5.2143 23.6623
v 116.6667 -5.2143 23.7169
v 116.6668 -5.2101 23.7068
v 112.5001 -5.2101 23.6522
v 112.5001 -5.2101 23.6522
v 116.6668 -5.2101 23.7068
v 116.6669 -5.2000 23.7026
v 112.5002 -5.2000 23.6480
v 112.5002 -5.2000 23.6480
v 116.6669 -5.2000 23.7026
v 116.6668 -5.1899 23.7068
v 112.5001 -5.1899 23.6522
v 112.5001 -5.1899 23.6522
v 116.6668 -5.1899 23.7068
v 116.6667 -5.1857 23.7169
v 112.5000 -5.1857 23.6623
v 116.6667 -5.1857 23.7169
v 120.8333 -5.1857 23.7872
v 120.8331 -5.1899 23.7973
v 116.6665 -5.1899 23.7270
v 116.6665 -5.1899 23.7270
v 120.8331 -5.1899 23.7973
v 120.8331 -5.2000 23.8015
v 116.6665 -5.2000 23.7312
v 116.6665 -5.2000 23.7312
v 120.8331 -5.2000 23.8015
v 120.8331 -5.2101 23.7973
v 116.6665 -5.2101 23.7270
v 116.6665 -5.2101 23.7270
v 120.8331 -5.2101 23.7973
v 120.8333 -5.2143 23.7872
v 116.6667 -5.2143 23.7169
v 116.6667 -5.2143 23.7169
v 120.8333 -5.2143 23.7872
v 120.8335 -5.2101 23.7771
v 116.6668 -5.2101 23.7068
v 116.6668 -5.2101 23.7068
v 120.8335 -5.2101 23.7771
v 120.8336 -5.2000 23.7729
v 116.6669 -5.2000 23.7026
v 116.6669 -5.2000 23.7026
v 120.8336 -5.2000 23.7729
v 120.8335 -5.1899 23.7771
v 116.6668 -5.1899 23.7068
v 116.6668 -5.1899 23.7068
v 120.8335 -5.1899 23.7771
v 120.8333 -5.1857 23.7872
v 116.6667 -5.1857 23.7169
v 120.8333 -5.1857 23.7872
v 125.0000 -5.1857 23.8731
v 124.9998 -5.1899 23.8832
v 120.8331 -5.1899 23.7973
v 120.8331 -5.1899 23.7973
v 124.9998 -5.1899 23.8832
v 124.9997 -5.2000 23.8874
v 120.8331 -5.2000 23.8015
v 120.8331 -5.2000 23.8015
v 124.9997 -5.2000 23.8874
v 124.9998 -5.2101 23.8832
v 120.8331 -5.2101 23.7973
v 120.8331 -5.2101 23.7973
v 124.9998 -5.2101 23.8832
v 125.0000 -5.2143 23.8731
v 120.8333 -5.2143 23.7872
v 120.8333 -5.2143 23.7872
v 125.0000 -5.2143 23.8731
v 125.0002 -5.2101 23.8630
v 120.8335 -5.2101 23.7771
v 120.8335 -5.2101 23.7771
v 125.0002 -5.2101 23.8630
v 125.0003 -5.2000 23.8588
v 120.8336 -5.2000 23.7729
v 120.8336 -5.2000 23.7729
v 125.0003 -5.2000 23.8588
v 125.0002 -5.1899 23.8630
v 120.8335 -5.1899 23.7771
v 120.8335 -5.1899 23.7771
v 125.0002 -5.1899 23.8630
v 125.0000 -5.1857 23.8731
v 120.8333 -5.1857 23.7872
v 125.0000 -5.1857 23.8731
v 129.1667 -5.1857 23.9746
v 129.1664 -5.1899 23.9847
v 124.9998 -5.1899 23.8832
v 124.9998 -5.1899 23.8832
v 129.1664 -5.1899 23.9847
v 129.1663 -5.2000 23.9889
v 124.9997 -5.2000 23.8874
v 124.9997 -5.2000 23.8874
v 129.1663 -5.2000 23.9889
v 129.1664 -5.2101 23.9847
v 124.9998 -5.2101 23.8832
v 124.9998 -5.2101 23.8832
v 129.1664 -5.2101 23.9847
v 129.1667 -5.2143 23.9746
v 125.0000 -5.2143 23.8731
v 125.0000 -5.2143 23.8731
v 129.1667 -5.2143 23.9746
v 129.1669 -5.2101 23.9645
v 125.0002 -5.2101 23.8630
v 125.0002 -5.2101 23.8630
v 129.1669 -5.2101 23.9645
v 129.1670 -5.2000 23.9603
v 125.0003 -5.2000 23.8588
v 125.0003 -5.2000 23.8588
v 129.1670 -5.2000 23.9603
v 129.1669 -5.1899 23.9645
v 125.0002 -5.1899 23.8630
v 125.0002 -5.1899 23.8630
v 129.1669 -5.1899 23.9645
v 129.1667 -5.1857 23.9746
v 125.0000 -5.1857 23.8731
v 129.1667 -5.1857 23.9746
v 133.3333 -5.1857 24.0917
v 133.3330 -5.1899 24.1018
v 129.1664 -5.1899 23.9847
v 129.1664 -5.1899 23.9847
v 133.3330 -5.1899 24.1018
v 133.3329 -5.2000 24.1060
v 129.1663 -5.2000 23.9889
v 129.1663 -5.2000 23.9889
v 133.3329 -5.2000 24.1060
v 133.3330 -5.2101 24.1018
v 129.1664 -5.2101 23.9847
v 129.1664 -5.2101 23.9847
v 133.3330 -5.2101 24.1018
v 133.3333 -5.2143 24.0917
v 129.1667 -5.2143 23.9746
v 129.1667 -5.2143 23.9746
v 133.3333 -5.2143 24.0917
v 133.3336 -5.2101 24.0816
v 129.1669 -5.2101 23.9645
v 129.1669 -5.2101 23.9645
v 133.3336 -5.2101 24.0816
v 133.3338 -5.2000 24.0774
v 129.1670 -5.2000 23.9603
v 129.1670 -5.2000 23.9603
v 133.3338 -5.2000 24.0774
v 133.3336 -5.1899 24.0816
v 129.1669 -5.1899 23.9645
v 129.1669 -5.1899 23.9645
v 133.3336 -5.1899 24.0816
v 133.3333 -5.1857 24.0917
v 129.1667 -5.1857 23.9746
v 133.3333 -5.1857 24.0917
v 137.5000 -5.1857 24.2244
v 137.4997 -5.1899 24.2346
v 133.3330 -5.1899 24.1018
v 133.3330 -5.1899 24.1018
v 137.4997 -5.1899 24.2346
v 137.4995 -5.2000 24.2387
v 133.3329 -5.2000 24.1060
v 133.3329 -5.2000 24.1060
v 137.4995 -5.2000 24.2387
v 137.4997 -5.2101 24.2346
v 133.3330 -5.2101 24.1018
v 133.3330 -5.2101 24.1018
v 137.4997 -5.2101 24.2346
v 137.5000 -5.2143 24.2244
v 133.3333 -5.2143 24.0917
v 133.3333 -5.2143 24.0917
v 137.5000 -5.2143 24.2244
v 137.5003 -5.2101 24.2143
v 133.3336 -5.2101 24.0816
v 133.3336 -5.2101 24.0816
v 137.5003 -5.2101 24.2143
v 137.5005 -5.2000 24.2102
v 133.3338 -5.2000 24.0774
v 133.3338 -5.2000 24.0774
v 137.5005 -5.2000 24.2102
v 137.5003 -5.1899 24.2143
v 133.3336 -5.1899 24.0816
v 133.3336 -5.1899 24.0816
v 137.5003 -5.1899 24.2143
v 137.5000 -5.1857 24.2244
v 133.3333 -5.1857 24.0917
v 137.5000 -5.1857 24.2244
v 141.6667 -5.1857 24.3728
v 141.6663 -5.1899 24.3829
v 137.4997 -5.1899 24.2346
v 137.4997 -5.1899 24.2346
v 141.6663 -5.1899 24.3829
v 141.6661 -5.2000 24.3871
v 137.4995 -5.2000 24.2387
v 137.4995 -5.2000 24.2387
v 141.6661 -5.2000 24.3871
v 141.6663 -5.2101 24.3829
v 137.4997 -5.2101 24.2346
v 137.4997 -5.2101 24.2346
v 141.6663 -5.2101 24.3829
v 141.6667 -5.2143 24.3728
v 137.5000 -5.2143 24.2244
v 137.5000 -5.2143 24.2244
v 141.6667 -5.2143 24.3728
v 141.6670 -5.2101 24.3627
v 137.5003 -5.2101 24.2143
v 137.5003 -5.2101 24.2143
v 141.6670 -5.2101 24.3627
v 141.6672 -5.2000 24.3585
v 137.5005 -5.2000 24.2102
v 137.5005 -5.2000 24.2102
v 141.6672 -5.2000 24.3585
v 141.6670 -5.1899 24.3627
v 137.5003 -5.1899 24.2143
v 137.5003 -5.1899 24.2143
v 141.6670 -5.1899 24.3627
v 141.6667 -5.1857 24.3728
v 137.5000 -5.1857 24.2244
v 141.6667 -5.1857 24.3728
v 145.8333 -5.1857 24.5368
v 145.8329 -5.1899 24.5469
v 141.6663 -5.1899 24.3829
v 141.6663 -5.1899 24.3829
v 145.8329 -5.1899 24.5469
v 145.8327 -5.2000 24.5511
v 141.6661 -5.2000 24.3871
v 141.6661 -5.2000 24.3871
v 145.8327 -5.2000 24.5511
v 145.8329 -5.2101 24.5469
v 141.6663 -5.2101 24.3829
v 141.6663 -5.2101 24.3829
v 145.8329 -5.2101 24.5469
v 145.8333 -5.2143 24.5368
v 141.6667 -5.2143 24.3728
v 141.6667 -5.2143 24.3728
v 145.8333 -5.2143 24.5368
v 145.8337 -5.2101 24.5267
v 141.6670 -5.2101 24.3627
v 141.6670 -5.2101 24.3627
v 145.8337 -5.2101 24.5267
v 145.8339 -5.2000 24.5225
v 141.6672 -5.2000 24.3585
v 141.6672 -5.2000 24.3585
v 145.8339 -5.2000 24.5225
v 145.8337 -5.1899 24.5267
v 141.6670 -5.1899 24.3627
v 141.6670 -5.1899 24.3627
v 145.8337 -5.1899 24.5267
v 145.8333 -5.1857 24.5368
v 141.6667 -5.1857 24.3728
v 145.8333 -5.1857 24.5368
v 150.0000 -5.1857 24.7164
v 149.9995 -5.1899 24.7265
v 145.8329 -5.1899 24.5469
v 145.8329 -5.1899 24.5469
v 149.9995 -5.1899 24.7265
v 149.9994 -5.2000 24.7307
v 145.8327 -5.2000 24.5511
v 145.8327 -5.2000 24.5511
v 149.9994 -5.2000 24.7307
v 149.9995 -5.2101 24.7265
v 145.8329 -5.2101 24.5469
v 145.8329 -5.2101 24.5469
v 149.9995 -5.2101 24.7265
v 150.0000 -5.2143 24.7164
v 145.8333 -5.2143 24.5368
v 145.8333 -5.2143 24.5368
v 150.0000 -5.2143 24.7164
v 150.0005 -5.2101 24.7063
v 145.8337 -5.2101 24.5267
v 145.8337 -5.2101 24.5267
v 150.0005 -5.2101 24.7063
v 150.0006 -5.2000 24.7021
v 145.8339 -5.2000 24.5225
v 145.8339 -5.2000 24.5225
v 150.0006 -5.2000 24.7021
v 150.0005 -5.1899 24.7063
v 145.8337 -5.1899 24.5267
v 145.8337 -5.1899 24.5267
v 150.0005 -5.1899 24.7063
v 150.0000 -5.1857 24.7164
v 145.8333 -5.1857 24.5368
v 150.0000 -5.1857 24.7164
v 154.1667 -5.1857 24.9117
v 154.1662 -5.1899 24.9218
v 149.9995 -5.1899 24.7265
v 149.9995 -5.1899 24.7265
v 154.1662 -5.1899 24.9218
v 154.1660 -5.2000 24.9260
v 149.9994 -5.2000 24.7307
v 149.9994 -5.2000 24.7307
v 154.1660 -5.2000 24.9260
v 154.1662 -5.2101 24.9218
v 149.9995 -5.2101 24.7265
v 149.9995 -5.2101 24.7265
v 154.1662 -5.2101 24.9218
v 154.1667 -5.2143 24.9117
v 150.0000 -5.2143 24.7164
v 150.0000 -5.2143 24.7164
v 154.1667 -5.2143 24.9117
v 154.1672 -5.2101 24.9016
v 150.0005 -5.2101 24.7063
v 150.0005 -5.2101 24.7063
v 154.1672 -5.2101 24.9016
v 154.1674 -5.2000 24.8974
v 150.0006 -5.2000 24.7021
v 150.0006 -5.2000 24.7021
v 154.1674 -5.2000 24.8974
v 154.1672 -5.1899 24.9016
v 150.0005 -5.1899 24.7063
v 150.0005 -5.1899 24.7063
v 154.1672 -5.1899 24.9016
v 154.1667 -5.1857 24.9117
v 150.0000 -5.1857 24.7164
v 154.1667 -5.1857 24.9117
v 158.3333 -5.1857 25.1226
v 158.3328 -5.1899 25.1327
v 154.1662 -5.1899 24.9218
v 154.1662 -5.1899 24.9218
v 158.3328 -5.1899 25.1327
v 158.3326 -5.2000 25.1368
v 154.1660 -5.2000 24.9260
v 154.1660 -5.2000 24.9260
v 158.3326 -5.2000 25.1368
v 158.3328 -5.2101 25.1327
v 154.1662 -5.2101 24.9218
v 154.1662 -5.2101 24.9218
v 158.3328 -5.2101 25.1327
v 158.3333 -5.2143 25.1226
v 154.1667 -5.2143 24.9117
v 154.1667 -5.2143 24.9117
v 158.3333 -5.2143 25.1226
v 158.3339 -5.2101 25.1125
v 154.1672 -5.2101 24.9016
v 154.1672 -5.2101 24.9016
v 158.3339 -5.2101 25.1125
v 158.3341 -5.2000 25.1083
v 154.1674 -5.2000 24.8974
v 154.1674 -5.2000 24.8974
v 158.3341 -5.2000 25.1083
v 158.3339 -5.1899 25.1125
v 154.1672 -5.1899 24.9016
v 154.1672 -5.1899 24.9016
v 158.3339 -5.1899 25.1125
v 158.3333 -5.1857 25.1226
v 154.1667 -5.1857 24.9117
v 158.3333 -5.1857 25.1226
v 162.5000 -5.1857 25.3491
v 162.4994 -5.1899 25.3592
v 158.3328 -5.1899 25.1327
v 158.3328 -5.1899 25.1327
v 162.4994 -5.1899 25.3592
v 162.4992 -5.2000 25.3634
v 158.3326 -5.2000 25.1368
v 158.3326 -5.2000 25.1368
v 162.4992 -5.2000 25.3634
v 162.4994 -5.2101 25.3592
v 158.3328 -5.2101 25.1327
v 158.3328 -5.2101 25.1327
v 162.4994 -5.2101 25.3592
v 162.5000 -5.2143 25.3491
v 158.3333 -5.2143 25.1226
v 158.3333 -5.2143 25.1226
v 162.5000 -5.2143 25.3491
v 162.5006 -5.2101 25.3390
v 158.3339 -5.2101 25.1125
v 158.3339 -5.2101 25.1125
v 162.5006 -5.2101 25.3390
v 162.5008 -5.2000 25.3348
v 158.3341 -5.2000 25.1083
v 158.3341 -5.2000 25.1083
v 162.5008 -5.2000 25.3348
v 162.5006 -5.1899 25.3390
v 158.3339 -5.1899 25.1125
v 158.3339 -5.1899 25.1125
v 162.5006 -5.1899 25.3390
v 162.5000 -5.1857 25.3491
v 158.3333 -5.1857 25.1226
v 162.5000 -5.1857 25.3491
v 166.6667 -5.1857 25.5913
v 166.6661 -5.1899 25.6013
v 162.4994 -5.1899 25.3592
v 162.4994 -5.1899 25.3592
v 166.6661 -5.1899 25.6013
v 166.6658 -5.2000 25.6055
v 162.4992 -5.2000 25.3634
v 162.4992 -5.2000 25.3634
v 166.6658 -5.2000 25.6055
v 166.6661 -5.2101 25.6013
v 162.4994 -5.2101 25.3592
v 162.4994 -5.2101 25.3592
v 166.6661 -5.2101 25.6013
v 166.6667 -5.2143 25.5913
v 162.5000 -5.2143 25.3491
v 162.5000 -5.2143 25.3491
v 166.6667 -5.2143 25.5913
v 166.6673 -5.2101 25.5812
v 162.5006 -5.2101 25.3390
v 162.5006 -5.2101 25.3390
v 166.6673 -5.2101 25.5812
v 166.6675 -5.2000 25.5770
v 162.5008 -5.2000 25.3348
v 162.5008 -5.2000 25.3348
v 166.6675 -5.2000 25.5770
v 166.6673 -5.1899 25.5812
v 162.5006 -5.1899 25.3390
v 162.5006 -5.1899 25.3390
v 166.6673 -5.1899 25.5812
v 166.6667 -5.1857 25.5913
v 162.5000 -5.1857 25.3491
v 166.6667 -5.1857 25.5913
v 170.8333 -5.1857 25.8491
v 170.8327 -5.1899 25.8591
v 166.6661 -5.1899 25.6013
v 166.6661 -5.1899 25.6013
v 170.8327 -5.1899 25.8591
v 170.8324 -5.2000 25.8633
v 166.6658 -5.2000 25.6055
v 166.6658 -5.2000 25.6055
v 170.8324 -5.2000 25.8633
v 170.8327 -5.2101 25.8591
v 166.6661 -5.2101 25.6013
v 166.6661 -5.2101 25.6013
v 170.8327 -5.2101 25.8591
v 170.8333 -5.2143 25.8491
v 166.6667 -5.2143 25.5913
v 166.6667 -5.2143 25.5913
v 170.8333 -5.2143 25.8491
v 170.8340 -5.2101 25.8390
v 166.6673 -5.2101 25.5812
v 166.6673 -5.2101 25.5812
v 170.8340 -5.2101 25.8390
v 170.8342 -5.2000 25.8348
v 166.6675 -5.2000 25.5770
v 166.6675 -5.2000 25.5770
v 170.8342 -5.2000 25.8348
v 170.8340 -5.1899 25.8390
v 166.6673 -5.1899 25.5812
v 166.6673 -5.1899 25.5812
v 170.8340 -5.1899 25.8390
v 170.8333 -5.1857 25.8491
v 166.6667 -5.1857 25.5913
v 170.8333 -5.1857 25.8491
v 175.0000 -5.1857 26.1225
v 174.9993 -5.1899 26.1326
v 170.8327 -5.1899 25.8591
v 170.8327 -5.1899 25.8591
v 174.9993 -5.1899 26.1326
v 174.9990 -5.2000 26.1368
v 170.8324 -5.2000 25.8633
v 170.8324 -5.2000 25.8633
v 174.9990 -5.2000 26.1368
v 174.9993 -5.2101 26.1326
v 170.8327 -5.2101 25.8591
v 170.8327 -5.2101 25.8591
v 174.9993 -5.2101 26.1326
v 175.0000 -5.2143 26.1225
v 170.8333 -5.2143 25.8491
v 170.8333 -5.2143 25.8491
v 175.0000 -5.2143 26.1225
v 175.0007 -5.2101 26.1124
v 170.8340 -5.2101 25.8390
v 170.8340 -5.2101 25.8390
v 175.0007 -5.2101 26.1124
v 175.0010 -5.2000 26.1082
v 170.8342 -5.2000 25.8348
v 170.8342 -5.2000 25.8348
v 175.0010 -5.2000 26.1082
v 175.0007 -5.1899 26.1124
v 170.8340 -5.1899 25.8390
v 170.8340 -5.1899 25.8390
v 175.0007 -5.1899 26.1124
v 175.0000 -5.1857 26.1225
v 170.8333 -5.1857 25.8491
v 175.0000 -5.1857 26.1225
v 179.1667 -5.1857 26.4116
v 179.1659 -5.1899 26.4217
v 174.9993 -5.1899 26.1326
v 174.9993 -5.1899 26.1326
v 179.1659 -5.1899 26.4217
v 179.1657 -5.2000 26.4259
v 174.9990 -5.2000 26.1368
v 174.9990 -5.2000 26.1368
v 179.1657 -5.2000 26.4259
v 179.1659 -5.2101 26.4217
v 174.9993 -5.2101 26.1326
v 174.9993 -5.2101 26.1326
v 179.1659 -5.2101 26.4217
v 179.1667 -5.2143 26.4116
v 175.0000 -5.2143 26.1225
v 175.0000 -5.2143 26.1225
v 179.1667 -5.2143 26.4116
v 179.1674 -5.2101 26.4015
v 175.0007 -5.2101 26.1124
v 175.0007 -5.2101 26.1124
v 179.1674 -5.2101 26.4015
v 179.1677 -5.2000 26.3973
v 175.0010 -5.2000 26.1082
v 175.0010 -5.2000 26.1082
v 179.1677 -5.2000 26.3973
v 179.1674 -5.1899 26.4015
v 175.0007 -5.1899 26.1124
v 175.0007 -5.1899 26.1124
v 179.1674 -5.1899 26.4015
v 179.1667 -5.1857 26.4116
v 175.0000 -5.1857 26.1225
v 179.1667 -5.1857 26.4116
v 183.3333 -5.1857 26.7164
v 183.3326 -5.1899 26.7264
v 179.1659 -5.1899 26.4217
v 179.1659 -5.1899 26.4217
v 183.3326 -5.1899 26.7264
v 183.3323 -5.2000 26.7306
v 179.1657 -5.2000 26.4259
v 179.1657 -5.2000 26.4259
v 183.3323 -5.2000 26.7306
v 183.3326 -5.2101 26.7264
v 179.1659 -5.2101 26.4217
v 179.1659 -5.2101 26.4217
v 183.3326 -5.2101 26.7264
v 183.3333 -5.2143 26.7164
v 179.1667 -5.2143 26.4116
v 179.1667 -5.2143 26.4116
v 183.3333 -5.2143 26.7164
v 183.3341 -5.2101 26.7063
v 179.1674 -5.2101 26.4015
v 179.1674 -5.2101 26.4015
v 183.3341 -5.2101 26.7063
v 183.3344 -5.2000 26.7021
v 179.1677 -5.2000 26.3973
v 179.1677 -5.2000 26.3973
v 183.3344 -5.2000 26.7021
v 183.3341 -5.1899 26.7063
v 179.1674 -5.1899 26.4015
v 179.1674 -5.1899 26.4015
v 183.3341 -5.1899 26.7063
v 183.3333 -5.1857 26.7164
v 179.1667 -5.1857 26.4116
v 183.3333 -5.1857 26.7164
v 187.5000 -5.1857 27.0368
v 187.4992 -5.1899 27.0468
v 183.3326 -5.1899 26.7264
v 183.3326 -5.1899 26.7264
v 187.4992 -5.1899 27.0468
v 187.4989 -5.2000 27.0510
v 183.3323 -5.2000 26.7306
v 183.3323 -5.2000 26.7306
v 187.4989 -5.2000 27.0510
v 187.4992 -5.2101 27.0468
v 183.3326 -5.2101 26.7264
v 183.3326 -5.2101 26.7264
v 187.4992 -5.2101 27.0468
v 187.5000 -5.2143 27.0368
v 183.3333 -5.2143 26.7164
v 183.3333 -5.2143 26.7164
v 187.5000 -5.2143 27.0368
v 187.5008 -5.2101 27.0267
v 183.3341 -5.2101 26.7063
v 183.3341 -5.2101 26.7063
v 187.5008 -5.2101 27.0267
v 187.5011 -5.2000 27.0225
v 183.3344 -5.2000 26.7021
v 183.3344 -5.2000 26.7021
v 187.5011 -5.2000 27.0225
v 187.5008 -5.1899 27.0267
v 183.3341 -5.1899 26.7063
v 183.3341 -5.1899 26.7063
v 187.5008 -5.1899 27.0267
v 187.5000 -5.1857 27.0368
v 183.3333 -5.1857 26.7164
v 187.5000 -5.1857 27.0368
v 191.6667 -5.1857 27.3728
v 191.6658 -5.1899 27.3829
v 187.4992 -5.1899 27.0468
v 187.4992 -5.1899 27.0468
v 191.6658 -5.1899 27.3829
v 191.6655 -5.2000 27.3871
v 187.4989 -5.2000 27.0510
v 187.4989 -5.2000 27.0510
v 191.6655 -5.2000 27.3871
v 191.6658 -5.2101 27.3829
v 187.4992 -5.2101 27.0468
v 187.4992 -5.2101 27.0468
v 191.6658 -5.2101 27.3829
v 191.6667 -5.2143 27.3728
v 187.5000 -5.2143 27.0368
v 187.5000 -5.2143 27.0368
v 191.6667 -5.2143 27.3728
v 191.6675 -5.2101 27.3628
v 187.5008 -5.2101 27.0267
v 187.5008 -5.2101 27.0267
v 191.6675 -5.2101 27.3628
v 191.6678 -5.2000 27.3586
v 187.5011 -5.2000 27.0225
v 187.5011 -5.2000 27.0225
v 191.6678 -5.2000 27.3586
v 191.6675 -5.1899 27.3628
v 187.5008 -5.1899 27.0267
v 187.5008 -5.1899 27.0267
v 191.6675 -5.1899 27.3628
v 191.6667 -5.1857 27.3728
v 187.5000 -5.1857 27.0368
v 191.6667 -5.1857 27.3728
v 195.8333 -5.1857 27.7246
v 195.8325 -5.1899 27.7347
v 191.6658 -5.1899 27.3829
v 191.6658 -5.1899 27.3829
v 195.8325 -5.1899 27.7347
v 195.8321 -5.2000 27.7388
v 191.6655 -5.2000 27.3871
v 191.6655 -5.2000 27.3871
v 195.8321 -5.2000 27.7388
v 195.8325 -5.2101 27.7347
v 191.6658 -5.2101 27.3829
v 191.6658 -5.2101 27.3829
v 195.8325 -5.2101 27.7347
v 195.8333 -5.2143 27.7246
v 191.6667 -5.2143 27.3728
v 191.6667 -5.2143 27.3728
v 195.8333 -5.2143 27.7246
v 195.8342 -5.2101 27.7145
v 191.6675 -5.2101 27.3628
v 191.6675 -5.2101 27.3628
v 195.8342 -5.2101 27.7145
v 195.8346 -5.2000 27.7103
v 191.6678 -5.2000 27.3586
v 191.6678 -5.2000 27.3586
v 195.8346 -5.2000 27.7103
v 195.8342 -5.1899 27.7145
v 191.6675 -5.1899 27.3628
v 191.6675 -5.1899 27.3628
v 195.8342 -5.1899 27.7145
v 195.8333 -5.1857 27.7246
v 191.6667 -5.1857 27.3728
v 195.8333 -5.1857 27.7246
v 200.0000 -5.1857 28.0920
v 199.9991 -5.1899 28.1021
v 195.8325 -5.1899 27.7347
v 195.8325 -5.1899 27.7347
v 199.9991 -5.1899 28.1021
v 199.9987 -5.2000 28.1062
v 195.8321 -5.2000 27.7388
v 195.8321 -5.2000 27.7388
v 199.9987 -5.2000 28.1062
v 199.9991 -5.2101 28.1021
v 195.8325 -5.2101 27.7347
v 195.8325 -5.2101 27.7347
v 199.9991 -5.2101 28.1021
v 200.0000 -5.2143 28.0920
v 195.8333 -5.2143 27.7246
v 195.8333 -5.2143 27.7246
v 200.0000 -5.2143 28.0920
v 200.0009 -5.2101 28.0819
v 195.8342 -5.2101 27.7145
v 195.8342 -5.2101 27.7145
v 200.0009 -5.2101 28.0819
v 200.0013 -5.2000 28.0778
v 195.8346 -5.2000 27.7103
v 195.8346 -5.2000 27.7103
v 200.0013 -5.2000 28.0778
v 200.0009 -5.1899 28.0819
v 195.8342 -5.1899 27.7145
v 195.8342 -5.1899 27.7145
v 200.0009 -5.1899 28.0819
v 200.0000 -5.1857 28.0920
v 195.8333 -5.1857 27.7246
v 0.0000 -5.2000 28.0920
v 0.0000 -5.1857 28.0920
v 0.0009 -5.1899 28.1021
v 0.0009 -5.1899 28.1021
v 0.0013 -5.2000 28.1062
v 0.0013 -5.2000 28.1062
v 0.0009 -5.2101 28.1021
v 0.0009 -5.2101 28.1021
v 0.0000 -5.2143 28.0920
v 0.0000 -5.2143 28.0920
v -0.0009 -5.2101 28.0819
v -0.0009 -5.2101 28.0819
v -0.0013 -5.2000 28.0778
v -0.0013 -5.2000 28.0778
v -0.0009 -5.1899 28.0819
v -0.0009 -5.1899 28.0819
v 0.0000 -5.1857 28.0920
v 200.0000 -5.2000 28.0920
v 200.0000 -5.1857 28.0920
v 199.9991 -5.1899 28.1021
v 199.9991 -5.1899 28.1021
v 199.9987 -5.2000 28.1062
v 199.9987 -5.2000 28.1062
v 199.9991 -5.2101 28.1021
v 199.9991 -5.2101 28.1021
v 200.0000 -5.2143 28.0920
v 200.0000 -5.2143 28.0920
v 200.0009 -5.2101 28.0819
v 200.0009 -5.2101 28.0819
v 200.0013 -5.2000 28.0778
v 200.0013 -5.2000 28.0778
v 200.0009 -5.1899 28.0819
v 200.0009 -5.1899 28.0819
v 200.0000 -5.1857 28.0920
v 0.0000 5.2143 28.0920
v 4.1667 5.2143 27.7246
v 4.1675 5.2101 27.7347
v 0.0009 5.2101 28.1021
v 0.0009 5.2101 28.1021
v 4.1675 5.2101 27.7347
v 4.1679 5.2000 27.7388
v 0.0013 5.2000 28.1062
v 0.0013 5.2000 28.1062
v 4.1679 5.2000 27.7388
v 4.1675 5.1899 27.7347
v 0.0009 5.1899 28.1021
v 0.0009 5.1899 28.1021
v 4.1675 5.1899 27.7347
v 4.1667 5.1857 27.7246
v 0.0000 5.1857 28.0920
v 0.0000 5.1857 28.0920
v 4.1667 5.1857 27.7246
v 4.1658 5.1899 27.7145
v -0.0009 5.1899 28.0819
v -0.0009 5.1899 28.0819
v 4.1658 5.1899 27.7145
v 4.1654 5.2000 27.7103
v -0.0013 5.2000 28.0778
v -0.0013 5.2000 28.0778
v 4.1654 5.2000 27.7103
v 4.1658 5.2101 27.7145
v -0.0009 5.2101 28.0819
v -0.0009 5.2101 28.0819
v 4.1658 5.2101 27.7145
v 4.1667 5.2143 27.7246
v 0.0000 5.2143 28.0920
v 4.1667 5.2143 27.7246
v 8.3333 5.2143 27.3728
v 8.3342 5.2101 27.3829
v 4.1675 5.2101 27.7347
v 4.1675 5.2101 27.7347
v 8.3342 5.2101 27.3829
v 8.3345 5.2000 27.3871
v 4.1679 5.2000 27.7388
v 4.1679 5.2000 27.7388
v 8.3345 5.2000 27.3871
v 8.3342 5.1899 27.3829
v 4.1675 5.1899 27.7347
v 4.1675 5.1899 27.7347
v 8.3342 5.1899 27.3829
v 8.3333 5.1857 27.3728
v 4.1667 5.1857 27.7246
v 4.1667 5.1857 27.7246
v 8.3333 5.1857 27.3728
v 8.3325 5.1899 27.3628
v 4.1658 5.1899 27.7145
v 4.1658 5.1899 27.7145
v 8.3325 5.1899 27.3628
v 8.3322 5.2000 27.3586
v 4.1654 5.2000 27.7103
v 4.1654 5.2000 27.7103
v 8.3322 5.2000 27.3586
v 8.3325 5.2101 27.3628
v 4.1658 5.2101 27.7145
v 4.1658 5.2101 27.7145
v 8.3325 5.2101 27.3628
v 8.3333 5.2143 27.3728
v 4.1667 5.2143 27.7246
v 8.3333 5.2143 27.3728
v 12.5000 5.2143 27.0368
v 12.5008 5.2101 27.0468
v 8.3342 5.2101 27.3829
v 8.3342 5.2101 27.3829
v 12.5008 5.2101 27.0468
v 12.5011 5.2000 27.0510
v 8.3345 5.2000 27.3871
v 8.3345 5.2000 27.3871
v 12.5011 5.2000 27.0510
v 12.5008 5.1899 27.0468
v 8.3342 5.1899 27.3829
v 8.3342 5.1899 27.3829
v 12.5008 5.1899 27.0468
v 12.5000 5.1857 27.0368
v 8.3333 5.1857 27.3728
v 8.3333 5.1857 27.3728
v 12.5000 5.1857 27.0368
v 12.4992 5.1899 27.0267
v 8.3325 5.1899 27.3628
v 8.3325 5.1899 27.3628
v 12.4992 5.1899 27.0267
v 12.4989 5.2000 27.0225
v 8.3322 5.2000 27.3586
v 8.3322 5.2000 27.3586
v 12.4989 5.2000 27.0225
v 12.4992 5.2101 27.0267
v 8.3325 5.2101 27.3628
v 8.3325 5.2101 27.3628
v 12.4992 5.2101 27.0267
v 12.5000 5.2143 27.0368
v 8.3333 5.2143 27.3728
v 12.5000 5.2143 27.0368
v 16.6667 5.2143 26.7164
v 16.6674 5.2101 26.7264
v 12.5008 5.2101 27.0468
v 12.5008 5.2101 27.0468
v 16.6674 5.2101 26.7264
v 16.6677 5.2000 26.7306
v 12.5011 5.2000 27.0510
v 12.5011 5.2000 27.0510
v 16.6677 5.2000 26.7306
v 16.6674 5.1899 26.7264
v 12.5008 5.1899 27.0468
v 12.5008 5.1899 27.0468
v 16.6674 5.1899 26.7264
v 16.6667 5.1857 26.7164
v 12.5000 5.1857 27.0368
v 12.5000 5.1857 27.0368
v 16.6667 5.1857 26.7164
v 16.6659 5.1899 26.7063
v 12.4992 5.1899 27.0267
v 12.4992 5.1899 27.0267
v 16.6659 5.1899 26.7063
v 16.6656 5.2000 26.7021
v 12.4989 5.2000 27.0225
v 12.4989 5.2000 27.0225
v 16.6656 5.2000 26.7021
v 16.6659 5.2101 26.7063
v 12.4992 5.2101 27.0267
v 12.4992 5.2101 27.0267
v 16.6659 5.2101 26.7063
v 16.6667 5.2143 26.7164
v 12.5000 5.2143 27.0368
v 16.6667 5.2143 26.7164
v 20.8333 5.2143 26.4116
v 20.8341 5.2101 26.4217
v 16.6674 5.2101 26.7264
v 16.6674 5.2101 26.7264
v 20.8341 5.2101 26.4217
v 20.8343 5.2000 26.4259
v 16.6677 5.2000 26.7306
v 16.6677 5.2000 26.7306
v 20.8343 5.2000 26.4259
v 20.8341 5.1899 26.4217
v 16.6674 5.1899 26.7264
v 16.6674 5.1899 26.7264
v 20.8341 5.1899 26.4217
v 20.8333 5.1857 26.4116
v 16.6667 5.1857 26.7164
v 16.6667 5.1857 26.7164
v 20.8333 5.1857 26.4116
v 20.8326 5.1899 26.4015
v 16.6659 5.1899 26.7063
v 16.6659 5.1899 26.7063
v 20.8326 5.1899 26.4015
v 20.8323 5.2000 26.3973
v 16.6656 5.2000 26.7021
v 16.6656 5.2000 26.7021
v 20.8323 5.2000 26.3973
v 20.8326 5.2101 26.4015
v 16.6659 5.2101 26.7063
v 16.6659 5.2101 26.7063
v 20.8326 5.2101 26.4015
v 20.8333 5.2143 26.4116
v 16.6667 5.2143 26.7164
v 20.8333 5.2143 26.4116
v 25.0000 5.2143 26.1225
v 25.0007 5.2101 26.1326
v 20.8341 5.2101 26.4217
v 20.8341 5.2101 26.4217
v 25.0007 5.2101 26.1326
v 25.0010 5.2000 26.1368
v 20.8343 5.2000 26.4259
v 20.8343 5.2000 26.4259
v 25.0010 5.2000 26.1368
v 25.0007 5.1899 26.1326
v 20.8341 5.1899 26.4217
v 20.8341 5.1899 26.4217
v 25.0007 5.1899 26.1326
v 25.0000 5.1857 26.1225
v 20.8333 5.1857 26.4116
v 20.8333 5.1857 26.4116
v 25.0000 5.1857 26.1225
v 24.9993 5.1899 26.1124
v 20.8326 5.1899 26.4015
v 20.8326 5.1899 26.4015
v 24.9993 5.1899 26.1124
v 24.9990 5.2000 26.1082
v 20.8323 5.2000 26.3973
v 20.8323 5.2000 26.3973
v 24.9990 5.2000 26.1082
v 24.9993 5.2101 26.1124
v 20.8326 5.2101 26.4015
v 20.8326 5.2101 26.4015
v 24.9993 5.2101 26.1124
v 25.0000 5.2143 26.1225
v 20.8333 5.2143 26.4116
v 25.0000 5.2143 26.1225
v 29.1667 5.2143 25.8491
v 29.1673 5.2101 25.8591
v 25.0007 5.2101 26.1326
v 25.0007 5.2101 26.1326
v 29.1673 5.2101 25.8591
v 29.1676 5.2000 25.8633
v 25.0010 5.2000 26.1368
v 25.0010 5.2000 26.1368
v 29.1676 5.2000 25.8633
v 29.1673 5.1899 25.8591
v 25.0007 5.1899 26.1326
v 25.0007 5.1899 26.1326
v 29.1673 5.1899 25.8591
v 29.1667 5.1857 25.8491
v 25.0000 5.1857 26.1225
v 25.0000 5.1857 26.1225
v 29.1667 5.1857 25.8491
v 29.1660 5.1899 25.8390
v 24.9993 5.1899 26.1124
v 24.9993 5.1899 26.1124
v 29.1660 5.1899 25.8390
v 29.1658 5.2000 25.8348
v 24.9990 5.2000 26.1082
v 24.9990 5.2000 26.1082
v 29.1658 5.2000 25.8348
v 29.1660 5.2101 25.8390
v 24.9993 5.2101 26.1124
v 24.9993 5.2101 26.1124
v 29.1660 5.2101 25.8390
v 29.1667 5.2143 25.8491
v 25.0000 5.2143 26.1225
v 29.1667 5.2143 25.8491
v 33.3333 5.2143 25.5913
v 33.3339 5.2101 25.6013
v 29.1673 5.2101 25.8591
v 29.1673 5.2101 25.8591
v 33.3339 5.2101 25.6013
v 33.3342 5.2000 25.6055
v 29.1676 5.2000 25.8633
v 29.1676 5.2000 25.8633
v 33.3342 5.2000 25.6055
v 33.3339 5.1899 25.6013
v 29.1673 5.1899 25.8591
v 29.1673 5.1899 25.8591
v 33.3339 5.1899 25.6013
v 33.3333 5.1857 25.5913
v 29.1667 5.1857 25.8491
v 29.1667 5.1857 25.8491
v 33.3333 5.1857 25.5913
v 33.3327 5.1899 25.5812
v 29.1660 5.1899 25.8390
v 29.1660 5.1899 25.8390
v 33.3327 5.1899 25.5812
v 33.3325 5.2000 25.5770
v 29.1658 5.2000 25.8348
v 29.1658 5.2000 25.8348
v 33.3325 5.2000 25.5770
v 33.3327 5.2101 25.5812
v 29.1660 5.2101 25.8390
v 29.1660 5.2101 25.8390
v 33.3327 5.2101 25.5812
v 33.3333 5.2143 25.5913
v 29.1667 5.2143 25.8491
v 33.3333 5.2143 25.5913
v 37.5000 5.2143 25.3491
v 37.5006 5.2101 25.3592
v 33.3339 5.2101 25.6013
v 33.3339 5.2101 25.6013
v 37.5006 5.2101 25.3592
v 37.5008 5.2000 25.3634
v 33.3342 5.2000 25.6055
v 33.3342 5.2000 25.6055
v 37.5008 5.2000 25.3634
v 37.5006 5.1899 25.3592
v 33.3339 5.1899 25.6013
v 33.3339 5.1899 25.6013
v 37.5006 5.1899 25.3592
v 37.5000 5.1857 25.3491
v 33.3333 5.1857 25.5913
v 33.3333 5.1857 25.5913
v 37.5000 5.1857 25.3491
v 37.4994 5.1899 25.3390
v 33.3327 5.1899 25.5812
v 33.3327 5.1899 25.5812
v 37.4994 5.1899 25.3390
v 37.4992 5.2000 25.3348
v 33.3325 5.2000 25.5770
v 33.3325 5.2000 25.5770
v 37.4992 5.2000 25.3348
v 37.4994 5.2101 25.3390
v 33.3327 5.2101 25.5812
v 33.3327 5.2101 25.5812
v 37.4994 5.2101 25.3390
v 37.5000 5.2143 25.3491
v 33.3333 5.2143 25.5913
v 37.5000 5.2143 25.3491
v 41.6667 5.2143 25.1226
v 41.6672 5.2101 25.1327
v 37.5006 5.2101 25.3592
v 37.5006 5.2101 25.3592
v 41.6672 5.2101 25.1327
v 41.6674 5.2000 25.1368
v 37.5008 5.2000 25.3634
v 37.5008 5.2000 25.3634
v 41.6674 5.2000 25.1368
v 41.6672 5.1899 25.1327
v 37.5006 5.1899 25.3592
v 37.5006 5.1899 25.3592
v 41.6672 5.1899 25.1327
v 41.6667 5.1857 25.1226
v 37.5000 5.1857 25.3491
v 37.5000 5.1857 25.3491
v 41.6667 5.1857 25.1226
v 41.6661 5.1899 25.1125
v 37.4994 5.1899 25.3390
v 37.4994 5.1899 25.3390
v 41.6661 5.1899 25.1125
v 41.6659 5.2000 25.1083
v 37.4992 5.2000 25.3348
v 37.4992 5.2000 25.3348
v 41.6659 5.2000 25.1083
v 41.6661 5.2101 25.1125
v 37.4994 5.2101 25.3390
v 37.4994 5.2101 25.3390
v 41.6661 5.2101 25.1125
v 41.6667 5.2143 25.1226
v 37.5000 5.2143 25.3491
v 41.6667 5.2143 25.1226
v 45.8333 5.2143 24.9117
v 45.8338 5.2101 24.9218
v 41.6672 5.2101 25.1327
v 41.6672 5.2101 25.1327
v 45.8338 5.2101 24.9218
v 45.8340 5.2000 24.9260
v 41.6674 5.2000 25.1368
v 41.6674 5.2000 25.1368
v 45.8340 5.2000 24.9260
v 45.8338 5.1899 24.9218
v 41.6672 5.1899 25.1327
v 41.6672 5.1899 25.1327
v 45.8338 5.1899 24.9218
v 45.8333 5.1857 24.9117
v 41.6667 5.1857 25.1226
v 41.6667 5.1857 25.1226
v 45.8333 5.1857 24.9117
v 45.8328 5.1899 24.9016
v 41.6661 5.1899 25.1125
v 41.6661 5.1899 25.1125
v 45.8328 5.1899 24.9016
v 45.8326 5.2000 24.8974
v 41.6659 5.2000 25.1083
v 41.6659 5.2000 25.1083
v 45.8326 5.2000 24.8974
v 45.8328 5.2101 24.9016
v 41.6661 5.2101 25.1125
v 41.6661 5.2101 25.1125
v 45.8328 5.2101 24.9016
v 45.8333 5.2143 24.9117
v 41.6667 5.2143 25.1226
v 45.8333 5.2143 24.9117
v 50.0000 5.2143 24.7164
v 50.0005 5.2101 24.7265
v 45.8338 5.2101 24.9218
v 45.8338 5.2101 24.9218
v 50.0005 5.2101 24.7265
v 50.0006 5.2000 24.7307
v 45.8340 5.2000 24.9260
v 45.8340 5.2000 24.9260
v 50.0006 5.2000 24.7307
v 50.0005 5.1899 24.7265
v 45.8338 5.1899 24.9218
v 45.8338 5.1899 24.9218
v 50.0005 5.1899 24.7265
v 50.0000 5.1857 24.7164
v 45.8333 5.1857 24.9117
v 45.8333 5.1857 24.9117
v 50.0000 5.1857 24.7164
v 49.9995 5.1899 24.7063
v 45.8328 5.1899 24.9016
v 45.8328 5.1899 24.9016
v 49.9995 5.1899 24.7063
v 49.9994 5.2000 24.7021
v 45.8326 5.2000 24.8974
v 45.8326 5.2000 24.8974
v 49.9994 5.2000 24.7021
v 49.9995 5.2101 24.7063
v 45.8328 5.2101 24.9016
v 45.8328 5.2101 24.9016
v 49.9995 5.2101 24.7063
v 50.0000 5.2143 24.7164
v 45.8333 5.2143 24.9117
v 50.0000 5.2143 24.7164
v 54.1667 5.2143 24.5368
v 54.1671 5.2101 24.5469
v 50.0005 5.2101 24.7265
v 50.0005 5.2101 24.7265
v 54.1671 5.2101 24.5469
v 54.1673 5.2000 24.5511
v 50.0006 5.2000 24.7307
v 50.0006 5.2000 24.7307
v 54.1673 5.2000 24.5511
v 54.1671 5.1899 24.5469
v 50.0005 5.1899 24.7265
v 50.0005 5.1899 24.7265
v 54.1671 5.1899 24.5469
v 54.1667 5.1857 24.5368
v 50.0000 5.1857 24.7164
v 50.0000 5.1857 24.7164
v 54.1667 5.1857 24.5368
v 54.1663 5.1899 24.5267
v 49.9995 5.1899 24.7063
v 49.9995 5.1899 24.7063
v 54.1663 5.1899 24.5267
v 54.1661 5.2000 24.5225
v 49.9994 5.2000 24.7021
v 49.9994 5.2000 24.7021
v 54.1661 5.2000 24.5225
v 54.1663 5.2101 24.5267
v 49.9995 5.2101 24.7063
v 49.9995 5.2101 24.7063
v 54.1663 5.2101 24.5267
v 54.1667 5.2143 24.5368
v 50.0000 5.2143 24.7164
v 54.1667 5.2143 24.5368
v 58.3333 5.2143 24.3728
v 58.3337 5.2101 24.3829
v 54.1671 5.2101 24.5469
v 54.1671 5.2101 24.5469
v 58.3337 5.2101 24.3829
v 58.3339 5.2000 24.3871
v 54.1673 5.2000 24.5511
v 54.1673 5.2000 24.5511
v 58.3339 5.2000 24.3871
v 58.3337 5.1899 24.3829
v 54.1671 5.1899 24.5469
v 54.1671 5.1899 24.5469
v 58.3337 5.1899 24.3829
v 58.3333 5.1857 24.3728
v 54.1667 5.1857 24.5368
v 54.1667 5.1857 24.5368
v 58.3333 5.1857 24.3728
v 58.3330 5.1899 24.3627
v 54.1663 5.1899 24.5267
v 54.1663 5.1899 24.5267
v 58.3330 5.1899 24.3627
v 58.3328 5.2000 24.3585
v 54.1661 5.2000 24.5225
v 54.1661 5.2000 24.5225
v 58.3328 5.2000 24.3585
v 58.3330 5.2101 24.3627
v 54.1663 5.2101 24.5267
v 54.1663 5.2101 24.5267
v 58.3330 5.2101 24.3627
v 58.3333 5.2143 24.3728
v 54.1667 5.2143 24.5368
v 58.3333 5.2143 24.3728
v 62.5000 5.2143 24.2244
v 62.5003 5.2101 24.2346
v 58.3337 5.2101 24.3829
v 58.3337 5.2101 24.3829
v 62.5003 5.2101 24.2346
v 62.5005 5.2000 24.2387
v 58.3339 5.2000 24.3871
v 58.3339 5.2000 24.3871
v 62.5005 5.2000 24.2387
v 62.5003 5.1899 24.2346
v 58.3337 5.1899 24.3829
v 58.3337 5.1899 24.3829
v 62.5003 5.1899 24.2346
v 62.5000 5.1857 24.2244
v 58.3333 5.1857 24.3728
v 58.3333 5.1857 24.3728
v 62.5000 5.1857 24.2244
v 62.4997 5.1899 24.2143
v 58.3330 5.1899 24.3627
v 58.3330 5.1899 24.3627
v 62.4997 5.1899 24.2143
v 62.4995 5.2000 24.2102
v 58.3328 5.2000 24.3585
v 58.3328 5.2000 24.3585
v 62.4995 5.2000 24.2102
v 62.4997 5.2101 24.2143
v 58.3330 5.2101 24.3627
v 58.3330 5.2101 24.3627
v 62.4997 5.2101 24.2143
v 62.5000 5.2143 24.2244
v 58.3333 5.2143 24.3728
v 62.5000 5.2143 24.2244
v 66.6667 5.2143 24.0917
v 66.6670 5.2101 24.1018
v 62.5003 5.2101 24.2346
v 62.5003 5.2101 24.2346
v 66.6670 5.2101 24.1018
v 66.6671 5.2000 24.1060
v 62.5005 5.2000 24.2387
v 62.5005 5.2000 24.2387
v 66.6671 5.2000 24.1060
v 66.6670 5.1899 24.1018
v 62.5003 5.1899 24.2346
v 62.5003 5.1899 24.2346
v 66.6670 5.1899 24.1018
v 66.6667 5.1857 24.0917
v 62.5000 5.1857 24.2244
v 62.5000 5.1857 24.2244
v 66.6667 5.1857 24.0917
v 66.6664 5.1899 24.0816
v 62.4997 5.1899 24.2143
v 62.4997 5.1899 24.2143
v 66.6664 5.1899 24.0816
v 66.6662 5.2000 24.0774
v 62.4995 5.2000 24.2102
v 62.4995 5.2000 24.2102
v 66.6662 5.2000 24.0774
v 66.6664 5.2101 24.0816
v 62.4997 5.2101 24.2143
v 62.4997 5.2101 24.2143
v 66.6664 5.2101 24.0816
v 66.6667 5.2143 24.0917
v 62.5000 5.2143 24.2244
v 66.6667 5.2143 24.0917
v 70.8333 5.2143 23.9746
v 70.8336 5.2101 23.9847
v 66.6670 5.2101 24.1018
v 66.6670 5.2101 24.1018
v 70.8336 5.2101 23.9847
v 70.8337 5.2000 23.9889
v 66.6671 5.2000 24.1060
v 66.6671 5.2000 24.1060
v 70.8337 5.2000 23.9889
v 70.8336 5.1899 23.9847
v 66.6670 5.1899 24.1018
v 66.6670 5.1899 24.1018
v 70.8336 5.1899 23.9847
v 70.8333 5.1857 23.9746
v 66.6667 5.1857 24.0917
v 66.6667 5.1857 24.0917
v 70.8333 5.1857 23.9746
v 70.8331 5.1899 23.9645
v 66.6664 5.1899 24.0816
v 66.6664 5.1899 24.0816
v 70.8331 5.1899 23.9645
v 70.8330 5.2000 23.9603
v 66.6662 5.2000 24.0774
v 66.6662 5.2000 24.0774
v 70.8330 5.2000 23.9603
v 70.8331 5.2101 23.9645
v 66.6664 5.2101 24.0816
v 66.6664 5.2101 24.0816
v 70.8331 5.2101 23.9645
v 70.8333 5.2143 23.9746
v 66.6667 5.2143 24.0917
v 70.8333 5.2143 23.9746
v 75.0000 5.2143 23.8731
v 75.0002 5.2101 23.8832
v 70.8336 5.2101 23.9847
v 70.8336 5.2101 23.9847
v 75.0002 5.2101 23.8832
v 75.0003 5.2000 23.8874
v 70.8337 5.2000 23.9889
v 70.8337 5.2000 23.9889
v 75.0003 5.2000 23.8874
v 75.0002 5.1899 23.8832
v 70.8336 5.1899 23.9847
v 70.8336 5.1899 23.9847
v 75.0002 5.1899 23.8832
v 75.0000 5.1857 23.8731
v 70.8333 5.1857 23.9746
v 70.8333 5.1857 23.9746
v 75.0000 5.1857 23.8731
v 74.9998 5.1899 23.8630
v 70.8331 5.1899 23.9645
v 70.8331 5.1899 23.9645
v 74.9998 5.1899 23.8630
v 74.9997 5.2000 23.8588
v 70.8330 5.2000 23.9603
v 70.8330 5.2000 23.9603
v 74.9997 5.2000 23.8588
v 74.9998 5.2101 23.8630
v 70.8331 5.2101 23.9645
v 70.8331 5.2101 23.9645
v 74.9998 5.2101 23.8630
v 75.0000 5.2143 23.8731
v 70.8333 5.2143 23.9746
v 75.0000 5.2143 23.8731
v 79.1667 5.2143 23.7872
v 79.1669 5.2101 23.7973
v 75.0002 5.2101 23.8832
v 75.0002 5.2101 23.8832
v 79.1669 5.2101 23.7973
v 79.1669 5.2000 23.8015
v 75.0003 5.2000 23.8874
v 75.0003 5.2000 23.8874
v 79.1669 5.2000 23.8015
v 79.1669 5.1899 23.7973
v 75.0002 5.1899 23.8832
v 75.0002 5.1899 23.8832
v 79.1669 5.1899 23.7973
v 79.1667 5.1857 23.7872
v 75.0000 5.1857 23.8731
v 75.0000 5.1857 23.8731
v 79.1667 5.1857 23.7872
v 79.1665 5.1899 23.7771
v 74.9998 5.1899 23.8630
v 74.9998 5.1899 23.8630
v 79.1665 5.1899 23.7771
v 79.1664 5.2000 23.7729
v 74.9997 5.2000 23.8588
v 74.9997 5.2000 23.8588
v 79.1664 5.2000 23.7729
v 79.1665 5.2101 23.7771
v 74.9998 5.2101 23.8630
v 74.9998 5.2101 23.8630
v 79.1665 5.2101 23.7771
v 79.1667 5.2143 23.7872
v 75.0000 5.2143 23.8731
v 79.1667 5.2143 23.7872
v 83.3333 5.2143 23.7169
v 83.3335 5.2101 23.7270
v 79.1669 5.2101 23.7973
v 79.1669 5.2101 23.7973
v 83.3335 5.2101 23.7270
v 83.3335 5.2000 23.7312
v 79.1669 5.2000 23.8015
v 79.1669 5.2000 23.8015
v 83.3335 5.2000 23.7312
v 83.3335 5.1899 23.7270
v 79.1669 5.1899 23.7973
v 79.1669 5.1899 23.7973
v 83.3335 5.1899 23.7270
v 83.3333 5.1857 23.7169
v 79.1667 5.1857 23.7872
v 79.1667 5.1857 23.7872
v 83.3333 5.1857 23.7169
v 83.3332 5.1899 23.7068
v 79.1665 5.1899 23.7771
v 79.1665 5.1899 23.7771
v 83.3332 5.1899 23.7068
v 83.3331 5.2000 23.7026
v 79.1664 5.2000 23.7729
v 79.1664 5.2000 23.7729
v 83.3331 5.2000 23.7026
v 83.3332 5.2101 23.7068
v 79.1665 5.2101 23.7771
v 79.1665 5.2101 23.7771
v 83.3332 5.2101 23.7068
v 83.3333 5.2143 23.7169
v 79.1667 5.2143 23.7872
v 83.3333 5.2143 23.7169
v 87.5000 5.2143 23.6623
v 87.5001 5.2101 23.6724
v 83.3335 5.2101 23.7270
v 83.3335 5.2101 23.7270
v 87.5001 5.2101 23.6724
v 87.5002 5.2000 23.6766
v 83.3335 5.2000 23.7312
v 83.3335 5.2000 23.7312
v 87.5002 5.2000 23.6766
v 87.5001 5.1899 23.6724
v 83.3335 5.1899 23.7270
v 83.3335 5.1899 23.7270
v 87.5001 5.1899 23.6724
v 87.5000 5.1857 23.6623
v 83.3333 5.1857 23.7169
v 83.3333 5.1857 23.7169
v 87.5000 5.1857 23.6623
v 87.4999 5.1899 23.6522
v 83.3332 5.1899 23.7068
v 83.3332 5.1899 23.7068
v 87.4999 5.1899 23.6522
v 87.4998 5.2000 23.6480
v 83.3331 5.2000 23.7026
v 83.3331 5.2000 23.7026
v 87.4998 5.2000 23.6480
v 87.4999 5.2101 23.6522
v 83.3332 5.2101 23.7068
v 83.3332 5.2101 23.7068
v 87.4999 5.2101 23.6522
v 87.5000 5.2143 23.6623
v 83.3333 5.2143 23.7169
v 87.5000 5.2143 23.6623
v 91.6667 5.2143 23.6232
v 91.6667 5.2101 23.6333
v 87.5001 5.2101 23.6724
v 87.5001 5.2101 23.6724
v 91.6667 5.2101 23.6333
v 91.6668 5.2000 23.6375
v 87.5002 5.2000 23.6766
v 87.5002 5.2000 23.6766
v 91.6668 5.2000 23.6375
v 91.6667 5.1899 23.6333
v 87.5001 5.1899 23.6724
v 87.5001 5.1899 23.6724
v 91.6667 5.1899 23.6333
v 91.6667 5.1857 23.6232
v 87.5000 5.1857 23.6623
v 87.5000 5.1857 23.6623
v 91.6667 5.1857 23.6232
v 91.6666 5.1899 23.6131
v 87.4999 5.1899 23.6522
v 87.4999 5.1899 23.6522
v 91.6666 5.1899 23.6131
v 91.6666 5.2000 23.6089
v 87.4998 5.2000 23.6480
v 87.4998 5.2000 23.6480
v 91.6666 5.2000 23.6089
v 91.6666 5.2101 23.6131
v 87.4999 5.2101 23.6522
v 87.4999 5.2101 23.6522
v 91.6666 5.2101 23.6131
v 91.6667 5.2143 23.6232
v 87.5000 5.2143 23.6623
v 91.6667 5.2143 23.6232
v 95.8333 5.2143 23.5998
v 95.8334 5.2101 23.6099
v 91.6667 5.2101 23.6333
v 91.6667 5.2101 23.6333
v 95.8334 5.2101 23.6099
v 95.8334 5.2000 23.6141
v 91.6668 5.2000 23.6375
v 91.6668 5.2000 23.6375
v 95.8334 5.2000 23.6141
v 95.8334 5.1899 23.6099
v 91.6667 5.1899 23.6333
v 91.6667 5.1899 23.6333
v 95.8334 5.1899 23.6099
v 95.8333 5.1857 23.5998
v 91.6667 5.1857 23.6232
v 91.6667 5.1857 23.6232
v 95.8333 5.1857 23.5998
v 95.8333 5.1899 23.5897
v 91.6666 5.1899 23.6131
v 91.6666 5.1899 23.6131
v 95.8333 5.1899 23.5897
v 95.8333 5.2000 23.5855
v 91.6666 5.2000 23.6089
v 91.6666 5.2000 23.6089
v 95.8333 5.2000 23.5855
v 95.8333 5.2101 23.5897
v 91.6666 5.2101 23.6131
v 91.6666 5.2101 23.6131
v 95.8333 5.2101 23.5897
v 95.8333 5.2143 23.5998
v 91.6667 5.2143 23.6232
v 95.8333 5.2143 23.5998
v 100.0000 5.2143 23.5920
v 100.0000 5.2101 23.6021
v 95.8334 5.2101 23.6099
v 95.8334 5.2101 23.6099
v 100.0000 5.2101 23.6021
v 100.0000 5.2000 23.6063
v 95.8334 5.2000 23.6141
v 95.8334 5.2000 23.6141
v 100.0000 5.2000 23.6063
v 100.0000 5.1899 23.6021
v 95.8334 5.1899 23.6099
v 95.8334 5.1899 23.6099
v 100.0000 5.1899 23.6021
v 100.0000 5.1857 23.5920
v 95.8333 5.1857 23.5998
v 95.8333 5.1857 23.5998
v 100.0000 5.1857 23.5920
v 100.0000 5.1899 23.5819
v 95.8333 5.1899 23.5897
v 95.8333 5.1899 23.5897
v 100.0000 5.1899 23.5819
v 100.0000 5.2000 23.5777
v 95.8333 5.2000 23.5855
v 95.8333 5.2000 23.5855
v 100.0000 5.2000 23.5777
v 100.0000 5.2101 23.5819
v 95.8333 5.2101 23.5897
v 95.8333 5.2101 23.5897
v 100.0000 5.2101 23.5819
v 100.0000 5.2143 23.5920
v 95.8333 5.2143 23.5998
v 100.0000 5.2143 23.5920
v 104.1667 5.2143 23.5998
v 104.1666 5.2101 23.6099
v 100.0000 5.2101 23.6021
v 100.0000 5.2101 23.6021
v 104.1666 5.2101 23.6099
v 104.1666 5.2000 23.6141
v 100.0000 5.2000 23.6063
v 100.0000 5.2000 23.6063
v 104.1666 5.2000 23.6141
v 104.1666 5.1899 23.6099
v 100.0000 5.1899 23.6021
v 100.0000 5.1899 23.6021
v 104.1666 5.1899 23.6099
v 104.1667 5.1857 23.5998
v 100.0000 5.1857 23.5920
v 100.0000 5.1857 23.5920
v 104.1667 5.1857 23.5998
v 104.1667 5.1899 23.5897
v 100.0000 5.1899 23.5819
v 100.0000 5.1899 23.5819
v 104.1667 5.1899 23.5897
v 104.1667 5.2000 23.5855
v 100.0000 5.2000 23.5777
v 100.0000 5.2000 23.5777
v 104.1667 5.2000 23.5855
v 104.1667 5.2101 23.5897
v 100.0000 5.2101 23.5819
v 100.0000 5.2101 23.5819
v 104.1667 5.2101 23.5897
v 104.1667 5.2143 23.5998
v 100.0000 5.2143 23.5920
v 104.1667 5.2143 23.5998
v 108.3333 5.2143 23.6232
v 108.3333 5.2101 23.6333
v 104.1666 5.2101 23.6099
v 104.1666 5.2101 23.6099
v 108.3333 5.2101 23.6333
v 108.3332 5.2000 23.6375
v 104.1666 5.2000 23.6141
v 104.1666 5.2000 23.6141
v 108.3332 5.2000 23.6375
v 108.3333 5.1899 23.6333
v 104.1666 5.1899 23.6099
v 104.1666 5.1899 23.6099
v 108.3333 5.1899 23.6333
v 108.3333 5.1857 23.6232
v 104.1667 5.1857 23.5998
v 104.1667 5.1857 23.5998
v 108.3333 5.1857 23.6232
v 108.3334 5.1899 23.6131
v 104.1667 5.1899 23.5897
v 104.1667 5.1899 23.5897
v 108.3334 5.1899 23.6131
v 108.3334 5.2000 23.6089
v 104.1667 5.2000 23.5855
v 104.1667 5.2000 23.5855
v 108.3334 5.2000 23.6089
v 108.3334 5.2101 23.6131
v 104.1667 5.2101 23.5897
v 104.1667 5.2101 23.5897
v 108.3334 5.2101 23.6131
v 108.3333 5.2143 23.6232
v 104.1667 5.2143 23.5998
v 108.3333 5.2143 23.6232
v 112.5000 5.2143 23.6623
v 112.4999 5.2101 23.6724
v 108.3333 5.2101 23.6333
v 108.3333 5.2101 23.6333
v 112.4999 5.2101 23.6724
v 112.4998 5.2000 23.6766
v 108.3332 5.2000 23.6375
v 108.3332 5.2000 23.6375
v 112.4998 5.2000 23.6766
v 112.4999 5.1899 23.6724
v 108.3333 5.1899 23.6333
v 108.3333 5.1899 23.6333
v 112.4999 5.1899 23.6724
v 112.5000 5.1857 23.6623
v 108.3333 5.1857 23.6232
v 108.3333 5.1857 23.6232
v 112.5000 5.1857 23.6623
v 112.5001 5.1899 23.6522
v 108.3334 5.1899 23.6131
v 108.3334 5.1899 23.6131
v 112.5001 5.1899 23.6522
v 112.5002 5.2000 23.6480
v 108.3334 5.2000 23.6089
v 108.3334 5.2000 23.6089
v 112.5002 5.2000 23.6480
v 112.5001 5.2101 23.6522
v 108.3334 5.2101 23.6131
v 108.3334 5.2101 23.6131
v 112.5001 5.2101 23.6522
v 112.5000 5.2143 23.6623
v 108.3333 5.2143 23.6232
v 112.5000 5.2143 23.6623
v 116.6667 5.2143 23.7169
v 116.6665 5.2101 23.7270
v 112.4999 5.2101 23.6724
v 112.4999 5.2101 23.6724
v 116.6665 5.2101 23.7270
v 116.6665 5.2000 23.7312
v 112.4998 5.2000 23.6766
v 112.4998 5.2000 23.6766
v 116.6665 5.2000 23.7312
v 116.6665 5.1899 23.7270
v 112.4999 5.1899 23.6724
v 112.4999 5.1899 23.6724
v 116.6665 5.1899 23.7270
v 116.6667 5.1857 23.7169
v 112.5000 5.1857 23.6623
v 112.5000 5.1857 23.6623
v 116.6667 5.1857 23.7169
v 116.6668 5.1899 23.7068
v 112.5001 5.1899 23.6522
v 112.5001 5.1899 23.6522
v 116.6668 5.1899 23.7068
v 116.6669 5.2000 23.7026
v 112.5002 5.2000 23.6480
v 112.5002 5.2000 23.6480
v 116.6669 5.2000 23.7026
v 116.6668 5.2101 23.7068
v 112.5001 5.2101 23.6522
v 112.5001 5.2101 23.6522
v 116.6668 5.2101 23.7068
v 116.6667 5.2143 23.7169
v 112.5000 5.2143 23.6623
v 116.6667 5.2143 23.7169
v 120.8333 5.2143 23.7872
v 120.8331 5.2101 23.7973
v 116.6665 5.2101 23.7270
v 116.6665 5.2101 23.7270
v 120.8331 5.2101 23.7973
v 120.8331 5.2000 23.8015
v 116.6665 5.2000 23.7312
v 116.6665 5.2000 23.7312
v 120.8331 5.2000 23.8015
v 120.8331 5.1899 23.7973
v 116.6665 5.1899 23.7270
v 116.6665 5.1899 23.7270
v 120.8331 5.1899 23.7973
v 120.8333 5.1857 23.7872
v 116.6667 5.1857 23.7169
v 116.6667 5.1857 23.7169
v 120.8333 5.1857 23.7872
v 120.8335 5.1899 23.7771
v 116.6668 5.1899 23.7068
v 116.6668 5.1899 23.7068
v 120.8335 5.1899 23.7771
v 120.8336 5.2000 23.7729
v 116.6669 5.2000 23.7026
v 116.6669 5.2000 23.7026
v 120.8336 5.2000 23.7729
v 120.8335 5.2101 23.7771
v 116.6668 5.2101 23.7068
v 116.6668 5.2101 23.7068
v 120.8335 5.2101 23.7771
v 120.8333 5.2143 23.7872
v 116.6667 5.2143 23.7169
v 120.8333 5.2143 23.7872
v 125.0000 5.2143 23.8731
v 124.9998 5.2101 23.8832
v 120.8331 5.2101 23.7973
v 120.8331 5.2101 23.7973
v 124.9998 5.2101 23.8832
v 124.9997 5.2000 23.8874
v 120.8331 5.2000 23.8015
v 120.8331 5.2000 23.8015
v 124.9997 5.2000 23.8874
v 124.9998 5.1899 23.8832
v 120.8331 5.1899 23.7973
v 120.8331 5.1899 23.7973
v 124.9998 5.1899 23.8832
v 125.0000 5.1857 23.8731
v 120.8333 5.1857 23.7872
v 120.8333 5.1857 23.7872
v 125.0000 5.1857 23.8731
v 125.0002 5.1899 23.8630
v 120.8335 5.1899 23.7771
v 120.8335 5.1899 23.7771
v 125.0002 5.1899 23.8630
v 125.0003 5.2000 23.8588
v 120.8336 5.2000 23.7729
v 120.8336 5.2000 23.7729
v 125.0003 5.2000 23.8588
v 125.0002 5.2101 23.8630
v 120.8335 5.2101 23.7771
v 120.8335 5.2101 23.7771
v 125.0002 5.2101 23.8630
v 125.0000 5.2143 23.8731
v 120.8333 5.2143 23.7872
v 125.0000 5.2143 23.8731
v 129.1667 5.2143 23.9746
v 129.1664 5.2101 23.9847
v 124.9998 5.2101 23.8832
v 124.9998 5.2101 23.8832
v 129.1664 5.2101 23.9847
v 129.1663 5.2000 23.9889
v 124.9997 5.2000 23.8874
v 124.9997 5.2000 23.8874
v 129.1663 5.2000 23.9889
v 129.1664 5.1899 23.9847
v 124.9998 5.1899 23.8832
v 124.9998 5.1899 23.8832
v 129.1664 5.1899 23.9847
v 129.1667 5.1857 23.9746
v 125.0000 5.1857 23.8731
v 125.0000 5.1857 23.8731
v 129.1667 5.1857 23.9746
v 129.1669 5.1899 23.9645
v 125.0002 5.1899 23.8630
v 125.0002 5.1899 23.8630
v 129.1669 5.1899 23.9645
v 129.1670 5.2000 23.9603
v 125.0003 5.2000 23.8588
v 125.0003 5.2000 23.8588
v 129.1670 5.2000 23.9603
v 129.1669 5.2101 23.9645
v 125.0002 5.2101 23.8630
v 125.0002 5.2101 23.8630
v 129.1669 5.2101 23.9645
v 129.1667 5.2143 23.9746
v 125.0000 5.2143 23.8731
v 129.1667 5.2143 23.9746
v 133.3333 5.2143 24.0917
v 133.3330 5.2101 24.1018
v 129.1664 5.2101 23.9847
v 129.1664 5.2101 23.9847
v 133.3330 5.2101 24.1018
v 133.3329 5.2000 24.1060
v 129.1663 5.2000 23.9889
v 129.1663 5.2000 23.9889
v 133.3329 5.2000 24.1060
v 133.3330 5.1899 24.1018
v 129.1664 5.1899 23.9847
v 129.1664 5.1899 23.9847
v 133.3330 5.1899 24.1018
v 133.3333 5.1857 24.0917
v 129.1667 5.1857 23.9746
v 129.1667 5.1857 23.9746
v 133.3333 5.1857 24.0917
v 133.3336 5.1899 24.0816
v 129.1669 5.1899 23.9645
v 129.1669 5.1899 23.9645
v 133.3336 5.1899 24.0816
v 133.3338 5.2000 24.0774
v 129.1670 5.2000 23.9603
v 129.1670 5.2000 23.9603
v 133.3338 5.2000 24.0774
v 133.3336 5.2101 24.0816
v 129.1669 5.2101 23.9645
v 129.1669 5.2101 23.9645
v 133.3336 5.2101 24.0816
v 133.3333 5.2143 24.0917
v 129.1667 5.2143 23.9746
v 133.3333 5.2143 24.0917
v 137.5000 5.2143 24.2244
v 137.4997 5.2101 24.2346
v 133.3330 5.2101 24.1018
v 133.3330 5.2101 24.1018
v 137.4997 5.2101 24.2346
v 137.4995 5.2000 24.2387
v 133.3329 5.2000 24.1060
v 133.3329 5.2000 24.1060
v 137.4995 5.2000 24.2387
v 137.4997 5.1899 24.2346
v 133.3330 5.1899 24.1018
v 133.3330 5.1899 24.1018
v 137.4997 5.1899 24.2346
v 137.5000 5.1857 24.2244
v 133.3333 5.1857 24.0917
v 133.3333 5.1857 24.0917
v 137.5000 5.1857 24.2244
v 137.5003 5.1899 24.2143
v 133.3336 5.1899 24.0816
v 133.3336 5.1899 24.0816
v 137.5003 5.1899 24.2143
v 137.5005 5.2000 24.2102
v 133.3338 5.2000 24.0774
v 133.3338 5.2000 24.0774
v 137.5005 5.2000 24.2102
v 137.5003 5.2101 24.2143
v 133.3336 5.2101 24.0816
v 133.3336 5.2101 24.0816
v 137.5003 5.2101 24.2143
v 137.5000 5.2143 24.2244
v 133.3333 5.2143 24.0917
v 137.5000 5.2143 24.2244
v 141.6667 5.2143 24.3728
v 141.6663 5.2101 24.3829
v 137.4997 5.2101 24.2346
v 137.4997 5.2101 24.2346
v 141.6663 5.2101 24.3829
v 141.6661 5.2000 24.3871
v 137.4995 5.2000 24.2387
v 137.4995 5.2000 24.2387
v 141.6661 5.2000 24.3871
v 141.6663 5.1899 24.3829
v 137.4997 5.1899 24.2346
v 137.4997 5.1899 24.2346
v 141.6663 5.1899 24.3829
v 141.6667 5.1857 24.3728
v 137.5000 5.1857 24.2244
v 137.5000 5.1857 24.2244
v 141.6667 5.1857 24.3728
v 141.6670 5.1899 24.3627
v 137.5003 5.1899 24.2143
v 137.5003 5.1899 24.2143
v 141.6670 5.1899 24.3627
v 141.6672 5.2000 24.3585
v 137.5005 5.2000 24.2102
v 137.5005 5.2000 24.2102
v 141.6672 5.2000 24.3585
v 141.6670 5.2101 24.3627
v 137.5003 5.2101 24.2143
v 137.5003 5.2101 24.2143
v 141.6670 5.2101 24.3627
v 141.6667 5.2143 24.3728
v 137.5000 5.2143 24.2244
v 141.6667 5.2143 24.3728
v 145.8333 5.2143 24.5368
v 145.8329 5.2101 24.5469
v 141.6663 5.2101 24.3829
v 141.6663 5.2101 24.3829
v 145.8329 5.2101 24.5469
v 145.8327 5.2000 24.5511
v 141.6661 5.2000 24.3871
v 141.6661 5.2000 24.3871
v 145.8327 5.2000 24.5511
v 145.8329 5.1899 24.5469
v 141.6663 5.1899 24.3829
v 141.6663 5.1899 24.3829
v 145.8329 5.1899 24.5469
v 145.8333 5.1857 24.5368
v 141.6667 5.1857 24.3728
v 141.6667 5.1857 24.3728
v 145.8333 5.1857 24.5368
v 145.8337 5.1899 24.5267
v 141.6670 5.1899 24.3627
v 141.6670 5.1899 24.3627
v 145.8337 5.1899 24.5267
v 145.8339 5.2000 24.5225
v 141.6672 5.2000 24.3585
v 141.6672 5.2000 24.3585
v 145.8339 5.2000 24.5225
v 145.8337 5.2101 24.5267
v 141.6670 5.2101 24.3627
v 141.6670 5.2101 24.3627
v 145.8337 5.2101 24.5267
v 145.8333 5.2143 24.5368
v 141.6667 5.2143 24.3728
v 145.8333 5.2143 24.5368
v 150.0000 5.2143 24.7164
v 149.9995 5.2101 24.7265
v 145.8329 5.2101 24.5469
v 145.8329 5.2101 24.5469
v 149.9995 5.2101 24.7265
v 149.9994 5.2000 24.7307
v 145.8327 5.2000 24.5511
v 145.8327 5.2000 24.5511
v 149.9994 5.2000 24.7307
v 149.9995 5.1899 24.7265
v 145.8329 5.1899 24.5469
v 145.8329 5.1899 24.5469
v 149.9995 5.1899 24.7265
v 150.0000 5.1857 24.7164
v 145.8333 5.1857 24.5368
v 145.8333 5.1857 24.5368
v 150.0000 5.1857 24.7164
v 150.0005 5.1899 24.7063
v 145.8337 5.1899 24.5267
v 145.8337 5.1899 24.5267
v 150.0005 5.1899 24.7063
v 150.0006 5.2000 24.7021
v 145.8339 5.2000 24.5225
v 145.8339 5.2000 24.5225
v 150.0006 5.2000 24.7021
v 150.0005 5.2101 24.7063
v 145.8337 5.2101 24.5267
v 145.8337 5.2101 24.5267
v 150.0005 5.2101 24.7063
v 150.0000 5.2143 24.7164
v 145.8333 5.2143 24.5368
v 150.0000 5.2143 24.7164
v 154.1667 5.2143 24.9117
v 154.1662 5.2101 24.9218
v 149.9995 5.2101 24.7265
v 149.9995 5.2101 24.7265
v 154.1662 5.2101 24.9218
v 154.1660 5.2000 24.9260
v 149.9994 5.2000 24.7307
v 149.9994 5.2000 24.7307
v 154.1660 5.2000 24.9260
v 154.1662 5.1899 24.9218
v 149.9995 5.1899 24.7265
v 149.9995 5.1899 24.7265
v 154.1662 5.1899 24.9218
v 154.1667 5.1857 24.9117
v 150.0000 5.1857 24.7164
v 150.0000 5.1857 24.7164
v 154.1667 5.1857 24.9117
v 154.1672 5.1899 24.9016
v 150.0005 5.1899 24.7063
v 150.0005 5.1899 24.7063
v 154.1672 5.1899 24.9016
v 154.1674 5.2000 24.8974
v 150.0006 5.2000 24.7021
v 150.0006 5.2000 24.7021
v 154.1674 5.2000 24.8974
v 154.1672 5.2101 24.9016
v 150.0005 5.2101 24.7063
v 150.0005 5.2101 24.7063
v 154.1672 5.2101 24.9016
v 154.1667 5.2143 24.9117
v 150.0000 5.2143 24.7164
v 154.1667 5.2143 24.9117
v 158.3333 5.2143 25.1226
v 158.3328 5.2101 25.1327
v 154.1662 5.2101 24.9218
v 154.1662 5.2101 24.9218
v 158.3328 5.2101 25.1327
v 158.3326 5.2000 25.1368
v 154.1660 5.2000 24.9260
v 154.1660 5.2000 24.9260
v 158.3326 5.2000 25.1368
v 158.3328 5.1899 25.1327
v 154.1662 5.1899 24.9218
v 154.1662 5.1899 24.9218
v 158.3328 5.1899 25.1327
v 158.3333 5.1857 25.1226
v 154.1667 5.1857 24.9117
v 154.1667 5.1857 24.9117
v 158.3333 5.1857 25.1226
v 158.3339 5.1899 25.1125
v 154.1672 5.1899 24.9016
v 154.1672 5.1899 24.9016
v 158.3339 5.1899 25.1125
v 158.3341 5.2000 25.1083
v 154.1674 5.2000 24.8974
v 154.1674 5.2000 24.8974
v 158.3341 5.2000 25.1083
v 158.3339 5.2101 25.1125
v 154.1672 5.2101 24.9016
v 154.1672 5.2101 24.9016
v 158.3339 5.2101 25.1125
v 158.3333 5.2143 25.1226
v 154.1667 5.2143 24.9117
v 158.3333 5.2143 25.1226
v 162.5000 5.2143 25.3491
v 162.4994 5.2101 25.3592
v 158.3328 5.2101 25.1327
v 158.3328 5.2101 25.1327
v 162.4994 5.2101 25.3592
v 162.4992 5.2000 25.3634
v 158.3326 5.2000 25.1368
v 158.3326 5.2000 25.1368
v 162.4992 5.2000 25.3634
v 162.4994 5.1899 25.3592
v 158.3328 5.1899 25.1327
v 158.3328 5.1899 25.1327
v 162.4994 5.1899 25.3592
v 162.5000 5.1857 25.3491
v 158.3333 5.1857 25.1226
v 158.3333 5.1857 25.1226
v 162.5000 5.1857 25.3491
v 162.5006 5.1899 25.3390
v 158.3339 5.1899 25.1125
v 158.3339 5.1899 25.1125
v 162.5006 5.1899 25.3390
v 162.5008 5.2000 25.3348
v 158.3341 5.2000 25.1083
v 158.3341 5.2000 25.1083
v 162.5008 5.2000 25.3348
v 162.5006 5.2101 25.3390
v 158.3339 5.2101 25.1125
v 158.3339 5.2101 25.1125
v 162.5006 5.2101 25.3390
v 162.5000 5.2143 25.3491
v 158.3333 5.2143 25.1226
v 162.5000 5.2143 25.3491
v 166.6667 5.2143 25.5913
v 166.6661 5.2101 25.6013
v 162.4994 5.2101 25.3592
v 162.4994 5.2101 25.3592
v 166.6661 5.2101 25.6013
v 166.6658 5.2000 25.6055
v 162.4992 5.2000 25.3634
v 162.4992 5.2000 25.3634
v 166.6658 5.2000 25.6055
v 166.6661 5.1899 25.6013
v 162.4994 5.1899 25.3592
v 162.4994 5.1899 25.3592
v 166.6661 5.1899 25.6013
v 166.6667 5.1857 25.5913
v 162.5000 5.1857 25.3491
v 162.5000 5.1857 25.3491
v 166.6667 5.1857 25.5913
v 166.6673 5.1899 25.5812
v 162.5006 5.1899 25.3390
v 162.5006 5.1899 25.3390
v 166.6673 5.1899 25.5812
v 166.6675 5.2000 25.5770
v 162.5008 5.2000 25.3348
v 162.5008 5.2000 25.3348
v 166.6675 5.2000 25.5770
v 166.6673 5.2101 25.5812
v 162.5006 5.2101 25.3390
v 162.5006 5.2101 25.3390
v 166.6673 5.2101 25.5812
v 166.6667 5.2143 25.5913
v 162.5000 5.2143 25.3491
v 166.6667 5.2143 25.5913
v 170.8333 5.2143 25.8491
v 170.8327 5.2101 25.8591
v 166.6661 5.2101 25.6013
v 166.6661 5.2101 25.6013
v 170.8327 5.2101 25.8591
v 170.8324 5.2000 25.8633
v 166.6658 5.2000 25.6055
v 166.6658 5.2000 25.6055
v 170.8324 5.2000 25.8633
v 170.8327 5.1899 25.8591
v 166.6661 5.1899 25.6013
v 166.6661 5.1899 25.6013
v 170.8327 5.1899 25.8591
v 170.8333 5.1857 25.8491
v 166.6667 5.1857 25.5913
v 166.6667 5.1857 25.5913
v 170.8333 5.1857 25.8491
v 170.8340 5.1899 25.8390
v 166.6673 5.1899 25.5812
v 166.6673 5.1899 25.5812
v 170.8340 5.1899 25.8390
v 170.8342 5.2000 25.8348
v 166.6675 5.2000 25.5770
v 166.6675 5.2000 25.5770
v 170.8342 5.2000 25.8348
v 170.8340 5.2101 25.8390
v 166.6673 5.2101 25.5812
v 166.6673 5.2101 25.5812
v 170.8340 5.2101 25.8390
v 170.8333 5.2143 25.8491
v 166.6667 5.2143 25.5913
v 170.8333 5.2143 25.8491
v 175.0000 5.2143 26.1225
v 174.9993 5.2101 26.1326
v 170.8327 5.2101 25.8591
v 170.8327 5.2101 25.8591
v 174.9993 5.2101 26.1326
v 174.9990 5.2000 26.1368
v 170.8324 5.2000 25.8633
v 170.8324 5.2000 25.8633
v 174.9990 5.2000 26.1368
v 174.9993 5.1899 26.1326
v 170.8327 5.1899 25.8591
v 170.8327 5.1899 25.8591
v 174.9993 5.1899 26.1326
v 175.0000 5.1857 26.1225
v 170.8333 5.1857 25.8491
v 170.8333 5.1857 25.8491
v 175.0000 5.1857 26.1225
v 175.0007 5.1899 26.1124
v 170.8340 5.1899 25.8390
v 170.8340 5.1899 25.8390
v 175.0007 5.1899 26.1124
v 175.0010 5.2000 26.1082
v 170.8342 5.2000 25.8348
v 170.8342 5.2000 25.8348
v 175.0010 5.2000 26.1082
v 175.0007 5.2101 26.1124
v 170.8340 5.2101 25.8390
v 170.8340 5.2101 25.8390
v 175.0007 5.2101 26.1124
v 175.0000 5.2143 26.1225
v 170.8333 5.2143 25.8491
v 175.0000 5.2143 26.1225
v 179.1667 5.2143 26.4116
v 179.1659 5.2101 26.4217
v 174.9993 5.2101 26.1326
v 174.9993 5.2101 26.1326
v 179.1659 5.2101 26.4217
v 179.1657 5.2000 26.4259
v 174.9990 5.2000 26.1368
v 174.9990 5.2000 26.1368
v 179.1657 5.2000 26.4259
v 179.1659 5.1899 26.4217
v 174.9993 5.1899 26.1326
v 174.9993 5.1899 26.1326
v 179.1659 5.1899 26.4217
v 179.1667 5.1857 26.4116
v 175.0000 5.1857 26.1225
v 175.0000 5.1857 26.1225
v 179.1667 5.1857 26.4116
v 179.1674 5.1899 26.4015
v 175.0007 5.1899 26.1124
v 175.0007 5.1899 26.1124
v 179.1674 5.1899 26.4015
v 179.1677 5.2000 26.3973
v 175.0010 5.2000 26.1082
v 175.0010 5.2000 26.1082
v 179.1677 5.2000 26.3973
v 179.1674 5.2101 26.4015
v 175.0007 5.2101 26.1124
v 175.0007 5.2101 26.1124
v 179.1674 5.2101 26.4015
v 179.1667 5.2143 26.4116
v 175.0000 5.2143 26.1225
v 179.1667 5.2143 26.4116
v 183.3333 5.2143 26.7164
v 183.3326 5.2101 26.7264
v 179.1659 5.2101 26.4217
v 179.1659 5.2101 26.4217
v 183.3326 5.2101 26.7264
v 183.3323 5.2000 26.7306
v 179.1657 5.2000 26.4259
v 179.1657 5.2000 26.4259
v 183.3323 5.2000 26.7306
v 183.3326 5.1899 26.7264
v 179.1659 5.1899 26.4217
v 179.1659 5.1899 26.4217
v 183.3326 5.1899 26.7264
v 183.3333 5.1857 26.7164
v 179.1667 5.1857 26.4116
v 179.1667 5.1857 26.4116
v 183.3333 5.1857 26.7164
v 183.3341 5.1899 26.7063
v 179.1674 5.1899 26.4015
v 179.1674 5.1899 26.4015
v 183.3341 5.1899 26.7063
v 183.3344 5.2000 26.7021
v 179.1677 5.2000 26.3973
v 179.1677 5.2000 26.3973
v 183.3344 5.2000 26.7021
v 183.3341 5.2101 26.7063
v 179.1674 5.2101 26.4015
v 179.1674 5.2101 26.4015
v 183.3341 5.2101 26.7063
v 183.3333 5.2143 26.7164
v 179.1667 5.2143 26.4116
v 183.3333 5.2143 26.7164
v 187.5000 5.2143 27.0368
v 187.4992 5.2101 27.0468
v 183.3326 5.2101 26.7264
v 183.3326 5.2101 26.7264
v 187.4992 5.2101 27.0468
v 187.4989 5.2000 27.0510
v 183.3323 5.2000 26.7306
v 183.3323 5.2000 26.7306
v 187.4989 5.2000 27.0510
v 187.4992 5.1899 27.0468
v 183.3326 5.1899 26.7264
v 183.3326 5.1899 26.7264
v 187.4992 5.1899 27.0468
v 187.5000 5.1857 27.0368
v 183.3333 5.1857 26.7164
v 183.3333 5.1857 26.7164
v 187.5000 5.1857 27.0368
v 187.5008 5.1899 27.0267
v 183.3341 5.1899 26.7063
v 183.3341 5.1899 26.7063
v 187.5008 5.1899 27.0267
v 187.5011 5.2000 27.0225
v 183.3344 5.2000 26.7021
v 183.3344 5.2000 26.7021
v 187.5011 5.2000 27.0225
v 187.5008 5.2101 27.0267
v 183.3341 5.2101 26.7063
v 183.3341 5.2101 26.7063
v 187.5008 5.2101 27.0267
v 187.5000 5.2143 27.0368
v 183.3333 5.2143 26.7164
v 187.5000 5.2143 27.0368
v 191.6667 5.2143 27.3728
v 191.6658 5.2101 27.3829
v 187.4992 5.2101 27.0468
v 187.4992 5.2101 27.0468
v 191.6658 5.2101 27.3829
v 191.6655 5.2000 27.3871
v 187.4989 5.2000 27.0510
v 187.4989 5.2000 27.0510
v 191.6655 5.2000 27.3871
v 191.6658 5.1899 27.3829
v 187.4992 5.1899 27.0468
v 187.4992 5.1899 27.0468
v 191.6658 5.1899 27.3829
v 191.6667 5.1857 27.3728
v 187.5000 5.1857 27.0368
v 187.5000 5.1857 27.0368
v 191.6667 5.1857 27.3728
v 191.6675 5.1899 27.3628
v 187.5008 5.1899 27.0267
v 187.5008 5.1899 27.0267
v 191.6675 5.1899 27.3628
v 191.6678 5.2000 27.3586
v 187.5011 5.2000 27.0225
v 187.5011 5.2000 27.0225
v 191.6678 5.2000 27.3586
v 191.6675 5.2101 27.3628
v 187.5008 5.2101 27.0267
v 187.5008 5.2101 27.0267
v 191.6675 5.2101 27.3628
v 191.6667 5.2143 27.3728
v 187.5000 5.2143 27.0368
v 191.6667 5.2143 27.3728
v 195.8333 5.2143 27.7246
v 195.8325 5.2101 27.7347
v 191.6658 5.2101 27.3829
v 191.6658 5.2101 27.3829
v 195.8325 5.2101 27.7347
v 195.8321 5.2000 27.7388
v 191.6655 5.2000 27.3871
v 191.6655 5.2000 27.3871
v 195.8321 5.2000 27.7388
v 195.8325 5.1899 27.7347
v 191.6658 5.1899 27.3829
v 191.6658 5.1899 27.3829
v 195.8325 5.1899 27.7347
v 195.8333 5.1857 27.7246
v 191.6667 5.1857 27.3728
v 191.6667 5.1857 27.3728
v 195.8333 5.1857 27.7246
v 195.8342 5.1899 27.7145
v 191.6675 5.1899 27.3628
v 191.6675 5.1899 27.3628
v 195.8342 5.1899 27.7145
v 195.8346 5.2000 27.7103
v 191.6678 5.2000 27.3586
v 191.6678 5.2000 27.3586
v 195.8346 5.2000 27.7103
v 195.8342 5.2101 27.7145
v 191.6675 5.2101 27.3628
v 191.6675 5.2101 27.3628
v 195.8342 5.2101 27.7145
v 195.8333 5.2143 27.7246
v 191.6667 5.2143 27.3728
v 195.8333 5.2143 27.7246
v 200.0000 5.2143 28.0920
v 199.9991 5.2101 28.1021
v 195.8325 5.2101 27.7347
v 195.8325 5.2101 27.7347
v 199.9991 5.2101 28.1021
v 199.9987 5.2000 28.1062
v 195.8321 5.2000 27.7388
v 195.8321 5.2000 27.7388
v 199.9987 5.2000 28.1062
v 199.9991 5.1899 28.1021
v 195.8325 5.1899 27.7347
v 195.8325 5.1899 27.7347
v 199.9991 5.1899 28.1021
v 200.0000 5.1857 28.0920
v 195.8333 5.1857 27.7246
v 195.8333 5.1857 27.7246
v 200.0000 5.1857 28.0920
v 200.0009 5.1899 28.0819
v 195.8342 5.1899 27.7145
v 195.8342 5.1899 27.7145
v 200.0009 5.1899 28.0819
v 200.0013 5.2000 28.0778
v 195.8346 5.2000 27.7103
v 195.8346 5.2000 27.7103
v 200.0013 5.2000 28.0778
v 200.0009 5.2101 28.0819
v 195.8342 5.2101 27.7145
v 195.8342 5.2101 27.7145
v 200.0009 5.2101 28.0819
v 200.0000 5.2143 28.0920
v 195.8333 5.2143 27.7246
v 0.0000 5.2000 28.0920
v 0.0000 5.2143 28.0920
v 0.0009 5.2101 28.1021
v 0.0009 5.2101 28.1021
v 0.0013 5.2000 28.1062
v 0.0013 5.2000 28.1062
v 0.0009 5.1899 28.1021
v 0.0009 5.1899 28.1021
v 0.0000 5.1857 28.0920
v 0.0000 5.1857 28.0920
v -0.0009 5.1899 28.0819
v -0.0009 5.1899 28.0819
v -0.0013 5.2000 28.0778
v -0.0013 5.2000 28.0778
v -0.0009 5.2101 28.0819
v -0.0009 5.2101 28.0819
v 0.0000 5.2143 28.0920
v 200.0000 5.2000 28.0920
v 200.0000 5.2143 28.0920
v 199.9991 5.2101 28.1021
v 199.9991 5.2101 28.1021
v 199.9987 5.2000 28.1062
v 199.9987 5.2000 28.1062
v 199.9991 5.1899 28.1021
v 199.9991 5.1899 28.1021
v 200.0000 5.1857 28.0920
v 200.0000 5.1857 28.0920
v 200.0009 5.1899 28.0819
v 200.0009 5.1899 28.0819
v 200.0013 5.2000 28.0778
v 200.0013 5.2000 28.0778
v 200.0009 5.2101 28.0819
v 200.0009 5.2101 28.0819
v 200.0000 5.2143 28.0920
vn 0.0000 1.0000 0.0000
vn 0.0000 1.0000 0.0000
vn 0.0608 0.7071 0.7045
vn 0.0621 0.7071 0.7044
vn 0.0621 0.7071 0.7044
vn 0.0608 0.7071 0.7045
vn 0.0860 0.0000 0.9963
vn 0.0878 0.0000 0.9961
vn 0.0878 0.0000 0.9961
vn 0.0860 0.0000 0.9963
vn 0.0608 -0.7071 0.7045
vn 0.0621 -0.7071 0.7044
vn 0.0621 -0.7071 0.7044
vn 0.0608 -0.7071 0.7045
vn 0.0000 -1.0000 0.0000
vn 0.0000 -1.0000 0.0000
vn 0.0000 -1.0000 0.0000
vn 0.0000 -1.0000 0.0000
vn -0.0608 -0.7071 -0.7045
vn -0.0621 -0.7071 -0.7044
vn -0.0621 -0.7071 -0.7044
vn -0.0608 -0.7071 -0.7045
vn -0.0860 -0.0000 -0.9963
vn -0.0878 -0.0000 -0.9961
vn -0.0878 -0.0000 -0.9961
vn -0.0860 -0.0000 -0.9963
vn -0.0608 0.7071 -0.7045
vn -0.0621 0.7071 -0.7044
vn -0.0621 0.7071 -0.7044
vn -0.0608 0.7071 -0.7045
vn 0.0000 1.0000 0.0000
vn 0.0000 1.0000 0.0000
vn 0.0000 1.0000 0.0000
vn 0.0000 1.0000 0.0000
vn 0.0582 0.7071 0.7047
vn 0.0608 0.7071 0.7045
vn 0.0608 0.7071 0.7045
vn 0.0582 0.7071 0.7047
vn 0.0823 0.0000 0.9966
vn 0.0860 0.0000 0.9963
vn 0.0860 0.0000 0.9963
vn 0.0823 0.0000 0.9966
vn 0.0582 -0.7071 0.7047
vn 0.0608 -0.7071 0.7045
vn 0.0608 -0.7071 0.7045
vn 0.0582 -0.7071 0.7047
vn 0.0000 -1.0000 0.0000
vn 0.0000 -1.0000 0.0000
vn 0.0000 -1.0000 0.0000
vn 0.0000 -1.0000 0.0000
vn -0.0582 -0.7071 -0.7047
vn -0.0608 -0.7071 -0.7045
vn -0.0608 -0.7071 -0.7045
vn -0.0582 -0.7071 -0.7047
vn -0.0823 -0.0000 -0.9966
vn -0.0860 -0.0000 -0.9963
vn -0.0860 -0.0000 -0.9963
vn -0.0823 -0.0000 -0.9966
vn -0.0582 0.7071 -0.7047
vn -0.0608 0.7071 -0.7045
vn -0.0608 0.7071 -0.7045
vn -0.0582 0.7071 -0.7047
vn 0.0000 1.0000 0.0000
vn 0.0000 1.0000 0.0000
vn 0.0000 1.0000 0.0000
vn 0.0000 1.0000 0.0000
vn 0.0555 0.7071 0.7049
vn 0.0582 0.7071 0.7047
vn 0.0582 0.7071 0.7047
vn 0.0555 0.7071 0.7049
vn 0.0785 0.0000 0.9969
vn 0.0823 0.0000 0.9966
vn 0.0823 0.0000 0.9966
vn 0.0785 0.0000 0.9969
vn 0.0555 -0.7071 0.7049
vn 0.0582 -0.7071 0.7047
vn 0.0582 -0.7071 0.7047
vn 0.0555 -0.7071 0.7049
vn 0.0000 -1.0000 0.0000
vn 0.0000 -1.0000 0.0000
vn 0.0000 -1.0000 0.0000
vn 0.0000 -1.0000 0.0000
vn -0.0555 -0.7071 -0.7049
vn -0.0582 -0.7071 -0.7047
vn -0.0582 -0.7071 -0.7047
vn -0.0555 -0.7071 -0.7049
vn -0.0785 -0.0000 -0.9969
vn -0.0823 -0.0000 -0.9966
vn -0.0823 -0.0000 -0.9966
vn -0.0785 -0.0000 -0.9969
vn -0.0555 0.7071 -0.7049
vn -0.0582 0.7071 -0.7047
vn -0.0582 0.7071 -0.7047
vn -0.0555 0.7071 -0.7049
vn 0.0000 1.0000 0.0000
vn 0.0000 1.0000 0.0000
vn 0.0000 1.0000 0.0000
vn 0.0000 1.0000 0.0000
vn 0.0529 0.7071 0.7051
vn 0.0555 0.7071 0.7049
vn 0.0555 0.7071 0.7049
vn 0.0529 0.7071 0.7051
vn 0.0748 0.0000 0.9972
vn 0.0785 0.0000 0.9969
vn 0.0785 0.0000 0.9969
vn 0.0748 0.0000 0.9972
vn 0.0529 -0.7071 0.7051
vn 0.0555 -0.7071 0.7049
vn 0.0555 -0.7071 0.7049
vn 0.0529 -0.7071 0.7051
vn 0.0000 -1.0000 0.0000
vn 0.0000 -1.0000 0.0000
vn 0.0000 -1.0000 0.0000
vn 0.0000 -1.0000 0.0000
vn -0.0529 -0.7071 -0.7051
vn -0.0555 -0.7071 -0.7049
vn -0.0555 -0.7071 -0.7049
vn -0.0529 -0.7071 -0.7051
vn -0.0748 -0.0000 -0.9972
vn -0.0785 -0.0000 -0.9969
vn -0.0785 -0.0000 -0.9969
vn -0.0748 -0.0000 -0.9972
vn -0.0529 0.7071 -0.7051
vn -0.0555 0.7071 -0.7049
vn -0.0555 0.7071 -0.7049
vn -0.0529 0.7071 -0.7051
vn 0.0000 1.0000 0.0000
vn 0.0000 1.0000 0.0000
vn 0.0000 1.0000 0.0000
vn 0.0000 1.0000 0.0000
vn 0.0503 0.7071 0.7053
vn 0.0529 0.7071 0.7051
vn 0.0529 0.7071 0.7051
vn 0.0503 0.7071 0.7053
vn 0.0711 0.0000 0.9975
vn 0.0748 0.0000 0.9972
vn 0.0748 0.0000 0.9972
vn 0.0711 0.0000 0.9975
vn 0.0503 -0.7071 0.7053
vn 0.0529 -0.7071 0.7051
vn 0.0529 -0.7071 0.7051
vn 0.0503 -0.7071 0.7053
vn 0.0000 -1.0000 0.0000
vn 0.0000 -1.0000 0.0000
vn 0.0000 -1.0000 0.0000
vn 0.0000 -1.0000 0.0000
vn -0.0503 -0.7071 -0.7053
vn -0.0529 -0.7071 -0.7051
vn -0.0529 -0.7071 -0.7051
vn -0.0503 -0.7071 -0.7053
vn -0.0711 -0.0000 -0.9975
vn -0.0748 -0.0000 -0.9972
vn -0.0748 -0.0000 -0.9972
vn -0.0711 -0.0000 -0.9975
vn -0.0503 0.7071 -0.7053
vn -0.0529 0.7071 -0.7051
vn -0.0529 0.7071 -0.7051
vn -0.0503 0.7071 -0.7053
vn 0.0000 1.0000 0.0000
vn 0.0000 1.0000 0.0000
vn 0.0000 1.0000 0.0000
vn 0.0000 1.0000 0.0000
vn 0.0476 0.7071 0.7055
vn 0.0503 0.7071 0.7053
vn 0.0503 0.7071 0.7053
vn 0.0476 0.7071 0.7055
vn 0.0674 0.0000 0.9977
vn 0.0711 0.0000 0.9975
vn 0.0711 0.0000 0.9975
vn 0.0674 0.0000 0.9977
vn 0.0476 -0.7071 0.7055
vn 0.0503 -0.7071 0.7053
vn 0.0503 -0.7071 0.7053
vn 0.0476 -0.7071 0.7055
vn 0.0000 -1.0000 0.0000
vn 0.0000 -1.0000 0.0000
vn 0.0000 -1.0000 0.0000
vn 0.0000 -1.0000 0.0000
vn -0.0476 -0.7071 -0.7055
vn -0.0503 -0.7071 -0.7053
vn -0.0503 -0.7071 -0.7053
vn -0.0476 -0.7071 -0.7055
vn -0.0674 -0.0000 -0.9977
vn -0.0711 -0.0000 -0.9975
vn -0.0711 -0.0000 -0.9975
vn -0.0674 -0.0000 -0.9977
vn -0.0476 0.7071 -0.7055
vn -0.0503 0.7071 -0.7053
vn -0.0503 0.7071 -0.7053
vn -0.0476 0.7071 -0.7055
vn 0.0000 1.0000 0.0000
vn 0.0000 1.0000 0.0000
vn 0.0000 1.0000 0.0000
vn 0.0000 1.0000 0.0000
vn 0.0450 0.7071 0.7057
vn 0.0476 0.7071 0.7055
vn 0.0476 0.7071 0.7055
vn 0.0450 0.7071 0.7057
vn 0.0636 0.0000 0.9980
vn 0.0674 0.0000 0.9977
vn 0.0674 0.0000 0.9977
vn 0.0636 0.0000 0.9980
vn 0.0450 -0.7071 0.7057
vn 0.0476 -0.7071 0.7055
vn 0.0476 -0.7071 0.7055
vn 0.0450 -0.7071 0.7057
vn 0.0000 -1.0000 0.0000
vn 0.0000 -1.0000 0.0000
vn 0.0000 -1.0000 0.0000
vn 0.0000 -1.0000 0.0000
vn -0.0450 -0.7071 -0.7057
vn -0.0476 -0.7071 -0.7055
vn -0.0476 -0.7071 -0.7055
vn -0.0450 -0.7071 -0.7057
vn -0.0636 -0.0000 -0.9980
vn -0.0674 -0.0000 -0.9977
vn -0.0674 -0.0000 -0.9977
vn -0.0636 -0.0000 -0.9980
vn -0.0450 0.7071 -0.7057
vn -0.0476 0.7071 -0.7055
vn -0.0476 0.7071 -0.7055
vn -0.0450 0.7071 -0.7057
vn 0.0000 1.0000 0.0000
vn 0.0000 1.0000 0.0000
vn 0.0000 1.0000 0.0000
vn 0.0000 1.0000 0.0000
vn 0.0423 0.7071 0.7058
vn 0.0450 0.7071 0.7057
vn 0.0450 0.7071 0.7057
vn 0.0423 0.7071 0.7058
vn 0.0599 0.0000 0.9982
vn 0.0636 0.0000 0.9980
vn 0.0636 0.0000 0.9980
vn 0.0599 0.0000 0.9982
vn 0.0423 -0.7071 0.7058
vn 0.0450 -0.7071 0.7057
vn 0.0450 -0.7071 0.7057
vn 0.0423 -0.7071 0.7058
vn 0.0000 -1.0000 0.0000
vn 0.0000 -1.0000 0.0000
vn 0.0000 -1.0000 0.0000
vn 0.0000 -1.0000 0.0000
vn -0.0423 -0.7071 -0.7058
vn -0.0450 -0.7071 -0.7057
vn -0.0450 -0.7071 -0.7057
vn -0.0423 -0.7071 -0.7058
vn -0.0599 -0.0000 -0.9982
vn -0.0636 -0.0000 -0.9980
vn -0.0636 -0.0000 -0.9980
vn -0.0599 -0.0000 -0.9982
vn -0.0423 0.7071 -0.7058
vn -0.0450 0.7071 -0.7057
vn -0.0450 0.7071 -0.7057
vn -0.0423 0.7071 -0.7058
vn 0.0000 1.0000 0.0000
vn 0.0000 1.0000 0.0000
vn 0.0000 1.0000 0.0000
vn 0.0000 1.0000 0.0000
vn 0.0397 0.7071 0.7060
vn 0.0423 0.7071 0.7058
vn 0.0423 0.7071 0.7058
vn 0.0397 0.7071 0.7060
vn 0.0562 0.0000 0.9984
vn 0.0599 0.0000 0.9982
vn 0.0599 0.0000 0.9982
vn 0.0562 0.0000 0.9984
vn 0.0397 -0.7071 0.7060
vn 0.0423 -0.7071 0.7058
vn 0.0423 -0.7071 0.7058
vn 0.0397 -0.7071 0.7060
vn 0.0000 -1.0000 0.0000
vn 0.0000 -1.0000 0.0000
vn 0.0000 -1.0000 0.0000
vn 0.0000 -1.0000 0.0000
vn -0.0397 -0.7071 -0.7060
vn -0.0423 -0.7071 -0.7058
vn -0.0423 -0.7071 -0.7058
vn -0.0397 -0.7071 -0.7060
vn -0.0562 -0.0000 -0.9984
vn -0.0599 -0.0000 -0.9982
vn -0.0599 -0.0000 -0.9982
vn -0.0562 -0.0000 -0.9984
vn -0.0397 0.7071 -0.7060
vn -0.0423 0.7071 -0.7058
vn -0.0423 0.7071 -0.7058
vn -0.0397 0.7071 -0.7060
vn 0.0000 1.0000 0.0000
vn 0.0000 1.0000 0.0000
vn 0.0000 1.0000 0.0000
vn 0.0000 1.0000 0.0000
vn 0.0371 0.7071 0.7061
vn 0.0397 0.7071 0.7060
vn 0.0397 0.7071 0.7060
vn 0.0371 0.7071 0.7061
vn 0.0524 0.0000 0.9986
vn 0.0562 0.0000 0.9984
vn 0.0562 0.0000 0.9984
vn 0.0524 0.0000 0.9986
vn 0.0371 -0.7071 0.7061
vn 0.0397 -0.7071 0.7060
vn 0.0397 -0.7071 0.7060
vn 0.0371 -0.7071 0.7061
vn 0.0000 -1.0000 0.0000
vn 0.0000 -1.0000 0.0000
vn 0.0000 -1.0000 0.0000
vn 0.0000 -1.0000 0.0000
vn -0.0371 -0.7071 -0.7061
vn -0.0397 -0.7071 -0.7060
vn -0.0397 -0.7071 -0.7060
vn -0.0371 -0.7071 -0.7061
vn -0.0524 -0.0000 -0.9986
vn -0.0562 -0.0000 -0.9984
vn -0.0562 -0.0000 -0.9984
vn -0.0524 -0.0000 -0.9986
vn -0.0371 0.7071 -0.7061
vn -0.0397 0.7071 -0.7060
vn -0.0397 0.7071 -0.7060
vn -0.0371 0.7071 -0.7061
vn 0.0000 1.0000 0.0000
vn 0.0000 1.0000 0.0000
vn 0.0000 1.0000 0.0000
vn 0.0000 1.0000 0.0000
vn 0.0344 0.7071 0.7063
vn 0.0371 0.7071 0.7061
vn 0.0371 0.7071 0.7061
vn 0.0344 0.7071 0.7063
vn 0.0487 0.0000 0.9988
vn 0.0524 0.0000 0.9986
vn 0.0524 0.0000 0.9986
vn 0.0487 0.0000 0.9988
vn 0.0344 -0.7071 0.7063
vn 0.0371 -0.7071 0.7061
vn 0.0371 -0.7071 0.7061
vn 0.0344 -0.7071 0.7063
vn 0.0000 -1.0000 0.0000
vn 0.0000 -1.0000 0.0000
vn 0.0000 -1.0000 0.0000
vn 0.0000 -1.0000 0.0000
vn -0.0344 -0.7071 -0.7063
vn -0.0371 -0.7071 -0.7061
vn -0.0371 -0.7071 -0.7061
vn -0.0344 -0.7071 -0.7063
vn -0.0487 -0.0000 -0.9988
vn -0.0524 -0.0000 -0.9986
vn -0.0524 -0.0000 -0.9986
vn -0.0487 -0.0000 -0.9988
vn -0.0344 0.7071 -0.7063
vn -0.0371 0.7071 -0.7061
vn -0.0371 0.7071 -0.7061
vn -0.0344 0.7071 -0.7063
vn 0.0000 1.0000 0.0000
vn 0.0000 1.0000 0.0000
vn 0.0000 1.0000 0.0000
vn 0.0000 1.0000 0.0000
vn 0.0318 0.7071 0.7064
vn 0.0344 0.7071 0.7063
vn 0.0344 0.7071 0.7063
vn 0.0318 0.7071 0.7064
vn 0.0449 0.0000 0.9990
vn 0.0487 0.0000 0.9988
vn 0.0487 0.0000 0.9988
vn 0.0449 0.0000 0.9990
vn 0.0318 -0.7071 0.7064
vn 0.0344 -0.7071 0.7063
vn 0.0344 -0.7071 0.7063
vn 0.0318 -0.7071 0.7064
vn 0.0000 -1.0000 0.0000
vn 0.0000 -1.0000 0.0000
vn 0.0000 -1.0000 0.0000
vn 0.0000 -1.0000 0.0000
vn -0.0318 -0.7071 -0.7064
vn -0.0344 -0.7071 -0.7063
vn -0.0344 -0.7071 -0.7063
vn -0.0318 -0.7071 -0.7064
vn -0.0449 -0.0000 -0.9990
vn -0.0487 -0.0000 -0.9988
vn -0.0487 -0.0000 -0.9988
vn -0.0449 -0.0000 -0.9990
vn -0.0318 0.7071 -0.7064
vn -0.0344 0.7071 -0.7063
vn -0.0344 0.7071 -0.7063
vn -0.0318 0.7071 -0.7064
vn 0.0000 1.0000 0.0000
vn 0.0000 1.0000 0.0000
vn 0.0000 1.0000 0.0000
vn 0.0000 1.0000 0.0000
vn 0.0291 0.7071 0.7065
vn 0.0318 0.7071 0.7064
vn 0.0318 0.7071 0.7064
vn 0.0291 0.7071 0.7065
vn 0.0412 0.0000 0.9992
vn 0.0449 0.0000 0.9990
vn 0.0449 0.0000 0.9990
vn 0.0412 0.0000 0.9992
vn 0.0291 -0.7071 0.7065
vn 0.0318 -0.7071 0.7064
vn 0.0318 -0.7071 0.7064
vn 0.0291 -0.7071 0.7065
vn 0.0000 -1.0000 0.0000
vn 0.0000 -1.0000 0.0000
vn 0.0000 -1.0000 0.0000
vn 0.0000 -1.0000 0.0000
vn -0.0291 -0.7071 -0.7065
vn -0.0318 -0.7071 -0.7064
vn -0.0318 -0.7071 -0.7064
vn -0.0291 -0.7071 -0.7065
vn -0.0412 -0.0000 -0.9992
vn -0.0449 -0.0000 -0.9990
vn -0.0449 -0.0000 -0.9990
vn -0.0412 -0.0000 -0.9992
vn -0.0291 0.7071 -0.7065
vn -0.0318 0.7071 -0.7064
vn -0.0318 0.7071 -0.7064
vn -0.0291 0.7071 -0.7065
vn 0.0000 1.0000 0.0000
vn 0.0000 1.0000 0.0000
vn 0.0000 1.0000 0.0000
vn 0.0000 1.0000 0.0000
vn 0.0265 0.7071 0.7066
vn 0.0291 0.7071 0.7065
vn 0.0291 0.7071 0.7065
vn 0.0265 0.7071 0.7066
vn 0.0375 0.0000 0.9993
vn 0.0412 0.0000 0.9992
vn 0.0412 0.0000 0.9992
vn 0.0375 0.0000 0.9993
vn 0.0265 -0.7071 0.7066
vn 0.0291 -0.7071 0.7065
vn 0.0291 -0.7071 0.7065
vn 0.0265 -0.7071 0.7066
vn 0.0000 -1.0000 0.0000
vn 0.0000 -1.0000 0.0000
vn 0.0000 -1.0000 0.0000
vn 0.0000 -1.0000 0.0000
vn -0.0265 -0.7071 -0.7066
vn -0.0291 -0.7071 -0.7065
vn -0.0291 -0.7071 -0.7065
vn -0.0265 -0.7071 -0.7066
vn -0.0375 -0.0000 -0.9993
vn -0.0412 -0.0000 -0.9992
vn -0.0412 -0.0000 -0.9992
vn -0.0375 -0.0000 -0.9993
vn -0.0265 0.7071 -0.7066
vn -0.0291 0.7071 -0.7065
vn -0.0291 0.7071 -0.7065
vn -0.0265 0.7071 -0.7066
vn 0.0000 1.0000 0.0000
vn 0.0000 1.0000 0.0000
vn 0.0000 1.0000 0.0000
vn 0.0000 1.0000 0.0000
vn 0.0238 0.7071 0.7067
vn 0.0265 0.7071 0.7066
vn 0.0265 0.7071 0.7066
vn 0.0238 0.7071 0.7067
vn 0.0337 0.0000 0.9994
vn 0.0375 0.0000 0.9993
vn 0.0375 0.0000 0.9993
vn 0.0337 0.0000 0.9994
vn 0.0238 -0.7071 0.7067
vn 0.0265 -0.7071 0.7066
vn 0.0265 -0.7071 0.7066
vn 0.0238 -0.7071 0.7067
vn 0.0000 -1.0000 0.0000
vn 0.0000 -1.0000 0.0000
vn 0.0000 -1.0000 0.0000
vn 0.0000 -1.0000 0.0000
vn -0.0238 -0.7071 -0.7067
vn -0.0265 -0.7071 -0.7066
vn -0.0265 -0.7071 -0.7066
vn -0.0238 -0.7071 -0.7067
vn -0.0337 -0.0000 -0.9994
vn -0.0375 -0.0000 -0.9993
vn -0.0375 -0.0000 -0.9993
vn -0.0337 -0.0000 -0.9994
vn -0.0238 0.7071 -0.7067
vn -0.0265 0.7071 -0.7066
vn -0.0265 0.7071 -0.7066
vn -0.0238 0.7071 -0.7067
vn 0.0000 1.0000 0.0000
vn 0.0000 1.0000 0.0000
vn 0.0000 1.0000 0.0000
vn 0.0000 1.0000 0.0000
vn 0.0212 0.7071 0.7068
vn 0.0238 0.7071 0.7067
vn 0.0238 0.7071 0.7067
vn 0.0212 0.7071 0.7068
vn 0.0300 0.0000 0.9996
vn 0.0337 0.0000 0.9994
vn 0.0337 0.0000 0.9994
vn 0.0300 0.0000 0.9996
vn 0.0212 -0.7071 0.7068
vn 0.0238 -0.7071 0.7067
vn 0.0238 -0.7071 0.7067
vn 0.0212 -0.7071 0.7068
vn 0.0000 -1.0000 0.0000
vn 0.0000 -1.0000 0.0000
vn 0.0000 -1.0000 0.0000
vn 0.0000 -1.0000 0.0000
vn -0.0212 -0.7071 -0.7068
vn -0.0238 -0.7071 -0.7067
vn -0.0238 -0.7071 -0.7067
vn -0.0212 -0.7071 -0.7068
vn -0.0300 -0.0000 -0.9996
vn -0.0337 -0.0000 -0.9994
vn -0.0337 -0.0000 -0.9994
vn -0.0300 -0.0000 -0.9996
vn -0.0212 0.7071 -0.7068
vn -0.0238 0.7071 -0.7067
vn -0.0238 0.7071 -0.7067
vn -0.0212 0.7071 -0.7068
vn 0.0000 1.0000 0.0000
vn 0.0000 1.0000 0.0000
vn 0.0000 1.0000 0.0000
vn 0.0000 1.0000 0.0000
vn 0.0185 0.7071 0.7069
vn 0.0212 0.7071 0.7068
vn 0.0212 0.7071 0.7068
vn 0.0185 0.7071 0.7069
vn 0.0262 0.0000 0.9997
vn 0.0300 0.0000 0.9996
vn 0.0300 0.0000 0.9996
vn 0.0262 0.0000 0.9997
vn 0.0185 -0.7071 0.7069
vn 0.0212 -0.7071 0.7068
vn 0.0212 -0.7071 0.7068
vn 0.0185 -0.7071 0.7069
vn 0.0000 -1.0000 0.0000
vn 0.0000 -1.0000 0.0000
vn 0.0000 -1.0000 0.0000
vn 0.0000 -1.0000 0.0000
vn -0.0185 -0.7071 -0.7069
vn -0.0212 -0.7071 -0.7068
vn -0.0212 -0.7071 -0.7068
vn -0.0185 -0.7071 -0.7069
vn -0.0262 -0.0000 -0.9997
vn -0.0300 -0.0000 -0.9996
vn -0.0300 -0.0000 -0.9996
vn -0.0262 -0.0000 -0.9997
vn -0.0185 0.7071 -0.7069
vn -0.0212 0.7071 -0.7068
vn -0.0212 0.7071 -0.7068
vn -0.0185 0.7071 -0.7069
vn 0.0000 1.0000 0.0000
vn 0.0000 1.0000 0.0000
vn 0.0000 1.0000 0.0000
vn 0.0000 1.0000 0.0000
vn 0.0159 0.7071 0.7069
vn 0.0185 0.7071 0.7069
vn 0.0185 0.7071 0.7069
vn 0.0159 0.7071 0.7069
vn 0.0225 0.0000 0.9997
vn 0.0262 0.0000 0.9997
vn 0.0262 0.0000 0.9997
vn 0.0225 0.0000 0.9997
vn 0.0159 -0.7071 0.7069
vn 0.0185 -0.7071 0.7069
vn 0.0185 -0.7071 0.7069
vn 0.0159 -0.7071 0.7069
vn 0.0000 -1.0000 0.0000
vn 0.0000 -1.0000 0.0000
vn 0.0000 -1.0000 0.0000
vn 0.0000 -1.0000 0.0000
vn -0.0159 -0.7071 -0.7069
vn -0.0185 -0.7071 -0.7069
vn -0.0185 -0.7071 -0.7069
vn -0.0159 -0.7071 -0.7069
vn -0.0225 -0.0000 -0.9997
vn -0.0262 -0.0000 -0.9997
vn -0.0262 -0.0000 -0.9997
vn -0.0225 -0.0000 -0.9997
vn -0.0159 0.7071 -0.7069
vn -0.0185 0.7071 -0.7069
vn -0.0185 0.7071 -0.7069
vn -0.0159 0.7071 -0.7069
vn 0.0000 1.0000 0.0000
vn 0.0000 1.0000 0.0000
vn 0.0000 1.0000 0.0000
vn 0.0000 1.0000 0.0000
vn 0.0132 0.7071 0.7070
vn 0.0159 0.7071 0.7069
vn 0.0159 0.7071 0.7069
vn 0.0132 0.7071 0.7070
vn 0.0187 0.0000 0.9998
vn 0.0225 0.0000 0.9997
vn 0.0225 0.0000 0.9997
vn 0.0187 0.0000 0.9998
vn 0.0132 -0.7071 0.7070
vn 0.0159 -0.7071 0.7069
vn 0.0159 -0.7071 0.7069
vn 0.0132 -0.7071 0.7070
vn 0.0000 -1.0000 0.0000
vn 0.0000 -1.0000 0.0000
vn 0.0000 -1.0000 0.0000
vn 0.0000 -1.0000 0.0000
vn -0.0132 -0.7071 -0.7070
vn -0.0159 -0.7071 -0.7069
vn -0.0159 -0.7071 -0.7069
vn -0.0132 -0.7071 -0.7070
vn -0.0187 -0.0000 -0.9998
vn -0.0225 -0.0000 -0.9997
vn -0.0225 -0.0000 -0.9997
vn -0.0187 -0.0000 -0.9998
vn -0.0132 0.7071 -0.7070
vn -0.0159 0.7071 -0.7069
vn -0.0159 0.7071 -0.7069
vn -0.0132 0.7071 -0.7070
vn 0.0000 1.0000 0.0000
vn 0.0000 1.0000 0.0000
vn 0.0000 1.0000 0.0000
vn 0.0000 1.0000 0.0000
vn 0.0106 0.7071 0.7070
vn 0.0132 0.7071 0.7070
vn 0.0132 0.7071 0.7070
vn 0.0106 0.7071 0.7070
vn 0.0150 0.0000 0.9999
vn 0.0187 0.0000 0.9998
vn 0.0187 0.0000 0.9998
vn 0.0150 0.0000 0.9999
vn 0.0106 -0.7071 0.7070
vn 0.0132 -0.7071 0.7070
vn 0.0132 -0.7071 0.7070
vn 0.0106 -0.7071 0.7070
vn 0.0000 -1.0000 0.0000
vn 0.0000 -1.0000 0.0000
vn 0.0000 -1.0000 0.0000
vn 0.0000 -1.0000 0.0000
vn -0.0106 -0.7071 -0.7070
vn -0.0132 -0.7071 -0.7070
vn -0.0132 -0.7071 -0.7070
vn -0.0106 -0.7071 -0.7070
vn -0.0150 -0.0000 -0.9999
vn -0.0187 -0.0000 -0.9998
vn -0.0187 -0.0000 -0.9998
vn -0.0150 -0.0000 -0.9999
vn -0.0106 0.7071 -0.7070
vn -0.0132 0.7071 -0.7070
vn -0.0132 0.7071 -0.7070
vn -0.0106 0.7071 -0.7070
vn 0.0000 1.0000 0.0000
vn 0.0000 1.0000 0.0000
vn 0.0000 1.0000 0.0000
vn 0.0000 1.0000 0.0000
vn 0.0079 0.7071 0.7071
vn 0.0106 0.7071 0.7070
vn 0.0106 0.7071 0.7070
vn 0.0079 0.7071 0.7071
vn 0.0112 0.0000 0.9999
vn 0.0150 0.0000 0.9999
vn 0.0150 0.0000 0.9999
vn 0.0112 0.0000 0.9999
vn 0.0079 -0.7071 0.7071
vn 0.0106 -0.7071 0.7070
vn 0.0106 -0.7071 0.7070
vn 0.0079 -0.7071 0.7071
vn 0.0000 -1.0000 0.0000
vn 0.0000 -1.0000 0.0000
vn 0.0000 -1.0000 0.0000
vn 0.0000 -1.0000 0.0000
vn -0.0079 -0.7071 -0.7071
vn -0.0106 -0.7071 -0.7070
vn -0.0106 -0.7071 -0.7070
vn -0.0079 -0.7071 -0.7071
vn -0.0112 -0.0000 -0.9999
vn -0.0150 -0.0000 -0.9999
vn -0.0150 -0.0000 -0.9999
vn -0.0112 -0.0000 -0.9999
vn -0.0079 0.7071 -0.7071
vn -0.0106 0.7071 -0.7070
vn -0.0106 0.7071 -0.7070
vn -0.0079 0.7071 -0.7071
vn 0.0000 1.0000 0.0000
vn 0.0000 1.0000 0.0000
vn 0.0000 1.0000 0.0000
vn 0.0000 1.0000 0.0000
vn 0.0053 0.7071 0.7071
vn 0.0079 0.7071 0.7071
vn 0.0079 0.7071 0.7071
vn 0.0053 0.7071 0.7071
vn 0.0075 0.0000 1.0000
vn 0.0112 0.0000 0.9999
vn 0.0112 0.0000 0.9999
vn 0.0075 0.0000 1.0000
vn 0.0053 -0.7071 0.7071
vn 0.0079 -0.7071 0.7071
vn 0.0079 -0.7071 0.7071
vn 0.0053 -0.7071 0.7071
vn 0.0000 -1.0000 0.0000
vn 0.0000 -1.0000 0.0000
vn 0.0000 -1.0000 0.0000
vn 0.0000 -1.0000 0.0000
vn -0.0053 -0.7071 -0.7071
vn -0.0079 -0.7071 -0.7071
vn -0.0079 -0.7071 -0.7071
vn -0.0053 -0.7071 -0.7071
vn -0.0075 -0.0000 -1.0000
vn -0.0112 -0.0000 -0.9999
vn -0.0112 -0.0000 -0.9999
vn -0.0075 -0.0000 -1.0000
vn -0.0053 0.7071 -0.7071
vn -0.0079 0.7071 -0.7071
vn -0.0079 0.7071 -0.7071
vn -0.0053 0.7071 -0.7071
vn 0.0000 1.0000 0.0000
vn 0.0000 1.0000 0.0000
vn 0.0000 1.0000 0.0000
vn 0.0000 1.0000 0.0000
vn 0.0026 0.7071 0.7071
vn 0.0053 0.7071 0.7071
vn 0.0053 0.7071 0.7071
vn 0.0026 0.7071 0.7071
vn 0.0037 0.0000 1.0000
vn 0.0075 0.0000 1.0000
vn 0.0075 0.0000 1.0000
vn 0.0037 0.0000 1.0000
vn 0.0026 -0.7071 0.7071
vn 0.0053 -0.7071 0.7071
vn 0.0053 -0.7071 0.7071
vn 0.0026 -0.7071 0.7071
vn 0.0000 -1.0000 0.0000
vn 0.0000 -1.0000 0.0000
vn 0.0000 -1.0000 0.0000
vn 0.0000 -1.0000 0.0000
vn -0.0026 -0.7071 -0.7071
vn -0.0053 -0.7071 -0.7071
vn -0.0053 -0.7071 -0.7071
vn -0.0026 -0.7071 -0.7071
vn -0.0037 -0.0000 -1.0000
vn -0.0075 -0.0000 -1.0000
vn -0.0075 -0.0000 -1.0000
vn -0.0037 -0.0000 -1.0000
vn -0.0026 0.7071 -0.7071
vn -0.0053 0.7071 -0.7071
vn -0.0053 0.7071 -0.7071
vn -0.0026 0.7071 -0.7071
vn 0.0000 1.0000 0.0000
vn 0.0000 1.0000 0.0000
vn 0.0000 1.0000 0.0000
vn 0.0000 1.0000 0.0000
vn 0.0000 0.7071 0.7071
vn 0.0026 0.7071 0.7071
vn 0.0026 0.7071 0.7071
vn 0.0000 0.7071 0.7071
vn 0.0000 0.0000 1.0000
vn 0.0037 0.0000 1.0000
vn 0.0037 0.0000 1.0000
vn 0.0000 0.0000 1.0000
vn 0.0000 -0.7071 0.7071
vn 0.0026 -0.7071 0.7071
vn 0.0026 -0.7071 0.7071
vn 0.0000 -0.7071 0.7071
vn 0.0000 -1.0000 0.0000
vn 0.0000 -1.0000 0.0000
vn 0.0000 -1.0000 0.0000
vn 0.0000 -1.0000 0.0000
vn 0.0000 -0.7071 -0.7071
vn -0.0026 -0.7071 -0.7071
vn -0.0026 -0.7071 -0.7071
vn 0.0000 -0.7071 -0.7071
vn 0.0000 -0.0000 -1.0000
vn -0.0037 -0.0000 -1.0000
vn -0.0037 -0.0000 -1.0000
vn 0.0000 -0.0000 -1.0000
vn -0.0000 0.7071 -0.7071
vn -0.0026 0.7071 -0.7071
vn -0.0026 0.7071 -0.7071
vn -0.0000 0.7071 -0.7071
vn 0.0000 1.0000 0.0000
vn 0.0000 1.0000 0.0000
vn 0.0000 1.0000 0.0000
vn -0.0000 1.0000 0.0000
vn -0.0026 0.7071 0.7071
vn 0.0000 0.7071 0.7071
vn 0.0000 0.7071 0.7071
vn -0.0026 0.7071 0.7071
vn -0.0037 0.0000 1.0000
vn 0.0000 0.0000 1.0000
vn 0.0000 0.0000 1.0000
vn -0.0037 0.0000 1.0000
vn -0.0026 -0.7071 0.7071
vn 0.0000 -0.7071 0.7071
vn 0.0000 -0.7071 0.7071
vn -0.0026 -0.7071 0.7071
vn -0.0000 -1.0000 0.0000
vn 0.0000 -1.0000 0.0000
vn 0.0000 -1.0000 0.0000
vn -0.0000 -1.0000 0.0000
vn 0.0026 -0.7071 -0.7071
vn 0.0000 -0.7071 -0.7071
vn 0.0000 -0.7071 -0.7071
vn 0.0026 -0.7071 -0.7071
vn 0.0037 -0.0000 -1.0000
vn 0.0000 -0.0000 -1.0000
vn 0.0000 -0.0000 -1.0000
vn 0.0037 -0.0000 -1.0000
vn 0.0026 0.7071 -0.7071
vn -0.0000 0.7071 -0.7071
vn -0.0000 0.7071 -0.7071
vn 0.0026 0.7071 -0.7071
vn -0.0000 1.0000 0.0000
vn 0.0000 1.0000 0.0000
vn -0.0000 1.0000 0.0000
vn -0.0000 1.0000 0.0000
vn -0.0053 0.7071 0.7071
vn -0.0026 0.7071 0.7071
vn -0.0026 0.7071 0.7071
vn -0.0053 0.7071 0.7071
vn -0.0075 0.0000 1.0000
vn -0.0037 0.0000 1.0000
vn -0.0037 0.0000 1.0000
vn -0.0075 0.0000 1.0000
vn -0.0053 -0.7071 0.7071
vn -0.0026 -0.7071 0.7071
vn -0.0026 -0.7071 0.7071
vn -0.0053 -0.7071 0.7071
vn -0.0000 -1.0000 0.0000
vn -0.0000 -1.0000 0.0000
vn -0.0000 -1.0000 0.0000
vn -0.0000 -1.0000 0.0000
vn 0.0053 -0.7071 -0.7071
vn 0.0026 -0.7071 -0.7071
vn 0.0026 -0.7071 -0.7071
vn 0.0053 -0.7071 -0.7071
vn 0.0075 -0.0000 -1.0000
vn 0.0037 -0.0000 -1.0000
vn 0.0037 -0.0000 -1.0000
vn 0.0075 -0.0000 -1.0000
vn 0.0053 0.7071 -0.7071
vn 0.0026 0.7071 -0.7071
vn 0.0026 0.7071 -0.7071
vn 0.0053 0.7071 -0.7071
vn -0.0000 1.0000 0.0000
vn -0.0000 1.0000 0.0000
vn -0.0000 1.0000 0.0000
vn -0.0000 1.0000 0.0000
vn -0.0079 0.7071 0.7071
vn -0.0053 0.7071 0.7071
vn -0.0053 0.7071 0.7071
vn -0.0079 0.7071 0.7071
vn -0.0112 0.0000 0.9999
vn -0.0075 0.0000 1.0000
vn -0.0075 0.0000 1.0000
vn -0.0112 0.0000 0.9999
vn -0.0079 -0.7071 0.7071
vn -0.0053 -0.7071 0.7071
vn -0.0053 -0.7071 0.7071
vn -0.0079 -0.7071 0.7071
vn -0.0000 -1.0000 0.0000
vn -0.0000 -1.0000 0.0000
vn -0.0000 -1.0000 0.0000
vn -0.0000 -1.0000 0.0000
vn 0.0079 -0.7071 -0.7071
vn 0.0053 -0.7071 -0.7071
vn 0.0053 -0.7071 -0.7071
vn 0.0079 -0.7071 -0.7071
vn 0.0112 -0.0000 -0.9999
vn 0.0075 -0.0000 -1.0000
vn 0.0075 -0.0000 -1.0000
vn 0.0112 -0.0000 -0.9999
vn 0.0079 0.7071 -0.7071
vn 0.0053 0.7071 -0.7071
vn 0.0053 0.7071 -0.7071
vn 0.0079 0.7071 -0.7071
vn -0.0000 1.0000 0.0000
vn -0.0000 1.0000 0.0000
vn -0.0000 1.0000 0.0000
vn -0.0000 1.0000 0.0000
vn -0.0106 0.7071 0.7070
vn -0.0079 0.7071 0.7071
vn -0.0079 0.7071 0.7071
vn -0.0106 0.7071 0.7070
vn -0.0150 0.0000 0.9999
vn -0.0112 0.0000 0.9999
vn -0.0112 0.0000 0.9999
vn -0.0150 0.0000 0.9999
vn -0.0106 -0.7071 0.7070
vn -0.0079 -0.7071 0.7071
vn -0.0079 -0.7071 0.7071
vn -0.0106 -0.7071 0.7070
vn -0.0000 -1.0000 0.0000
vn -0.0000 -1.0000 0.0000
vn -0.0000 -1.0000 0.0000
vn -0.0000 -1.0000 0.0000
vn 0.0106 -0.7071 -0.7070
vn 0.0079 -0.7071 -0.7071
vn 0.0079 -0.7071 -0.7071
vn 0.0106 -0.7071 -0.7070
vn 0.0150 -0.0000 -0.9999
vn 0.0112 -0.0000 -0.9999
vn 0.0112 -0.0000 -0.9999
vn 0.0150 -0.0000 -0.9999
vn 0.0106 0.7071 -0.7070
vn 0.0079 0.7071 -0.7071
vn 0.0079 0.7071 -0.7071
vn 0.0106 0.7071 -0.7070
vn -0.0000 1.0000 0.0000
vn -0.0000 1.0000 0.0000
vn -0.0000 1.0000 0.0000
vn -0.0000 1.0000 0.0000
vn -0.0132 0.7071 0.7070
vn -0.0106 0.7071 0.7070
vn -0.0106 0.7071 0.7070
vn -0.0132 0.7071 0.7070
vn -0.0187 0.0000 0.9998
vn -0.0150 0.0000 0.9999
vn -0.0150 0.0000 0.9999
vn -0.0187 0.0000 0.9998
vn -0.0132 -0.7071 0.7070
vn -0.0106 -0.7071 0.7070
vn -0.0106 -0.7071 0.7070
vn -0.0132 -0.7071 0.7070
vn -0.0000 -1.0000 0.0000
vn -0.0000 -1.0000 0.0000
vn -0.0000 -1.0000 0.0000
vn -0.0000 -1.0000 0.0000
vn 0.0132 -0.7071 -0.7070
vn 0.0106 -0.7071 -0.7070
vn 0.0106 -0.7071 -0.7070
vn 0.0132 -0.7071 -0.7070
vn 0.0187 -0.0000 -0.9998
vn 0.0150 -0.0000 -0.9999
vn 0.0150 -0.0000 -0.9999
vn 0.0187 -0.0000 -0.9998
vn 0.0132 0.7071 -0.7070
vn 0.0106 0.7071 -0.7070
vn 0.0106 0.7071 -0.7070
vn 0.0132 0.7071 -0.7070
vn -0.0000 1.0000 0.0000
vn -0.0000 1.0000 0.0000
vn -0.0000 1.0000 0.0000
vn -0.0000 1.0000 0.0000
vn -0.0159 0.7071 0.7069
vn -0.0132 0.7071 0.7070
vn -0.0132 0.7071 0.7070
vn -0.0159 0.7071 0.7069
vn -0.0225 0.0000 0.9997
vn -0.0187 0.0000 0.9998
vn -0.0187 0.0000 0.9998
vn -0.0225 0.0000 0.9997
vn -0.0159 -0.7071 0.7069
vn -0.0132 -0.7071 0.7070
vn -0.0132 -0.7071 0.7070
vn -0.0159 -0.7071 0.7069
vn -0.0000 -1.0000 0.0000
vn -0.0000 -1.0000 0.0000
vn -0.0000 -1.0000 0.0000
vn -0.0000 -1.0000 0.0000
vn 0.0159 -0.7071 -0.7069
vn 0.0132 -0.7071 -0.7070
vn 0.0132 -0.7071 -0.7070
vn 0.0159 -0.7071 -0.7069
vn 0.0225 -0.0000 -0.9997
vn 0.0187 -0.0000 -0.9998
vn 0.0187 -0.0000 -0.9998
vn 0.0225 -0.0000 -0.9997
vn 0.0159 0.7071 -0.7069
vn 0.0132 0.7071 -0.7070
vn 0.0132 0.7071 -0.7070
vn 0.0159 0.7071 -0.7069
vn -0.0000 1.0000 0.0000
vn -0.0000 1.0000 0.0000
vn -0.0000 1.0000 0.0000
vn -0.0000 1.0000 0.0000
vn -0.0185 0.7071 0.7069
vn -0.0159 0.7071 0.7069
vn -0.0159 0.7071 0.7069
vn -0.0185 0.7071 0.7069
vn -0.0262 0.0000 0.9997
vn -0.0225 0.0000 0.9997
vn -0.0225 0.0000 0.9997
vn -0.0262 0.0000 0.9997
vn -0.0185 -0.7071 0.7069
vn -0.0159 -0.7071 0.7069
vn -0.0159 -0.7071 0.7069
vn -0.0185 -0.7071 0.7069
vn -0.0000 -1.0000 0.0000
vn -0.0000 -1.0000 0.0000
vn -0.0000 -1.0000 0.0000
vn -0.0000 -1.0000 0.0000
vn 0.0185 -0.7071 -0.7069
vn 0.0159 -0.7071 -0.7069
vn 0.0159 -0.7071 -0.7069
vn 0.0185 -0.7071 -0.7069
vn 0.0262 -0.0000 -0.9997
vn 0.0225 -0.0000 -0.9997
vn 0.0225 -0.0000 -0.9997
vn 0.0262 -0.0000 -0.9997
vn 0.0185 0.7071 -0.7069
vn 0.0159 0.7071 -0.7069
vn 0.0159 0.7071 -0.7069
vn 0.0185 0.7071 -0.7069
vn -0.0000 1.0000 0.0000
vn -0.0000 1.0000 0.0000
vn -0.0000 1.0000 0.0000
vn -0.0000 1.0000 0.0000
vn -0.0212 0.7071 0.7068
vn -0.0185 0.7071 0.7069
vn -0.0185 0.7071 0.7069
vn -0.0212 0.7071 0.7068
vn -0.0300 0.0000 0.9996
vn -0.0262 0.0000 0.9997
vn -0.0262 0.0000 0.9997
vn -0.0300 0.0000 0.9996
vn -0.0212 -0.7071 0.7068
vn -0.0185 -0.7071 0.7069
vn -0.0185 -0.7071 0.7069
vn -0.0212 -0.7071 0.7068
vn -0.0000 -1.0000 0.0000
vn -0.0000 -1.0000 0.0000
vn -0.0000 -1.0000 0.0000
vn -0.0000 -1.0000 0.0000
vn 0.0212 -0.7071 -0.7068
vn 0.0185 -0.7071 -0.7069
vn 0.0185 -0.7071 -0.7069
vn 0.0212 -0.7071 -0.7068
vn 0.0300 -0.0000 -0.9996
vn 0.0262 -0.0000 -0.9997
vn 0.0262 -0.0000 -0.9997
vn 0.0300 -0.0000 -0.9996
vn 0.0212 0.7071 -0.7068
vn 0.0185 0.7071 -0.7069
vn 0.0185 0.7071 -0.7069
vn 0.0212 0.7071 -0.7068
vn -0.0000 1.0000 0.0000
vn -0.0000 1.0000 0.0000
vn -0.0000 1.0000 0.0000
vn -0.0000 1.0000 0.0000
vn -0.0238 0.7071 0.7067
vn -0.0212 0.7071 0.7068
vn -0.0212 0.7071 0.7068
vn -0.0238 0.7071 0.7067
vn -0.0337 0.0000 0.9994
vn -0.0300 0.0000 0.9996
vn -0.0300 0.0000 0.9996
vn -0.0337 0.0000 0.9994
vn -0.0238 -0.7071 0.7067
vn -0.0212 -0.7071 0.7068
vn -0.0212 -0.7071 0.7068
vn -0.0238 -0.7071 0.7067
vn -0.0000 -1.0000 0.0000
vn -0.0000 -1.0000 0.0000
vn -0.0000 -1.0000 0.0000
vn -0.0000 -1.0000 0.0000
vn 0.0238 -0.7071 -0.7067
vn 0.0212 -0.7071 -0.7068
vn 0.0212 -0.7071 -0.7068
vn 0.0238 -0.7071 -0.7067
vn 0.0337 -0.0000 -0.9994
vn 0.0300 -0.0000 -0.9996
vn 0.0300 -0.0000 -0.9996
vn 0.0337 -0.0000 -0.9994
vn 0.0238 0.7071 -0.7067
vn 0.0212 0.7071 -0.7068
vn 0.0212 0.7071 -0.7068
vn 0.0238 0.7071 -0.7067
vn -0.0000 1.0000 0.0000
vn -0.0000 1.0000 0.0000
vn -0.0000 1.0000 0.0000
vn -0.0000 1.0000 0.0000
vn -0.0265 0.7071 0.7066
vn -0.0238 0.7071 0.7067
vn -0.0238 0.7071 0.7067
vn -0.0265 0.7071 0.7066
vn -0.0375 0.0000 0.9993
vn -0.0337 0.0000 0.9994
vn -0.0337 0.0000 0.9994
vn -0.0375 0.0000 0.9993
vn -0.0265 -0.7071 0.7066
vn -0.0238 -0.7071 0.7067
vn -0.0238 -0.7071 0.7067
vn -0.0265 -0.7071 0.7066
vn -0.0000 -1.0000 0.0000
vn -0.0000 -1.0000 0.0000
vn -0.0000 -1.0000 0.0000
vn -0.0000 -1.0000 0.0000
vn 0.0265 -0.7071 -0.7066
vn 0.0238 -0.7071 -0.7067
vn 0.0238 -0.7071 -0.7067
vn 0.0265 -0.7071 -0.7066
vn 0.0375 -0.0000 -0.9993
vn 0.0337 -0.0000 -0.9994
vn 0.0337 -0.0000 -0.9994
vn 0.0375 -0.0000 -0.9993
vn 0.0265 0.7071 -0.7066
vn 0.0238 0.7071 -0.7067
vn 0.0238 0.7071 -0.7067
vn 0.0265 0.7071 -0.7066
vn -0.0000 1.0000 0.0000
vn -0.0000 1.0000 0.0000
vn -0.0000 1.0000 0.0000
vn -0.0000 1.0000 0.0000
vn -0.0291 0.7071 0.7065
vn -0.0265 0.7071 0.7066
vn -0.0265 0.7071 0.7066
vn -0.0291 0.7071 0.7065
vn -0.0412 0.0000 0.9992
vn -0.0375 0.0000 0.9993
vn -0.0375 0.0000 0.9993
vn -0.0412 0.0000 0.9992
vn -0.0291 -0.7071 0.7065
vn -0.0265 -0.7071 0.7066
vn -0.0265 -0.7071 0.7066
vn -0.0291 -0.7071 0.7065
vn -0.0000 -1.0000 0.0000
vn -0.0000 -1.0000 0.0000
vn -0.0000 -1.0000 0.0000
vn -0.0000 -1.0000 0.0000
vn 0.0291 -0.7071 -0.7065
vn 0.0265 -0.7071 -0.7066
vn 0.0265 -0.7071 -0.7066
vn 0.0291 -0.7071 -0.7065
vn 0.0412 -0.0000 -0.9992
vn 0.0375 -0.0000 -0.9993
vn 0.0375 -0.0000 -0.9993
vn 0.0412 -0.0000 -0.9992
vn 0.0291 0.7071 -0.7065
vn 0.0265 0.7071 -0.7066
vn 0.0265 0.7071 -0.7066
vn 0.0291 0.7071 -0.7065
vn -0.0000 1.0000 0.0000
vn -0.0000 1.0000 0.0000
vn -0.0000 1.0000 0.0000
vn -0.0000 1.0000 0.0000
vn -0.0318 0.7071 0.7064
vn -0.0291 0.7071 0.7065
vn -0.0291 0.7071 0.7065
vn -0.0318 0.7071 0.7064
vn -0.0449 0.0000 0.9990
vn -0.0412 0.0000 0.9992
vn -0.0412 0.0000 0.9992
vn -0.0449 0.0000 0.9990
vn -0.0318 -0.7071 0.7064
vn -0.0291 -0.7071 0.7065
vn -0.0291 -0.7071 0.7065
vn -0.0318 -0.7071 0.7064
vn -0.0000 -1.0000 0.0000
vn -0.0000 -1.0000 0.0000
vn -0.0000 -1.0000 0.0000
vn -0.0000 -1.0000 0.0000
vn 0.0318 -0.7071 -0.7064
vn 0.0291 -0.7071 -0.7065
vn 0.0291 -0.7071 -0.7065
vn 0.0318 -0.7071 -0.7064
vn 0.0449 -0.0000 -0.9990
vn 0.0412 -0.0000 -0.9992
vn 0.0412 -0.0000 -0.9992
vn 0.0449 -0.0000 -0.9990
vn 0.0318 0.7071 -0.7064
vn 0.0291 0.7071 -0.7065
vn 0.0291 0.7071 -0.7065
vn 0.0318 0.7071 -0.7064
vn -0.0000 1.0000 0.0000
vn -0.0000 1.0000 0.0000
vn -0.0000 1.0000 0.0000
vn -0.0000 1.0000 0.0000
vn -0.0344 0.7071 0.7063
vn -0.0318 0.7071 0.7064
vn -0.0318 0.7071 0.7064
vn -0.0344 0.7071 0.7063
vn -0.0487 0.0000 0.9988
vn -0.0449 0.0000 0.9990
vn -0.0449 0.0000 0.9990
vn -0.0487 0.0000 0.9988
vn -0.0344 -0.7071 0.7063
vn -0.0318 -0.7071 0.7064
vn -0.0318 -0.7071 0.7064
vn -0.0344 -0.7071 0.7063
vn -0.0000 -1.0000 0.0000
vn -0.0000 -1.0000 0.0000
vn -0.0000 -1.0000 0.0000
vn -0.0000 -1.0000 0.0000
vn 0.0344 -0.7071 -0.7063
vn 0.0318 -0.7071 -0.7064
vn 0.0318 -0.7071 -0.7064
vn 0.0344 -0.7071 -0.7063
vn 0.0487 -0.0000 -0.9988
vn 0.0449 -0.0000 -0.9990
vn 0.0449 -0.0000 -0.9990
vn 0.0487 -0.0000 -0.9988
vn 0.0344 0.7071 -0.7063
vn 0.0318 0.7071 -0.7064
vn 0.0318 0.7071 -0.7064
vn 0.0344 0.7071 -0.7063
vn -0.0000 1.0000 0.0000
vn -0.0000 1.0000 0.0000
vn -0.0000 1.0000 0.0000
vn -0.0000 1.0000 0.0000
vn -0.0371 0.7071 0.7061
vn -0.0344 0.7071 0.7063
vn -0.0344 0.7071 0.7063
vn -0.0371 0.7071 0.7061
vn -0.0524 0.0000 0.9986
vn -0.0487 0.0000 0.9988
vn -0.0487 0.0000 0.9988
vn -0.0524 0.0000 0.9986
vn -0.0371 -0.7071 0.7061
vn -0.0344 -0.7071 0.7063
vn -0.0344 -0.7071 0.7063
vn -0.0371 -0.7071 0.7061
vn -0.0000 -1.0000 0.0000
vn -0.0000 -1.0000 0.0000
vn -0.0000 -1.0000 0.0000
vn -0.0000 -1.0000 0.0000
vn 0.0371 -0.7071 -0.7061
vn 0.0344 -0.7071 -0.7063
vn 0.0344 -0.7071 -0.7063
vn 0.0371 -0.7071 -0.7061
vn 0.0524 -0.0000 -0.9986
vn 0.0487 -0.0000 -0.9988
vn 0.0487 -0.0000 -0.9988
vn 0.0524 -0.0000 -0.9986
vn 0.0371 0.7071 -0.7061
vn 0.0344 0.7071 -0.7063
vn 0.0344 0.7071 -0.7063
vn 0.0371 0.7071 -0.7061
vn -0.0000 1.0000 0.0000
vn -0.0000 1.0000 0.0000
vn -0.0000 1.0000 0.0000
vn -0.0000 1.0000 0.0000
vn -0.0397 0.7071 0.7060
vn -0.0371 0.7071 0.7061
vn -0.0371 0.7071 0.7061
vn -0.0397 0.7071 0.7060
vn -0.0562 0.0000 0.9984
vn -0.0524 0.0000 0.9986
vn -0.0524 0.0000 0.9986
vn -0.0562 0.0000 0.9984
vn -0.0397 -0.7071 0.7060
vn -0.0371 -0.7071 0.7061
vn -0.0371 -0.7071 0.7061
vn -0.0397 -0.7071 0.7060
vn -0.0000 -1.0000 0.0000
vn -0.0000 -1.0000 0.0000
vn -0.0000 -1.0000 0.0000
vn -0.0000 -1.0000 0.0000
vn 0.0397 -0.7071 -0.7060
vn 0.0371 -0.7071 -0.7061
vn 0.0371 -0.7071 -0.7061
vn 0.0397 -0.7071 -0.7060
vn 0.0562 -0.0000 -0.9984
vn 0.0524 -0.0000 -0.9986
vn 0.0524 -0.0000 -0.9986
vn 0.0562 -0.0000 -0.9984
vn 0.0397 0.7071 -0.7060
vn 0.0371 0.7071 -0.7061
vn 0.0371 0.7071 -0.7061
vn 0.0397 0.7071 -0.7060
vn -0.0000 1.0000 0.0000
vn -0.0000 1.0000 0.0000
vn -0.0000 1.0000 0.0000
vn -0.0000 1.0000 0.0000
vn -0.0423 0.7071 0.7058
vn -0.0397 0.7071 0.7060
vn -0.0397 0.7071 0.7060
vn -0.0423 0.7071 0.7058
vn -0.0599 0.0000 0.9982
vn -0.0562 0.0000 0.9984
vn -0.0562 0.0000 0.9984
vn -0.0599 0.0000 0.9982
vn -0.0423 -0.7071 0.7058
vn -0.0397 -0.7071 0.7060
vn -0.0397 -0.7071 0.7060
vn -0.0423 -0.7071 0.7058
vn -0.0000 -1.0000 0.0000
vn -0.0000 -1.0000 0.0000
vn -0.0000 -1.0000 0.0000
vn -0.0000 -1.0000 0.0000
vn 0.0423 -0.7071 -0.7058
vn 0.0397 -0.7071 -0.7060
vn 0.0397 -0.7071 -0.7060
vn 0.0423 -0.7071 -0.7058
vn 0.0599 -0.0000 -0.9982
vn 0.0562 -0.0000 -0.9984
vn 0.0562 -0.0000 -0.9984
vn 0.0599 -0.0000 -0.9982
vn 0.0423 0.7071 -0.7058
vn 0.0397 0.7071 -0.7060
vn 0.0397 0.7071 -0.7060
vn 0.0423 0.7071 -0.7058
vn -0.0000 1.0000 0.0000
vn -0.0000 1.0000 0.0000
vn -0.0000 1.0000 0.0000
vn -0.0000 1.0000 0.0000
vn -0.0450 0.7071 0.7057
vn -0.0423 0.7071 0.7058
vn -0.0423 0.7071 0.7058
vn -0.0450 0.7071 0.7057
vn -0.0636 0.0000 0.9980
vn -0.0599 0.0000 0.9982
vn -0.0599 0.0000 0.9982
vn -0.0636 0.0000 0.9980
vn -0.0450 -0.7071 0.7057
vn -0.0423 -0.7071 0.7058
vn -0.0423 -0.7071 0.7058
vn -0.0450 -0.7071 0.7057
vn -0.0000 -1.0000 0.0000
vn -0.0000 -1.0000 0.0000
vn -0.0000 -1.0000 0.0000
vn -0.0000 -1.0000 0.0000
vn 0.0450 -0.7071 -0.7057
vn 0.0423 -0.7071 -0.7058
vn 0.0423 -0.7071 -0.7058
vn 0.0450 -0.7071 -0.7057
vn 0.0636 -0.0000 -0.9980
vn 0.0599 -0.0000 -0.9982
vn 0.0599 -0.0000 -0.9982
vn 0.0636 -0.0000 -0.9980
vn 0.0450 0.7071 -0.7057
vn 0.0423 0.7071 -0.7058
vn 0.0423 0.7071 -0.7058
vn 0.0450 0.7071 -0.7057
vn -0.0000 1.0000 0.0000
vn -0.0000 1.0000 0.0000
vn -0.0000 1.0000 0.0000
vn -0.0000 1.0000 0.0000
vn -0.0476 0.7071 0.7055
vn -0.0450 0.7071 0.7057
vn -0.0450 0.7071 0.7057
vn -0.0476 0.7071 0.7055
vn -0.0674 0.0000 0.9977
vn -0.0636 0.0000 0.9980
vn -0.0636 0.0000 0.9980
vn -0.0674 0.0000 0.9977
vn -0.0476 -0.7071 0.7055
vn -0.0450 -0.7071 0.7057
vn -0.0450 -0.7071 0.7057
vn -0.0476 -0.7071 0.7055
vn -0.0000 -1.0000 0.0000
vn -0.0000 -1.0000 0.0000
vn -0.0000 -1.0000 0.0000
vn -0.0000 -1.0000 0.0000
vn 0.0476 -0.7071 -0.7055
vn 0.0450 -0.7071 -0.7057
vn 0.0450 -0.7071 -0.7057
vn 0.0476 -0.7071 -0.7055
vn 0.0674 -0.0000 -0.9977
vn 0.0636 -0.0000 -0.9980
vn 0.0636 -0.0000 -0.9980
vn 0.0674 -0.0000 -0.9977
vn 0.0476 0.7071 -0.7055
vn 0.0450 0.7071 -0.7057
vn 0.0450 0.7071 -0.7057
vn 0.0476 0.7071 -0.7055
vn -0.0000 1.0000 0.0000
vn -0.0000 1.0000 0.0000
vn -0.0000 1.0000 0.0000
vn -0.0000 1.0000 0.0000
vn -0.0503 0.7071 0.7053
vn -0.0476 0.7071 0.7055
vn -0.0476 0.7071 0.7055
vn -0.0503 0.7071 0.7053
vn -0.0711 0.0000 0.9975
vn -0.0674 0.0000 0.9977
vn -0.0674 0.0000 0.9977
vn -0.0711 0.0000 0.9975
vn -0.0503 -0.7071 0.7053
vn -0.0476 -0.7071 0.7055
vn -0.0476 -0.7071 0.7055
vn -0.0503 -0.7071 0.7053
vn -0.0000 -1.0000 0.0000
vn -0.0000 -1.0000 0.0000
vn -0.0000 -1.0000 0.0000
vn -0.0000 -1.0000 0.0000
vn 0.0503 -0.7071 -0.7053
vn 0.0476 -0.7071 -0.7055
vn 0.0476 -0.7071 -0.7055
vn 0.0503 -0.7071 -0.7053
vn 0.0711 -0.0000 -0.9975
vn 0.0674 -0.0000 -0.9977
vn 0.0674 -0.0000 -0.9977
vn 0.0711 -0.0000 -0.9975
vn 0.0503 0.7071 -0.7053
vn 0.0476 0.7071 -0.7055
vn 0.0476 0.7071 -0.7055
vn 0.0503 0.7071 -0.7053
vn -0.0000 1.0000 0.0000
vn -0.0000 1.0000 0.0000
vn -0.0000 1.0000 0.0000
vn -0.0000 1.0000 0.0000
vn -0.0529 0.7071 0.7051
vn -0.0503 0.7071 0.7053
vn -0.0503 0.7071 0.7053
vn -0.0529 0.7071 0.7051
vn -0.0748 0.0000 0.9972
vn -0.0711 0.0000 0.9975
vn -0.0711 0.0000 0.9975
vn -0.0748 0.0000 0.9972
vn -0.0529 -0.7071 0.7051
vn -0.0503 -0.7071 0.7053
vn -0.0503 -0.7071 0.7053
vn -0.0529 -0.7071 0.7051
vn -0.0000 -1.0000 0.0000
vn -0.0000 -1.0000 0.0000
vn -0.0000 -1.0000 0.0000
vn -0.0000 -1.0000 0.0000
vn 0.0529 -0.7071 -0.7051
vn 0.0503 -0.7071 -0.7053
vn 0.0503 -0.7071 -0.7053
vn 0.0529 -0.7071 -0.7051
vn 0.0748 -0.0000 -0.9972
vn 0.0711 -0.0000 -0.9975
vn 0.0711 -0.0000 -0.9975
vn 0.0748 -0.0000 -0.9972
vn 0.0529 0.7071 -0.7051
vn 0.0503 0.7071 -0.7053
vn 0.0503 0.7071 -0.7053
vn 0.0529 0.7071 -0.7051
vn -0.0000 1.0000 0.0000
vn -0.0000 1.0000 0.0000
vn -0.0000 1.0000 0.0000
vn -0.0000 1.0000 0.0000
vn -0.0555 0.7071 0.7049
vn -0.0529 0.7071 0.7051
vn -0.0529 0.7071 0.7051
vn -0.0555 0.7071 0.7049
vn -0.0785 0.0000 0.9969
vn -0.0748 0.0000 0.9972
vn -0.0748 0.0000 0.9972
vn -0.0785 0.0000 0.9969
vn -0.0555 -0.7071 0.7049
vn -0.0529 -0.7071 0.7051
vn -0.0529 -0.7071 0.7051
vn -0.0555 -0.7071 0.7049
vn -0.0000 -1.0000 0.0000
vn -0.0000 -1.0000 0.0000
vn -0.0000 -1.0000 0.0000
vn -0.0000 -1.0000 0.0000
vn 0.0555 -0.7071 -0.7049
vn 0.0529 -0.7071 -0.7051
vn 0.0529 -0.7071 -0.7051
vn 0.0555 -0.7071 -0.7049
vn 0.0785 -0.0000 -0.9969
vn 0.0748 -0.0000 -0.9972
vn 0.0748 -0.0000 -0.9972
vn 0.0785 -0.0000 -0.9969
vn 0.0555 0.7071 -0.7049
vn 0.0529 0.7071 -0.7051
vn 0.0529 0.7071 -0.7051
vn 0.0555 0.7071 -0.7049
vn -0.0000 1.0000 0.0000
vn -0.0000 1.0000 0.0000
vn -0.0000 1.0000 0.0000
vn -0.0000 1.0000 0.0000
vn -0.0582 0.7071 0.7047
vn -0.0555 0.7071 0.7049
vn -0.0555 0.7071 0.7049
vn -0.0582 0.7071 0.7047
vn -0.0823 0.0000 0.9966
vn -0.0785 0.0000 0.9969
vn -0.0785 0.0000 0.9969
vn -0.0823 0.0000 0.9966
vn -0.0582 -0.7071 0.7047
vn -0.0555 -0.7071 0.7049
vn -0.0555 -0.7071 0.7049
vn -0.0582 -0.7071 0.7047
vn -0.0000 -1.0000 0.0000
vn -0.0000 -1.0000 0.0000
vn -0.0000 -1.0000 0.0000
vn -0.0000 -1.0000 0.0000
vn 0.0582 -0.7071 -0.7047
vn 0.0555 -0.7071 -0.7049
vn 0.0555 -0.7071 -0.7049
vn 0.0582 -0.7071 -0.7047
vn 0.0823 -0.0000 -0.9966
vn 0.0785 -0.0000 -0.9969
vn 0.0785 -0.0000 -0.9969
vn 0.0823 -0.0000 -0.9966
vn 0.0582 0.7071 -0.7047
vn 0.0555 0.7071 -0.7049
vn 0.0555 0.7071 -0.7049
vn 0.0582 0.7071 -0.7047
vn -0.0000 1.0000 0.0000
vn -0.0000 1.0000 0.0000
vn -0.0000 1.0000 0.0000
vn -0.0000 1.0000 0.0000
vn -0.0608 0.7071 0.7045
vn -0.0582 0.7071 0.7047
vn -0.0582 0.7071 0.7047
vn -0.0608 0.7071 0.7045
vn -0.0860 0.0000 0.9963
vn -0.0823 0.0000 0.9966
vn -0.0823 0.0000 0.9966
vn -0.0860 0.0000 0.9963
vn -0.0608 -0.7071 0.7045
vn -0.0582 -0.7071 0.7047
vn -0.0582 -0.7071 0.7047
vn -0.0608 -0.7071 0.7045
vn -0.0000 -1.0000 0.0000
vn -0.0000 -1.0000 0.0000
vn -0.0000 -1.0000 0.0000
vn -0.0000 -1.0000 0.0000
vn 0.0608 -0.7071 -0.7045
vn 0.0582 -0.7071 -0.7047
vn 0.0582 -0.7071 -0.7047
vn 0.0608 -0.7071 -0.7045
vn 0.0860 -0.0000 -0.9963
vn 0.0823 -0.0000 -0.9966
vn 0.0823 -0.0000 -0.9966
vn 0.0860 -0.0000 -0.9963
vn 0.0608 0.7071 -0.7045
vn 0.0582 0.7071 -0.7047
vn 0.0582 0.7071 -0.7047
vn 0.0608 0.7071 -0.7045
vn -0.0000 1.0000 0.0000
vn -0.0000 1.0000 0.0000
vn -0.0000 1.0000 0.0000
vn -0.0000 1.0000 0.0000
vn -0.0621 0.7071 0.7044
vn -0.0608 0.7071 0.7045
vn -0.0608 0.7071 0.7045
vn -0.0621 0.7071 0.7044
vn -0.0878 0.0000 0.9961
vn -0.0860 0.0000 0.9963
vn -0.0860 0.0000 0.9963
vn -0.0878 0.0000 0.9961
vn -0.0621 -0.7071 0.7044
vn -0.0608 -0.7071 0.7045
vn -0.0608 -0.7071 0.7045
vn -0.0621 -0.7071 0.7044
vn -0.0000 -1.0000 0.0000
vn -0.0000 -1.0000 0.0000
vn -0.0000 -1.0000 0.0000
vn -0.0000 -1.0000 0.0000
vn 0.0621 -0.7071 -0.7044
vn 0.0608 -0.7071 -0.7045
vn 0.0608 -0.7071 -0.7045
vn 0.0621 -0.7071 -0.7044
vn 0.0878 -0.0000 -0.9961
vn 0.0860 -0.0000 -0.9963
vn 0.0860 -0.0000 -0.9963
vn 0.0878 -0.0000 -0.9961
vn 0.0621 0.7071 -0.7044
vn 0.0608 0.7071 -0.7045
vn 0.0608 0.7071 -0.7045
vn 0.0621 0.7071 -0.7044
vn -0.0000 1.0000 0.0000
vn -0.0000 1.0000 0.0000
vn -0.9961 -0.0000 0.0878
vn 0.9961 0.0000 0.0878
vn 0.0000 1.0000 0.0000
vn 0.0000 1.0000 0.0000
vn 0.0608 0.7071 0.7045
vn 0.0621 0.7071 0.7044
vn 0.0621 0.7071 0.7044
vn 0.0608 0.7071 0.7045
vn 0.0860 0.0000 0.9963
vn 0.0878 0.0000 0.9961
vn 0.0878 0.0000 0.9961
vn 0.0860 0.0000 0.9963
vn 0.0608 -0.7071 0.7045
vn 0.0621 -0.7071 0.7044
vn 0.0621 -0.7071 0.7044
vn 0.0608 -0.7071 0.7045
vn 0.0000 -1.0000 0.0000
vn 0.0000 -1.0000 0.0000
vn 0.0000 -1.0000 0.0000
vn 0.0000 -1.0000 0.0000
vn -0.0608 -0.7071 -0.7045
vn -0.0621 -0.7071 -0.7044
vn -0.0621 -0.7071 -0.7044
vn -0.0608 -0.7071 -0.7045
vn -0.0860 -0.0000 -0.9963
vn -0.0878 -0.0000 -0.9961
vn -0.0878 -0.0000 -0.9961
vn -0.0860 -0.0000 -0.9963
vn -0.0608 0.7071 -0.7045
vn -0.0621 0.7071 -0.7044
vn -0.0621 0.7071 -0.7044
vn -0.0608 0.7071 -0.7045
vn 0.0000 1.0000 0.0000
vn 0.0000 1.0000 0.0000
vn 0.0000 1.0000 0.0000
vn 0.0000 1.0000 0.0000
vn 0.0582 0.7071 0.7047
vn 0.0608 0.7071 0.7045
vn 0.0608 0.7071 0.7045
vn 0.0582 0.7071 0.7047
vn 0.0823 0.0000 0.9966
vn 0.0860 0.0000 0.9963
vn 0.0860 0.0000 0.9963
vn 0.0823 0.0000 0.9966
vn 0.0582 -0.7071 0.7047
vn 0.0608 -0.7071 0.7045
vn 0.0608 -0.7071 0.7045
vn 0.0582 -0.7071 0.7047
vn 0.0000 -1.0000 0.0000
vn 0.0000 -1.0000 0.0000
vn 0.0000 -1.0000 0.0000
vn 0.0000 -1.0000 0.0000
vn -0.0582 -0.7071 -0.7047
vn -0.0608 -0.7071 -0.7045
vn -0.0608 -0.7071 -0.7045
vn -0.0582 -0.7071 -0.7047
vn -0.0823 -0.0000 -0.9966
vn -0.0860 -0.0000 -0.9963
vn -0.0860 -0.0000 -0.9963
vn -0.0823 -0.0000 -0.9966
vn -0.0582 0.7071 -0.7047
vn -0.0608 0.7071 -0.7045
vn -0.0608 0.7071 -0.7045
vn -0.0582 0.7071 -0.7047
vn 0.0000 1.0000 0.0000
vn 0.0000 1.0000 0.0000
vn 0.0000 1.0000 0.0000
vn 0.0000 1.0000 0.0000
vn 0.0555 0.7071 0.7049
vn 0.0582 0.7071 0.7047
vn 0.0582 0.7071 0.7047
vn 0.0555 0.7071 0.7049
vn 0.0785 0.0000 0.9969
vn 0.0823 0.0000 0.9966
vn 0.0823 0.0000 0.9966
vn 0.0785 0.0000 0.9969
vn 0.0555 -0.7071 0.7049
vn 0.0582 -0.7071 0.7047
vn 0.0582 -0.7071 0.7047
vn 0.0555 -0.7071 0.7049
vn 0.0000 -1.0000 0.0000
vn 0.0000 -1.0000 0.0000
vn 0.0000 -1.0000 0.0000
vn 0.0000 -1.0000 0.0000
vn -0.0555 -0.7071 -0.7049
vn -0.0582 -0.7071 -0.7047
vn -0.0582 -0.7071 -0.7047
vn -0.0555 -0.7071 -0.7049
vn -0.0785 -0.0000 -0.9969
vn -0.0823 -0.0000 -0.9966
vn -0.0823 -0.0000 -0.9966
vn -0.0785 -0.0000 -0.9969
vn -0.0555 0.7071 -0.7049
vn -0.0582 0.7071 -0.7047
vn -0.0582 0.7071 -0.7047
vn -0.0555 0.7071 -0.7049
vn 0.0000 1.0000 0.0000
vn 0.0000 1.0000 0.0000
vn 0.0000 1.0000 0.0000
vn 0.0000 1.0000 0.0000
vn 0.0529 0.7071 0.7051
vn 0.0555 0.7071 0.7049
vn 0.0555 0.7071 0.7049
vn 0.0529 0.7071 0.7051
vn 0.0748 0.0000 0.9972
vn 0.0785 0.0000 0.9969
vn 0.0785 0.0000 0.9969
vn 0.0748 0.0000 0.9972
vn 0.0529 -0.7071 0.7051
vn 0.0555 -0.7071 0.7049
vn 0.0555 -0.7071 0.7049
vn 0.0529 -0.7071 0.7051
vn 0.0000 -1.0000 0.0000
vn 0.0000 -1.0000 0.0000
vn 0.0000 -1.0000 0.0000
vn 0.0000 -1.0000 0.0000
vn -0.0529 -0.7071 -0.7051
vn -0.0555 -0.7071 -0.7049
vn -0.0555 -0.7071 -0.7049
vn -0.0529 -0.7071 -0.7051
vn -0.0748 -0.0000 -0.9972
vn -0.0785 -0.0000 -0.9969
vn -0.0785 -0.0000 -0.9969
vn -0.0748 -0.0000 -0.9972
vn -0.0529 0.7071 -0.7051
vn -0.0555 0.7071 -0.7049
vn -0.0555 0.7071 -0.7049
vn -0.0529 0.7071 -0.7051
vn 0.0000 1.0000 0.0000
vn 0.0000 1.0000 0.0000
vn 0.0000 1.0000 0.0000
vn 0.0000 1.0000 0.0000
vn 0.0503 0.7071 0.7053
vn 0.0529 0.7071 0.7051
vn 0.0529 0.7071 0.7051
vn 0.0503 0.7071 0.7053
vn 0.0711 0.0000 0.9975
vn 0.0748 0.0000 0.9972
vn 0.0748 0.0000 0.9972
vn 0.0711 0.0000 0.9975
vn 0.0503 -0.7071 0.7053
vn 0.0529 -0.7071 0.7051
vn 0.0529 -0.7071 0.7051
vn 0.0503 -0.7071 0.7053
vn 0.0000 -1.0000 0.0000
vn 0.0000 -1.0000 0.0000
vn 0.0000 -1.0000 0.0000
vn 0.0000 -1.0000 0.0000
vn -0.0503 -0.7071 -0.7053
vn -0.0529 -0.7071 -0.7051
vn -0.0529 -0.7071 -0.7051
vn -0.0503 -0.7071 -0.7053
vn -0.0711 -0.0000 -0.9975
vn -0.0748 -0.0000 -0.9972
vn -0.0748 -0.0000 -0.9972
vn -0.0711 -0.0000 -0.9975
vn -0.0503 0.7071 -0.7053
vn -0.0529 0.7071 -0.7051
vn -0.0529 0.7071 -0.7051
vn -0.0503 0.7071 -0.7053
vn 0.0000 1.0000 0.0000
vn 0.0000 1.0000 0.0000
vn 0.0000 1.0000 0.0000
vn 0.0000 1.0000 0.0000
vn 0.0476 0.7071 0.7055
vn 0.0503 0.7071 0.7053
vn 0.0503 0.7071 0.7053
vn 0.0476 0.7071 0.7055
vn 0.0674 0.0000 0.9977
vn 0.0711 0.0000 0.9975
vn 0.0711 0.0000 0.9975
vn 0.0674 0.0000 0.9977
vn 0.0476 -0.7071 0.7055
vn 0.0503 -0.7071 0.7053
vn 0.0503 -0.7071 0.7053
vn 0.0476 -0.7071 0.7055
vn 0.0000 -1.0000 0.0000
vn 0.0000 -1.0000 0.0000
vn 0.0000 -1.0000 0.0000
vn 0.0000 -1.0000 0.0000
vn -0.0476 -0.7071 -0.7055
vn -0.0503 -0.7071 -0.7053
vn -0.0503 -0.7071 -0.7053
vn -0.0476 -0.7071 -0.7055
vn -0.0674 -0.0000 -0.9977
vn -0.0711 -0.0000 -0.9975
vn -0.0711 -0.0000 -0.9975
vn -0.0674 -0.0000 -0.9977
vn -0.0476 0.7071 -0.7055
vn -0.0503 0.7071 -0.7053
vn -0.0503 0.7071 -0.7053
vn -0.0476 0.7071 -0.7055
vn 0.0000 1.0000 0.0000
vn 0.0000 1.0000 0.0000
vn 0.0000 1.0000 0.0000
vn 0.0000 1.0000 0.0000
vn 0.0450 0.7071 0.7057
vn 0.0476 0.7071 0.7055
vn 0.0476 0.7071 0.7055
vn 0.0450 0.7071 0.7057
vn 0.0636 0.0000 0.9980
vn 0.0674 0.0000 0.9977
vn 0.0674 0.0000 0.9977
vn 0.0636 0.0000 0.9980
vn 0.0450 -0.7071 0.7057
vn 0.0476 -0.7071 0.7055
vn 0.0476 -0.7071 0.7055
vn 0.0450 -0.7071 0.7057
vn 0.0000 -1.0000 0.0000
vn 0.0000 -1.0000 0.0000
vn 0.0000 -1.0000 0.0000
vn 0.0000 -1.0000 0.0000
vn -0.0450 -0.7071 -0.7057
vn -0.0476 -0.7071 -0.7055
vn -0.0476 -0.7071 -0.7055
vn -0.0450 -0.7071 -0.7057
vn -0.0636 -0.0000 -0.9980
vn -0.0674 -0.0000 -0.9977
vn -0.0674 -0.0000 -0.9977
vn -0.0636 -0.0000 -0.9980
vn -0.0450 0.7071 -0.7057
vn -0.0476 0.7071 -0.7055
vn -0.0476 0.7071 -0.7055
vn -0.0450 0.7071 -0.7057
vn 0.0000 1.0000 0.0000
vn 0.0000 1.0000 0.0000
vn 0.0000 1.0000 0.0000
vn 0.0000 1.0000 0.0000
vn 0.0423 0.7071 0.7058
vn 0.0450 0.7071 0.7057
vn 0.0450 0.7071 0.7057
vn 0.0423 0.7071 0.7058
vn 0.0599 0.0000 0.9982
vn 0.0636 0.0000 0.9980
vn 0.0636 0.0000 0.9980
vn 0.0599 0.0000 0.9982
vn 0.0423 -0.7071 0.7058
vn 0.0450 -0.7071 0.7057
vn 0.0450 -0.7071 0.7057
vn 0.0423 -0.7071 0.7058
vn 0.0000 -1.0000 0.0000
vn 0.0000 -1.0000 0.0000
vn 0.0000 -1.0000 0.0000
vn 0.0000 -1.0000 0.0000
vn -0.0423 -0.7071 -0.7058
vn -0.0450 -0.7071 -0.7057
vn -0.0450 -0.7071 -0.7057
vn -0.0423 -0.7071 -0.7058
vn -0.0599 -0.0000 -0.9982
vn -0.0636 -0.0000 -0.9980
vn -0.0636 -0.0000 -0.9980
vn -0.0599 -0.0000 -0.9982
vn -0.0423 0.7071 -0.7058
vn -0.0450 0.7071 -0.7057
vn -0.0450 0.7071 -0.7057
vn -0.0423 0.7071 -0.7058
vn 0.0000 1.0000 0.0000
vn 0.0000 1.0000 0.0000
vn 0.0000 1.0000 0.0000
vn 0.0000 1.0000 0.0000
vn 0.0397 0.7071 0.7060
vn 0.0423 0.7071 0.7058
vn 0.0423 0.7071 0.7058
vn 0.0397 0.7071 0.7060
vn 0.0562 0.0000 0.9984
vn 0.0599 0.0000 0.9982
vn 0.0599 0.0000 0.9982
vn 0.0562 0.0000 0.9984
vn 0.0397 -0.7071 0.7060
vn 0.0423 -0.7071 0.7058
vn 0.0423 -0.7071 0.7058
vn 0.0397 -0.7071 0.7060
vn 0.0000 -1.0000 0.0000
vn 0.0000 -1.0000 0.0000
vn 0.0000 -1.0000 0.0000
vn 0.0000 -1.0000 0.0000
vn -0.0397 -0.7071 -0.7060
vn -0.0423 -0.7071 -0.7058
vn -0.0423 -0.7071 -0.7058
vn -0.0397 -0.7071 -0.7060
vn -0.0562 -0.0000 -0.9984
vn -0.0599 -0.0000 -0.9982
vn -0.0599 -0.0000 -0.9982
vn -0.0562 -0.0000 -0.9984
vn -0.0397 0.7071 -0.7060
vn -0.0423 0.7071 -0.7058
vn -0.0423 0.7071 -0.7058
vn -0.0397 0.7071 -0.7060
vn 0.0000 1.0000 0.0000
vn 0.0000 1.0000 0.0000
vn 0.0000 1.0000 0.0000
vn 0.0000 1.0000 0.0000
vn 0.0371 0.7071 0.7061
vn 0.0397 0.7071 0.7060
vn 0.0397 0.7071 0.7060
vn 0.0371 0.7071 0.7061
vn 0.0524 0.0000 0.9986
vn 0.0562 0.0000 0.9984
vn 0.0562 0.0000 0.9984
vn 0.0524 0.0000 0.9986
vn 0.0371 -0.7071 0.7061
vn 0.0397 -0.7071 0.7060
vn 0.0397 -0.7071 0.7060
vn 0.0371 -0.7071 0.7061
vn 0.0000 -1.0000 0.0000
vn 0.0000 -1.0000 0.0000
vn 0.0000 -1.0000 0.0000
vn 0.0000 -1.0000 0.0000
vn -0.0371 -0.7071 -0.7061
vn -0.0397 -0.7071 -0.7060
vn -0.0397 -0.7071 -0.7060
vn -0.0371 -0.7071 -0.7061
vn -0.0524 -0.0000 -0.9986
vn -0.0562 -0.0000 -0.9984
vn -0.0562 -0.0000 -0.9984
vn -0.0524 -0.0000 -0.9986
vn -0.0371 0.7071 -0.7061
vn -0.0397 0.7071 -0.7060
vn -0.0397 0.7071 -0.7060
vn -0.0371 0.7071 -0.7061
vn 0.0000 1.0000 0.0000
vn 0.0000 1.0000 0.0000
vn 0.0000 1.0000 0.0000
vn 0.0000 1.0000 0.0000
vn 0.0344 0.7071 0.7063
vn 0.0371 0.7071 0.7061
vn 0.0371 0.7071 0.7061
vn 0.0344 0.7071 0.7063
vn 0.0487 0.0000 0.9988
vn 0.0524 0.0000 0.9986
vn 0.0524 0.0000 0.9986
vn 0.0487 0.0000 0.9988
vn 0.0344 -0.7071 0.7063
vn 0.0371 -0.7071 0.7061
vn 0.0371 -0.7071 0.7061
vn 0.0344 -0.7071 0.7063
vn 0.0000 -1.0000 0.0000
vn 0.0000 -1.0000 0.0000
vn 0.0000 -1.0000 0.0000
vn 0.0000 -1.0000 0.0000
vn -0.0344 -0.7071 -0.7063
vn -0.0371 -0.7071 -0.7061
vn -0.0371 -0.7071 -0.7061
vn -0.0344 -0.7071 -0.7063
vn -0.0487 -0.0000 -0.9988
vn -0.0524 -0.0000 -0.9986
vn -0.0524 -0.0000 -0.9986
vn -0.0487 -0.0000 -0.9988
vn -0.0344 0.7071 -0.7063
vn -0.0371 0.7071 -0.7061
vn -0.0371 0.7071 -0.7061
vn -0.0344 0.7071 -0.7063
vn 0.0000 1.0000 0.0000
vn 0.0000 1.0000 0.0000
vn 0.0000 1.0000 0.0000
vn 0.0000 1.0000 0.0000
vn 0.0318 0.7071 0.7064
vn 0.0344 0.7071 0.7063
vn 0.0344 0.7071 0.7063
vn 0.0318 0.7071 0.7064
vn 0.0449 0.0000 0.9990
vn 0.0487 0.0000 0.9988
vn 0.0487 0.0000 0.9988
vn 0.0449 0.0000 0.9990
vn 0.0318 -0.7071 0.7064
vn 0.0344 -0.7071 0.7063
vn 0.0344 -0.7071 0.7063
vn 0.0318 -0.7071 0.7064
vn 0.0000 -1.0000 0.0000
vn 0.0000 -1.0000 0.0000
vn 0.0000 -1.0000 0.0000
vn 0.0000 -1.0000 0.0000
vn -0.0318 -0.7071 -0.7064
vn -0.0344 -0.7071 -0.7063
vn -0.0344 -0.7071 -0.7063
vn -0.0318 -0.7071 -0.7064
vn -0.0449 -0.0000 -0.9990
vn -0.0487 -0.0000 -0.9988
vn -0.0487 -0.0000 -0.9988
vn -0.0449 -0.0000 -0.9990
vn -0.0318 0.7071 -0.7064
vn -0.0344 0.7071 -0.7063
vn -0.0344 0.7071 -0.7063
vn -0.0318 0.7071 -0.7064
vn 0.0000 1.0000 0.0000
vn 0.0000 1.0000 0.0000
vn 0.0000 1.0000 0.0000
vn 0.0000 1.0000 0.0000
vn 0.0291 0.7071 0.7065
vn 0.0318 0.7071 0.7064
vn 0.0318 0.7071 0.7064
vn 0.0291 0.7071 0.7065
vn 0.0412 0.0000 0.9992
vn 0.0449 0.0000 0.9990
vn 0.0449 0.0000 0.9990
vn 0.0412 0.0000 0.9992
vn 0.0291 -0.7071 0.7065
vn 0.0318 -0.7071 0.7064
vn 0.0318 -0.7071 0.7064
vn 0.0291 -0.7071 0.7065
vn 0.0000 -1.0000 0.0000
vn 0.0000 -1.0000 0.0000
vn 0.0000 -1.0000 0.0000
vn 0.0000 -1.0000 0.0000
vn -0.0291 -0.7071 -0.7065
vn -0.0318 -0.7071 -0.7064
vn -0.0318 -0.7071 -0.7064
vn -0.0291 -0.7071 -0.7065
vn -0.0412 -0.0000 -0.9992
vn -0.0449 -0.0000 -0.9990
vn -0.0449 -0.0000 -0.9990
vn -0.0412 -0.0000 -0.9992
vn -0.0291 0.7071 -0.7065
vn -0.0318 0.7071 -0.7064
vn -0.0318 0.7071 -0.7064
vn -0.0291 0.7071 -0.7065
vn 0.0000 1.0000 0.0000
vn 0.0000 1.0000 0.0000
vn 0.0000 1.0000 0.0000
vn 0.0000 1.0000 0.0000
vn 0.0265 0.7071 0.7066
vn 0.0291 0.7071 0.7065
vn 0.0291 0.7071 0.7065
vn 0.0265 0.7071 0.7066
vn 0.0375 0.0000 0.9993
vn 0.0412 0.0000 0.9992
vn 0.0412 0.0000 0.9992
vn 0.0375 0.0000 0.9993
vn 0.0265 -0.7071 0.7066
vn 0.0291 -0.7071 0.7065
vn 0.0291 -0.7071 0.7065
vn 0.0265 -0.7071 0.7066
vn 0.0000 -1.0000 0.0000
vn 0.0000 -1.0000 0.0000
vn 0.0000 -1.0000 0.0000
vn 0.0000 -1.0000 0.0000
vn -0.0265 -0.7071 -0.7066
vn -0.0291 -0.7071 -0.7065
vn -0.0291 -0.7071 -0.7065
vn -0.0265 -0.7071 -0.7066
vn -0.0375 -0.0000 -0.9993
vn -0.0412 -0.0000 -0.9992
vn -0.0412 -0.0000 -0.9992
vn -0.0375 -0.0000 -0.9993
vn -0.0265 0.7071 -0.7066
vn -0.0291 0.7071 -0.7065
vn -0.0291 0.7071 -0.7065
vn -0.0265 0.7071 -0.7066
vn 0.0000 1.0000 0.0000
vn 0.0000 1.0000 0.0000
vn 0.0000 1.0000 0.0000
vn 0.0000 1.0000 0.0000
vn 0.0238 0.7071 0.7067
vn 0.0265 0.7071 0.7066
vn 0.0265 0.7071 0.7066
vn 0.0238 0.7071 0.7067
vn 0.0337 0.0000 0.9994
vn 0.0375 0.0000 0.9993
vn 0.0375 0.0000 0.9993
vn 0.0337 0.0000 0.9994
vn 0.0238 -0.7071 0.7067
vn 0.0265 -0.7071 0.7066
vn 0.0265 -0.7071 0.7066
vn 0.0238 -0.7071 0.7067
vn 0.0000 -1.0000 0.0000
vn 0.0000 -1.0000 0.0000
vn 0.0000 -1.0000 0.0000
vn 0.0000 -1.0000 0.0000
vn -0.0238 -0.7071 -0.7067
vn -0.0265 -0.7071 -0.7066
vn -0.0265 -0.7071 -0.7066
vn -0.0238 -0.7071 -0.7067
vn -0.0337 -0.0000 -0.9994
vn -0.0375 -0.0000 -0.9993
vn -0.0375 -0.0000 -0.9993
vn -0.0337 -0.0000 -0.9994
vn -0.0238 0.7071 -0.7067
vn -0.0265 0.7071 -0.7066
vn -0.0265 0.7071 -0.7066
vn -0.0238 0.7071 -0.7067
vn 0.0000 1.0000 0.0000
vn 0.0000 1.0000 0.0000
vn 0.0000 1.0000 0.0000
vn 0.0000 1.0000 0.0000
vn 0.0212 0.7071 0.7068
vn 0.0238 0.7071 0.7067
vn 0.0238 0.7071 0.7067
vn 0.0212 0.7071 0.7068
vn 0.0300 0.0000 0.9996
vn 0.0337 0.0000 0.9994
vn 0.0337 0.0000 0.9994
vn 0.0300 0.0000 0.9996
vn 0.0212 -0.7071 0.7068
vn 0.0238 -0.7071 0.7067
vn 0.0238 -0.7071 0.7067
vn 0.0212 -0.7071 0.7068
vn 0.0000 -1.0000 0.0000
vn 0.0000 -1.0000 0.0000
vn 0.0000 -1.0000 0.0000
vn 0.0000 -1.0000 0.0000
vn -0.0212 -0.7071 -0.7068
vn -0.0238 -0.7071 -0.7067
vn -0.0238 -0.7071 -0.7067
vn -0.0212 -0.7071 -0.7068
vn -0.0300 -0.0000 -0.9996
vn -0.0337 -0.0000 -0.9994
vn -0.0337 -0.0000 -0.9994
vn -0.0300 -0.0000 -0.9996
vn -0.0212 0.7071 -0.7068
vn -0.0238 0.7071 -0.7067
vn -0.0238 0.7071 -0.7067
vn -0.0212 0.7071 -0.7068
vn 0.0000 1.0000 0.0000
vn 0.0000 1.0000 0.0000
vn 0.0000 1.0000 0.0000
vn 0.0000 1.0000 0.0000
vn 0.0185 0.7071 0.7069
vn 0.0212 0.7071 0.7068
vn 0.0212 0.7071 0.7068
vn 0.0185 0.7071 0.7069
vn 0.0262 0.0000 0.9997
vn 0.0300 0.0000 0.9996
vn 0.0300 0.0000 0.9996
vn 0.0262 0.0000 0.9997
vn 0.0185 -0.7071 0.7069
vn 0.0212 -0.7071 0.7068
vn 0.0212 -0.7071 0.7068
vn 0.0185 -0.7071 0.7069
vn 0.0000 -1.0000 0.0000
vn 0.0000 -1.0000 0.0000
vn 0.0000 -1.0000 0.0000
vn 0.0000 -1.0000 0.0000
vn -0.0185 -0.7071 -0.7069
vn -0.0212 -0.7071 -0.7068
vn -0.0212 -0.7071 -0.7068
vn -0.0185 -0.7071 -0.7069
vn -0.0262 -0.0000 -0.9997
vn -0.0300 -0.0000 -0.9996
vn -0.0300 -0.0000 -0.9996
vn -0.0262 -0.0000 -0.9997
vn -0.0185 0.7071 -0.7069
vn -0.0212 0.7071 -0.7068
vn -0.0212 0.7071 -0.7068
vn -0.0185 0.7071 -0.7069
vn 0.0000 1.0000 0.0000
vn 0.0000 1.0000 0.0000
vn 0.0000 1.0000 0.0000
vn 0.0000 1.0000 0.0000
vn 0.0159 0.7071 0.7069
vn 0.0185 0.7071 0.7069
vn 0.0185 0.7071 0.7069
vn 0.0159 0.7071 0.7069
vn 0.0225 0.0000 0.9997
vn 0.0262 0.0000 0.9997
vn 0.0262 0.0000 0.9997
vn 0.0225 0.0000 0.9997
vn 0.0159 -0.7071 0.7069
vn 0.0185 -0.7071 0.7069
vn 0.0185 -0.7071 0.7069
vn 0.0159 -0.7071 0.7069
vn 0.0000 -1.0000 0.0000
vn 0.0000 -1.0000 0.0000
vn 0.0000 -1.0000 0.0000
vn 0.0000 -1.0000 0.0000
vn -0.0159 -0.7071 -0.7069
vn -0.0185 -0.7071 -0.7069
vn -0.0185 -0.7071 -0.7069
vn -0.0159 -0.7071 -0.7069
vn -0.0225 -0.0000 -0.9997
vn -0.0262 -0.0000 -0.9997
vn -0.0262 -0.0000 -0.9997
vn -0.0225 -0.0000 -0.9997
vn -0.0159 0.7071 -0.7069
vn -0.0185 0.7071 -0.7069
vn -0.0185 0.7071 -0.7069
vn -0.0159 0.7071 -0.7069
vn 0.0000 1.0000 0.0000
vn 0.0000 1.0000 0.0000
vn 0.0000 1.0000 0.0000
vn 0.0000 1.0000 0.0000
vn 0.0132 0.7071 0.7070
vn 0.0159 0.7071 0.7069
vn 0.0159 0.7071 0.7069
vn 0.0132 0.7071 0.7070
vn 0.0187 0.0000 0.9998
vn 0.0225 0.0000 0.9997
vn 0.0225 0.0000 0.9997
vn 0.0187 0.0000 0.9998
vn 0.0132 -0.7071 0.7070
vn 0.0159 -0.7071 0.7069
vn 0.0159 -0.7071 0.7069
vn 0.0132 -0.7071 0.7070
vn 0.0000 -1.0000 0.0000
vn 0.0000 -1.0000 0.0000
vn 0.0000 -1.0000 0.0000
vn 0.0000 -1.0000 0.0000
vn -0.0132 -0.7071 -0.7070
vn -0.0159 -0.7071 -0.7069
vn -0.0159 -0.7071 -0.7069
vn -0.0132 -0.7071 -0.7070
vn -0.0187 -0.0000 -0.9998
vn -0.0225 -0.0000 -0.9997
vn -0.0225 -0.0000 -0.9997
vn -0.0187 -0.0000 -0.9998
vn -0.0132 0.7071 -0.7070
vn -0.0159 0.7071 -0.7069
vn -0.0159 0.7071 -0.7069
vn -0.0132 0.7071 -0.7070
vn 0.0000 1.0000 0.0000
vn 0.0000 1.0000 0.0000
vn 0.0000 1.0000 0.0000
vn 0.0000 1.0000 0.0000
vn 0.0106 0.7071 0.7070
vn 0.0132 0.7071 0.7070
vn 0.0132 0.7071 0.7070
vn 0.0106 0.7071 0.7070
vn 0.0150 0.0000 0.9999
vn 0.0187 0.0000 0.9998
vn 0.0187 0.0000 0.9998
vn 0.0150 0.0000 0.9999
vn 0.0106 -0.7071 0.7070
vn 0.0132 -0.7071 0.7070
vn 0.0132 -0.7071 0.7070
vn 0.0106 -0.7071 0.7070
vn 0.0000 -1.0000 0.0000
vn 0.0000 -1.0000 0.0000
vn 0.0000 -1.0000 0.0000
vn 0.0000 -1.0000 0.0000
vn -0.0106 -0.7071 -0.7070
vn -0.0132 -0.7071 -0.7070
vn -0.0132 -0.7071 -0.7070
vn -0.0106 -0.7071 -0.7070
vn -0.0150 -0.0000 -0.9999
vn -0.0187 -0.0000 -0.9998
vn -0.0187 -0.0000 -0.9998
vn -0.0150 -0.0000 -0.9999
vn -0.0106 0.7071 -0.7070
vn -0.0132 0.7071 -0.7070
vn -0.0132 0.7071 -0.7070
vn -0.0106 0.7071 -0.7070
vn 0.0000 1.0000 0.0000
vn 0.0000 1.0000 0.0000
vn 0.0000 1.0000 0.0000
vn 0.0000 1.0000 0.0000
vn 0.0079 0.7071 0.7071
vn 0.0106 0.7071 0.7070
vn 0.0106 0.7071 0.7070
vn 0.0079 0.7071 0.7071
vn 0.0112 0.0000 0.9999
vn 0.0150 0.0000 0.9999
vn 0.0150 0.0000 0.9999
vn 0.0112 0.0000 0.9999
vn 0.0079 -0.7071 0.7071
vn 0.0106 -0.7071 0.7070
vn 0.0106 -0.7071 0.7070
vn 0.0079 -0.7071 0.7071
vn 0.0000 -1.0000 0.0000
vn 0.0000 -1.0000 0.0000
vn 0.0000 -1.0000 0.0000
vn 0.0000 -1.0000 0.0000
vn -0.0079 -0.7071 -0.7071
vn -0.0106 -0.7071 -0.7070
vn -0.0106 -0.7071 -0.7070
vn -0.0079 -0.7071 -0.7071
vn -0.0112 -0.0000 -0.9999
vn -0.0150 -0.0000 -0.9999
vn -0.0150 -0.0000 -0.9999
vn -0.0112 -0.0000 -0.9999
vn -0.0079 0.7071 -0.7071
vn -0.0106 0.7071 -0.7070
vn -0.0106 0.7071 -0.7070
vn -0.0079 0.7071 -0.7071
vn 0.0000 1.0000 0.0000
vn 0.0000 1.0000 0.0000
vn 0.0000 1.0000 0.0000
vn 0.0000 1.0000 0.0000
vn 0.0053 0.7071 0.7071
vn 0.0079 0.7071 0.7071
vn 0.0079 0.7071 0.7071
vn 0.0053 0.7071 0.7071
vn 0.0075 0.0000 1.0000
vn 0.0112 0.0000 0.9999
vn 0.0112 0.0000 0.9999
vn 0.0075 0.0000 1.0000
vn 0.0053 -0.7071 0.7071
vn 0.0079 -0.7071 0.7071
vn 0.0079 -0.7071 0.7071
vn 0.0053 -0.7071 0.7071
vn 0.0000 -1.0000 0.0000
vn 0.0000 -1.0000 0.0000
vn 0.0000 -1.0000 0.0000
vn 0.0000 -1.0000 0.0000
vn -0.0053 -0.7071 -0.7071
vn -0.0079 -0.7071 -0.7071
vn -0.0079 -0.7071 -0.7071
vn -0.0053 -0.7071 -0.7071
vn -0.0075 -0.0000 -1.0000
vn -0.0112 -0.0000 -0.9999
vn -0.0112 -0.0000 -0.9999
vn -0.0075 -0.0000 -1.0000
vn -0.0053 0.7071 -0.7071
vn -0.0079 0.7071 -0.7071
vn -0.0079 0.7071 -0.7071
vn -0.0053 0.7071 -0.7071
vn 0.0000 1.0000 0.0000
vn 0.0000 1.0000 0.0000
vn 0.0000 1.0000 0.0000
vn 0.0000 1.0000 0.0000
vn 0.0026 0.7071 0.7071
vn 0.0053 0.7071 0.7071
vn 0.0053 0.7071 0.7071
vn 0.0026 0.7071 0.7071
vn 0.0037 0.0000 1.0000
vn 0.0075 0.0000 1.0000
vn 0.0075 0.0000 1.0000
vn 0.0037 0.0000 1.0000
vn 0.0026 -0.7071 0.7071
vn 0.0053 -0.7071 0.7071
vn 0.0053 -0.7071 0.7071
vn 0.0026 -0.7071 0.7071
vn 0.0000 -1.0000 0.0000
vn 0.0000 -1.0000 0.0000
vn 0.0000 -1.0000 0.0000
vn 0.0000 -1.0000 0.0000
vn -0.0026 -0.7071 -0.7071
vn -0.0053 -0.7071 -0.7071
vn -0.0053 -0.7071 -0.7071
vn -0.0026 -0.7071 -0.7071
vn -0.0037 -0.0000 -1.0000
vn -0.0075 -0.0000 -1.0000
vn -0.0075 -0.0000 -1.0000
vn -0.0037 -0.0000 -1.0000
vn -0.0026 0.7071 -0.7071
vn -0.0053 0.7071 -0.7071
vn -0.0053 0.7071 -0.7071
vn -0.0026 0.7071 -0.7071
vn 0.0000 1.0000 0.0000
vn 0.0000 1.0000 0.0000
vn 0.0000 1.0000 0.0000
vn 0.0000 1.0000 0.0000
vn 0.0000 0.7071 0.7071
vn 0.0026 0.7071 0.7071
vn 0.0026 0.7071 0.7071
vn 0.0000 0.7071 0.7071
vn 0.0000 0.0000 1.0000
vn 0.0037 0.0000 1.0000
vn 0.0037 0.0000 1.0000
vn 0.0000 0.0000 1.0000
vn 0.0000 -0.7071 0.7071
vn 0.0026 -0.7071 0.7071
vn 0.0026 -0.7071 0.7071
vn 0.0000 -0.7071 0.7071
vn 0.0000 -1.0000 0.0000
vn 0.0000 -1.0000 0.0000
vn 0.0000 -1.0000 0.0000
vn 0.0000 -1.0000 0.0000
vn 0.0000 -0.7071 -0.7071
vn -0.0026 -0.7071 -0.7071
vn -0.0026 -0.7071 -0.7071
vn 0.0000 -0.7071 -0.7071
vn 0.0000 -0.0000 -1.0000
vn -0.0037 -0.0000 -1.0000
vn -0.0037 -0.0000 -1.0000
vn 0.0000 -0.0000 -1.0000
vn -0.0000 0.7071 -0.7071
vn -0.0026 0.7071 -0.7071
vn -0.0026 0.7071 -0.7071
vn -0.0000 0.7071 -0.7071
vn 0.0000 1.0000 0.0000
vn 0.0000 1.0000 0.0000
vn 0.0000 1.0000 0.0000
vn -0.0000 1.0000 0.0000
vn -0.0026 0.7071 0.7071
vn 0.0000 0.7071 0.7071
vn 0.0000 0.7071 0.7071
vn -0.0026 0.7071 0.7071
vn -0.0037 0.0000 1.0000
vn 0.0000 0.0000 1.0000
vn 0.0000 0.0000 1.0000
vn -0.0037 0.0000 1.0000
vn -0.0026 -0.7071 0.7071
vn 0.0000 -0.7071 0.7071
vn 0.0000 -0.7071 0.7071
vn -0.0026 -0.7071 0.7071
vn -0.0000 -1.0000 0.0000
vn 0.0000 -1.0000 0.0000
vn 0.0000 -1.0000 0.0000
vn -0.0000 -1.0000 0.0000
vn 0.0026 -0.7071 -0.7071
vn 0.0000 -0.7071 -0.7071
vn 0.0000 -0.7071 -0.7071
vn 0.0026 -0.7071 -0.7071
vn 0.0037 -0.0000 -1.0000
vn 0.0000 -0.0000 -1.0000
vn 0.0000 -0.0000 -1.0000
vn 0.0037 -0.0000 -1.0000
vn 0.0026 0.7071 -0.7071
vn -0.0000 0.7071 -0.7071
vn -0.0000 0.7071 -0.7071
vn 0.0026 0.7071 -0.7071
vn -0.0000 1.0000 0.0000
vn 0.0000 1.0000 0.0000
vn -0.0000 1.0000 0.0000
vn -0.0000 1.0000 0.0000
vn -0.0053 0.7071 0.7071
vn -0.0026 0.7071 0.7071
vn -0.0026 0.7071 0.7071
vn -0.0053 0.7071 0.7071
vn -0.0075 0.0000 1.0000
vn -0.0037 0.0000 1.0000
vn -0.0037 0.0000 1.0000
vn -0.0075 0.0000 1.0000
vn -0.0053 -0.7071 0.7071
vn -0.0026 -0.7071 0.7071
vn -0.0026 -0.7071 0.7071
vn -0.0053 -0.7071 0.7071
vn -0.0000 -1.0000 0.0000
vn -0.0000 -1.0000 0.0000
vn -0.0000 -1.0000 0.0000
vn -0.0000 -1.0000 0.0000
vn 0.0053 -0.7071 -0.7071
vn 0.0026 -0.7071 -0.7071
vn 0.0026 -0.7071 -0.7071
vn 0.0053 -0.7071 -0.7071
vn 0.0075 -0.0000 -1.0000
vn 0.0037 -0.0000 -1.0000
vn 0.0037 -0.0000 -1.0000
vn 0.0075 -0.0000 -1.0000
vn 0.0053 0.7071 -0.7071
vn 0.0026 0.7071 -0.7071
vn 0.0026 0.7071 -0.7071
vn 0.0053 0.7071 -0.7071
vn -0.0000 1.0000 0.0000
vn -0.0000 1.0000 0.0000
vn -0.0000 1.0000 0.0000
vn -0.0000 1.0000 0.0000
vn -0.0079 0.7071 0.7071
vn -0.0053 0.7071 0.7071
vn -0.0053 0.7071 0.7071
vn -0.0079 0.7071 0.7071
vn -0.0112 0.0000 0.9999
vn -0.0075 0.0000 1.0000
vn -0.0075 0.0000 1.0000
vn -0.0112 0.0000 0.9999
vn -0.0079 -0.7071 0.7071
vn -0.0053 -0.7071 0.7071
vn -0.0053 -0.7071 0.7071
vn -0.0079 -0.7071 0.7071
vn -0.0000 -1.0000 0.0000
vn -0.0000 -1.0000 0.0000
vn -0.0000 -1.0000 0.0000
vn -0.0000 -1.0000 0.0000
vn 0.0079 -0.7071 -0.7071
vn 0.0053 -0.7071 -0.7071
vn 0.0053 -0.7071 -0.7071
vn 0.0079 -0.7071 -0.7071
vn 0.0112 -0.0000 -0.9999
vn 0.0075 -0.0000 -1.0000
vn 0.0075 -0.0000 -1.0000
vn 0.0112 -0.0000 -0.9999
vn 0.0079 0.7071 -0.7071
vn 0.0053 0.7071 -0.7071
vn 0.0053 0.7071 -0.7071
vn 0.0079 0.7071 -0.7071
vn -0.0000 1.0000 0.0000
vn -0.0000 1.0000 0.0000
vn -0.0000 1.0000 0.0000
vn -0.0000 1.0000 0.0000
vn -0.0106 0.7071 0.7070
vn -0.0079 0.7071 0.7071
vn -0.0079 0.7071 0.7071
vn -0.0106 0.7071 0.7070
vn -0.0150 0.0000 0.9999
vn -0.0112 0.0000 0.9999
vn -0.0112 0.0000 0.9999
vn -0.0150 0.0000 0.9999
vn -0.0106 -0.7071 0.7070
vn -0.0079 -0.7071 0.7071
vn -0.0079 -0.7071 0.7071
vn -0.0106 -0.7071 0.7070
vn -0.0000 -1.0000 0.0000
vn -0.0000 -1.0000 0.0000
vn -0.0000 -1.0000 0.0000
vn -0.0000 -1.0000 0.0000
vn 0.0106 -0.7071 -0.7070
vn 0.0079 -0.7071 -0.7071
vn 0.0079 -0.7071 -0.7071
vn 0.0106 -0.7071 -0.7070
vn 0.0150 -0.0000 -0.9999
vn 0.0112 -0.0000 -0.9999
vn 0.0112 -0.0000 -0.9999
vn 0.0150 -0.0000 -0.9999
vn 0.0106 0.7071 -0.7070
vn 0.0079 0.7071 -0.7071
vn 0.0079 0.7071 -0.7071
vn 0.0106 0.7071 -0.7070
vn -0.0000 1.0000 0.0000
vn -0.0000 1.0000 0.0000
vn -0.0000 1.0000 0.0000
vn -0.0000 1.0000 0.0000
vn -0.0132 0.7071 0.7070
vn -0.0106 0.7071 0.7070
vn -0.0106 0.7071 0.7070
vn -0.0132 0.7071 0.7070
vn -0.0187 0.0000 0.9998
vn -0.0150 0.0000 0.9999
vn -0.0150 0.0000 0.9999
vn -0.0187 0.0000 0.9998
vn -0.0132 -0.7071 0.7070
vn -0.0106 -0.7071 0.7070
vn -0.0106 -0.7071 0.7070
vn -0.0132 -0.7071 0.7070
vn -0.0000 -1.0000 0.0000
vn -0.0000 -1.0000 0.0000
vn -0.0000 -1.0000 0.0000
vn -0.0000 -1.0000 0.0000
vn 0.0132 -0.7071 -0.7070
vn 0.0106 -0.7071 -0.7070
vn 0.0106 -0.7071 -0.7070
vn 0.0132 -0.7071 -0.7070
vn 0.0187 -0.0000 -0.9998
vn 0.0150 -0.0000 -0.9999
vn 0.0150 -0.0000 -0.9999
vn 0.0187 -0.0000 -0.9998
vn 0.0132 0.7071 -0.7070
vn 0.0106 0.7071 -0.7070
vn 0.0106 0.7071 -0.7070
vn 0.0132 0.7071 -0.7070
vn -0.0000 1.0000 0.0000
vn -0.0000 1.0000 0.0000
vn -0.0000 1.0000 0.0000
vn -0.0000 1.0000 0.0000
vn -0.0159 0.7071 0.7069
vn -0.0132 0.7071 0.7070
vn -0.0132 0.7071 0.7070
vn -0.0159 0.7071 0.7069
vn -0.0225 0.0000 0.9997
vn -0.0187 0.0000 0.9998
vn -0.0187 0.0000 0.9998
vn -0.0225 0.0000 0.9997
vn -0.0159 -0.7071 0.7069
vn -0.0132 -0.7071 0.7070
vn -0.0132 -0.7071 0.7070
vn -0.0159 -0.7071 0.7069
vn -0.0000 -1.0000 0.0000
vn -0.0000 -1.0000 0.0000
vn -0.0000 -1.0000 0.0000
vn -0.0000 -1.0000 0.0000
vn 0.0159 -0.7071 -0.7069
vn 0.0132 -0.7071 -0.7070
vn 0.0132 -0.7071 -0.7070
vn 0.0159 -0.7071 -0.7069
vn 0.0225 -0.0000 -0.9997
vn 0.0187 -0.0000 -0.9998
vn 0.0187 -0.0000 -0.9998
vn 0.0225 -0.0000 -0.9997
vn 0.0159 0.7071 -0.7069
vn 0.0132 0.7071 -0.7070
vn 0.0132 0.7071 -0.7070
vn 0.0159 0.7071 -0.7069
vn -0.0000 1.0000 0.0000
vn -0.0000 1.0000 0.0000
vn -0.0000 1.0000 0.0000
vn -0.0000 1.0000 0.0000
vn -0.0185 0.7071 0.7069
vn -0.0159 0.7071 0.7069
vn -0.0159 0.7071 0.7069
vn -0.0185 0.7071 0.7069
vn -0.0262 0.0000 0.9997
vn -0.0225 0.0000 0.9997
vn -0.0225 0.0000 0.9997
vn -0.0262 0.0000 0.9997
vn -0.0185 -0.7071 0.7069
vn -0.0159 -0.7071 0.7069
vn -0.0159 -0.7071 0.7069
vn -0.0185 -0.7071 0.7069
vn -0.0000 -1.0000 0.0000
vn -0.0000 -1.0000 0.0000
vn -0.0000 -1.0000 0.0000
vn -0.0000 -1.0000 0.0000
vn 0.0185 -0.7071 -0.7069
vn 0.0159 -0.7071 -0.7069
vn 0.0159 -0.7071 -0.7069
vn 0.0185 -0.7071 -0.7069
vn 0.0262 -0.0000 -0.9997
vn 0.0225 -0.0000 -0.9997
vn 0.0225 -0.0000 -0.9997
vn 0.0262 -0.0000 -0.9997
vn 0.0185 0.7071 -0.7069
vn 0.0159 0.7071 -0.7069
vn 0.0159 0.7071 -0.7069
vn 0.0185 0.7071 -0.7069
vn -0.0000 1.0000 0.0000
vn -0.0000 1.0000 0.0000
vn -0.0000 1.0000 0.0000
vn -0.0000 1.0000 0.0000
vn -0.0212 0.7071 0.7068
vn -0.0185 0.7071 0.7069
vn -0.0185 0.7071 0.7069
vn -0.0212 0.7071 0.7068
vn -0.0300 0.0000 0.9996
vn -0.0262 0.0000 0.9997
vn -0.0262 0.0000 0.9997
vn -0.0300 0.0000 0.9996
vn -0.0212 -0.7071 0.7068
vn -0.0185 -0.7071 0.7069
vn -0.0185 -0.7071 0.7069
vn -0.0212 -0.7071 0.7068
vn -0.0000 -1.0000 0.0000
vn -0.0000 -1.0000 0.0000
vn -0.0000 -1.0000 0.0000
vn -0.0000 -1.0000 0.0000
vn 0.0212 -0.7071 -0.7068
vn 0.0185 -0.7071 -0.7069
vn 0.0185 -0.7071 -0.7069
vn 0.0212 -0.7071 -0.7068
vn 0.0300 -0.0000 -0.9996
vn 0.0262 -0.0000 -0.9997
vn 0.0262 -0.0000 -0.9997
vn 0.0300 -0.0000 -0.9996
vn 0.0212 0.7071 -0.7068
vn 0.0185 0.7071 -0.7069
vn 0.0185 0.7071 -0.7069
vn 0.0212 0.7071 -0.7068
vn -0.0000 1.0000 0.0000
vn -0.0000 1.0000 0.0000
vn -0.0000 1.0000 0.0000
vn -0.0000 1.0000 0.0000
vn -0.0238 0.7071 0.7067
vn -0.0212 0.7071 0.7068
vn -0.0212 0.7071 0.7068
vn -0.0238 0.7071 0.7067
vn -0.0337 0.0000 0.9994
vn -0.0300 0.0000 0.9996
vn -0.0300 0.0000 0.9996
vn -0.0337 0.0000 0.9994
vn -0.0238 -0.7071 0.7067
vn -0.0212 -0.7071 0.7068
vn -0.0212 -0.7071 0.7068
vn -0.0238 -0.7071 0.7067
vn -0.0000 -1.0000 0.0000
vn -0.0000 -1.0000 0.0000
vn -0.0000 -1.0000 0.0000
vn -0.0000 -1.0000 0.0000
vn 0.0238 -0.7071 -0.7067
vn 0.0212 -0.7071 -0.7068
vn 0.0212 -0.7071 -0.7068
vn 0.0238 -0.7071 -0.7067
vn 0.0337 -0.0000 -0.9994
vn 0.0300 -0.0000 -0.9996
vn 0.0300 -0.0000 -0.9996
vn 0.0337 -0.0000 -0.9994
vn 0.0238 0.7071 -0.7067
vn 0.0212 0.7071 -0.7068
vn 0.0212 0.7071 -0.7068
vn 0.0238 0.7071 -0.7067
vn -0.0000 1.0000 0.0000
vn -0.0000 1.0000 0.0000
vn -0.0000 1.0000 0.0000
vn -0.0000 1.0000 0.0000
vn -0.0265 0.7071 0.7066
vn -0.0238 0.7071 0.7067
vn -0.0238 0.7071 0.7067
vn -0.0265 0.7071 0.7066
vn -0.0375 0.0000 0.9993
vn -0.0337 0.0000 0.9994
vn -0.0337 0.0000 0.9994
vn -0.0375 0.0000 0.9993
vn -0.0265 -0.7071 0.7066
vn -0.0238 -0.7071 0.7067
vn -0.0238 -0.7071 0.7067
vn -0.0265 -0.7071 0.7066
vn -0.0000 -1.0000 0.0000
vn -0.0000 -1.0000 0.0000
vn -0.0000 -1.0000 0.0000
vn -0.0000 -1.0000 0.0000
vn 0.0265 -0.7071 -0.7066
vn 0.0238 -0.7071 -0.7067
vn 0.0238 -0.7071 -0.7067
vn 0.0265 -0.7071 -0.7066
vn 0.0375 -0.0000 -0.9993
vn 0.0337 -0.0000 -0.9994
vn 0.0337 -0.0000 -0.9994
vn 0.0375 -0.0000 -0.9993
vn 0.0265 0.7071 -0.7066
vn 0.0238 0.7071 -0.7067
vn 0.0238 0.7071 -0.7067
vn 0.0265 0.7071 -0.7066
vn -0.0000 1.0000 0.0000
vn -0.0000 1.0000 0.0000
vn -0.0000 1.0000 0.0000
vn -0.0000 1.0000 0.0000
vn -0.0291 0.7071 0.7065
vn -0.0265 0.7071 0.7066
vn -0.0265 0.7071 0.7066
vn -0.0291 0.7071 0.7065
vn -0.0412 0.0000 0.9992
vn -0.0375 0.0000 0.9993
vn -0.0375 0.0000 0.9993
vn -0.0412 0.0000 0.9992
vn -0.0291 -0.7071 0.7065
vn -0.0265 -0.7071 0.7066
vn -0.0265 -0.7071 0.7066
vn -0.0291 -0.7071 0.7065
vn -0.0000 -1.0000 0.0000
vn -0.0000 -1.0000 0.0000
vn -0.0000 -1.0000 0.0000
vn -0.0000 -1.0000 0.0000
vn 0.0291 -0.7071 -0.7065
vn 0.0265 -0.7071 -0.7066
vn 0.0265 -0.7071 -0.7066
vn 0.0291 -0.7071 -0.7065
vn 0.0412 -0.0000 -0.9992
vn 0.0375 -0.0000 -0.9993
vn 0.0375 -0.0000 -0.9993
vn 0.0412 -0.0000 -0.9992
vn 0.0291 0.7071 -0.7065
vn 0.0265 0.7071 -0.7066
vn 0.0265 0.7071 -0.7066
vn 0.0291 0.7071 -0.7065
vn -0.0000 1.0000 0.0000
vn -0.0000 1.0000 0.0000
vn -0.0000 1.0000 0.0000
vn -0.0000 1.0000 0.0000
vn -0.0318 0.7071 0.7064
vn -0.0291 0.7071 0.7065
vn -0.0291 0.7071 0.7065
vn -0.0318 0.7071 0.7064
vn -0.0449 0.0000 0.9990
vn -0.0412 0.0000 0.9992
vn -0.0412 0.0000 0.9992
vn -0.0449 0.0000 0.9990
vn -0.0318 -0.7071 0.7064
vn -0.0291 -0.7071 0.7065
vn -0.0291 -0.7071 0.7065
vn -0.0318 -0.7071 0.7064
vn -0.0000 -1.0000 0.0000
vn -0.0000 -1.0000 0.0000
vn -0.0000 -1.0000 0.0000
vn -0.0000 -1.0000 0.0000
vn 0.0318 -0.7071 -0.7064
vn 0.0291 -0.7071 -0.7065
vn 0.0291 -0.7071 -0.7065
vn 0.0318 -0.7071 -0.7064
vn 0.0449 -0.0000 -0.9990
vn 0.0412 -0.0000 -0.9992
vn 0.0412 -0.0000 -0.9992
vn 0.0449 -0.0000 -0.9990
vn 0.0318 0.7071 -0.7064
vn 0.0291 0.7071 -0.7065
vn 0.0291 0.7071 -0.7065
vn 0.0318 0.7071 -0.7064
vn -0.0000 1.0000 0.0000
vn -0.0000 1.0000 0.0000
vn -0.0000 1.0000 0.0000
vn -0.0000 1.0000 0.0000
vn -0.0344 0.7071 0.7063
vn -0.0318 0.7071 0.7064
vn -0.0318 0.7071 0.7064
vn -0.0344 0.7071 0.7063
vn -0.0487 0.0000 0.9988
vn -0.0449 0.0000 0.9990
vn -0.0449 0.0000 0.9990
vn -0.0487 0.0000 0.9988
vn -0.0344 -0.7071 0.7063
vn -0.0318 -0.7071 0.7064
vn -0.0318 -0.7071 0.7064
vn -0.0344 -0.7071 0.7063
vn -0.0000 -1.0000 0.0000
vn -0.0000 -1.0000 0.0000
vn -0.0000 -1.0000 0.0000
vn -0.0000 -1.0000 0.0000
vn 0.0344 -0.7071 -0.7063
vn 0.0318 -0.7071 -0.7064
vn 0.0318 -0.7071 -0.7064
vn 0.0344 -0.7071 -0.7063
vn 0.0487 -0.0000 -0.9988
vn 0.0449 -0.0000 -0.9990
vn 0.0449 -0.0000 -0.9990
vn 0.0487 -0.0000 -0.9988
vn 0.0344 0.7071 -0.7063
vn 0.0318 0.7071 -0.7064
vn 0.0318 0.7071 -0.7064
vn 0.0344 0.7071 -0.7063
vn -0.0000 1.0000 0.0000
vn -0.0000 1.0000 0.0000
vn -0.0000 1.0000 0.0000
vn -0.0000 1.0000 0.0000
vn -0.0371 0.7071 0.7061
vn -0.0344 0.7071 0.7063
vn -0.0344 0.7071 0.7063
vn -0.0371 0.7071 0.7061
vn -0.0524 0.0000 0.9986
vn -0.0487 0.0000 0.9988
vn -0.0487 0.0000 0.9988
vn -0.0524 0.0000 0.9986
vn -0.0371 -0.7071 0.7061
vn -0.0344 -0.7071 0.7063
vn -0.0344 -0.7071 0.7063
vn -0.0371 -0.7071 0.7061
vn -0.0000 -1.0000 0.0000
vn -0.0000 -1.0000 0.0000
vn -0.0000 -1.0000 0.0000
vn -0.0000 -1.0000 0.0000
vn 0.0371 -0.7071 -0.7061
vn 0.0344 -0.7071 -0.7063
vn 0.0344 -0.7071 -0.7063
vn 0.0371 -0.7071 -0.7061
vn 0.0524 -0.0000 -0.9986
vn 0.0487 -0.0000 -0.9988
vn 0.0487 -0.0000 -0.9988
vn 0.0524 -0.0000 -0.9986
vn 0.0371 0.7071 -0.7061
vn 0.0344 0.7071 -0.7063
vn 0.0344 0.7071 -0.7063
vn 0.0371 0.7071 -0.7061
vn -0.0000 1.0000 0.0000
vn -0.0000 1.0000 0.0000
vn -0.0000 1.0000 0.0000
vn -0.0000 1.0000 0.0000
vn -0.0397 0.7071 0.7060
vn -0.0371 0.7071 0.7061
vn -0.0371 0.7071 0.7061
vn -0.0397 0.7071 0.7060
vn -0.0562 0.0000 0.9984
vn -0.0524 0.0000 0.9986
vn -0.0524 0.0000 0.9986
vn -0.0562 0.0000 0.9984
vn -0.0397 -0.7071 0.7060
vn -0.0371 -0.7071 0.7061
vn -0.0371 -0.7071 0.7061
vn -0.0397 -0.7071 0.7060
vn -0.0000 -1.0000 0.0000
vn -0.0000 -1.0000 0.0000
vn -0.0000 -1.0000 0.0000
vn -0.0000 -1.0000 0.0000
vn 0.0397 -0.7071 -0.7060
vn 0.0371 -0.7071 -0.7061
vn 0.0371 -0.7071 -0.7061
vn 0.0397 -0.7071 -0.7060
vn 0.0562 -0.0000 -0.9984
vn 0.0524 -0.0000 -0.9986
vn 0.0524 -0.0000 -0.9986
vn 0.0562 -0.0000 -0.9984
vn 0.0397 0.7071 -0.7060
vn 0.0371 0.7071 -0.7061
vn 0.0371 0.7071 -0.7061
vn 0.0397 0.7071 -0.7060
vn -0.0000 1.0000 0.0000
vn -0.0000 1.0000 0.0000
vn -0.0000 1.0000 0.0000
vn -0.0000 1.0000 0.0000
vn -0.0423 0.7071 0.7058
vn -0.0397 0.7071 0.7060
vn -0.0397 0.7071 0.7060
vn -0.0423 0.7071 0.7058
vn -0.0599 0.0000 0.9982
vn -0.0562 0.0000 0.9984
vn -0.0562 0.0000 0.9984
vn -0.0599 0.0000 0.9982
vn -0.0423 -0.7071 0.7058
vn -0.0397 -0.7071 0.7060
vn -0.0397 -0.7071 0.7060
vn -0.0423 -0.7071 0.7058
vn -0.0000 -1.0000 0.0000
vn -0.0000 -1.0000 0.0000
vn -0.0000 -1.0000 0.0000
vn -0.0000 -1.0000 0.0000
vn 0.0423 -0.7071 -0.7058
vn 0.0397 -0.7071 -0.7060
vn 0.0397 -0.7071 -0.7060
vn 0.0423 -0.7071 -0.7058
vn 0.0599 -0.0000 -0.9982
vn 0.0562 -0.0000 -0.9984
vn 0.0562 -0.0000 -0.9984
vn 0.0599 -0.0000 -0.9982
vn 0.0423 0.7071 -0.7058
vn 0.0397 0.7071 -0.7060
vn 0.0397 0.7071 -0.7060
vn 0.0423 0.7071 -0.7058
vn -0.0000 1.0000 0.0000
vn -0.0000 1.0000 0.0000
vn -0.0000 1.0000 0.0000
vn -0.0000 1.0000 0.0000
vn -0.0450 0.7071 0.7057
vn -0.0423 0.7071 0.7058
vn -0.0423 0.7071 0.7058
vn -0.0450 0.7071 0.7057
vn -0.0636 0.0000 0.9980
vn -0.0599 0.0000 0.9982
vn -0.0599 0.0000 0.9982
vn -0.0636 0.0000 0.9980
vn -0.0450 -0.7071 0.7057
vn -0.0423 -0.7071 0.7058
vn -0.0423 -0.7071 0.7058
vn -0.0450 -0.7071 0.7057
vn -0.0000 -1.0000 0.0000
vn -0.0000 -1.0000 0.0000
vn -0.0000 -1.0000 0.0000
vn -0.0000 -1.0000 0.0000
vn 0.0450 -0.7071 -0.7057
vn 0.0423 -0.7071 -0.7058
vn 0.0423 -0.7071 -0.7058
vn 0.0450 -0.7071 -0.7057
vn 0.0636 -0.0000 -0.9980
vn 0.0599 -0.0000 -0.9982
vn 0.0599 -0.0000 -0.9982
vn 0.0636 -0.0000 -0.9980
vn 0.0450 0.7071 -0.7057
vn 0.0423 0.7071 -0.7058
vn 0.0423 0.7071 -0.7058
vn 0.0450 0.7071 -0.7057
vn -0.0000 1.0000 0.0000
vn -0.0000 1.0000 0.0000
vn -0.0000 1.0000 0.0000
vn -0.0000 1.0000 0.0000
vn -0.0476 0.7071 0.7055
vn -0.0450 0.7071 0.7057
vn -0.0450 0.7071 0.7057
vn -0.0476 0.7071 0.7055
vn -0.0674 0.0000 0.9977
vn -0.0636 0.0000 0.9980
vn -0.0636 0.0000 0.9980
vn -0.0674 0.0000 0.9977
vn -0.0476 -0.7071 0.7055
vn -0.0450 -0.7071 0.7057
vn -0.0450 -0.7071 0.7057
vn -0.0476 -0.7071 0.7055
vn -0.0000 -1.0000 0.0000
vn -0.0000 -1.0000 0.0000
vn -0.0000 -1.0000 0.0000
vn -0.0000 -1.0000 0.0000
vn 0.0476 -0.7071 -0.7055
vn 0.0450 -0.7071 -0.7057
vn 0.0450 -0.7071 -0.7057
vn 0.0476 -0.7071 -0.7055
vn 0.0674 -0.0000 -0.9977
vn 0.0636 -0.0000 -0.9980
vn 0.0636 -0.0000 -0.9980
vn 0.0674 -0.0000 -0.9977
vn 0.0476 0.7071 -0.7055
vn 0.0450 0.7071 -0.7057
vn 0.0450 0.7071 -0.7057
vn 0.0476 0.7071 -0.7055
vn -0.0000 1.0000 0.0000
vn -0.0000 1.0000 0.0000
vn -0.0000 1.0000 0.0000
vn -0.0000 1.0000 0.0000
vn -0.0503 0.7071 0.7053
vn -0.0476 0.7071 0.7055
vn -0.0476 0.7071 0.7055
vn -0.0503 0.7071 0.7053
vn -0.0711 0.0000 0.9975
vn -0.0674 0.0000 0.9977
vn -0.0674 0.0000 0.9977
vn -0.0711 0.0000 0.9975
vn -0.0503 -0.7071 0.7053
vn -0.0476 -0.7071 0.7055
vn -0.0476 -0.7071 0.7055
vn -0.0503 -0.7071 0.7053
vn -0.0000 -1.0000 0.0000
vn -0.0000 -1.0000 0.0000
vn -0.0000 -1.0000 0.0000
vn -0.0000 -1.0000 0.0000
vn 0.0503 -0.7071 -0.7053
vn 0.0476 -0.7071 -0.7055
vn 0.0476 -0.7071 -0.7055
vn 0.0503 -0.7071 -0.7053
vn 0.0711 -0.0000 -0.9975
vn 0.0674 -0.0000 -0.9977
vn 0.0674 -0.0000 -0.9977
vn 0.0711 -0.0000 -0.9975
vn 0.0503 0.7071 -0.7053
vn 0.0476 0.7071 -0.7055
vn 0.0476 0.7071 -0.7055
vn 0.0503 0.7071 -0.7053
vn -0.0000 1.0000 0.0000
vn -0.0000 1.0000 0.0000
vn -0.0000 1.0000 0.0000
vn -0.0000 1.0000 0.0000
vn -0.0529 0.7071 0.7051
vn -0.0503 0.7071 0.7053
vn -0.0503 0.7071 0.7053
vn -0.0529 0.7071 0.7051
vn -0.0748 0.0000 0.9972
vn -0.0711 0.0000 0.9975
vn -0.0711 0.0000 0.9975
vn -0.0748 0.0000 0.9972
vn -0.0529 -0.7071 0.7051
vn -0.0503 -0.7071 0.7053
vn -0.0503 -0.7071 0.7053
vn -0.0529 -0.7071 0.7051
vn -0.0000 -1.0000 0.0000
vn -0.0000 -1.0000 0.0000
vn -0.0000 -1.0000 0.0000
vn -0.0000 -1.0000 0.0000
vn 0.0529 -0.7071 -0.7051
vn 0.0503 -0.7071 -0.7053
vn 0.0503 -0.7071 -0.7053
vn 0.0529 -0.7071 -0.7051
vn 0.0748 -0.0000 -0.9972
vn 0.0711 -0.0000 -0.9975
vn 0.0711 -0.0000 -0.9975
vn 0.0748 -0.0000 -0.9972
vn 0.0529 0.7071 -0.7051
vn 0.0503 0.7071 -0.7053
vn 0.0503 0.7071 -0.7053
vn 0.0529 0.7071 -0.7051
vn -0.0000 1.0000 0.0000
vn -0.0000 1.0000 0.0000
vn -0.0000 1.0000 0.0000
vn -0.0000 1.0000 0.0000
vn -0.0555 0.7071 0.7049
vn -0.0529 0.7071 0.7051
vn -0.0529 0.7071 0.7051
vn -0.0555 0.7071 0.7049
vn -0.0785 0.0000 0.9969
vn -0.0748 0.0000 0.9972
vn -0.0748 0.0000 0.9972
vn -0.0785 0.0000 0.9969
vn -0.0555 -0.7071 0.7049
vn -0.0529 -0.7071 0.7051
vn -0.0529 -0.7071 0.7051
vn -0.0555 -0.7071 0.7049
vn -0.0000 -1.0000 0.0000
vn -0.0000 -1.0000 0.0000
vn -0.0000 -1.0000 0.0000
vn -0.0000 -1.0000 0.0000
vn 0.0555 -0.7071 -0.7049
vn 0.0529 -0.7071 -0.7051
vn 0.0529 -0.7071 -0.7051
vn 0.0555 -0.7071 -0.7049
vn 0.0785 -0.0000 -0.9969
vn 0.0748 -0.0000 -0.9972
vn 0.0748 -0.0000 -0.9972
vn 0.0785 -0.0000 -0.9969
vn 0.0555 0.7071 -0.7049
vn 0.0529 0.7071 -0.7051
vn 0.0529 0.7071 -0.7051
vn 0.0555 0.7071 -0.7049
vn -0.0000 1.0000 0.0000
vn -0.0000 1.0000 0.0000
vn -0.0000 1.0000 0.0000
vn -0.0000 1.0000 0.0000
vn -0.0582 0.7071 0.7047
vn -0.0555 0.7071 0.7049
vn -0.0555 0.7071 0.7049
vn -0.0582 0.7071 0.7047
vn -0.0823 0.0000 0.9966
vn -0.0785 0.0000 0.9969
vn -0.0785 0.0000 0.9969
vn -0.0823 0.0000 0.9966
vn -0.0582 -0.7071 0.7047
vn -0.0555 -0.7071 0.7049
vn -0.0555 -0.7071 0.7049
vn -0.0582 -0.7071 0.7047
vn -0.0000 -1.0000 0.0000
vn -0.0000 -1.0000 0.0000
vn -0.0000 -1.0000 0.0000
vn -0.0000 -1.0000 0.0000
vn 0.0582 -0.7071 -0.7047
vn 0.0555 -0.7071 -0.7049
vn 0.0555 -0.7071 -0.7049
vn 0.0582 -0.7071 -0.7047
vn 0.0823 -0.0000 -0.9966
vn 0.0785 -0.0000 -0.9969
vn 0.0785 -0.0000 -0.9969
vn 0.0823 -0.0000 -0.9966
vn 0.0582 0.7071 -0.7047
vn 0.0555 0.7071 -0.7049
vn 0.0555 0.7071 -0.7049
vn 0.0582 0.7071 -0.7047
vn -0.0000 1.0000 0.0000
vn -0.0000 1.0000 0.0000
vn -0.0000 1.0000 0.0000
vn -0.0000 1.0000 0.0000
vn -0.0608 0.7071 0.7045
vn -0.0582 0.7071 0.7047
vn -0.0582 0.7071 0.7047
vn -0.0608 0.7071 0.7045
vn -0.0860 0.0000 0.9963
vn -0.0823 0.0000 0.9966
vn -0.0823 0.0000 0.9966
vn -0.0860 0.0000 0.9963
vn -0.0608 -0.7071 0.7045
vn -0.0582 -0.7071 0.7047
vn -0.0582 -0.7071 0.7047
vn -0.0608 -0.7071 0.7045
vn -0.0000 -1.0000 0.0000
vn -0.0000 -1.0000 0.0000
vn -0.0000 -1.0000 0.0000
vn -0.0000 -1.0000 0.0000
vn 0.0608 -0.7071 -0.7045
vn 0.0582 -0.7071 -0.7047
vn 0.0582 -0.7071 -0.7047
vn 0.0608 -0.7071 -0.7045
vn 0.0860 -0.0000 -0.9963
vn 0.0823 -0.0000 -0.9966
vn 0.0823 -0.0000 -0.9966
vn 0.0860 -0.0000 -0.9963
vn 0.0608 0.7071 -0.7045
vn 0.0582 0.7071 -0.7047
vn 0.0582 0.7071 -0.7047
vn 0.0608 0.7071 -0.7045
vn -0.0000 1.0000 0.0000
vn -0.0000 1.0000 0.0000
vn -0.0000 1.0000 0.0000
vn -0.0000 1.0000 0.0000
vn -0.0621 0.7071 0.7044
vn -0.0608 0.7071 0.7045
vn -0.0608 0.7071 0.7045
vn -0.0621 0.7071 0.7044
vn -0.0878 0.0000 0.9961
vn -0.0860 0.0000 0.9963
vn -0.0860 0.0000 0.9963
vn -0.0878 0.0000 0.9961
vn -0.0621 -0.7071 0.7044
vn -0.0608 -0.7071 0.7045
vn -0.0608 -0.7071 0.7045
vn -0.0621 -0.7071 0.7044
vn -0.0000 -1.0000 0.0000
vn -0.0000 -1.0000 0.0000
vn -0.0000 -1.0000 0.0000
vn -0.0000 -1.0000 0.0000
vn 0.0621 -0.7071 -0.7044
vn 0.0608 -0.7071 -0.7045
vn 0.0608 -0.7071 -0.7045
vn 0.0621 -0.7071 -0.7044
vn 0.0878 -0.0000 -0.9961
vn 0.0860 -0.0000 -0.9963
vn 0.0860 -0.0000 -0.9963
vn 0.0878 -0.0000 -0.9961
vn 0.0621 0.7071 -0.7044
vn 0.0608 0.7071 -0.7045
vn 0.0608 0.7071 -0.7045
vn 0.0621 0.7071 -0.7044
vn -0.0000 1.0000 0.0000
vn -0.0000 1.0000 0.0000
vn -0.9961 -0.0000 0.0878
vn 0.9961 0.0000 0.0878
vn 0.0000 1.0000 0.0000
vn 0.0000 1.0000 0.0000
vn 0.0608 0.7071 0.7045
vn 0.0621 0.7071 0.7044
vn 0.0621 0.7071 0.7044
vn 0.0608 0.7071 0.7045
vn 0.0860 0.0000 0.9963
vn 0.0878 0.0000 0.9961
vn 0.0878 0.0000 0.9961
vn 0.0860 0.0000 0.9963
vn 0.0608 -0.7071 0.7045
vn 0.0621 -0.7071 0.7044
vn 0.0621 -0.7071 0.7044
vn 0.0608 -0.7071 0.7045
vn 0.0000 -1.0000 0.0000
vn 0.0000 -1.0000 0.0000
vn 0.0000 -1.0000 0.0000
vn 0.0000 -1.0000 0.0000
vn -0.0608 -0.7071 -0.7045
vn -0.0621 -0.7071 -0.7044
vn -0.0621 -0.7071 -0.7044
vn -0.0608 -0.7071 -0.7045
vn -0.0860 -0.0000 -0.9963
vn -0.0878 -0.0000 -0.9961
vn -0.0878 -0.0000 -0.9961
vn -0.0860 -0.0000 -0.9963
vn -0.0608 0.7071 -0.7045
vn -0.0621 0.7071 -0.7044
vn -0.0621 0.7071 -0.7044
vn -0.0608 0.7071 -0.7045
vn 0.0000 1.0000 0.0000
vn 0.0000 1.0000 0.0000
vn 0.0000 1.0000 0.0000
vn 0.0000 1.0000 0.0000
vn 0.0582 0.7071 0.7047
vn 0.0608 0.7071 0.7045
vn 0.0608 0.7071 0.7045
vn 0.0582 0.7071 0.7047
vn 0.0823 0.0000 0.9966
vn 0.0860 0.0000 0.9963
vn 0.0860 0.0000 0.9963
vn 0.0823 0.0000 0.9966
vn 0.0582 -0.7071 0.7047
vn 0.0608 -0.7071 0.7045
vn 0.0608 -0.7071 0.7045
vn 0.0582 -0.7071 0.7047
vn 0.0000 -1.0000 0.0000
vn 0.0000 -1.0000 0.0000
vn 0.0000 -1.0000 0.0000
vn 0.0000 -1.0000 0.0000
vn -0.0582 -0.7071 -0.7047
vn -0.0608 -0.7071 -0.7045
vn -0.0608 -0.7071 -0.7045
vn -0.0582 -0.7071 -0.7047
vn -0.0823 -0.0000 -0.9966
vn -0.0860 -0.0000 -0.9963
vn -0.0860 -0.0000 -0.9963
vn -0.0823 -0.0000 -0.9966
vn -0.0582 0.7071 -0.7047
vn -0.0608 0.7071 -0.7045
vn -0.0608 0.7071 -0.7045
vn -0.0582 0.7071 -0.7047
vn 0.0000 1.0000 0.0000
vn 0.0000 1.0000 0.0000
vn 0.0000 1.0000 0.0000
vn 0.0000 1.0000 0.0000
vn 0.0555 0.7071 0.7049
vn 0.0582 0.7071 0.7047
vn 0.0582 0.7071 0.7047
vn 0.0555 0.7071 0.7049
vn 0.0785 0.0000 0.9969
vn 0.0823 0.0000 0.9966
vn 0.0823 0.0000 0.9966
vn 0.0785 0.0000 0.9969
vn 0.0555 -0.7071 0.7049
vn 0.0582 -0.7071 0.7047
vn 0.0582 -0.7071 0.7047
vn 0.0555 -0.7071 0.7049
vn 0.0000 -1.0000 0.0000
vn 0.0000 -1.0000 0.0000
vn 0.0000 -1.0000 0.0000
vn 0.0000 -1.0000 0.0000
vn -0.0555 -0.7071 -0.7049
vn -0.0582 -0.7071 -0.7047
vn -0.0582 -0.7071 -0.7047
vn -0.0555 -0.7071 -0.7049
vn -0.0785 -0.0000 -0.9969
vn -0.0823 -0.0000 -0.9966
vn -0.0823 -0.0000 -0.9966
vn -0.0785 -0.0000 -0.9969
vn -0.0555 0.7071 -0.7049
vn -0.0582 0.7071 -0.7047
vn -0.0582 0.7071 -0.7047
vn -0.0555 0.7071 -0.7049
vn 0.0000 1.0000 0.0000
vn 0.0000 1.0000 0.0000
vn 0.0000 1.0000 0.0000
vn 0.0000 1.0000 0.0000
vn 0.0529 0.7071 0.7051
vn 0.0555 0.7071 0.7049
vn 0.0555 0.7071 0.7049
vn 0.0529 0.7071 0.7051
vn 0.0748 0.0000 0.9972
vn 0.0785 0.0000 0.9969
vn 0.0785 0.0000 0.9969
vn 0.0748 0.0000 0.9972
vn 0.0529 -0.7071 0.7051
vn 0.0555 -0.7071 0.7049
vn 0.0555 -0.7071 0.7049
vn 0.0529 -0.7071 0.7051
vn 0.0000 -1.0000 0.0000
vn 0.0000 -1.0000 0.0000
vn 0.0000 -1.0000 0.0000
vn 0.0000 -1.0000 0.0000
vn -0.0529 -0.7071 -0.7051
vn -0.0555 -0.7071 -0.7049
vn -0.0555 -0.7071 -0.7049
vn -0.0529 -0.7071 -0.7051
vn -0.0748 -0.0000 -0.9972
vn -0.0785 -0.0000 -0.9969
vn -0.0785 -0.0000 -0.9969
vn -0.0748 -0.0000 -0.9972
vn -0.0529 0.7071 -0.7051
vn -0.0555 0.7071 -0.7049
vn -0.0555 0.7071 -0.7049
vn -0.0529 0.7071 -0.7051
vn 0.0000 1.0000 0.0000
vn 0.0000 1.0000 0.0000
vn 0.0000 1.0000 0.0000
vn 0.0000 1.0000 0.0000
vn 0.0503 0.7071 0.7053
vn 0.0529 0.7071 0.7051
vn 0.0529 0.7071 0.7051
vn 0.0503 0.7071 0.7053
vn 0.0711 0.0000 0.9975
vn 0.0748 0.0000 0.9972
vn 0.0748 0.0000 0.9972
vn 0.0711 0.0000 0.9975
vn 0.0503 -0.7071 0.7053
vn 0.0529 -0.7071 0.7051
vn 0.0529 -0.7071 0.7051
vn 0.0503 -0.7071 0.7053
vn 0.0000 -1.0000 0.0000
vn 0.0000 -1.0000 0.0000
vn 0.0000 -1.0000 0.0000
vn 0.0000 -1.0000 0.0000
vn -0.0503 -0.7071 -0.7053
vn -0.0529 -0.7071 -0.7051
vn -0.0529 -0.7071 -0.7051
vn -0.0503 -0.7071 -0.7053
vn -0.0711 -0.0000 -0.9975
vn -0.0748 -0.0000 -0.9972
vn -0.0748 -0.0000 -0.9972
vn -0.0711 -0.0000 -0.9975
vn -0.0503 0.7071 -0.7053
vn -0.0529 0.7071 -0.7051
vn -0.0529 0.7071 -0.7051
vn -0.0503 0.7071 -0.7053
vn 0.0000 1.0000 0.0000
vn 0.0000 1.0000 0.0000
vn 0.0000 1.0000 0.0000
vn 0.0000 1.0000 0.0000
vn 0.0476 0.7071 0.7055
vn 0.0503 0.7071 0.7053
vn 0.0503 0.7071 0.7053
vn 0.0476 0.7071 0.7055
vn 0.0674 0.0000 0.9977
vn 0.0711 0.0000 0.9975
vn 0.0711 0.0000 0.9975
vn 0.0674 0.0000 0.9977
vn 0.0476 -0.7071 0.7055
vn 0.0503 -0.7071 0.7053
vn 0.0503 -0.7071 0.7053
vn 0.0476 -0.7071 0.7055
vn 0.0000 -1.0000 0.0000
vn 0.0000 -1.0000 0.0000
vn 0.0000 -1.0000 0.0000
vn 0.0000 -1.0000 0.0000
vn -0.0476 -0.7071 -0.7055
vn -0.0503 -0.7071 -0.7053
vn -0.0503 -0.7071 -0.7053
vn -0.0476 -0.7071 -0.7055
vn -0.0674 -0.0000 -0.9977
vn -0.0711 -0.0000 -0.9975
vn -0.0711 -0.0000 -0.9975
vn -0.0674 -0.0000 -0.9977
vn -0.0476 0.7071 -0.7055
vn -0.0503 0.7071 -0.7053
vn -0.0503 0.7071 -0.7053
vn -0.0476 0.7071 -0.7055
vn 0.0000 1.0000 0.0000
vn 0.0000 1.0000 0.0000
vn 0.0000 1.0000 0.0000
vn 0.0000 1.0000 0.0000
vn 0.0450 0.7071 0.7057
vn 0.0476 0.7071 0.7055
vn 0.0476 0.7071 0.7055
vn 0.0450 0.7071 0.7057
vn 0.0636 0.0000 0.9980
vn 0.0674 0.0000 0.9977
vn 0.0674 0.0000 0.9977
vn 0.0636 0.0000 0.9980
vn 0.0450 -0.7071 0.7057
vn 0.0476 -0.7071 0.7055
vn 0.0476 -0.7071 0.7055
vn 0.0450 -0.7071 0.7057
vn 0.0000 -1.0000 0.0000
vn 0.0000 -1.0000 0.0000
vn 0.0000 -1.0000 0.0000
vn 0.0000 -1.0000 0.0000
vn -0.0450 -0.7071 -0.7057
vn -0.0476 -0.7071 -0.7055
vn -0.0476 -0.7071 -0.7055
vn -0.0450 -0.7071 -0.7057
vn -0.0636 -0.0000 -0.9980
vn -0.0674 -0.0000 -0.9977
vn -0.0674 -0.0000 -0.9977
vn -0.0636 -0.0000 -0.9980
vn -0.0450 0.7071 -0.7057
vn -0.0476 0.7071 -0.7055
vn -0.0476 0.7071 -0.7055
vn -0.0450 0.7071 -0.7057
vn 0.0000 1.0000 0.0000
vn 0.0000 1.0000 0.0000
vn 0.0000 1.0000 0.0000
vn 0.0000 1.0000 0.0000
vn 0.0423 0.7071 0.7058
vn 0.0450 0.7071 0.7057
vn 0.0450 0.7071 0.7057
vn 0.0423 0.7071 0.7058
vn 0.0599 0.0000 0.9982
vn 0.0636 0.0000 0.9980
vn 0.0636 0.0000 0.9980
vn 0.0599 0.0000 0.9982
vn 0.0423 -0.7071 0.7058
vn 0.0450 -0.7071 0.7057
vn 0.0450 -0.7071 0.7057
vn 0.0423 -0.7071 0.7058
vn 0.0000 -1.0000 0.0000
vn 0.0000 -1.0000 0.0000
vn 0.0000 -1.0000 0.0000
vn 0.0000 -1.0000 0.0000
vn -0.0423 -0.7071 -0.7058
vn -0.0450 -0.7071 -0.7057
vn -0.0450 -0.7071 -0.7057
vn -0.0423 -0.7071 -0.7058
vn -0.0599 -0.0000 -0.9982
vn -0.0636 -0.0000 -0.9980
vn -0.0636 -0.0000 -0.9980
vn -0.0599 -0.0000 -0.9982
vn -0.0423 0.7071 -0.7058
vn -0.0450 0.7071 -0.7057
vn -0.0450 0.7071 -0.7057
vn -0.0423 0.7071 -0.7058
vn 0.0000 1.0000 0.0000
vn 0.0000 1.0000 0.0000
vn 0.0000 1.0000 0.0000
vn 0.0000 1.0000 0.0000
vn 0.0397 0.7071 0.7060
vn 0.0423 0.7071 0.7058
vn 0.0423 0.7071 0.7058
vn 0.0397 0.7071 0.7060
vn 0.0562 0.0000 0.9984
vn 0.0599 0.0000 0.9982
vn 0.0599 0.0000 0.9982
vn 0.0562 0.0000 0.9984
vn 0.0397 -0.7071 0.7060
vn 0.0423 -0.7071 0.7058
vn 0.0423 -0.7071 0.7058
vn 0.0397 -0.7071 0.7060
vn 0.0000 -1.0000 0.0000
vn 0.0000 -1.0000 0.0000
vn 0.0000 -1.0000 0.0000
vn 0.0000 -1.0000 0.0000
vn -0.0397 -0.7071 -0.7060
vn -0.0423 -0.7071 -0.7058
vn -0.0423 -0.7071 -0.7058
vn -0.0397 -0.7071 -0.7060
vn -0.0562 -0.0000 -0.9984
vn -0.0599 -0.0000 -0.9982
vn -0.0599 -0.0000 -0.9982
vn -0.0562 -0.0000 -0.9984
vn -0.0397 0.7071 -0.7060
vn -0.0423 0.7071 -0.7058
vn -0.0423 0.7071 -0.7058
vn -0.0397 0.7071 -0.7060
vn 0.0000 1.0000 0.0000
vn 0.0000 1.0000 0.0000
vn 0.0000 1.0000 0.0000
vn 0.0000 1.0000 0.0000
vn 0.0371 0.7071 0.7061
vn 0.0397 0.7071 0.7060
vn 0.0397 0.7071 0.7060
vn 0.0371 0.7071 0.7061
vn 0.0524 0.0000 0.9986
vn 0.0562 0.0000 0.9984
vn 0.0562 0.0000 0.9984
vn 0.0524 0.0000 0.9986
vn 0.0371 -0.7071 0.7061
vn 0.0397 -0.7071 0.7060
vn 0.0397 -0.7071 0.7060
vn 0.0371 -0.7071 0.7061
vn 0.0000 -1.0000 0.0000
vn 0.0000 -1.0000 0.0000
vn 0.0000 -1.0000 0.0000
vn 0.0000 -1.0000 0.0000
vn -0.0371 -0.7071 -0.7061
vn -0.0397 -0.7071 -0.7060
vn -0.0397 -0.7071 -0.7060
vn -0.0371 -0.7071 -0.7061
vn -0.0524 -0.0000 -0.9986
vn -0.0562 -0.0000 -0.9984
vn -0.0562 -0.0000 -0.9984
vn -0.0524 -0.0000 -0.9986
vn -0.0371 0.7071 -0.7061
vn -0.0397 0.7071 -0.7060
vn -0.0397 0.7071 -0.7060
vn -0.0371 0.7071 -0.7061
vn 0.0000 1.0000 0.0000
vn 0.0000 1.0000 0.0000
vn 0.0000 1.0000 0.0000
vn 0.0000 1.0000 0.0000
vn 0.0344 0.7071 0.7063
vn 0.0371 0.7071 0.7061
vn 0.0371 0.7071 0.7061
vn 0.0344 0.7071 0.7063
vn 0.0487 0.0000 0.9988
vn 0.0524 0.0000 0.9986
vn 0.0524 0.0000 0.9986
vn 0.0487 0.0000 0.9988
vn 0.0344 -0.7071 0.7063
vn 0.0371 -0.7071 0.7061
vn 0.0371 -0.7071 0.7061
vn 0.0344 -0.7071 0.7063
vn 0.0000 -1.0000 0.0000
vn 0.0000 -1.0000 0.0000
vn 0.0000 -1.0000 0.0000
vn 0.0000 -1.0000 0.0000
vn -0.0344 -0.7071 -0.7063
vn -0.0371 -0.7071 -0.7061
vn -0.0371 -0.7071 -0.7061
vn -0.0344 -0.7071 -0.7063
vn -0.0487 -0.0000 -0.9988
vn -0.0524 -0.0000 -0.9986
vn -0.0524 -0.0000 -0.9986
vn -0.0487 -0.0000 -0.9988
vn -0.0344 0.7071 -0.7063
vn -0.0371 0.7071 -0.7061
vn -0.0371 0.7071 -0.7061
vn -0.0344 0.7071 -0.7063
vn 0.0000 1.0000 0.0000
vn 0.0000 1.0000 0.0000
vn 0.0000 1.0000 0.0000
vn 0.0000 1.0000 0.0000
vn 0.0318 0.7071 0.7064
vn 0.0344 0.7071 0.7063
vn 0.0344 0.7071 0.7063
vn 0.0318 0.7071 0.7064
vn 0.0449 0.0000 0.9990
vn 0.0487 0.0000 0.9988
vn 0.0487 0.0000 0.9988
vn 0.0449 0.0000 0.9990
vn 0.0318 -0.7071 0.7064
vn 0.0344 -0.7071 0.7063
vn 0.0344 -0.7071 0.7063
vn 0.0318 -0.7071 0.7064
vn 0.0000 -1.0000 0.0000
vn 0.0000 -1.0000 0.0000
vn 0.0000 -1.0000 0.0000
vn 0.0000 -1.0000 0.0000
vn -0.0318 -0.7071 -0.7064
vn -0.0344 -0.7071 -0.7063
vn -0.0344 -0.7071 -0.7063
vn -0.0318 -0.7071 -0.7064
vn -0.0449 -0.0000 -0.9990
vn -0.0487 -0.0000 -0.9988
vn -0.0487 -0.0000 -0.9988
vn -0.0449 -0.0000 -0.9990
vn -0.0318 0.7071 -0.7064
vn -0.0344 0.7071 -0.7063
vn -0.0344 0.7071 -0.7063
vn -0.0318 0.7071 -0.7064
vn 0.0000 1.0000 0.0000
vn 0.0000 1.0000 0.0000
vn 0.0000 1.0000 0.0000
vn 0.0000 1.0000 0.0000
vn 0.0291 0.7071 0.7065
vn 0.0318 0.7071 0.7064
vn 0.0318 0.7071 0.7064
vn 0.0291 0.7071 0.7065
vn 0.0412 0.0000 0.9992
vn 0.0449 0.0000 0.9990
vn 0.0449 0.0000 0.9990
vn 0.0412 0.0000 0.9992
vn 0.0291 -0.7071 0.7065
vn 0.0318 -0.7071 0.7064
vn 0.0318 -0.7071 0.7064
vn 0.0291 -0.7071 0.7065
vn 0.0000 -1.0000 0.0000
vn 0.0000 -1.0000 0.0000
vn 0.0000 -1.0000 0.0000
vn 0.0000 -1.0000 0.0000
vn -0.0291 -0.7071 -0.7065
vn -0.0318 -0.7071 -0.7064
vn -0.0318 -0.7071 -0.7064
vn -0.0291 -0.7071 -0.7065
vn -0.0412 -0.0000 -0.9992
vn -0.0449 -0.0000 -0.9990
vn -0.0449 -0.0000 -0.9990
vn -0.0412 -0.0000 -0.9992
vn -0.0291 0.7071 -0.7065
vn -0.0318 0.7071 -0.7064
vn -0.0318 0.7071 -0.7064
vn -0.0291 0.7071 -0.7065
vn 0.0000 1.0000 0.0000
vn 0.0000 1.0000 0.0000
vn 0.0000 1.0000 0.0000
vn 0.0000 1.0000 0.0000
vn 0.0265 0.7071 0.7066
vn 0.0291 0.7071 0.7065
vn 0.0291 0.7071 0.7065
vn 0.0265 0.7071 0.7066
vn 0.0375 0.0000 0.9993
vn 0.0412 0.0000 0.9992
vn 0.0412 0.0000 0.9992
vn 0.0375 0.0000 0.9993
vn 0.0265 -0.7071 0.7066
vn 0.0291 -0.7071 0.7065
vn 0.0291 -0.7071 0.7065
vn 0.0265 -0.7071 0.7066
vn 0.0000 -1.0000 0.0000
vn 0.0000 -1.0000 0.0000
vn 0.0000 -1.0000 0.0000
vn 0.0000 -1.0000 0.0000
vn -0.0265 -0.7071 -0.7066
vn -0.0291 -0.7071 -0.7065
vn -0.0291 -0.7071 -0.7065
vn -0.0265 -0.7071 -0.7066
vn -0.0375 -0.0000 -0.9993
vn -0.0412 -0.0000 -0.9992
vn -0.0412 -0.0000 -0.9992
vn -0.0375 -0.0000 -0.9993
vn -0.0265 0.7071 -0.7066
vn -0.0291 0.7071 -0.7065
vn -0.0291 0.7071 -0.7065
vn -0.0265 0.7071 -0.7066
vn 0.0000 1.0000 0.0000
vn 0.0000 1.0000 0.0000
vn 0.0000 1.0000 0.0000
vn 0.0000 1.0000 0.0000
vn 0.0238 0.7071 0.7067
vn 0.0265 0.7071 0.7066
vn 0.0265 0.7071 0.7066
vn 0.0238 0.7071 0.7067
vn 0.0337 0.0000 0.9994
vn 0.0375 0.0000 0.9993
vn 0.0375 0.0000 0.9993
vn 0.0337 0.0000 0.9994
vn 0.0238 -0.7071 0.7067
vn 0.0265 -0.7071 0.7066
vn 0.0265 -0.7071 0.7066
vn 0.0238 -0.7071 0.7067
vn 0.0000 -1.0000 0.0000
vn 0.0000 -1.0000 0.0000
vn 0.0000 -1.0000 0.0000
vn 0.0000 -1.0000 0.0000
vn -0.0238 -0.7071 -0.7067
vn -0.0265 -0.7071 -0.7066
vn -0.0265 -0.7071 -0.7066
vn -0.0238 -0.7071 -0.7067
vn -0.0337 -0.0000 -0.9994
vn -0.0375 -0.0000 -0.9993
vn -0.0375 -0.0000 -0.9993
vn -0.0337 -0.0000 -0.9994
vn -0.0238 0.7071 -0.7067
vn -0.0265 0.7071 -0.7066
vn -0.0265 0.7071 -0.7066
vn -0.0238 0.7071 -0.7067
vn 0.0000 1.0000 0.0000
vn 0.0000 1.0000 0.0000
vn 0.0000 1.0000 0.0000
vn 0.0000 1.0000 0.0000
vn 0.0212 0.7071 0.7068
vn 0.0238 0.7071 0.7067
vn 0.0238 0.7071 0.7067
vn 0.0212 0.7071 0.7068
vn 0.0300 0.0000 0.9996
vn 0.0337 0.0000 0.9994
vn 0.0337 0.0000 0.9994
vn 0.0300 0.0000 0.9996
vn 0.0212 -0.7071 0.7068
vn 0.0238 -0.7071 0.7067
vn 0.0238 -0.7071 0.7067
vn 0.0212 -0.7071 0.7068
vn 0.0000 -1.0000 0.0000
vn 0.0000 -1.0000 0.0000
vn 0.0000 -1.0000 0.0000
vn 0.0000 -1.0000 0.0000
vn -0.0212 -0.7071 -0.7068
vn -0.0238 -0.7071 -0.7067
vn -0.0238 -0.7071 -0.7067
vn -0.0212 -0.7071 -0.7068
vn -0.0300 -0.0000 -0.9996
vn -0.0337 -0.0000 -0.9994
vn -0.0337 -0.0000 -0.9994
vn -0.0300 -0.0000 -0.9996
vn -0.0212 0.7071 -0.7068
vn -0.0238 0.7071 -0.7067
vn -0.0238 0.7071 -0.7067
vn -0.0212 0.7071 -0.7068
vn 0.0000 1.0000 0.0000
vn 0.0000 1.0000 0.0000
vn 0.0000 1.0000 0.0000
vn 0.0000 1.0000 0.0000
vn 0.0185 0.7071 0.7069
vn 0.0212 0.7071 0.7068
vn 0.0212 0.7071 0.7068
vn 0.0185 0.7071 0.7069
vn 0.0262 0.0000 0.9997
vn 0.0300 0.0000 0.9996
vn 0.0300 0.0000 0.9996
vn 0.0262 0.0000 0.9997
vn 0.0185 -0.7071 0.7069
vn 0.0212 -0.7071 0.7068
vn 0.0212 -0.7071 0.7068
vn 0.0185 -0.7071 0.7069
vn 0.0000 -1.0000 0.0000
vn 0.0000 -1.0000 0.0000
vn 0.0000 -1.0000 0.0000
vn 0.0000 -1.0000 0.0000
vn -0.0185 -0.7071 -0.7069
vn -0.0212 -0.7071 -0.7068
vn -0.0212 -0.7071 -0.7068
vn -0.0185 -0.7071 -0.7069
vn -0.0262 -0.0000 -0.9997
vn -0.0300 -0.0000 -0.9996
vn -0.0300 -0.0000 -0.9996
vn -0.0262 -0.0000 -0.9997
vn -0.0185 0.7071 -0.7069
vn -0.0212 0.7071 -0.7068
vn -0.0212 0.7071 -0.7068
vn -0.0185 0.7071 -0.7069
vn 0.0000 1.0000 0.0000
vn 0.0000 1.0000 0.0000
vn 0.0000 1.0000 0.0000
vn 0.0000 1.0000 0.0000
vn 0.0159 0.7071 0.7069
vn 0.0185 0.7071 0.7069
vn 0.0185 0.7071 0.7069
vn 0.0159 0.7071 0.7069
vn 0.0225 0.0000 0.9997
vn 0.0262 0.0000 0.9997
vn 0.0262 0.0000 0.9997
vn 0.0225 0.0000 0.9997
vn 0.0159 -0.7071 0.7069
vn 0.0185 -0.7071 0.7069
vn 0.0185 -0.7071 0.7069
vn 0.0159 -0.7071 0.7069
vn 0.0000 -1.0000 0.0000
vn 0.0000 -1.0000 0.0000
vn 0.0000 -1.0000 0.0000
vn 0.0000 -1.0000 0.0000
vn -0.0159 -0.7071 -0.7069
vn -0.0185 -0.7071 -0.7069
vn -0.0185 -0.7071 -0.7069
vn -0.0159 -0.7071 -0.7069
vn -0.0225 -0.0000 -0.9997
vn -0.0262 -0.0000 -0.9997
vn -0.0262 -0.0000 -0.9997
vn -0.0225 -0.0000 -0.9997
vn -0.0159 0.7071 -0.7069
vn -0.0185 0.7071 -0.7069
vn -0.0185 0.7071 -0.7069
vn -0.0159 0.7071 -0.7069
vn 0.0000 1.0000 0.0000
vn 0.0000 1.0000 0.0000
vn 0.0000 1.0000 0.0000
vn 0.0000 1.0000 0.0000
vn 0.0132 0.7071 0.7070
vn 0.0159 0.7071 0.7069
vn 0.0159 0.7071 0.7069
vn 0.0132 0.7071 0.7070
vn 0.0187 0.0000 0.9998
vn 0.0225 0.0000 0.9997
vn 0.0225 0.0000 0.9997
vn 0.0187 0.0000 0.9998
vn 0.0132 -0.7071 0.7070
vn 0.0159 -0.7071 0.7069
vn 0.0159 -0.7071 0.7069
vn 0.0132 -0.7071 0.7070
vn 0.0000 -1.0000 0.0000
vn 0.0000 -1.0000 0.0000
vn 0.0000 -1.0000 0.0000
vn 0.0000 -1.0000 0.0000
vn -0.0132 -0.7071 -0.7070
vn -0.0159 -0.7071 -0.7069
vn -0.0159 -0.7071 -0.7069
vn -0.0132 -0.7071 -0.7070
vn -0.0187 -0.0000 -0.9998
vn -0.0225 -0.0000 -0.9997
vn -0.0225 -0.0000 -0.9997
vn -0.0187 -0.0000 -0.9998
vn -0.0132 0.7071 -0.7070
vn -0.0159 0.7071 -0.7069
vn -0.0159 0.7071 -0.7069
vn -0.0132 0.7071 -0.7070
vn 0.0000 1.0000 0.0000
vn 0.0000 1.0000 0.0000
vn 0.0000 1.0000 0.0000
vn 0.0000 1.0000 0.0000
vn 0.0106 0.7071 0.7070
vn 0.0132 0.7071 0.7070
vn 0.0132 0.7071 0.7070
vn 0.0106 0.7071 0.7070
vn 0.0150 0.0000 0.9999
vn 0.0187 0.0000 0.9998
vn 0.0187 0.0000 0.9998
vn 0.0150 0.0000 0.9999
vn 0.0106 -0.7071 0.7070
vn 0.0132 -0.7071 0.7070
vn 0.0132 -0.7071 0.7070
vn 0.0106 -0.7071 0.7070
vn 0.0000 -1.0000 0.0000
vn 0.0000 -1.0000 0.0000
vn 0.0000 -1.0000 0.0000
vn 0.0000 -1.0000 0.0000
vn -0.0106 -0.7071 -0.7070
vn -0.0132 -0.7071 -0.7070
vn -0.0132 -0.7071 -0.7070
vn -0.0106 -0.7071 -0.7070
vn -0.0150 -0.0000 -0.9999
vn -0.0187 -0.0000 -0.9998
vn -0.0187 -0.0000 -0.9998
vn -0.0150 -0.0000 -0.9999
vn -0.0106 0.7071 -0.7070
vn -0.0132 0.7071 -0.7070
vn -0.0132 0.7071 -0.7070
vn -0.0106 0.7071 -0.7070
vn 0.0000 1.0000 0.0000
vn 0.0000 1.0000 0.0000
vn 0.0000 1.0000 0.0000
vn 0.0000 1.0000 0.0000
vn 0.0079 0.7071 0.7071
vn 0.0106 0.7071 0.7070
vn 0.0106 0.7071 0.7070
vn 0.0079 0.7071 0.7071
vn 0.0112 0.0000 0.9999
vn 0.0150 0.0000 0.9999
vn 0.0150 0.0000 0.9999
vn 0.0112 0.0000 0.9999
vn 0.0079 -0.7071 0.7071
vn 0.0106 -0.7071 0.7070
vn 0.0106 -0.7071 0.7070
vn 0.0079 -0.7071 0.7071
vn 0.0000 -1.0000 0.0000
vn 0.0000 -1.0000 0.0000
vn 0.0000 -1.0000 0.0000
vn 0.0000 -1.0000 0.0000
vn -0.0079 -0.7071 -0.7071
vn -0.0106 -0.7071 -0.7070
vn -0.0106 -0.7071 -0.7070
vn -0.0079 -0.7071 -0.7071
vn -0.0112 -0.0000 -0.9999
vn -0.0150 -0.0000 -0.9999
vn -0.0150 -0.0000 -0.9999
vn -0.0112 -0.0000 -0.9999
vn -0.0079 0.7071 -0.7071
vn -0.0106 0.7071 -0.7070
vn -0.0106 0.7071 -0.7070
vn -0.0079 0.7071 -0.7071
vn 0.0000 1.0000 0.0000
vn 0.0000 1.0000 0.0000
vn 0.0000 1.0000 0.0000
vn 0.0000 1.0000 0.0000
vn 0.0053 0.7071 0.7071
vn 0.0079 0.7071 0.7071
vn 0.0079 0.7071 0.7071
vn 0.0053 0.7071 0.7071
vn 0.0075 0.0000 1.0000
vn 0.0112 0.0000 0.9999
vn 0.0112 0.0000 0.9999
vn 0.0075 0.0000 1.0000
vn 0.0053 -0.7071 0.7071
vn 0.0079 -0.7071 0.7071
vn 0.0079 -0.7071 0.7071
vn 0.0053 -0.7071 0.7071
vn 0.0000 -1.0000 0.0000
vn 0.0000 -1.0000 0.0000
vn 0.0000 -1.0000 0.0000
vn 0.0000 -1.0000 0.0000
vn -0.0053 -0.7071 -0.7071
vn -0.0079 -0.7071 -0.7071
vn -0.0079 -0.7071 -0.7071
vn -0.0053 -0.7071 -0.7071
vn -0.0075 -0.0000 -1.0000
vn -0.0112 -0.0000 -0.9999
vn -0.0112 -0.0000 -0.9999
vn -0.0075 -0.0000 -1.0000
vn -0.0053 0.7071 -0.7071
vn -0.0079 0.7071 -0.7071
vn -0.0079 0.7071 -0.7071
vn -0.0053 0.7071 -0.7071
vn 0.0000 1.0000 0.0000
vn 0.0000 1.0000 0.0000
vn 0.0000 1.0000 0.0000
vn 0.0000 1.0000 0.0000
vn 0.0026 0.7071 0.7071
vn 0.0053 0.7071 0.7071
vn 0.0053 0.7071 0.7071
vn 0.0026 0.7071 0.7071
vn 0.0037 0.0000 1.0000
vn 0.0075 0.0000 1.0000
vn 0.0075 0.0000 1.0000
vn 0.0037 0.0000 1.0000
vn 0.0026 -0.7071 0.7071
vn 0.0053 -0.7071 0.7071
vn 0.0053 -0.7071 0.7071
vn 0.0026 -0.7071 0.7071
vn 0.0000 -1.0000 0.0000
vn 0.0000 -1.0000 0.0000
vn 0.0000 -1.0000 0.0000
vn 0.0000 -1.0000 0.0000
vn -0.0026 -0.7071 -0.7071
vn -0.0053 -0.7071 -0.7071
vn -0.0053 -0.7071 -0.7071
vn -0.0026 -0.7071 -0.7071
vn -0.0037 -0.0000 -1.0000
vn -0.0075 -0.0000 -1.0000
vn -0.0075 -0.0000 -1.0000
vn -0.0037 -0.0000 -1.0000
vn -0.0026 0.7071 -0.7071
vn -0.0053 0.7071 -0.7071
vn -0.0053 0.7071 -0.7071
vn -0.0026 0.7071 -0.7071
vn 0.0000 1.0000 0.0000
vn 0.0000 1.0000 0.0000
vn 0.0000 1.0000 0.0000
vn 0.0000 1.0000 0.0000
vn 0.0000 0.7071 0.7071
vn 0.0026 0.7071 0.7071
vn 0.0026 0.7071 0.7071
vn 0.0000 0.7071 0.7071
vn 0.0000 0.0000 1.0000
vn 0.0037 0.0000 1.0000
vn 0.0037 0.0000 1.0000
vn 0.0000 0.0000 1.0000
vn 0.0000 -0.7071 0.7071
vn 0.0026 -0.7071 0.7071
vn 0.0026 -0.7071 0.7071
vn 0.0000 -0.7071 0.7071
vn 0.0000 -1.0000 0.0000
vn 0.0000 -1.0000 0.0000
vn 0.0000 -1.0000 0.0000
vn 0.0000 -1.0000 0.0000
vn 0.0000 -0.7071 -0.7071
vn -0.0026 -0.7071 -0.7071
vn -0.0026 -0.7071 -0.7071
vn 0.0000 -0.7071 -0.7071
vn 0.0000 -0.0000 -1.0000
vn -0.0037 -0.0000 -1.0000
vn -0.0037 -0.0000 -1.0000
vn 0.0000 -0.0000 -1.0000
vn -0.0000 0.7071 -0.7071
vn -0.0026 0.7071 -0.7071
vn -0.0026 0.7071 -0.7071
vn -0.0000 0.7071 -0.7071
vn 0.0000 1.0000 0.0000
vn 0.0000 1.0000 0.0000
vn 0.0000 1.0000 0.0000
vn -0.0000 1.0000 0.0000
vn -0.0026 0.7071 0.7071
vn 0.0000 0.7071 0.7071
vn 0.0000 0.7071 0.7071
vn -0.0026 0.7071 0.7071
vn -0.0037 0.0000 1.0000
vn 0.0000 0.0000 1.0000
vn 0.0000 0.0000 1.0000
vn -0.0037 0.0000 1.0000
vn -0.0026 -0.7071 0.7071
vn 0.0000 -0.7071 0.7071
vn 0.0000 -0.7071 0.7071
vn -0.0026 -0.7071 0.7071
vn -0.0000 -1.0000 0.0000
vn 0.0000 -1.0000 0.0000
vn 0.0000 -1.0000 0.0000
vn -0.0000 -1.0000 0.0000
vn 0.0026 -0.7071 -0.7071
vn 0.0000 -0.7071 -0.7071
vn 0.0000 -0.7071 -0.7071
vn 0.0026 -0.7071 -0.7071
vn 0.0037 -0.0000 -1.0000
vn 0.0000 -0.0000 -1.0000
vn 0.0000 -0.0000 -1.0000
vn 0.0037 -0.0000 -1.0000
vn 0.0026 0.7071 -0.7071
vn -0.0000 0.7071 -0.7071
vn -0.0000 0.7071 -0.7071
vn 0.0026 0.7071 -0.7071
vn -0.0000 1.0000 0.0000
vn 0.0000 1.0000 0.0000
vn -0.0000 1.0000 0.0000
vn -0.0000 1.0000 0.0000
vn -0.0053 0.7071 0.7071
vn -0.0026 0.7071 0.7071
vn -0.0026 0.7071 0.7071
vn -0.0053 0.7071 0.7071
vn -0.0075 0.0000 1.0000
vn -0.0037 0.0000 1.0000
vn -0.0037 0.0000 1.0000
vn -0.0075 0.0000 1.0000
vn -0.0053 -0.7071 0.7071
vn -0.0026 -0.7071 0.7071
vn -0.0026 -0.7071 0.7071
vn -0.0053 -0.7071 0.7071
vn -0.0000 -1.0000 0.0000
vn -0.0000 -1.0000 0.0000
vn -0.0000 -1.0000 0.0000
vn -0.0000 -1.0000 0.0000
vn 0.0053 -0.7071 -0.7071
vn 0.0026 -0.7071 -0.7071
vn 0.0026 -0.7071 -0.7071
vn 0.0053 -0.7071 -0.7071
vn 0.0075 -0.0000 -1.0000
vn 0.0037 -0.0000 -1.0000
vn 0.0037 -0.0000 -1.0000
vn 0.0075 -0.0000 -1.0000
vn 0.0053 0.7071 -0.7071
vn 0.0026 0.7071 -0.7071
vn 0.0026 0.7071 -0.7071
vn 0.0053 0.7071 -0.7071
vn -0.0000 1.0000 0.0000
vn -0.0000 1.0000 0.0000
vn -0.0000 1.0000 0.0000
vn -0.0000 1.0000 0.0000
vn -0.0079 0.7071 0.7071
vn -0.0053 0.7071 0.7071
vn -0.0053 0.7071 0.7071
vn -0.0079 0.7071 0.7071
vn -0.0112 0.0000 0.9999
vn -0.0075 0.0000 1.0000
vn -0.0075 0.0000 1.0000
vn -0.0112 0.0000 0.9999
vn -0.0079 -0.7071 0.7071
vn -0.0053 -0.7071 0.7071
vn -0.0053 -0.7071 0.7071
vn -0.0079 -0.7071 0.7071
vn -0.0000 -1.0000 0.0000
vn -0.0000 -1.0000 0.0000
vn -0.0000 -1.0000 0.0000
vn -0.0000 -1.0000 0.0000
vn 0.0079 -0.7071 -0.7071
vn 0.0053 -0.7071 -0.7071
vn 0.0053 -0.7071 -0.7071
vn 0.0079 -0.7071 -0.7071
vn 0.0112 -0.0000 -0.9999
vn 0.0075 -0.0000 -1.0000
vn 0.0075 -0.0000 -1.0000
vn 0.0112 -0.0000 -0.9999
vn 0.0079 0.7071 -0.7071
vn 0.0053 0.7071 -0.7071
vn 0.0053 0.7071 -0.7071
vn 0.0079 0.7071 -0.7071
vn -0.0000 1.0000 0.0000
vn -0.0000 1.0000 0.0000
vn -0.0000 1.0000 0.0000
vn -0.0000 1.0000 0.0000
vn -0.0106 0.7071 0.7070
vn -0.0079 0.7071 0.7071
vn -0.0079 0.7071 0.7071
vn -0.0106 0.7071 0.7070
vn -0.0150 0.0000 0.9999
vn -0.0112 0.0000 0.9999
vn -0.0112 0.0000 0.9999
vn -0.0150 0.0000 0.9999
vn -0.0106 -0.7071 0.7070
vn -0.0079 -0.7071 0.7071
vn -0.0079 -0.7071 0.7071
vn -0.0106 -0.7071 0.7070
vn -0.0000 -1.0000 0.0000
vn -0.0000 -1.0000 0.0000
vn -0.0000 -1.0000 0.0000
vn -0.0000 -1.0000 0.0000
vn 0.0106 -0.7071 -0.7070
vn 0.0079 -0.7071 -0.7071
vn 0.0079 -0.7071 -0.7071
vn 0.0106 -0.7071 -0.7070
vn 0.0150 -0.0000 -0.9999
vn 0.0112 -0.0000 -0.9999
vn 0.0112 -0.0000 -0.9999
vn 0.0150 -0.0000 -0.9999
vn 0.0106 0.7071 -0.7070
vn 0.0079 0.7071 -0.7071
vn 0.0079 0.7071 -0.7071
vn 0.0106 0.7071 -0.7070
vn -0.0000 1.0000 0.0000
vn -0.0000 1.0000 0.0000
vn -0.0000 1.0000 0.0000
vn -0.0000 1.0000 0.0000
vn -0.0132 0.7071 0.7070
vn -0.0106 0.7071 0.7070
vn -0.0106 0.7071 0.7070
vn -0.0132 0.7071 0.7070
vn -0.0187 0.0000 0.9998
vn -0.0150 0.0000 0.9999
vn -0.0150 0.0000 0.9999
vn -0.0187 0.0000 0.9998
vn -0.0132 -0.7071 0.7070
vn -0.0106 -0.7071 0.7070
vn -0.0106 -0.7071 0.7070
vn -0.0132 -0.7071 0.7070
vn -0.0000 -1.0000 0.0000
vn -0.0000 -1.0000 0.0000
vn -0.0000 -1.0000 0.0000
vn -0.0000 -1.0000 0.0000
vn 0.0132 -0.7071 -0.7070
vn 0.0106 -0.7071 -0.7070
vn 0.0106 -0.7071 -0.7070
vn 0.0132 -0.7071 -0.7070
vn 0.0187 -0.0000 -0.9998
vn 0.0150 -0.0000 -0.9999
vn 0.0150 -0.0000 -0.9999
vn 0.0187 -0.0000 -0.9998
vn 0.0132 0.7071 -0.7070
vn 0.0106 0.7071 -0.7070
vn 0.0106 0.7071 -0.7070
vn 0.0132 0.7071 -0.7070
vn -0.0000 1.0000 0.0000
vn -0.0000 1.0000 0.0000
vn -0.0000 1.0000 0.0000
vn -0.0000 1.0000 0.0000
vn -0.0159 0.7071 0.7069
vn -0.0132 0.7071 0.7070
vn -0.0132 0.7071 0.7070
vn -0.0159 0.7071 0.7069
vn -0.0225 0.0000 0.9997
vn -0.0187 0.0000 0.9998
vn -0.0187 0.0000 0.9998
vn -0.0225 0.0000 0.9997
vn -0.0159 -0.7071 0.7069
vn -0.0132 -0.7071 0.7070
vn -0.0132 -0.7071 0.7070
vn -0.0159 -0.7071 0.7069
vn -0.0000 -1.0000 0.0000
vn -0.0000 -1.0000 0.0000
vn -0.0000 -1.0000 0.0000
vn -0.0000 -1.0000 0.0000
vn 0.0159 -0.7071 -0.7069
vn 0.0132 -0.7071 -0.7070
vn 0.0132 -0.7071 -0.7070
vn 0.0159 -0.7071 -0.7069
vn 0.0225 -0.0000 -0.9997
vn 0.0187 -0.0000 -0.9998
vn 0.0187 -0.0000 -0.9998
vn 0.0225 -0.0000 -0.9997
vn 0.0159 0.7071 -0.7069
vn 0.0132 0.7071 -0.7070
vn 0.0132 0.7071 -0.7070
vn 0.0159 0.7071 -0.7069
vn -0.0000 1.0000 0.0000
vn -0.0000 1.0000 0.0000
vn -0.0000 1.0000 0.0000
vn -0.0000 1.0000 0.0000
vn -0.0185 0.7071 0.7069
vn -0.0159 0.7071 0.7069
vn -0.0159 0.7071 0.7069
vn -0.0185 0.7071 0.7069
vn -0.0262 0.0000 0.9997
vn -0.0225 0.0000 0.9997
vn -0.0225 0.0000 0.9997
vn -0.0262 0.0000 0.9997
vn -0.0185 -0.7071 0.7069
vn -0.0159 -0.7071 0.7069
vn -0.0159 -0.7071 0.7069
vn -0.0185 -0.7071 0.7069
vn -0.0000 -1.0000 0.0000
vn -0.0000 -1.0000 0.0000
vn -0.0000 -1.0000 0.0000
vn -0.0000 -1.0000 0.0000
vn 0.0185 -0.7071 -0.7069
vn 0.0159 -0.7071 -0.7069
vn 0.0159 -0.7071 -0.7069
vn 0.0185 -0.7071 -0.7069
vn 0.0262 -0.0000 -0.9997
vn 0.0225 -0.0000 -0.9997
vn 0.0225 -0.0000 -0.9997
vn 0.0262 -0.0000 -0.9997
vn 0.0185 0.7071 -0.7069
vn 0.0159 0.7071 -0.7069
vn 0.0159 0.7071 -0.7069
vn 0.0185 0.7071 -0.7069
vn -0.0000 1.0000 0.0000
vn -0.0000 1.0000 0.0000
vn -0.0000 1.0000 0.0000
vn -0.0000 1.0000 0.0000
vn -0.0212 0.7071 0.7068
vn -0.0185 0.7071 0.7069
vn -0.0185 0.7071 0.7069
vn -0.0212 0.7071 0.7068
vn -0.0300 0.0000 0.9996
vn -0.0262 0.0000 0.9997
vn -0.0262 0.0000 0.9997
vn -0.0300 0.0000 0.9996
vn -0.0212 -0.7071 0.7068
vn -0.0185 -0.7071 0.7069
vn -0.0185 -0.7071 0.7069
vn -0.0212 -0.7071 0.7068
vn -0.0000 -1.0000 0.0000
vn -0.0000 -1.0000 0.0000
vn -0.0000 -1.0000 0.0000
vn -0.0000 -1.0000 0.0000
vn 0.0212 -0.7071 -0.7068
vn 0.0185 -0.7071 -0.7069
vn 0.0185 -0.7071 -0.7069
vn 0.0212 -0.7071 -0.7068
vn 0.0300 -0.0000 -0.9996
vn 0.0262 -0.0000 -0.9997
vn 0.0262 -0.0000 -0.9997
vn 0.0300 -0.0000 -0.9996
vn 0.0212 0.7071 -0.7068
vn 0.0185 0.7071 -0.7069
vn 0.0185 0.7071 -0.7069
vn 0.0212 0.7071 -0.7068
vn -0.0000 1.0000 0.0000
vn -0.0000 1.0000 0.0000
vn -0.0000 1.0000 0.0000
vn -0.0000 1.0000 0.0000
vn -0.0238 0.7071 0.7067
vn -0.0212 0.7071 0.7068
vn -0.0212 0.7071 0.7068
vn -0.0238 0.7071 0.7067
vn -0.0337 0.0000 0.9994
vn -0.0300 0.0000 0.9996
vn -0.0300 0.0000 0.9996
vn -0.0337 0.0000 0.9994
vn -0.0238 -0.7071 0.7067
vn -0.0212 -0.7071 0.7068
vn -0.0212 -0.7071 0.7068
vn -0.0238 -0.7071 0.7067
vn -0.0000 -1.0000 0.0000
vn -0.0000 -1.0000 0.0000
vn -0.0000 -1.0000 0.0000
vn -0.0000 -1.0000 0.0000
vn 0.0238 -0.7071 -0.7067
vn 0.0212 -0.7071 -0.7068
vn 0.0212 -0.7071 -0.7068
vn 0.0238 -0.7071 -0.7067
vn 0.0337 -0.0000 -0.9994
vn 0.0300 -0.0000 -0.9996
vn 0.0300 -0.0000 -0.9996
vn 0.0337 -0.0000 -0.9994
vn 0.0238 0.7071 -0.7067
vn 0.0212 0.7071 -0.7068
vn 0.0212 0.7071 -0.7068
vn 0.0238 0.7071 -0.7067
vn -0.0000 1.0000 0.0000
vn -0.0000 1.0000 0.0000
vn -0.0000 1.0000 0.0000
vn -0.0000 1.0000 0.0000
vn -0.0265 0.7071 0.7066
vn -0.0238 0.7071 0.7067
vn -0.0238 0.7071 0.7067
vn -0.0265 0.7071 0.7066
vn -0.0375 0.0000 0.9993
vn -0.0337 0.0000 0.9994
vn -0.0337 0.0000 0.9994
vn -0.0375 0.0000 0.9993
vn -0.0265 -0.7071 0.7066
vn -0.0238 -0.7071 0.7067
vn -0.0238 -0.7071 0.7067
vn -0.0265 -0.7071 0.7066
vn -0.0000 -1.0000 0.0000
vn -0.0000 -1.0000 0.0000
vn -0.0000 -1.0000 0.0000
vn -0.0000 -1.0000 0.0000
vn 0.0265 -0.7071 -0.7066
vn 0.0238 -0.7071 -0.7067
vn 0.0238 -0.7071 -0.7067
vn 0.0265 -0.7071 -0.7066
vn 0.0375 -0.0000 -0.9993
vn 0.0337 -0.0000 -0.9994
vn 0.0337 -0.0000 -0.9994
vn 0.0375 -0.0000 -0.9993
vn 0.0265 0.7071 -0.7066
vn 0.0238 0.7071 -0.7067
vn 0.0238 0.7071 -0.7067
vn 0.0265 0.7071 -0.7066
vn -0.0000 1.0000 0.0000
vn -0.0000 1.0000 0.0000
vn -0.0000 1.0000 0.0000
vn -0.0000 1.0000 0.0000
vn -0.0291 0.7071 0.7065
vn -0.0265 0.7071 0.7066
vn -0.0265 0.7071 0.7066
vn -0.0291 0.7071 0.7065
vn -0.0412 0.0000 0.9992
vn -0.0375 0.0000 0.9993
vn -0.0375 0.0000 0.9993
vn -0.0412 0.0000 0.9992
vn -0.0291 -0.7071 0.7065
vn -0.0265 -0.7071 0.7066
vn -0.0265 -0.7071 0.7066
vn -0.0291 -0.7071 0.7065
vn -0.0000 -1.0000 0.0000
vn -0.0000 -1.0000 0.0000
vn -0.0000 -1.0000 0.0000
vn -0.0000 -1.0000 0.0000
vn 0.0291 -0.7071 -0.7065
vn 0.0265 -0.7071 -0.7066
vn 0.0265 -0.7071 -0.7066
vn 0.0291 -0.7071 -0.7065
vn 0.0412 -0.0000 -0.9992
vn 0.0375 -0.0000 -0.9993
vn 0.0375 -0.0000 -0.9993
vn 0.0412 -0.0000 -0.9992
vn 0.0291 0.7071 -0.7065
vn 0.0265 0.7071 -0.7066
vn 0.0265 0.7071 -0.7066
vn 0.0291 0.7071 -0.7065
vn -0.0000 1.0000 0.0000
vn -0.0000 1.0000 0.0000
vn -0.0000 1.0000 0.0000
vn -0.0000 1.0000 0.0000
vn -0.0318 0.7071 0.7064
vn -0.0291 0.7071 0.7065
vn -0.0291 0.7071 0.7065
vn -0.0318 0.7071 0.7064
vn -0.0449 0.0000 0.9990
vn -0.0412 0.0000 0.9992
vn -0.0412 0.0000 0.9992
vn -0.0449 0.0000 0.9990
vn -0.0318 -0.7071 0.7064
vn -0.0291 -0.7071 0.7065
vn -0.0291 -0.7071 0.7065
vn -0.0318 -0.7071 0.7064
vn -0.0000 -1.0000 0.0000
vn -0.0000 -1.0000 0.0000
vn -0.0000 -1.0000 0.0000
vn -0.0000 -1.0000 0.0000
vn 0.0318 -0.7071 -0.7064
vn 0.0291 -0.7071 -0.7065
vn 0.0291 -0.7071 -0.7065
vn 0.0318 -0.7071 -0.7064
vn 0.0449 -0.0000 -0.9990
vn 0.0412 -0.0000 -0.9992
vn 0.0412 -0.0000 -0.9992
vn 0.0449 -0.0000 -0.9990
vn 0.0318 0.7071 -0.7064
vn 0.0291 0.7071 -0.7065
vn 0.0291 0.7071 -0.7065
vn 0.0318 0.7071 -0.7064
vn -0.0000 1.0000 0.0000
vn -0.0000 1.0000 0.0000
vn -0.0000 1.0000 0.0000
vn -0.0000 1.0000 0.0000
vn -0.0344 0.7071 0.7063
vn -0.0318 0.7071 0.7064
vn -0.0318 0.7071 0.7064
vn -0.0344 0.7071 0.7063
vn -0.0487 0.0000 0.9988
vn -0.0449 0.0000 0.9990
vn -0.0449 0.0000 0.9990
vn -0.0487 0.0000 0.9988
vn -0.0344 -0.7071 0.7063
vn -0.0318 -0.7071 0.7064
vn -0.0318 -0.7071 0.7064
vn -0.0344 -0.7071 0.7063
vn -0.0000 -1.0000 0.0000
vn -0.0000 -1.0000 0.0000
vn -0.0000 -1.0000 0.0000
vn -0.0000 -1.0000 0.0000
vn 0.0344 -0.7071 -0.7063
vn 0.0318 -0.7071 -0.7064
vn 0.0318 -0.7071 -0.7064
vn 0.0344 -0.7071 -0.7063
vn 0.0487 -0.0000 -0.9988
vn 0.0449 -0.0000 -0.9990
vn 0.0449 -0.0000 -0.9990
vn 0.0487 -0.0000 -0.9988
vn 0.0344 0.7071 -0.7063
vn 0.0318 0.7071 -0.7064
vn 0.0318 0.7071 -0.7064
vn 0.0344 0.7071 -0.7063
vn -0.0000 1.0000 0.0000
vn -0.0000 1.0000 0.0000
vn -0.0000 1.0000 0.0000
vn -0.0000 1.0000 0.0000
vn -0.0371 0.7071 0.7061
vn -0.0344 0.7071 0.7063
vn -0.0344 0.7071 0.7063
vn -0.0371 0.7071 0.7061
vn -0.0524 0.0000 0.9986
vn -0.0487 0.0000 0.9988
vn -0.0487 0.0000 0.9988
vn -0.0524 0.0000 0.9986
vn -0.0371 -0.7071 0.7061
vn -0.0344 -0.7071 0.7063
vn -0.0344 -0.7071 0.7063
vn -0.0371 -0.7071 0.7061
vn -0.0000 -1.0000 0.0000
vn -0.0000 -1.0000 0.0000
vn -0.0000 -1.0000 0.0000
vn -0.0000 -1.0000 0.0000
vn 0.0371 -0.7071 -0.7061
vn 0.0344 -0.7071 -0.7063
vn 0.0344 -0.7071 -0.7063
vn 0.0371 -0.7071 -0.7061
vn 0.0524 -0.0000 -0.9986
vn 0.0487 -0.0000 -0.9988
vn 0.0487 -0.0000 -0.9988
vn 0.0524 -0.0000 -0.9986
vn 0.0371 0.7071 -0.7061
vn 0.0344 0.7071 -0.7063
vn 0.0344 0.7071 -0.7063
vn 0.0371 0.7071 -0.7061
vn -0.0000 1.0000 0.0000
vn -0.0000 1.0000 0.0000
vn -0.0000 1.0000 0.0000
vn -0.0000 1.0000 0.0000
vn -0.0397 0.7071 0.7060
vn -0.0371 0.7071 0.7061
vn -0.0371 0.7071 0.7061
vn -0.0397 0.7071 0.7060
vn -0.0562 0.0000 0.9984
vn -0.0524 0.0000 0.9986
vn -0.0524 0.0000 0.9986
vn -0.0562 0.0000 0.9984
vn -0.0397 -0.7071 0.7060
vn -0.0371 -0.7071 0.7061
vn -0.0371 -0.7071 0.7061
vn -0.0397 -0.7071 0.7060
vn -0.0000 -1.0000 0.0000
vn -0.0000 -1.0000 0.0000
vn -0.0000 -1.0000 0.0000
vn -0.0000 -1.0000 0.0000
vn 0.0397 -0.7071 -0.7060
vn 0.0371 -0.7071 -0.7061
vn 0.0371 -0.7071 -0.7061
vn 0.0397 -0.7071 -0.7060
vn 0.0562 -0.0000 -0.9984
vn 0.0524 -0.0000 -0.9986
vn 0.0524 -0.0000 -0.9986
vn 0.0562 -0.0000 -0.9984
vn 0.0397 0.7071 -0.7060
vn 0.0371 0.7071 -0.7061
vn 0.0371 0.7071 -0.7061
vn 0.0397 0.7071 -0.7060
vn -0.0000 1.0000 0.0000
vn -0.0000 1.0000 0.0000
vn -0.0000 1.0000 0.0000
vn -0.0000 1.0000 0.0000
vn -0.0423 0.7071 0.7058
vn -0.0397 0.7071 0.7060
vn -0.0397 0.7071 0.7060
vn -0.0423 0.7071 0.7058
vn -0.0599 0.0000 0.9982
vn -0.0562 0.0000 0.9984
vn -0.0562 0.0000 0.9984
vn -0.0599 0.0000 0.9982
vn -0.0423 -0.7071 0.7058
vn -0.0397 -0.7071 0.7060
vn -0.0397 -0.7071 0.7060
vn -0.0423 -0.7071 0.7058
vn -0.0000 -1.0000 0.0000
vn -0.0000 -1.0000 0.0000
vn -0.0000 -1.0000 0.0000
vn -0.0000 -1.0000 0.0000
vn 0.0423 -0.7071 -0.7058
vn 0.0397 -0.7071 -0.7060
vn 0.0397 -0.7071 -0.7060
vn 0.0423 -0.7071 -0.7058
vn 0.0599 -0.0000 -0.9982
vn 0.0562 -0.0000 -0.9984
vn 0.0562 -0.0000 -0.9984
vn 0.0599 -0.0000 -0.9982
vn 0.0423 0.7071 -0.7058
vn 0.0397 0.7071 -0.7060
vn 0.0397 0.7071 -0.7060
vn 0.0423 0.7071 -0.7058
vn -0.0000 1.0000 0.0000
vn -0.0000 1.0000 0.0000
vn -0.0000 1.0000 0.0000
vn -0.0000 1.0000 0.0000
vn -0.0450 0.7071 0.7057
vn -0.0423 0.7071 0.7058
vn -0.0423 0.7071 0.7058
vn -0.0450 0.7071 0.7057
vn -0.0636 0.0000 0.9980
vn -0.0599 0.0000 0.9982
vn -0.0599 0.0000 0.9982
vn -0.0636 0.0000 0.9980
vn -0.0450 -0.7071 0.7057
vn -0.0423 -0.7071 0.7058
vn -0.0423 -0.7071 0.7058
vn -0.0450 -0.7071 0.7057
vn -0.0000 -1.0000 0.0000
vn -0.0000 -1.0000 0.0000
vn -0.0000 -1.0000 0.0000
vn -0.0000 -1.0000 0.0000
vn 0.0450 -0.7071 -0.7057
vn 0.0423 -0.7071 -0.7058
vn 0.0423 -0.7071 -0.7058
vn 0.0450 -0.7071 -0.7057
vn 0.0636 -0.0000 -0.9980
vn 0.0599 -0.0000 -0.9982
vn 0.0599 -0.0000 -0.9982
vn 0.0636 -0.0000 -0.9980
vn 0.0450 0.7071 -0.7057
vn 0.0423 0.7071 -0.7058
vn 0.0423 0.7071 -0.7058
vn 0.0450 0.7071 -0.7057
vn -0.0000 1.0000 0.0000
vn -0.0000 1.0000 0.0000
vn -0.0000 1.0000 0.0000
vn -0.0000 1.0000 0.0000
vn -0.0476 0.7071 0.7055
vn -0.0450 0.7071 0.7057
vn -0.0450 0.7071 0.7057
vn -0.0476 0.7071 0.7055
vn -0.0674 0.0000 0.9977
vn -0.0636 0.0000 0.9980
vn -0.0636 0.0000 0.9980
vn -0.0674 0.0000 0.9977
vn -0.0476 -0.7071 0.7055
vn -0.0450 -0.7071 0.7057
vn -0.0450 -0.7071 0.7057
vn -0.0476 -0.7071 0.7055
vn -0.0000 -1.0000 0.0000
vn -0.0000 -1.0000 0.0000
vn -0.0000 -1.0000 0.0000
vn -0.0000 -1.0000 0.0000
vn 0.0476 -0.7071 -0.7055
vn 0.0450 -0.7071 -0.7057
vn 0.0450 -0.7071 -0.7057
vn 0.0476 -0.7071 -0.7055
vn 0.0674 -0.0000 -0.9977
vn 0.0636 -0.0000 -0.9980
vn 0.0636 -0.0000 -0.9980
vn 0.0674 -0.0000 -0.9977
vn 0.0476 0.7071 -0.7055
vn 0.0450 0.7071 -0.7057
vn 0.0450 0.7071 -0.7057
vn 0.0476 0.7071 -0.7055
vn -0.0000 1.0000 0.0000
vn -0.0000 1.0000 0.0000
vn -0.0000 1.0000 0.0000
vn -0.0000 1.0000 0.0000
vn -0.0503 0.7071 0.7053
vn -0.0476 0.7071 0.7055
vn -0.0476 0.7071 0.7055
vn -0.0503 0.7071 0.7053
vn -0.0711 0.0000 0.9975
vn -0.0674 0.0000 0.9977
vn -0.0674 0.0000 0.9977
vn -0.0711 0.0000 0.9975
vn -0.0503 -0.7071 0.7053
vn -0.0476 -0.7071 0.7055
vn -0.0476 -0.7071 0.7055
vn -0.0503 -0.7071 0.7053
vn -0.0000 -1.0000 0.0000
vn -0.0000 -1.0000 0.0000
vn -0.0000 -1.0000 0.0000
vn -0.0000 -1.0000 0.0000
vn 0.0503 -0.7071 -0.7053
vn 0.0476 -0.7071 -0.7055
vn 0.0476 -0.7071 -0.7055
vn 0.0503 -0.7071 -0.7053
vn 0.0711 -0.0000 -0.9975
vn 0.0674 -0.0000 -0.9977
vn 0.0674 -0.0000 -0.9977
vn 0.0711 -0.0000 -0.9975
vn 0.0503 0.7071 -0.7053
vn 0.0476 0.7071 -0.7055
vn 0.0476 0.7071 -0.7055
vn 0.0503 0.7071 -0.7053
vn -0.0000 1.0000 0.0000
vn -0.0000 1.0000 0.0000
vn -0.0000 1.0000 0.0000
vn -0.0000 1.0000 0.0000
vn -0.0529 0.7071 0.7051
vn -0.0503 0.7071 0.7053
vn -0.0503 0.7071 0.7053
vn -0.0529 0.7071 0.7051
vn -0.0748 0.0000 0.9972
vn -0.0711 0.0000 0.9975
vn -0.0711 0.0000 0.9975
vn -0.0748 0.0000 0.9972
vn -0.0529 -0.7071 0.7051
vn -0.0503 -0.7071 0.7053
vn -0.0503 -0.7071 0.7053
vn -0.0529 -0.7071 0.7051
vn -0.0000 -1.0000 0.0000
vn -0.0000 -1.0000 0.0000
vn -0.0000 -1.0000 0.0000
vn -0.0000 -1.0000 0.0000
vn 0.0529 -0.7071 -0.7051
vn 0.0503 -0.7071 -0.7053
vn 0.0503 -0.7071 -0.7053
vn 0.0529 -0.7071 -0.7051
vn 0.0748 -0.0000 -0.9972
vn 0.0711 -0.0000 -0.9975
vn 0.0711 -0.0000 -0.9975
vn 0.0748 -0.0000 -0.9972
vn 0.0529 0.7071 -0.7051
vn 0.0503 0.7071 -0.7053
vn 0.0503 0.7071 -0.7053
vn 0.0529 0.7071 -0.7051
vn -0.0000 1.0000 0.0000
vn -0.0000 1.0000 0.0000
vn -0.0000 1.0000 0.0000
vn -0.0000 1.0000 0.0000
vn -0.0555 0.7071 0.7049
vn -0.0529 0.7071 0.7051
vn -0.0529 0.7071 0.7051
vn -0.0555 0.7071 0.7049
vn -0.0785 0.0000 0.9969
vn -0.0748 0.0000 0.9972
vn -0.0748 0.0000 0.9972
vn -0.0785 0.0000 0.9969
vn -0.0555 -0.7071 0.7049
vn -0.0529 -0.7071 0.7051
vn -0.0529 -0.7071 0.7051
vn -0.0555 -0.7071 0.7049
vn -0.0000 -1.0000 0.0000
vn -0.0000 -1.0000 0.0000
vn -0.0000 -1.0000 0.0000
vn -0.0000 -1.0000 0.0000
vn 0.0555 -0.7071 -0.7049
vn 0.0529 -0.7071 -0.7051
vn 0.0529 -0.7071 -0.7051
vn 0.0555 -0.7071 -0.7049
vn 0.0785 -0.0000 -0.9969
vn 0.0748 -0.0000 -0.9972
vn 0.0748 -0.0000 -0.9972
vn 0.0785 -0.0000 -0.9969
vn 0.0555 0.7071 -0.7049
vn 0.0529 0.7071 -0.7051
vn 0.0529 0.7071 -0.7051
vn 0.0555 0.7071 -0.7049
vn -0.0000 1.0000 0.0000
vn -0.0000 1.0000 0.0000
vn -0.0000 1.0000 0.0000
vn -0.0000 1.0000 0.0000
vn -0.0582 0.7071 0.7047
vn -0.0555 0.7071 0.7049
vn -0.0555 0.7071 0.7049
vn -0.0582 0.7071 0.7047
vn -0.0823 0.0000 0.9966
vn -0.0785 0.0000 0.9969
vn -0.0785 0.0000 0.9969
vn -0.0823 0.0000 0.9966
vn -0.0582 -0.7071 0.7047
vn -0.0555 -0.7071 0.7049
vn -0.0555 -0.7071 0.7049
vn -0.0582 -0.7071 0.7047
vn -0.0000 -1.0000 0.0000
vn -0.0000 -1.0000 0.0000
vn -0.0000 -1.0000 0.0000
vn -0.0000 -1.0000 0.0000
vn 0.0582 -0.7071 -0.7047
vn 0.0555 -0.7071 -0.7049
vn 0.0555 -0.7071 -0.7049
vn 0.0582 -0.7071 -0.7047
vn 0.0823 -0.0000 -0.9966
vn 0.0785 -0.0000 -0.9969
vn 0.0785 -0.0000 -0.9969
vn 0.0823 -0.0000 -0.9966
vn 0.0582 0.7071 -0.7047
vn 0.0555 0.7071 -0.7049
vn 0.0555 0.7071 -0.7049
vn 0.0582 0.7071 -0.7047
vn -0.0000 1.0000 0.0000
vn -0.0000 1.0000 0.0000
vn -0.0000 1.0000 0.0000
vn -0.0000 1.0000 0.0000
vn -0.0608 0.7071 0.7045
vn -0.0582 0.7071 0.7047
vn -0.0582 0.7071 0.7047
vn -0.0608 0.7071 0.7045
vn -0.0860 0.0000 0.9963
vn -0.0823 0.0000 0.9966
vn -0.0823 0.0000 0.9966
vn -0.0860 0.0000 0.9963
vn -0.0608 -0.7071 0.7045
vn -0.0582 -0.7071 0.7047
vn -0.0582 -0.7071 0.7047
vn -0.0608 -0.7071 0.7045
vn -0.0000 -1.0000 0.0000
vn -0.0000 -1.0000 0.0000
vn -0.0000 -1.0000 0.0000
vn -0.0000 -1.0000 0.0000
vn 0.0608 -0.7071 -0.7045
vn 0.0582 -0.7071 -0.7047
vn 0.0582 -0.7071 -0.7047
vn 0.0608 -0.7071 -0.7045
vn 0.0860 -0.0000 -0.9963
vn 0.0823 -0.0000 -0.9966
vn 0.0823 -0.0000 -0.9966
vn 0.0860 -0.0000 -0.9963
vn 0.0608 0.7071 -0.7045
vn 0.0582 0.7071 -0.7047
vn 0.0582 0.7071 -0.7047
vn 0.0608 0.7071 -0.7045
vn -0.0000 1.0000 0.0000
vn -0.0000 1.0000 0.0000
vn -0.0000 1.0000 0.0000
vn -0.0000 1.0000 0.0000
vn -0.0621 0.7071 0.7044
vn -0.0608 0.7071 0.7045
vn -0.0608 0.7071 0.7045
vn -0.0621 0.7071 0.7044
vn -0.0878 0.0000 0.9961
vn -0.0860 0.0000 0.9963
vn -0.0860 0.0000 0.9963
vn -0.0878 0.0000 0.9961
vn -0.0621 -0.7071 0.7044
vn -0.0608 -0.7071 0.7045
vn -0.0608 -0.7071 0.7045
vn -0.0621 -0.7071 0.7044
vn -0.0000 -1.0000 0.0000
vn -0.0000 -1.0000 0.0000
vn -0.0000 -1.0000 0.0000
vn -0.0000 -1.0000 0.0000
vn 0.0621 -0.7071 -0.7044
vn 0.0608 -0.7071 -0.7045
vn 0.0608 -0.7071 -0.7045
vn 0.0621 -0.7071 -0.7044
vn 0.0878 -0.0000 -0.9961
vn 0.0860 -0.0000 -0.9963
vn 0.0860 -0.0000 -0.9963
vn 0.0878 -0.0000 -0.9961
vn 0.0621 0.7071 -0.7044
vn 0.0608 0.7071 -0.7045
vn 0.0608 0.7071 -0.7045
vn 0.0621 0.7071 -0.7044
vn -0.0000 1.0000 0.0000
vn -0.0000 1.0000 0.0000
vn -0.9961 -0.0000 0.0878
vn 0.9961 0.0000 0.0878
vn 0.0000 1.0000 0.0000
vn 0.0000 1.0000 0.0000
vn 0.0608 0.7071 0.7045
vn 0.0621 0.7071 0.7044
vn 0.0621 0.7071 0.7044
vn 0.0608 0.7071 0.7045
vn 0.0860 0.0000 0.9963
vn 0.0878 0.0000 0.9961
vn 0.0878 0.0000 0.9961
vn 0.0860 0.0000 0.9963
vn 0.0608 -0.7071 0.7045
vn 0.0621 -0.7071 0.7044
vn 0.0621 -0.7071 0.7044
vn 0.0608 -0.7071 0.7045
vn 0.0000 -1.0000 0.0000
vn 0.0000 -1.0000 0.0000
vn 0.0000 -1.0000 0.0000
vn 0.0000 -1.0000 0.0000
vn -0.0608 -0.7071 -0.7045
vn -0.0621 -0.7071 -0.7044
vn -0.0621 -0.7071 -0.7044
vn -0.0608 -0.7071 -0.7045
vn -0.0860 -0.0000 -0.9963
vn -0.0878 -0.0000 -0.9961
vn -0.0878 -0.0000 -0.9961
vn -0.0860 -0.0000 -0.9963
vn -0.0608 0.7071 -0.7045
vn -0.0621 0.7071 -0.7044
vn -0.0621 0.7071 -0.7044
vn -0.0608 0.7071 -0.7045
vn 0.0000 1.0000 0.0000
vn 0.0000 1.0000 0.0000
vn 0.0000 1.0000 0.0000
vn 0.0000 1.0000 0.0000
vn 0.0582 0.7071 0.7047
vn 0.0608 0.7071 0.7045
vn 0.0608 0.7071 0.7045
vn 0.0582 0.7071 0.7047
vn 0.0823 0.0000 0.9966
vn 0.0860 0.0000 0.9963
vn 0.0860 0.0000 0.9963
vn 0.0823 0.0000 0.9966
vn 0.0582 -0.7071 0.7047
vn 0.0608 -0.7071 0.7045
vn 0.0608 -0.7071 0.7045
vn 0.0582 -0.7071 0.7047
vn 0.0000 -1.0000 0.0000
vn 0.0000 -1.0000 0.0000
vn 0.0000 -1.0000 0.0000
vn 0.0000 -1.0000 0.0000
vn -0.0582 -0.7071 -0.7047
vn -0.0608 -0.7071 -0.7045
vn -0.0608 -0.7071 -0.7045
vn -0.0582 -0.7071 -0.7047
vn -0.0823 -0.0000 -0.9966
vn -0.0860 -0.0000 -0.9963
vn -0.0860 -0.0000 -0.9963
vn -0.0823 -0.0000 -0.9966
vn -0.0582 0.7071 -0.7047
vn -0.0608 0.7071 -0.7045
vn -0.0608 0.7071 -0.7045
vn -0.0582 0.7071 -0.7047
vn 0.0000 1.0000 0.0000
vn 0.0000 1.0000 0.0000
vn 0.0000 1.0000 0.0000
vn 0.0000 1.0000 0.0000
vn 0.0555 0.7071 0.7049
vn 0.0582 0.7071 0.7047
vn 0.0582 0.7071 0.7047
vn 0.0555 0.7071 0.7049
vn 0.0785 0.0000 0.9969
vn 0.0823 0.0000 0.9966
vn 0.0823 0.0000 0.9966
vn 0.0785 0.0000 0.9969
vn 0.0555 -0.7071 0.7049
vn 0.0582 -0.7071 0.7047
vn 0.0582 -0.7071 0.7047
vn 0.0555 -0.7071 0.7049
vn 0.0000 -1.0000 0.0000
vn 0.0000 -1.0000 0.0000
vn 0.0000 -1.0000 0.0000
vn 0.0000 -1.0000 0.0000
vn -0.0555 -0.7071 -0.7049
vn -0.0582 -0.7071 -0.7047
vn -0.0582 -0.7071 -0.7047
vn -0.0555 -0.7071 -0.7049
vn -0.0785 -0.0000 -0.9969
vn -0.0823 -0.0000 -0.9966
vn -0.0823 -0.0000 -0.9966
vn -0.0785 -0.0000 -0.9969
vn -0.0555 0.7071 -0.7049
vn -0.0582 0.7071 -0.7047
vn -0.0582 0.7071 -0.7047
vn -0.0555 0.7071 -0.7049
vn 0.0000 1.0000 0.0000
vn 0.0000 1.0000 0.0000
vn 0.0000 1.0000 0.0000
vn 0.0000 1.0000 0.0000
vn 0.0529 0.7071 0.7051
vn 0.0555 0.7071 0.7049
vn 0.0555 0.7071 0.7049
vn 0.0529 0.7071 0.7051
vn 0.0748 0.0000 0.9972
vn 0.0785 0.0000 0.9969
vn 0.0785 0.0000 0.9969
vn 0.0748 0.0000 0.9972
vn 0.0529 -0.7071 0.7051
vn 0.0555 -0.7071 0.7049
vn 0.0555 -0.7071 0.7049
vn 0.0529 -0.7071 0.7051
vn 0.0000 -1.0000 0.0000
vn 0.0000 -1.0000 0.0000
vn 0.0000 -1.0000 0.0000
vn 0.0000 -1.0000 0.0000
vn -0.0529 -0.7071 -0.7051
vn -0.0555 -0.7071 -0.7049
vn -0.0555 -0.7071 -0.7049
vn -0.0529 -0.7071 -0.7051
vn -0.0748 -0.0000 -0.9972
vn -0.0785 -0.0000 -0.9969
vn -0.0785 -0.0000 -0.9969
vn -0.0748 -0.0000 -0.9972
vn -0.0529 0.7071 -0.7051
vn -0.0555 0.7071 -0.7049
vn -0.0555 0.7071 -0.7049
vn -0.0529 0.7071 -0.7051
vn 0.0000 1.0000 0.0000
vn 0.0000 1.0000 0.0000
vn 0.0000 1.0000 0.0000
vn 0.0000 1.0000 0.0000
vn 0.0503 0.7071 0.7053
vn 0.0529 0.7071 0.7051
vn 0.0529 0.7071 0.7051
vn 0.0503 0.7071 0.7053
vn 0.0711 0.0000 0.9975
vn 0.0748 0.0000 0.9972
vn 0.0748 0.0000 0.9972
vn 0.0711 0.0000 0.9975
vn 0.0503 -0.7071 0.7053
vn 0.0529 -0.7071 0.7051
vn 0.0529 -0.7071 0.7051
vn 0.0503 -0.7071 0.7053
vn 0.0000 -1.0000 0.0000
vn 0.0000 -1.0000 0.0000
vn 0.0000 -1.0000 0.0000
vn 0.0000 -1.0000 0.0000
vn -0.0503 -0.7071 -0.7053
vn -0.0529 -0.7071 -0.7051
vn -0.0529 -0.7071 -0.7051
vn -0.0503 -0.7071 -0.7053
vn -0.0711 -0.0000 -0.9975
vn -0.0748 -0.0000 -0.9972
vn -0.0748 -0.0000 -0.9972
vn -0.0711 -0.0000 -0.9975
vn -0.0503 0.7071 -0.7053
vn -0.0529 0.7071 -0.7051
vn -0.0529 0.7071 -0.7051
vn -0.0503 0.7071 -0.7053
vn 0.0000 1.0000 0.0000
vn 0.0000 1.0000 0.0000
vn 0.0000 1.0000 0.0000
vn 0.0000 1.0000 0.0000
vn 0.0476 0.7071 0.7055
vn 0.0503 0.7071 0.7053
vn 0.0503 0.7071 0.7053
vn 0.0476 0.7071 0.7055
vn 0.0674 0.0000 0.9977
vn 0.0711 0.0000 0.9975
vn 0.0711 0.0000 0.9975
vn 0.0674 0.0000 0.9977
vn 0.0476 -0.7071 0.7055
vn 0.0503 -0.7071 0.7053
vn 0.0503 -0.7071 0.7053
vn 0.0476 -0.7071 0.7055
vn 0.0000 -1.0000 0.0000
vn 0.0000 -1.0000 0.0000
vn 0.0000 -1.0000 0.0000
vn 0.0000 -1.0000 0.0000
vn -0.0476 -0.7071 -0.7055
vn -0.0503 -0.7071 -0.7053
vn -0.0503 -0.7071 -0.7053
vn -0.0476 -0.7071 -0.7055
vn -0.0674 -0.0000 -0.9977
vn -0.0711 -0.0000 -0.9975
vn -0.0711 -0.0000 -0.9975
vn -0.0674 -0.0000 -0.9977
vn -0.0476 0.7071 -0.7055
vn -0.0503 0.7071 -0.7053
vn -0.0503 0.7071 -0.7053
vn -0.0476 0.7071 -0.7055
vn 0.0000 1.0000 0.0000
vn 0.0000 1.0000 0.0000
vn 0.0000 1.0000 0.0000
vn 0.0000 1.0000 0.0000
vn 0.0450 0.7071 0.7057
vn 0.0476 0.7071 0.7055
vn 0.0476 0.7071 0.7055
vn 0.0450 0.7071 0.7057
vn 0.0636 0.0000 0.9980
vn 0.0674 0.0000 0.9977
vn 0.0674 0.0000 0.9977
vn 0.0636 0.0000 0.9980
vn 0.0450 -0.7071 0.7057
vn 0.0476 -0.7071 0.7055
vn 0.0476 -0.7071 0.7055
vn 0.0450 -0.7071 0.7057
vn 0.0000 -1.0000 0.0000
vn 0.0000 -1.0000 0.0000
vn 0.0000 -1.0000 0.0000
vn 0.0000 -1.0000 0.0000
vn -0.0450 -0.7071 -0.7057
vn -0.0476 -0.7071 -0.7055
vn -0.0476 -0.7071 -0.7055
vn -0.0450 -0.7071 -0.7057
vn -0.0636 -0.0000 -0.9980
vn -0.0674 -0.0000 -0.9977
vn -0.0674 -0.0000 -0.9977
vn -0.0636 -0.0000 -0.9980
vn -0.0450 0.7071 -0.7057
vn -0.0476 0.7071 -0.7055
vn -0.0476 0.7071 -0.7055
vn -0.0450 0.7071 -0.7057
vn 0.0000 1.0000 0.0000
vn 0.0000 1.0000 0.0000
vn 0.0000 1.0000 0.0000
vn 0.0000 1.0000 0.0000
vn 0.0423 0.7071 0.7058
vn 0.0450 0.7071 0.7057
vn 0.0450 0.7071 0.7057
vn 0.0423 0.7071 0.7058
vn 0.0599 0.0000 0.9982
vn 0.0636 0.0000 0.9980
vn 0.0636 0.0000 0.9980
vn 0.0599 0.0000 0.9982
vn 0.0423 -0.7071 0.7058
vn 0.0450 -0.7071 0.7057
vn 0.0450 -0.7071 0.7057
vn 0.0423 -0.7071 0.7058
vn 0.0000 -1.0000 0.0000
vn 0.0000 -1.0000 0.0000
vn 0.0000 -1.0000 0.0000
vn 0.0000 -1.0000 0.0000
vn -0.0423 -0.7071 -0.7058
vn -0.0450 -0.7071 -0.7057
vn -0.0450 -0.7071 -0.7057
vn -0.0423 -0.7071 -0.7058
vn -0.0599 -0.0000 -0.9982
vn -0.0636 -0.0000 -0.9980
vn -0.0636 -0.0000 -0.9980
vn -0.0599 -0.0000 -0.9982
vn -0.0423 0.7071 -0.7058
vn -0.0450 0.7071 -0.7057
vn -0.0450 0.7071 -0.7057
vn -0.0423 0.7071 -0.7058
vn 0.0000 1.0000 0.0000
vn 0.0000 1.0000 0.0000
vn 0.0000 1.0000 0.0000
vn 0.0000 1.0000 0.0000
vn 0.0397 0.7071 0.7060
vn 0.0423 0.7071 0.7058
vn 0.0423 0.7071 0.7058
vn 0.0397 0.7071 0.7060
vn 0.0562 0.0000 0.9984
vn 0.0599 0.0000 0.9982
vn 0.0599 0.0000 0.9982
vn 0.0562 0.0000 0.9984
vn 0.0397 -0.7071 0.7060
vn 0.0423 -0.7071 0.7058
vn 0.0423 -0.7071 0.7058
vn 0.0397 -0.7071 0.7060
vn 0.0000 -1.0000 0.0000
vn 0.0000 -1.0000 0.0000
vn 0.0000 -1.0000 0.0000
vn 0.0000 -1.0000 0.0000
vn -0.0397 -0.7071 -0.7060
vn -0.0423 -0.7071 -0.7058
vn -0.0423 -0.7071 -0.7058
vn -0.0397 -0.7071 -0.7060
vn -0.0562 -0.0000 -0.9984
vn -0.0599 -0.0000 -0.9982
vn -0.0599 -0.0000 -0.9982
vn -0.0562 -0.0000 -0.9984
vn -0.0397 0.7071 -0.7060
vn -0.0423 0.7071 -0.7058
vn -0.0423 0.7071 -0.7058
vn -0.0397 0.7071 -0.7060
vn 0.0000 1.0000 0.0000
vn 0.0000 1.0000 0.0000
vn 0.0000 1.0000 0.0000
vn 0.0000 1.0000 0.0000
vn 0.0371 0.7071 0.7061
vn 0.0397 0.7071 0.7060
vn 0.0397 0.7071 0.7060
vn 0.0371 0.7071 0.7061
vn 0.0524 0.0000 0.9986
vn 0.0562 0.0000 0.9984
vn 0.0562 0.0000 0.9984
vn 0.0524 0.0000 0.9986
vn 0.0371 -0.7071 0.7061
vn 0.0397 -0.7071 0.7060
vn 0.0397 -0.7071 0.7060
vn 0.0371 -0.7071 0.7061
vn 0.0000 -1.0000 0.0000
vn 0.0000 -1.0000 0.0000
vn 0.0000 -1.0000 0.0000
vn 0.0000 -1.0000 0.0000
vn -0.0371 -0.7071 -0.7061
vn -0.0397 -0.7071 -0.7060
vn -0.0397 -0.7071 -0.7060
vn -0.0371 -0.7071 -0.7061
vn -0.0524 -0.0000 -0.9986
vn -0.0562 -0.0000 -0.9984
vn -0.0562 -0.0000 -0.9984
vn -0.0524 -0.0000 -0.9986
vn -0.0371 0.7071 -0.7061
vn -0.0397 0.7071 -0.7060
vn -0.0397 0.7071 -0.7060
vn -0.0371 0.7071 -0.7061
vn 0.0000 1.0000 0.0000
vn 0.0000 1.0000 0.0000
vn 0.0000 1.0000 0.0000
vn 0.0000 1.0000 0.0000
vn 0.0344 0.7071 0.7063
vn 0.0371 0.7071 0.7061
vn 0.0371 0.7071 0.7061
vn 0.0344 0.7071 0.7063
vn 0.0487 0.0000 0.9988
vn 0.0524 0.0000 0.9986
vn 0.0524 0.0000 0.9986
vn 0.0487 0.0000 0.9988
vn 0.0344 -0.7071 0.7063
vn 0.0371 -0.7071 0.7061
vn 0.0371 -0.7071 0.7061
vn 0.0344 -0.7071 0.7063
vn 0.0000 -1.0000 0.0000
vn 0.0000 -1.0000 0.0000
vn 0.0000 -1.0000 0.0000
vn 0.0000 -1.0000 0.0000
vn -0.0344 -0.7071 -0.7063
vn -0.0371 -0.7071 -0.7061
vn -0.0371 -0.7071 -0.7061
vn -0.0344 -0.7071 -0.7063
vn -0.0487 -0.0000 -0.9988
vn -0.0524 -0.0000 -0.9986
vn -0.0524 -0.0000 -0.9986
vn -0.0487 -0.0000 -0.9988
vn -0.0344 0.7071 -0.7063
vn -0.0371 0.7071 -0.7061
vn -0.0371 0.7071 -0.7061
vn -0.0344 0.7071 -0.7063
vn 0.0000 1.0000 0.0000
vn 0.0000 1.0000 0.0000
vn 0.0000 1.0000 0.0000
vn 0.0000 1.0000 0.0000
vn 0.0318 0.7071 0.7064
vn 0.0344 0.7071 0.7063
vn 0.0344 0.7071 0.7063
vn 0.0318 0.7071 0.7064
vn 0.0449 0.0000 0.9990
vn 0.0487 0.0000 0.9988
vn 0.0487 0.0000 0.9988
vn 0.0449 0.0000 0.9990
vn 0.0318 -0.7071 0.7064
vn 0.0344 -0.7071 0.7063
vn 0.0344 -0.7071 0.7063
vn 0.0318 -0.7071 0.7064
vn 0.0000 -1.0000 0.0000
vn 0.0000 -1.0000 0.0000
vn 0.0000 -1.0000 0.0000
vn 0.0000 -1.0000 0.0000
vn -0.0318 -0.7071 -0.7064
vn -0.0344 -0.7071 -0.7063
vn -0.0344 -0.7071 -0.7063
vn -0.0318 -0.7071 -0.7064
vn -0.0449 -0.0000 -0.9990
vn -0.0487 -0.0000 -0.9988
vn -0.0487 -0.0000 -0.9988
vn -0.0449 -0.0000 -0.9990
vn -0.0318 0.7071 -0.7064
vn -0.0344 0.7071 -0.7063
vn -0.0344 0.7071 -0.7063
vn -0.0318 0.7071 -0.7064
vn 0.0000 1.0000 0.0000
vn 0.0000 1.0000 0.0000
vn 0.0000 1.0000 0.0000
vn 0.0000 1.0000 0.0000
vn 0.0291 0.7071 0.7065
vn 0.0318 0.7071 0.7064
vn 0.0318 0.7071 0.7064
vn 0.0291 0.7071 0.7065
vn 0.0412 0.0000 0.9992
vn 0.0449 0.0000 0.9990
vn 0.0449 0.0000 0.9990
vn 0.0412 0.0000 0.9992
vn 0.0291 -0.7071 0.7065
vn 0.0318 -0.7071 0.7064
vn 0.0318 -0.7071 0.7064
vn 0.0291 -0.7071 0.7065
vn 0.0000 -1.0000 0.0000
vn 0.0000 -1.0000 0.0000
vn 0.0000 -1.0000 0.0000
vn 0.0000 -1.0000 0.0000
vn -0.0291 -0.7071 -0.7065
vn -0.0318 -0.7071 -0.7064
vn -0.0318 -0.7071 -0.7064
vn -0.0291 -0.7071 -0.7065
vn -0.0412 -0.0000 -0.9992
vn -0.0449 -0.0000 -0.9990
vn -0.0449 -0.0000 -0.9990
vn -0.0412 -0.0000 -0.9992
vn -0.0291 0.7071 -0.7065
vn -0.0318 0.7071 -0.7064
vn -0.0318 0.7071 -0.7064
vn -0.0291 0.7071 -0.7065
vn 0.0000 1.0000 0.0000
vn 0.0000 1.0000 0.0000
vn 0.0000 1.0000 0.0000
vn 0.0000 1.0000 0.0000
vn 0.0265 0.7071 0.7066
vn 0.0291 0.7071 0.7065
vn 0.0291 0.7071 0.7065
vn 0.0265 0.7071 0.7066
vn 0.0375 0.0000 0.9993
vn 0.0412 0.0000 0.9992
vn 0.0412 0.0000 0.9992
vn 0.0375 0.0000 0.9993
vn 0.0265 -0.7071 0.7066
vn 0.0291 -0.7071 0.7065
vn 0.0291 -0.7071 0.7065
vn 0.0265 -0.7071 0.7066
vn 0.0000 -1.0000 0.0000
vn 0.0000 -1.0000 0.0000
vn 0.0000 -1.0000 0.0000
vn 0.0000 -1.0000 0.0000
vn -0.0265 -0.7071 -0.7066
vn -0.0291 -0.7071 -0.7065
vn -0.0291 -0.7071 -0.7065
vn -0.0265 -0.7071 -0.7066
vn -0.0375 -0.0000 -0.9993
vn -0.0412 -0.0000 -0.9992
vn -0.0412 -0.0000 -0.9992
vn -0.0375 -0.0000 -0.9993
vn -0.0265 0.7071 -0.7066
vn -0.0291 0.7071 -0.7065
vn -0.0291 0.7071 -0.7065
vn -0.0265 0.7071 -0.7066
vn 0.0000 1.0000 0.0000
vn 0.0000 1.0000 0.0000
vn 0.0000 1.0000 0.0000
vn 0.0000 1.0000 0.0000
vn 0.0238 0.7071 0.7067
vn 0.0265 0.7071 0.7066
vn 0.0265 0.7071 0.7066
vn 0.0238 0.7071 0.7067
vn 0.0337 0.0000 0.9994
vn 0.0375 0.0000 0.9993
vn 0.0375 0.0000 0.9993
vn 0.0337 0.0000 0.9994
vn 0.0238 -0.7071 0.7067
vn 0.0265 -0.7071 0.7066
vn 0.0265 -0.7071 0.7066
vn 0.0238 -0.7071 0.7067
vn 0.0000 -1.0000 0.0000
vn 0.0000 -1.0000 0.0000
vn 0.0000 -1.0000 0.0000
vn 0.0000 -1.0000 0.0000
vn -0.0238 -0.7071 -0.7067
vn -0.0265 -0.7071 -0.7066
vn -0.0265 -0.7071 -0.7066
vn -0.0238 -0.7071 -0.7067
vn -0.0337 -0.0000 -0.9994
vn -0.0375 -0.0000 -0.9993
vn -0.0375 -0.0000 -0.9993
vn -0.0337 -0.0000 -0.9994
vn -0.0238 0.7071 -0.7067
vn -0.0265 0.7071 -0.7066
vn -0.0265 0.7071 -0.7066
vn -0.0238 0.7071 -0.7067
vn 0.0000 1.0000 0.0000
vn 0.0000 1.0000 0.0000
vn 0.0000 1.0000 0.0000
vn 0.0000 1.0000 0.0000
vn 0.0212 0.7071 0.7068
vn 0.0238 0.7071 0.7067
vn 0.0238 0.7071 0.7067
vn 0.0212 0.7071 0.7068
vn 0.0300 0.0000 0.9996
vn 0.0337 0.0000 0.9994
vn 0.0337 0.0000 0.9994
vn 0.0300 0.0000 0.9996
vn 0.0212 -0.7071 0.7068
vn 0.0238 -0.7071 0.7067
vn 0.0238 -0.7071 0.7067
vn 0.0212 -0.7071 0.7068
vn 0.0000 -1.0000 0.0000
vn 0.0000 -1.0000 0.0000
vn 0.0000 -1.0000 0.0000
vn 0.0000 -1.0000 0.0000
vn -0.0212 -0.7071 -0.7068
vn -0.0238 -0.7071 -0.7067
vn -0.0238 -0.7071 -0.7067
vn -0.0212 -0.7071 -0.7068
vn -0.0300 -0.0000 -0.9996
vn -0.0337 -0.0000 -0.9994
vn -0.0337 -0.0000 -0.9994
vn -0.0300 -0.0000 -0.9996
vn -0.0212 0.7071 -0.7068
vn -0.0238 0.7071 -0.7067
vn -0.0238 0.7071 -0.7067
vn -0.0212 0.7071 -0.7068
vn 0.0000 1.0000 0.0000
vn 0.0000 1.0000 0.0000
vn 0.0000 1.0000 0.0000
vn 0.0000 1.0000 0.0000
vn 0.0185 0.7071 0.7069
vn 0.0212 0.7071 0.7068
vn 0.0212 0.7071 0.7068
vn 0.0185 0.7071 0.7069
vn 0.0262 0.0000 0.9997
vn 0.0300 0.0000 0.9996
vn 0.0300 0.0000 0.9996
vn 0.0262 0.0000 0.9997
vn 0.0185 -0.7071 0.7069
vn 0.0212 -0.7071 0.7068
vn 0.0212 -0.7071 0.7068
vn 0.0185 -0.7071 0.7069
vn 0.0000 -1.0000 0.0000
vn 0.0000 -1.0000 0.0000
vn 0.0000 -1.0000 0.0000
vn 0.0000 -1.0000 0.0000
vn -0.0185 -0.7071 -0.7069
vn -0.0212 -0.7071 -0.7068
vn -0.0212 -0.7071 -0.7068
vn -0.0185 -0.7071 -0.7069
vn -0.0262 -0.0000 -0.9997
vn -0.0300 -0.0000 -0.9996
vn -0.0300 -0.0000 -0.9996
vn -0.0262 -0.0000 -0.9997
vn -0.0185 0.7071 -0.7069
vn -0.0212 0.7071 -0.7068
vn -0.0212 0.7071 -0.7068
vn -0.0185 0.7071 -0.7069
vn 0.0000 1.0000 0.0000
vn 0.0000 1.0000 0.0000
vn 0.0000 1.0000 0.0000
vn 0.0000 1.0000 0.0000
vn 0.0159 0.7071 0.7069
vn 0.0185 0.7071 0.7069
vn 0.0185 0.7071 0.7069
vn 0.0159 0.7071 0.7069
vn 0.0225 0.0000 0.9997
vn 0.0262 0.0000 0.9997
vn 0.0262 0.0000 0.9997
vn 0.0225 0.0000 0.9997
vn 0.0159 -0.7071 0.7069
vn 0.0185 -0.7071 0.7069
vn 0.0185 -0.7071 0.7069
vn 0.0159 -0.7071 0.7069
vn 0.0000 -1.0000 0.0000
vn 0.0000 -1.0000 0.0000
vn 0.0000 -1.0000 0.0000
vn 0.0000 -1.0000 0.0000
vn -0.0159 -0.7071 -0.7069
vn -0.0185 -0.7071 -0.7069
vn -0.0185 -0.7071 -0.7069
vn -0.0159 -0.7071 -0.7069
vn -0.0225 -0.0000 -0.9997
vn -0.0262 -0.0000 -0.9997
vn -0.0262 -0.0000 -0.9997
vn -0.0225 -0.0000 -0.9997
vn -0.0159 0.7071 -0.7069
vn -0.0185 0.7071 -0.7069
vn -0.0185 0.7071 -0.7069
vn -0.0159 0.7071 -0.7069
vn 0.0000 1.0000 0.0000
vn 0.0000 1.0000 0.0000
vn 0.0000 1.0000 0.0000
vn 0.0000 1.0000 0.0000
vn 0.0132 0.7071 0.7070
vn 0.0159 0.7071 0.7069
vn 0.0159 0.7071 0.7069
vn 0.0132 0.7071 0.7070
vn 0.0187 0.0000 0.9998
vn 0.0225 0.0000 0.9997
vn 0.0225 0.0000 0.9997
vn 0.0187 0.0000 0.9998
vn 0.0132 -0.7071 0.7070
vn 0.0159 -0.7071 0.7069
vn 0.0159 -0.7071 0.7069
vn 0.0132 -0.7071 0.7070
vn 0.0000 -1.0000 0.0000
vn 0.0000 -1.0000 0.0000
vn 0.0000 -1.0000 0.0000
vn 0.0000 -1.0000 0.0000
vn -0.0132 -0.7071 -0.7070
vn -0.0159 -0.7071 -0.7069
vn -0.0159 -0.7071 -0.7069
vn -0.0132 -0.7071 -0.7070
vn -0.0187 -0.0000 -0.9998
vn -0.0225 -0.0000 -0.9997
vn -0.0225 -0.0000 -0.9997
vn -0.0187 -0.0000 -0.9998
vn -0.0132 0.7071 -0.7070
vn -0.0159 0.7071 -0.7069
vn -0.0159 0.7071 -0.7069
vn -0.0132 0.7071 -0.7070
vn 0.0000 1.0000 0.0000
vn 0.0000 1.0000 0.0000
vn 0.0000 1.0000 0.0000
vn 0.0000 1.0000 0.0000
vn 0.0106 0.7071 0.7070
vn 0.0132 0.7071 0.7070
vn 0.0132 0.7071 0.7070
vn 0.0106 0.7071 0.7070
vn 0.0150 0.0000 0.9999
vn 0.0187 0.0000 0.9998
vn 0.0187 0.0000 0.9998
vn 0.0150 0.0000 0.9999
vn 0.0106 -0.7071 0.7070
vn 0.0132 -0.7071 0.7070
vn 0.0132 -0.7071 0.7070
vn 0.0106 -0.7071 0.7070
vn 0.0000 -1.0000 0.0000
vn 0.0000 -1.0000 0.0000
vn 0.0000 -1.0000 0.0000
vn 0.0000 -1.0000 0.0000
vn -0.0106 -0.7071 -0.7070
vn -0.0132 -0.7071 -0.7070
vn -0.0132 -0.7071 -0.7070
vn -0.0106 -0.7071 -0.7070
vn -0.0150 -0.0000 -0.9999
vn -0.0187 -0.0000 -0.9998
vn -0.0187 -0.0000 -0.9998
vn -0.0150 -0.0000 -0.9999
vn -0.0106 0.7071 -0.7070
vn -0.0132 0.7071 -0.7070
vn -0.0132 0.7071 -0.7070
vn -0.0106 0.7071 -0.7070
vn 0.0000 1.0000 0.0000
vn 0.0000 1.0000 0.0000
vn 0.0000 1.0000 0.0000
vn 0.0000 1.0000 0.0000
vn 0.0079 0.7071 0.7071
vn 0.0106 0.7071 0.7070
vn 0.0106 0.7071 0.7070
vn 0.0079 0.7071 0.7071
vn 0.0112 0.0000 0.9999
vn 0.0150 0.0000 0.9999
vn 0.0150 0.0000 0.9999
vn 0.0112 0.0000 0.9999
vn 0.0079 -0.7071 0.7071
vn 0.0106 -0.7071 0.7070
vn 0.0106 -0.7071 0.7070
vn 0.0079 -0.7071 0.7071
vn 0.0000 -1.0000 0.0000
vn 0.0000 -1.0000 0.0000
vn 0.0000 -1.0000 0.0000
vn 0.0000 -1.0000 0.0000
vn -0.0079 -0.7071 -0.7071
vn -0.0106 -0.7071 -0.7070
vn -0.0106 -0.7071 -0.7070
vn -0.0079 -0.7071 -0.7071
vn -0.0112 -0.0000 -0.9999
vn -0.0150 -0.0000 -0.9999
vn -0.0150 -0.0000 -0.9999
vn -0.0112 -0.0000 -0.9999
vn -0.0079 0.7071 -0.7071
vn -0.0106 0.7071 -0.7070
vn -0.0106 0.7071 -0.7070
vn -0.0079 0.7071 -0.7071
vn 0.0000 1.0000 0.0000
vn 0.0000 1.0000 0.0000
vn 0.0000 1.0000 0.0000
vn 0.0000 1.0000 0.0000
vn 0.0053 0.7071 0.7071
vn 0.0079 0.7071 0.7071
vn 0.0079 0.7071 0.7071
vn 0.0053 0.7071 0.7071
vn 0.0075 0.0000 1.0000
vn 0.0112 0.0000 0.9999
vn 0.0112 0.0000 0.9999
vn 0.0075 0.0000 1.0000
vn 0.0053 -0.7071 0.7071
vn 0.0079 -0.7071 0.7071
vn 0.0079 -0.7071 0.7071
vn 0.0053 -0.7071 0.7071
vn 0.0000 -1.0000 0.0000
vn 0.0000 -1.0000 0.0000
vn 0.0000 -1.0000 0.0000
vn 0.0000 -1.0000 0.0000
vn -0.0053 -0.7071 -0.7071
vn -0.0079 -0.7071 -0.7071
vn -0.0079 -0.7071 -0.7071
vn -0.0053 -0.7071 -0.7071
vn -0.0075 -0.0000 -1.0000
vn -0.0112 -0.0000 -0.9999
vn -0.0112 -0.0000 -0.9999
vn -0.0075 -0.0000 -1.0000
vn -0.0053 0.7071 -0.7071
vn -0.0079 0.7071 -0.7071
vn -0.0079 0.7071 -0.7071
vn -0.0053 0.7071 -0.7071
vn 0.0000 1.0000 0.0000
vn 0.0000 1.0000 0.0000
vn 0.0000 1.0000 0.0000
vn 0.0000 1.0000 0.0000
vn 0.0026 0.7071 0.7071
vn 0.0053 0.7071 0.7071
vn 0.0053 0.7071 0.7071
vn 0.0026 0.7071 0.7071
vn 0.0037 0.0000 1.0000
vn 0.0075 0.0000 1.0000
vn 0.0075 0.0000 1.0000
vn 0.0037 0.0000 1.0000
vn 0.0026 -0.7071 0.7071
vn 0.0053 -0.7071 0.7071
vn 0.0053 -0.7071 0.7071
vn 0.0026 -0.7071 0.7071
vn 0.0000 -1.0000 0.0000
vn 0.0000 -1.0000 0.0000
vn 0.0000 -1.0000 0.0000
vn 0.0000 -1.0000 0.0000
vn -0.0026 -0.7071 -0.7071
vn -0.0053 -0.7071 -0.7071
vn -0.0053 -0.7071 -0.7071
vn -0.0026 -0.7071 -0.7071
vn -0.0037 -0.0000 -1.0000
vn -0.0075 -0.0000 -1.0000
vn -0.0075 -0.0000 -1.0000
vn -0.0037 -0.0000 -1.0000
vn -0.0026 0.7071 -0.7071
vn -0.0053 0.7071 -0.7071
vn -0.0053 0.7071 -0.7071
vn -0.0026 0.7071 -0.7071
vn 0.0000 1.0000 0.0000
vn 0.0000 1.0000 0.0000
vn 0.0000 1.0000 0.0000
vn 0.0000 1.0000 0.0000
vn 0.0000 0.7071 0.7071
vn 0.0026 0.7071 0.7071
vn 0.0026 0.7071 0.7071
vn 0.0000 0.7071 0.7071
vn 0.0000 0.0000 1.0000
vn 0.0037 0.0000 1.0000
vn 0.0037 0.0000 1.0000
vn 0.0000 0.0000 1.0000
vn 0.0000 -0.7071 0.7071
vn 0.0026 -0.7071 0.7071
vn 0.0026 -0.7071 0.7071
vn 0.0000 -0.7071 0.7071
vn 0.0000 -1.0000 0.0000
vn 0.0000 -1.0000 0.0000
vn 0.0000 -1.0000 0.0000
vn 0.0000 -1.0000 0.0000
vn 0.0000 -0.7071 -0.7071
vn -0.0026 -0.7071 -0.7071
vn -0.0026 -0.7071 -0.7071
vn 0.0000 -0.7071 -0.7071
vn 0.0000 -0.0000 -1.0000
vn -0.0037 -0.0000 -1.0000
vn -0.0037 -0.0000 -1.0000
vn 0.0000 -0.0000 -1.0000
vn -0.0000 0.7071 -0.7071
vn -0.0026 0.7071 -0.7071
vn -0.0026 0.7071 -0.7071
vn -0.0000 0.7071 -0.7071
vn 0.0000 1.0000 0.0000
vn 0.0000 1.0000 0.0000
vn 0.0000 1.0000 0.0000
vn -0.0000 1.0000 0.0000
vn -0.0026 0.7071 0.7071
vn 0.0000 0.7071 0.7071
vn 0.0000 0.7071 0.7071
vn -0.0026 0.7071 0.7071
vn -0.0037 0.0000 1.0000
vn 0.0000 0.0000 1.0000
vn 0.0000 0.0000 1.0000
vn -0.0037 0.0000 1.0000
vn -0.0026 -0.7071 0.7071
vn 0.0000 -0.7071 0.7071
vn 0.0000 -0.7071 0.7071
vn -0.0026 -0.7071 0.7071
vn -0.0000 -1.0000 0.0000
vn 0.0000 -1.0000 0.0000
vn 0.0000 -1.0000 0.0000
vn -0.0000 -1.0000 0.0000
vn 0.0026 -0.7071 -0.7071
vn 0.0000 -0.7071 -0.7071
vn 0.0000 -0.7071 -0.7071
vn 0.0026 -0.7071 -0.7071
vn 0.0037 -0.0000 -1.0000
vn 0.0000 -0.0000 -1.0000
vn 0.0000 -0.0000 -1.0000
vn 0.0037 -0.0000 -1.0000
vn 0.0026 0.7071 -0.7071
vn -0.0000 0.7071 -0.7071
vn -0.0000 0.7071 -0.7071
vn 0.0026 0.7071 -0.7071
vn -0.0000 1.0000 0.0000
vn 0.0000 1.0000 0.0000
vn -0.0000 1.0000 0.0000
vn -0.0000 1.0000 0.0000
vn -0.0053 0.7071 0.7071
vn -0.0026 0.7071 0.7071
vn -0.0026 0.7071 0.7071
vn -0.0053 0.7071 0.7071
vn -0.0075 0.0000 1.0000
vn -0.0037 0.0000 1.0000
vn -0.0037 0.0000 1.0000
vn -0.0075 0.0000 1.0000
vn -0.0053 -0.7071 0.7071
vn -0.0026 -0.7071 0.7071
vn -0.0026 -0.7071 0.7071
vn -0.0053 -0.7071 0.7071
vn -0.0000 -1.0000 0.0000
vn -0.0000 -1.0000 0.0000
vn -0.0000 -1.0000 0.0000
vn -0.0000 -1.0000 0.0000
vn 0.0053 -0.7071 -0.7071
vn 0.0026 -0.7071 -0.7071
vn 0.0026 -0.7071 -0.7071
vn 0.0053 -0.7071 -0.7071
vn 0.0075 -0.0000 -1.0000
vn 0.0037 -0.0000 -1.0000
vn 0.0037 -0.0000 -1.0000
vn 0.0075 -0.0000 -1.0000
vn 0.0053 0.7071 -0.7071
vn 0.0026 0.7071 -0.7071
vn 0.0026 0.7071 -0.7071
vn 0.0053 0.7071 -0.7071
vn -0.0000 1.0000 0.0000
vn -0.0000 1.0000 0.0000
vn -0.0000 1.0000 0.0000
vn -0.0000 1.0000 0.0000
vn -0.0079 0.7071 0.7071
vn -0.0053 0.7071 0.7071
vn -0.0053 0.7071 0.7071
vn -0.0079 0.7071 0.7071
vn -0.0112 0.0000 0.9999
vn -0.0075 0.0000 1.0000
vn -0.0075 0.0000 1.0000
vn -0.0112 0.0000 0.9999
vn -0.0079 -0.7071 0.7071
vn -0.0053 -0.7071 0.7071
vn -0.0053 -0.7071 0.7071
vn -0.0079 -0.7071 0.7071
vn -0.0000 -1.0000 0.0000
vn -0.0000 -1.0000 0.0000
vn -0.0000 -1.0000 0.0000
vn -0.0000 -1.0000 0.0000
vn 0.0079 -0.7071 -0.7071
vn 0.0053 -0.7071 -0.7071
vn 0.0053 -0.7071 -0.7071
vn 0.0079 -0.7071 -0.7071
vn 0.0112 -0.0000 -0.9999
vn 0.0075 -0.0000 -1.0000
vn 0.0075 -0.0000 -1.0000
vn 0.0112 -0.0000 -0.9999
vn 0.0079 0.7071 -0.7071
vn 0.0053 0.7071 -0.7071
vn 0.0053 0.7071 -0.7071
vn 0.0079 0.7071 -0.7071
vn -0.0000 1.0000 0.0000
vn -0.0000 1.0000 0.0000
vn -0.0000 1.0000 0.0000
vn -0.0000 1.0000 0.0000
vn -0.0106 0.7071 0.7070
vn -0.0079 0.7071 0.7071
vn -0.0079 0.7071 0.7071
vn -0.0106 0.7071 0.7070
vn -0.0150 0.0000 0.9999
vn -0.0112 0.0000 0.9999
vn -0.0112 0.0000 0.9999
vn -0.0150 0.0000 0.9999
vn -0.0106 -0.7071 0.7070
vn -0.0079 -0.7071 0.7071
vn -0.0079 -0.7071 0.7071
vn -0.0106 -0.7071 0.7070
vn -0.0000 -1.0000 0.0000
vn -0.0000 -1.0000 0.0000
vn -0.0000 -1.0000 0.0000
vn -0.0000 -1.0000 0.0000
vn 0.0106 -0.7071 -0.7070
vn 0.0079 -0.7071 -0.7071
vn 0.0079 -0.7071 -0.7071
vn 0.0106 -0.7071 -0.7070
vn 0.0150 -0.0000 -0.9999
vn 0.0112 -0.0000 -0.9999
vn 0.0112 -0.0000 -0.9999
vn 0.0150 -0.0000 -0.9999
vn 0.0106 0.7071 -0.7070
vn 0.0079 0.7071 -0.7071
vn 0.0079 0.7071 -0.7071
vn 0.0106 0.7071 -0.7070
vn -0.0000 1.0000 0.0000
vn -0.0000 1.0000 0.0000
vn -0.0000 1.0000 0.0000
vn -0.0000 1.0000 0.0000
vn -0.0132 0.7071 0.7070
vn -0.0106 0.7071 0.7070
vn -0.0106 0.7071 0.7070
vn -0.0132 0.7071 0.7070
vn -0.0187 0.0000 0.9998
vn -0.0150 0.0000 0.9999
vn -0.0150 0.0000 0.9999
vn -0.0187 0.0000 0.9998
vn -0.0132 -0.7071 0.7070
vn -0.0106 -0.7071 0.7070
vn -0.0106 -0.7071 0.7070
vn -0.0132 -0.7071 0.7070
vn -0.0000 -1.0000 0.0000
vn -0.0000 -1.0000 0.0000
vn -0.0000 -1.0000 0.0000
vn -0.0000 -1.0000 0.0000
vn 0.0132 -0.7071 -0.7070
vn 0.0106 -0.7071 -0.7070
vn 0.0106 -0.7071 -0.7070
vn 0.0132 -0.7071 -0.7070
vn 0.0187 -0.0000 -0.9998
vn 0.0150 -0.0000 -0.9999
vn 0.0150 -0.0000 -0.9999
vn 0.0187 -0.0000 -0.9998
vn 0.0132 0.7071 -0.7070
vn 0.0106 0.7071 -0.7070
vn 0.0106 0.7071 -0.7070
vn 0.0132 0.7071 -0.7070
vn -0.0000 1.0000 0.0000
vn -0.0000 1.0000 0.0000
vn -0.0000 1.0000 0.0000
vn -0.0000 1.0000 0.0000
vn -0.0159 0.7071 0.7069
vn -0.0132 0.7071 0.7070
vn -0.0132 0.7071 0.7070
vn -0.0159 0.7071 0.7069
vn -0.0225 0.0000 0.9997
vn -0.0187 0.0000 0.9998
vn -0.0187 0.0000 0.9998
vn -0.0225 0.0000 0.9997
vn -0.0159 -0.7071 0.7069
vn -0.0132 -0.7071 0.7070
vn -0.0132 -0.7071 0.7070
vn -0.0159 -0.7071 0.7069
vn -0.0000 -1.0000 0.0000
vn -0.0000 -1.0000 0.0000
vn -0.0000 -1.0000 0.0000
vn -0.0000 -1.0000 0.0000
vn 0.0159 -0.7071 -0.7069
vn 0.0132 -0.7071 -0.7070
vn 0.0132 -0.7071 -0.7070
vn 0.0159 -0.7071 -0.7069
vn 0.0225 -0.0000 -0.9997
vn 0.0187 -0.0000 -0.9998
vn 0.0187 -0.0000 -0.9998
vn 0.0225 -0.0000 -0.9997
vn 0.0159 0.7071 -0.7069
vn 0.0132 0.7071 -0.7070
vn 0.0132 0.7071 -0.7070
vn 0.0159 0.7071 -0.7069
vn -0.0000 1.0000 0.0000
vn -0.0000 1.0000 0.0000
vn -0.0000 1.0000 0.0000
vn -0.0000 1.0000 0.0000
vn -0.0185 0.7071 0.7069
vn -0.0159 0.7071 0.7069
vn -0.0159 0.7071 0.7069
vn -0.0185 0.7071 0.7069
vn -0.0262 0.0000 0.9997
vn -0.0225 0.0000 0.9997
vn -0.0225 0.0000 0.9997
vn -0.0262 0.0000 0.9997
vn -0.0185 -0.7071 0.7069
vn -0.0159 -0.7071 0.7069
vn -0.0159 -0.7071 0.7069
vn -0.0185 -0.7071 0.7069
vn -0.0000 -1.0000 0.0000
vn -0.0000 -1.0000 0.0000
vn -0.0000 -1.0000 0.0000
vn -0.0000 -1.0000 0.0000
vn 0.0185 -0.7071 -0.7069
vn 0.0159 -0.7071 -0.7069
vn 0.0159 -0.7071 -0.7069
vn 0.0185 -0.7071 -0.7069
vn 0.0262 -0.0000 -0.9997
vn 0.0225 -0.0000 -0.9997
vn 0.0225 -0.0000 -0.9997
vn 0.0262 -0.0000 -0.9997
vn 0.0185 0.7071 -0.7069
vn 0.0159 0.7071 -0.7069
vn 0.0159 0.7071 -0.7069
vn 0.0185 0.7071 -0.7069
vn -0.0000 1.0000 0.0000
vn -0.0000 1.0000 0.0000
vn -0.0000 1.0000 0.0000
vn -0.0000 1.0000 0.0000
vn -0.0212 0.7071 0.7068
vn -0.0185 0.7071 0.7069
vn -0.0185 0.7071 0.7069
vn -0.0212 0.7071 0.7068
vn -0.0300 0.0000 0.9996
vn -0.0262 0.0000 0.9997
vn -0.0262 0.0000 0.9997
vn -0.0300 0.0000 0.9996
vn -0.0212 -0.7071 0.7068
vn -0.0185 -0.7071 0.7069
vn -0.0185 -0.7071 0.7069
vn -0.0212 -0.7071 0.7068
vn -0.0000 -1.0000 0.0000
vn -0.0000 -1.0000 0.0000
vn -0.0000 -1.0000 0.0000
vn -0.0000 -1.0000 0.0000
vn 0.0212 -0.7071 -0.7068
vn 0.0185 -0.7071 -0.7069
vn 0.0185 -0.7071 -0.7069
vn 0.0212 -0.7071 -0.7068
vn 0.0300 -0.0000 -0.9996
vn 0.0262 -0.0000 -0.9997
vn 0.0262 -0.0000 -0.9997
vn 0.0300 -0.0000 -0.9996
vn 0.0212 0.7071 -0.7068
vn 0.0185 0.7071 -0.7069
vn 0.0185 0.7071 -0.7069
vn 0.0212 0.7071 -0.7068
vn -0.0000 1.0000 0.0000
vn -0.0000 1.0000 0.0000
vn -0.0000 1.0000 0.0000
vn -0.0000 1.0000 0.0000
vn -0.0238 0.7071 0.7067
vn -0.0212 0.7071 0.7068
vn -0.0212 0.7071 0.7068
vn -0.0238 0.7071 0.7067
vn -0.0337 0.0000 0.9994
vn -0.0300 0.0000 0.9996
vn -0.0300 0.0000 0.9996
vn -0.0337 0.0000 0.9994
vn -0.0238 -0.7071 0.7067
vn -0.0212 -0.7071 0.7068
vn -0.0212 -0.7071 0.7068
vn -0.0238 -0.7071 0.7067
vn -0.0000 -1.0000 0.0000
vn -0.0000 -1.0000 0.0000
vn -0.0000 -1.0000 0.0000
vn -0.0000 -1.0000 0.0000
vn 0.0238 -0.7071 -0.7067
vn 0.0212 -0.7071 -0.7068
vn 0.0212 -0.7071 -0.7068
vn 0.0238 -0.7071 -0.7067
vn 0.0337 -0.0000 -0.9994
vn 0.0300 -0.0000 -0.9996
vn 0.0300 -0.0000 -0.9996
vn 0.0337 -0.0000 -0.9994
vn 0.0238 0.7071 -0.7067
vn 0.0212 0.7071 -0.7068
vn 0.0212 0.7071 -0.7068
vn 0.0238 0.7071 -0.7067
vn -0.0000 1.0000 0.0000
vn -0.0000 1.0000 0.0000
vn -0.0000 1.0000 0.0000
vn -0.0000 1.0000 0.0000
vn -0.0265 0.7071 0.7066
vn -0.0238 0.7071 0.7067
vn -0.0238 0.7071 0.7067
vn -0.0265 0.7071 0.7066
vn -0.0375 0.0000 0.9993
vn -0.0337 0.0000 0.9994
vn -0.0337 0.0000 0.9994
vn -0.0375 0.0000 0.9993
vn -0.0265 -0.7071 0.7066
vn -0.0238 -0.7071 0.7067
vn -0.0238 -0.7071 0.7067
vn -0.0265 -0.7071 0.7066
vn -0.0000 -1.0000 0.0000
vn -0.0000 -1.0000 0.0000
vn -0.0000 -1.0000 0.0000
vn -0.0000 -1.0000 0.0000
vn 0.0265 -0.7071 -0.7066
vn 0.0238 -0.7071 -0.7067
vn 0.0238 -0.7071 -0.7067
vn 0.0265 -0.7071 -0.7066
vn 0.0375 -0.0000 -0.9993
vn 0.0337 -0.0000 -0.9994
vn 0.0337 -0.0000 -0.9994
vn 0.0375 -0.0000 -0.9993
vn 0.0265 0.7071 -0.7066
vn 0.0238 0.7071 -0.7067
vn 0.0238 0.7071 -0.7067
vn 0.0265 0.7071 -0.7066
vn -0.0000 1.0000 0.0000
vn -0.0000 1.0000 0.0000
vn -0.0000 1.0000 0.0000
vn -0.0000 1.0000 0.0000
vn -0.0291 0.7071 0.7065
vn -0.0265 0.7071 0.7066
vn -0.0265 0.7071 0.7066
vn -0.0291 0.7071 0.7065
vn -0.0412 0.0000 0.9992
vn -0.0375 0.0000 0.9993
vn -0.0375 0.0000 0.9993
vn -0.0412 0.0000 0.9992
vn -0.0291 -0.7071 0.7065
vn -0.0265 -0.7071 0.7066
vn -0.0265 -0.7071 0.7066
vn -0.0291 -0.7071 0.7065
vn -0.0000 -1.0000 0.0000
vn -0.0000 -1.0000 0.0000
vn -0.0000 -1.0000 0.0000
vn -0.0000 -1.0000 0.0000
vn 0.0291 -0.7071 -0.7065
vn 0.0265 -0.7071 -0.7066
vn 0.0265 -0.7071 -0.7066
vn 0.0291 -0.7071 -0.7065
vn 0.0412 -0.0000 -0.9992
vn 0.0375 -0.0000 -0.9993
vn 0.0375 -0.0000 -0.9993
vn 0.0412 -0.0000 -0.9992
vn 0.0291 0.7071 -0.7065
vn 0.0265 0.7071 -0.7066
vn 0.0265 0.7071 -0.7066
vn 0.0291 0.7071 -0.7065
vn -0.0000 1.0000 0.0000
vn -0.0000 1.0000 0.0000
vn -0.0000 1.0000 0.0000
vn -0.0000 1.0000 0.0000
vn -0.0318 0.7071 0.7064
vn -0.0291 0.7071 0.7065
vn -0.0291 0.7071 0.7065
vn -0.0318 0.7071 0.7064
vn -0.0449 0.0000 0.9990
vn -0.0412 0.0000 0.9992
vn -0.0412 0.0000 0.9992
vn -0.0449 0.0000 0.9990
vn -0.0318 -0.7071 0.7064
vn -0.0291 -0.7071 0.7065
vn -0.0291 -0.7071 0.7065
vn -0.0318 -0.7071 0.7064
vn -0.0000 -1.0000 0.0000
vn -0.0000 -1.0000 0.0000
vn -0.0000 -1.0000 0.0000
vn -0.0000 -1.0000 0.0000
vn 0.0318 -0.7071 -0.7064
vn 0.0291 -0.7071 -0.7065
vn 0.0291 -0.7071 -0.7065
vn 0.0318 -0.7071 -0.7064
vn 0.0449 -0.0000 -0.9990
vn 0.0412 -0.0000 -0.9992
vn 0.0412 -0.0000 -0.9992
vn 0.0449 -0.0000 -0.9990
vn 0.0318 0.7071 -0.7064
vn 0.0291 0.7071 -0.7065
vn 0.0291 0.7071 -0.7065
vn 0.0318 0.7071 -0.7064
vn -0.0000 1.0000 0.0000
vn -0.0000 1.0000 0.0000
vn -0.0000 1.0000 0.0000
vn -0.0000 1.0000 0.0000
vn -0.0344 0.7071 0.7063
vn -0.0318 0.7071 0.7064
vn -0.0318 0.7071 0.7064
vn -0.0344 0.7071 0.7063
vn -0.0487 0.0000 0.9988
vn -0.0449 0.0000 0.9990
vn -0.0449 0.0000 0.9990
vn -0.0487 0.0000 0.9988
vn -0.0344 -0.7071 0.7063
vn -0.0318 -0.7071 0.7064
vn -0.0318 -0.7071 0.7064
vn -0.0344 -0.7071 0.7063
vn -0.0000 -1.0000 0.0000
vn -0.0000 -1.0000 0.0000
vn -0.0000 -1.0000 0.0000
vn -0.0000 -1.0000 0.0000
vn 0.0344 -0.7071 -0.7063
vn 0.0318 -0.7071 -0.7064
vn 0.0318 -0.7071 -0.7064
vn 0.0344 -0.7071 -0.7063
vn 0.0487 -0.0000 -0.9988
vn 0.0449 -0.0000 -0.9990
vn 0.0449 -0.0000 -0.9990
vn 0.0487 -0.0000 -0.9988
vn 0.0344 0.7071 -0.7063
vn 0.0318 0.7071 -0.7064
vn 0.0318 0.7071 -0.7064
vn 0.0344 0.7071 -0.7063
vn -0.0000 1.0000 0.0000
vn -0.0000 1.0000 0.0000
vn -0.0000 1.0000 0.0000
vn -0.0000 1.0000 0.0000
vn -0.0371 0.7071 0.7061
vn -0.0344 0.7071 0.7063
vn -0.0344 0.7071 0.7063
vn -0.0371 0.7071 0.7061
vn -0.0524 0.0000 0.9986
vn -0.0487 0.0000 0.9988
vn -0.0487 0.0000 0.9988
vn -0.0524 0.0000 0.9986
vn -0.0371 -0.7071 0.7061
vn -0.0344 -0.7071 0.7063
vn -0.0344 -0.7071 0.7063
vn -0.0371 -0.7071 0.7061
vn -0.0000 -1.0000 0.0000
vn -0.0000 -1.0000 0.0000
vn -0.0000 -1.0000 0.0000
vn -0.0000 -1.0000 0.0000
vn 0.0371 -0.7071 -0.7061
vn 0.0344 -0.7071 -0.7063
vn 0.0344 -0.7071 -0.7063
vn 0.0371 -0.7071 -0.7061
vn 0.0524 -0.0000 -0.9986
vn 0.0487 -0.0000 -0.9988
vn 0.0487 -0.0000 -0.9988
vn 0.0524 -0.0000 -0.9986
vn 0.0371 0.7071 -0.7061
vn 0.0344 0.7071 -0.7063
vn 0.0344 0.7071 -0.7063
vn 0.0371 0.7071 -0.7061
vn -0.0000 1.0000 0.0000
vn -0.0000 1.0000 0.0000
vn -0.0000 1.0000 0.0000
vn -0.0000 1.0000 0.0000
vn -0.0397 0.7071 0.7060
vn -0.0371 0.7071 0.7061
vn -0.0371 0.7071 0.7061
vn -0.0397 0.7071 0.7060
vn -0.0562 0.0000 0.9984
vn -0.0524 0.0000 0.9986
vn -0.0524 0.0000 0.9986
vn -0.0562 0.0000 0.9984
vn -0.0397 -0.7071 0.7060
vn -0.0371 -0.7071 0.7061
vn -0.0371 -0.7071 0.7061
vn -0.0397 -0.7071 0.7060
vn -0.0000 -1.0000 0.0000
vn -0.0000 -1.0000 0.0000
vn -0.0000 -1.0000 0.0000
vn -0.0000 -1.0000 0.0000
vn 0.0397 -0.7071 -0.7060
vn 0.0371 -0.7071 -0.7061
vn 0.0371 -0.7071 -0.7061
vn 0.0397 -0.7071 -0.7060
vn 0.0562 -0.0000 -0.9984
vn 0.0524 -0.0000 -0.9986
vn 0.0524 -0.0000 -0.9986
vn 0.0562 -0.0000 -0.9984
vn 0.0397 0.7071 -0.7060
vn 0.0371 0.7071 -0.7061
vn 0.0371 0.7071 -0.7061
vn 0.0397 0.7071 -0.7060
vn -0.0000 1.0000 0.0000
vn -0.0000 1.0000 0.0000
vn -0.0000 1.0000 0.0000
vn -0.0000 1.0000 0.0000
vn -0.0423 0.7071 0.7058
vn -0.0397 0.7071 0.7060
vn -0.0397 0.7071 0.7060
vn -0.0423 0.7071 0.7058
vn -0.0599 0.0000 0.9982
vn -0.0562 0.0000 0.9984
vn -0.0562 0.0000 0.9984
vn -0.0599 0.0000 0.9982
vn -0.0423 -0.7071 0.7058
vn -0.0397 -0.7071 0.7060
vn -0.0397 -0.7071 0.7060
vn -0.0423 -0.7071 0.7058
vn -0.0000 -1.0000 0.0000
vn -0.0000 -1.0000 0.0000
vn -0.0000 -1.0000 0.0000
vn -0.0000 -1.0000 0.0000
vn 0.0423 -0.7071 -0.7058
vn 0.0397 -0.7071 -0.7060
vn 0.0397 -0.7071 -0.7060
vn 0.0423 -0.7071 -0.7058
vn 0.0599 -0.0000 -0.9982
vn 0.0562 -0.0000 -0.9984
vn 0.0562 -0.0000 -0.9984
vn 0.0599 -0.0000 -0.9982
vn 0.0423 0.7071 -0.7058
vn 0.0397 0.7071 -0.7060
vn 0.0397 0.7071 -0.7060
vn 0.0423 0.7071 -0.7058
vn -0.0000 1.0000 0.0000
vn -0.0000 1.0000 0.0000
vn -0.0000 1.0000 0.0000
vn -0.0000 1.0000 0.0000
vn -0.0450 0.7071 0.7057
vn -0.0423 0.7071 0.7058
vn -0.0423 0.7071 0.7058
vn -0.0450 0.7071 0.7057
vn -0.0636 0.0000 0.9980
vn -0.0599 0.0000 0.9982
vn -0.0599 0.0000 0.9982
vn -0.0636 0.0000 0.9980
vn -0.0450 -0.7071 0.7057
vn -0.0423 -0.7071 0.7058
vn -0.0423 -0.7071 0.7058
vn -0.0450 -0.7071 0.7057
vn -0.0000 -1.0000 0.0000
vn -0.0000 -1.0000 0.0000
vn -0.0000 -1.0000 0.0000
vn -0.0000 -1.0000 0.0000
vn 0.0450 -0.7071 -0.7057
vn 0.0423 -0.7071 -0.7058
vn 0.0423 -0.7071 -0.7058
vn 0.0450 -0.7071 -0.7057
vn 0.0636 -0.0000 -0.9980
vn 0.0599 -0.0000 -0.9982
vn 0.0599 -0.0000 -0.9982
vn 0.0636 -0.0000 -0.9980
vn 0.0450 0.7071 -0.7057
vn 0.0423 0.7071 -0.7058
vn 0.0423 0.7071 -0.7058
vn 0.0450 0.7071 -0.7057
vn -0.0000 1.0000 0.0000
vn -0.0000 1.0000 0.0000
vn -0.0000 1.0000 0.0000
vn -0.0000 1.0000 0.0000
vn -0.0476 0.7071 0.7055
vn -0.0450 0.7071 0.7057
vn -0.0450 0.7071 0.7057
vn -0.0476 0.7071 0.7055
vn -0.0674 0.0000 0.9977
vn -0.0636 0.0000 0.9980
vn -0.0636 0.0000 0.9980
vn -0.0674 0.0000 0.9977
vn -0.0476 -0.7071 0.7055
vn -0.0450 -0.7071 0.7057
vn -0.0450 -0.7071 0.7057
vn -0.0476 -0.7071 0.7055
vn -0.0000 -1.0000 0.0000
vn -0.0000 -1.0000 0.0000
vn -0.0000 -1.0000 0.0000
vn -0.0000 -1.0000 0.0000
vn 0.0476 -0.7071 -0.7055
vn 0.0450 -0.7071 -0.7057
vn 0.0450 -0.7071 -0.7057
vn 0.0476 -0.7071 -0.7055
vn 0.0674 -0.0000 -0.9977
vn 0.0636 -0.0000 -0.9980
vn 0.0636 -0.0000 -0.9980
vn 0.0674 -0.0000 -0.9977
vn 0.0476 0.7071 -0.7055
vn 0.0450 0.7071 -0.7057
vn 0.0450 0.7071 -0.7057
vn 0.0476 0.7071 -0.7055
vn -0.0000 1.0000 0.0000
vn -0.0000 1.0000 0.0000
vn -0.0000 1.0000 0.0000
vn -0.0000 1.0000 0.0000
vn -0.0503 0.7071 0.7053
vn -0.0476 0.7071 0.7055
vn -0.0476 0.7071 0.7055
vn -0.0503 0.7071 0.7053
vn -0.0711 0.0000 0.9975
vn -0.0674 0.0000 0.9977
vn -0.0674 0.0000 0.9977
vn -0.0711 0.0000 0.9975
vn -0.0503 -0.7071 0.7053
vn -0.0476 -0.7071 0.7055
vn -0.0476 -0.7071 0.7055
vn -0.0503 -0.7071 0.7053
vn -0.0000 -1.0000 0.0000
vn -0.0000 -1.0000 0.0000
vn -0.0000 -1.0000 0.0000
vn -0.0000 -1.0000 0.0000
vn 0.0503 -0.7071 -0.7053
vn 0.0476 -0.7071 -0.7055
vn 0.0476 -0.7071 -0.7055
vn 0.0503 -0.7071 -0.7053
vn 0.0711 -0.0000 -0.9975
vn 0.0674 -0.0000 -0.9977
vn 0.0674 -0.0000 -0.9977
vn 0.0711 -0.0000 -0.9975
vn 0.0503 0.7071 -0.7053
vn 0.0476 0.7071 -0.7055
vn 0.0476 0.7071 -0.7055
vn 0.0503 0.7071 -0.7053
vn -0.0000 1.0000 0.0000
vn -0.0000 1.0000 0.0000
vn -0.0000 1.0000 0.0000
vn -0.0000 1.0000 0.0000
vn -0.0529 0.7071 0.7051
vn -0.0503 0.7071 0.7053
vn -0.0503 0.7071 0.7053
vn -0.0529 0.7071 0.7051
vn -0.0748 0.0000 0.9972
vn -0.0711 0.0000 0.9975
vn -0.0711 0.0000 0.9975
vn -0.0748 0.0000 0.9972
vn -0.0529 -0.7071 0.7051
vn -0.0503 -0.7071 0.7053
vn -0.0503 -0.7071 0.7053
vn -0.0529 -0.7071 0.7051
vn -0.0000 -1.0000 0.0000
vn -0.0000 -1.0000 0.0000
vn -0.0000 -1.0000 0.0000
vn -0.0000 -1.0000 0.0000
vn 0.0529 -0.7071 -0.7051
vn 0.0503 -0.7071 -0.7053
vn 0.0503 -0.7071 -0.7053
vn 0.0529 -0.7071 -0.7051
vn 0.0748 -0.0000 -0.9972
vn 0.0711 -0.0000 -0.9975
vn 0.0711 -0.0000 -0.9975
vn 0.0748 -0.0000 -0.9972
vn 0.0529 0.7071 -0.7051
vn 0.0503 0.7071 -0.7053
vn 0.0503 0.7071 -0.7053
vn 0.0529 0.7071 -0.7051
vn -0.0000 1.0000 0.0000
vn -0.0000 1.0000 0.0000
vn -0.0000 1.0000 0.0000
vn -0.0000 1.0000 0.0000
vn -0.0555 0.7071 0.7049
vn -0.0529 0.7071 0.7051
vn -0.0529 0.7071 0.7051
vn -0.0555 0.7071 0.7049
vn -0.0785 0.0000 0.9969
vn -0.0748 0.0000 0.9972
vn -0.0748 0.0000 0.9972
vn -0.0785 0.0000 0.9969
vn -0.0555 -0.7071 0.7049
vn -0.0529 -0.7071 0.7051
vn -0.0529 -0.7071 0.7051
vn -0.0555 -0.7071 0.7049
vn -0.0000 -1.0000 0.0000
vn -0.0000 -1.0000 0.0000
vn -0.0000 -1.0000 0.0000
vn -0.0000 -1.0000 0.0000
vn 0.0555 -0.7071 -0.7049
vn 0.0529 -0.7071 -0.7051
vn 0.0529 -0.7071 -0.7051
vn 0.0555 -0.7071 -0.7049
vn 0.0785 -0.0000 -0.9969
vn 0.0748 -0.0000 -0.9972
vn 0.0748 -0.0000 -0.9972
vn 0.0785 -0.0000 -0.9969
vn 0.0555 0.7071 -0.7049
vn 0.0529 0.7071 -0.7051
vn 0.0529 0.7071 -0.7051
vn 0.0555 0.7071 -0.7049
vn -0.0000 1.0000 0.0000
vn -0.0000 1.0000 0.0000
vn -0.0000 1.0000 0.0000
vn -0.0000 1.0000 0.0000
vn -0.0582 0.7071 0.7047
vn -0.0555 0.7071 0.7049
vn -0.0555 0.7071 0.7049
vn -0.0582 0.7071 0.7047
vn -0.0823 0.0000 0.9966
vn -0.0785 0.0000 0.9969
vn -0.0785 0.0000 0.9969
vn -0.0823 0.0000 0.9966
vn -0.0582 -0.7071 0.7047
vn -0.0555 -0.7071 0.7049
vn -0.0555 -0.7071 0.7049
vn -0.0582 -0.7071 0.7047
vn -0.0000 -1.0000 0.0000
vn -0.0000 -1.0000 0.0000
vn -0.0000 -1.0000 0.0000
vn -0.0000 -1.0000 0.0000
vn 0.0582 -0.7071 -0.7047
vn 0.0555 -0.7071 -0.7049
vn 0.0555 -0.7071 -0.7049
vn 0.0582 -0.7071 -0.7047
vn 0.0823 -0.0000 -0.9966
vn 0.0785 -0.0000 -0.9969
vn 0.0785 -0.0000 -0.9969
vn 0.0823 -0.0000 -0.9966
vn 0.0582 0.7071 -0.7047
vn 0.0555 0.7071 -0.7049
vn 0.0555 0.7071 -0.7049
vn 0.0582 0.7071 -0.7047
vn -0.0000 1.0000 0.0000
vn -0.0000 1.0000 0.0000
vn -0.0000 1.0000 0.0000
vn -0.0000 1.0000 0.0000
vn -0.0608 0.7071 0.7045
vn -0.0582 0.7071 0.7047
vn -0.0582 0.7071 0.7047
vn -0.0608 0.7071 0.7045
vn -0.0860 0.0000 0.9963
vn -0.0823 0.0000 0.9966
vn -0.0823 0.0000 0.9966
vn -0.0860 0.0000 0.9963
vn -0.0608 -0.7071 0.7045
vn -0.0582 -0.7071 0.7047
vn -0.0582 -0.7071 0.7047
vn -0.0608 -0.7071 0.7045
vn -0.0000 -1.0000 0.0000
vn -0.0000 -1.0000 0.0000
vn -0.0000 -1.0000 0.0000
vn -0.0000 -1.0000 0.0000
vn 0.0608 -0.7071 -0.7045
vn 0.0582 -0.7071 -0.7047
vn 0.0582 -0.7071 -0.7047
vn 0.0608 -0.7071 -0.7045
vn 0.0860 -0.0000 -0.9963
vn 0.0823 -0.0000 -0.9966
vn 0.0823 -0.0000 -0.9966
vn 0.0860 -0.0000 -0.9963
vn 0.0608 0.7071 -0.7045
vn 0.0582 0.7071 -0.7047
vn 0.0582 0.7071 -0.7047
vn 0.0608 0.7071 -0.7045
vn -0.0000 1.0000 0.0000
vn -0.0000 1.0000 0.0000
vn -0.0000 1.0000 0.0000
vn -0.0000 1.0000 0.0000
vn -0.0621 0.7071 0.7044
vn -0.0608 0.7071 0.7045
vn -0.0608 0.7071 0.7045
vn -0.0621 0.7071 0.7044
vn -0.0878 0.0000 0.9961
vn -0.0860 0.0000 0.9963
vn -0.0860 0.0000 0.9963
vn -0.0878 0.0000 0.9961
vn -0.0621 -0.7071 0.7044
vn -0.0608 -0.7071 0.7045
vn -0.0608 -0.7071 0.7045
vn -0.0621 -0.7071 0.7044
vn -0.0000 -1.0000 0.0000
vn -0.0000 -1.0000 0.0000
vn -0.0000 -1.0000 0.0000
vn -0.0000 -1.0000 0.0000
vn 0.0621 -0.7071 -0.7044
vn 0.0608 -0.7071 -0.7045
vn 0.0608 -0.7071 -0.7045
vn 0.0621 -0.7071 -0.7044
vn 0.0878 -0.0000 -0.9961
vn 0.0860 -0.0000 -0.9963
vn 0.0860 -0.0000 -0.9963
vn 0.0878 -0.0000 -0.9961
vn 0.0621 0.7071 -0.7044
vn 0.0608 0.7071 -0.7045
vn 0.0608 0.7071 -0.7045
vn 0.0621 0.7071 -0.7044
vn -0.0000 1.0000 0.0000
vn -0.0000 1.0000 0.0000
vn -0.9961 -0.0000 0.0878
vn 0.9961 0.0000 0.0878
vn 0.0000 1.0000 0.0000
vn 0.0000 1.0000 0.0000
vn 0.0608 0.7071 0.7045
vn 0.0621 0.7071 0.7044
vn 0.0621 0.7071 0.7044
vn 0.0608 0.7071 0.7045
vn 0.0860 0.0000 0.9963
vn 0.0878 0.0000 0.9961
vn 0.0878 0.0000 0.9961
vn 0.0860 0.0000 0.9963
vn 0.0608 -0.7071 0.7045
vn 0.0621 -0.7071 0.7044
vn 0.0621 -0.7071 0.7044
vn 0.0608 -0.7071 0.7045
vn 0.0000 -1.0000 0.0000
vn 0.0000 -1.0000 0.0000
vn 0.0000 -1.0000 0.0000
vn 0.0000 -1.0000 0.0000
vn -0.0608 -0.7071 -0.7045
vn -0.0621 -0.7071 -0.7044
vn -0.0621 -0.7071 -0.7044
vn -0.0608 -0.7071 -0.7045
vn -0.0860 -0.0000 -0.9963
vn -0.0878 -0.0000 -0.9961
vn -0.0878 -0.0000 -0.9961
vn -0.0860 -0.0000 -0.9963
vn -0.0608 0.7071 -0.7045
vn -0.0621 0.7071 -0.7044
vn -0.0621 0.7071 -0.7044
vn -0.0608 0.7071 -0.7045
vn 0.0000 1.0000 0.0000
vn 0.0000 1.0000 0.0000
vn 0.0000 1.0000 0.0000
vn 0.0000 1.0000 0.0000
vn 0.0582 0.7071 0.7047
vn 0.0608 0.7071 0.7045
vn 0.0608 0.7071 0.7045
vn 0.0582 0.7071 0.7047
vn 0.0823 0.0000 0.9966
vn 0.0860 0.0000 0.9963
vn 0.0860 0.0000 0.9963
vn 0.0823 0.0000 0.9966
vn 0.0582 -0.7071 0.7047
vn 0.0608 -0.7071 0.7045
vn 0.0608 -0.7071 0.7045
vn 0.0582 -0.7071 0.7047
vn 0.0000 -1.0000 0.0000
vn 0.0000 -1.0000 0.0000
vn 0.0000 -1.0000 0.0000
vn 0.0000 -1.0000 0.0000
vn -0.0582 -0.7071 -0.7047
vn -0.0608 -0.7071 -0.7045
vn -0.0608 -0.7071 -0.7045
vn -0.0582 -0.7071 -0.7047
vn -0.0823 -0.0000 -0.9966
vn -0.0860 -0.0000 -0.9963
vn -0.0860 -0.0000 -0.9963
vn -0.0823 -0.0000 -0.9966
vn -0.0582 0.7071 -0.7047
vn -0.0608 0.7071 -0.7045
vn -0.0608 0.7071 -0.7045
vn -0.0582 0.7071 -0.7047
vn 0.0000 1.0000 0.0000
vn 0.0000 1.0000 0.0000
vn 0.0000 1.0000 0.0000
vn 0.0000 1.0000 0.0000
vn 0.0555 0.7071 0.7049
vn 0.0582 0.7071 0.7047
vn 0.0582 0.7071 0.7047
vn 0.0555 0.7071 0.7049
vn 0.0785 0.0000 0.9969
vn 0.0823 0.0000 0.9966
vn 0.0823 0.0000 0.9966
vn 0.0785 0.0000 0.9969
vn 0.0555 -0.7071 0.7049
vn 0.0582 -0.7071 0.7047
vn 0.0582 -0.7071 0.7047
vn 0.0555 -0.7071 0.7049
vn 0.0000 -1.0000 0.0000
vn 0.0000 -1.0000 0.0000
vn 0.0000 -1.0000 0.0000
vn 0.0000 -1.0000 0.0000
vn -0.0555 -0.7071 -0.7049
vn -0.0582 -0.7071 -0.7047
vn -0.0582 -0.7071 -0.7047
vn -0.0555 -0.7071 -0.7049
vn -0.0785 -0.0000 -0.9969
vn -0.0823 -0.0000 -0.9966
vn -0.0823 -0.0000 -0.9966
vn -0.0785 -0.0000 -0.9969
vn -0.0555 0.7071 -0.7049
vn -0.0582 0.7071 -0.7047
vn -0.0582 0.7071 -0.7047
vn -0.0555 0.7071 -0.7049
vn 0.0000 1.0000 0.0000
vn 0.0000 1.0000 0.0000
vn 0.0000 1.0000 0.0000
vn 0.0000 1.0000 0.0000
vn 0.0529 0.7071 0.7051
vn 0.0555 0.7071 0.7049
vn 0.0555 0.7071 0.7049
vn 0.0529 0.7071 0.7051
vn 0.0748 0.0000 0.9972
vn 0.0785 0.0000 0.9969
vn 0.0785 0.0000 0.9969
vn 0.0748 0.0000 0.9972
vn 0.0529 -0.7071 0.7051
vn 0.0555 -0.7071 0.7049
vn 0.0555 -0.7071 0.7049
vn 0.0529 -0.7071 0.7051
vn 0.0000 -1.0000 0.0000
vn 0.0000 -1.0000 0.0000
vn 0.0000 -1.0000 0.0000
vn 0.0000 -1.0000 0.0000
vn -0.0529 -0.7071 -0.7051
vn -0.0555 -0.7071 -0.7049
vn -0.0555 -0.7071 -0.7049
vn -0.0529 -0.7071 -0.7051
vn -0.0748 -0.0000 -0.9972
vn -0.0785 -0.0000 -0.9969
vn -0.0785 -0.0000 -0.9969
vn -0.0748 -0.0000 -0.9972
vn -0.0529 0.7071 -0.7051
vn -0.0555 0.7071 -0.7049
vn -0.0555 0.7071 -0.7049
vn -0.0529 0.7071 -0.7051
vn 0.0000 1.0000 0.0000
vn 0.0000 1.0000 0.0000
vn 0.0000 1.0000 0.0000
vn 0.0000 1.0000 0.0000
vn 0.0503 0.7071 0.7053
vn 0.0529 0.7071 0.7051
vn 0.0529 0.7071 0.7051
vn 0.0503 0.7071 0.7053
vn 0.0711 0.0000 0.9975
vn 0.0748 0.0000 0.9972
vn 0.0748 0.0000 0.9972
vn 0.0711 0.0000 0.9975
vn 0.0503 -0.7071 0.7053
vn 0.0529 -0.7071 0.7051
vn 0.0529 -0.7071 0.7051
vn 0.0503 -0.7071 0.7053
vn 0.0000 -1.0000 0.0000
vn 0.0000 -1.0000 0.0000
vn 0.0000 -1.0000 0.0000
vn 0.0000 -1.0000 0.0000
vn -0.0503 -0.7071 -0.7053
vn -0.0529 -0.7071 -0.7051
vn -0.0529 -0.7071 -0.7051
vn -0.0503 -0.7071 -0.7053
vn -0.0711 -0.0000 -0.9975
vn -0.0748 -0.0000 -0.9972
vn -0.0748 -0.0000 -0.9972
vn -0.0711 -0.0000 -0.9975
vn -0.0503 0.7071 -0.7053
vn -0.0529 0.7071 -0.7051
vn -0.0529 0.7071 -0.7051
vn -0.0503 0.7071 -0.7053
vn 0.0000 1.0000 0.0000
vn 0.0000 1.0000 0.0000
vn 0.0000 1.0000 0.0000
vn 0.0000 1.0000 0.0000
vn 0.0476 0.7071 0.7055
vn 0.0503 0.7071 0.7053
vn 0.0503 0.7071 0.7053
vn 0.0476 0.7071 0.7055
vn 0.0674 0.0000 0.9977
vn 0.0711 0.0000 0.9975
vn 0.0711 0.0000 0.9975
vn 0.0674 0.0000 0.9977
vn 0.0476 -0.7071 0.7055
vn 0.0503 -0.7071 0.7053
vn 0.0503 -0.7071 0.7053
vn 0.0476 -0.7071 0.7055
vn 0.0000 -1.0000 0.0000
vn 0.0000 -1.0000 0.0000
vn 0.0000 -1.0000 0.0000
vn 0.0000 -1.0000 0.0000
vn -0.0476 -0.7071 -0.7055
vn -0.0503 -0.7071 -0.7053
vn -0.0503 -0.7071 -0.7053
vn -0.0476 -0.7071 -0.7055
vn -0.0674 -0.0000 -0.9977
vn -0.0711 -0.0000 -0.9975
vn -0.0711 -0.0000 -0.9975
vn -0.0674 -0.0000 -0.9977
vn -0.0476 0.7071 -0.7055
vn -0.0503 0.7071 -0.7053
vn -0.0503 0.7071 -0.7053
vn -0.0476 0.7071 -0.7055
vn 0.0000 1.0000 0.0000
vn 0.0000 1.0000 0.0000
vn 0.0000 1.0000 0.0000
vn 0.0000 1.0000 0.0000
vn 0.0450 0.7071 0.7057
vn 0.0476 0.7071 0.7055
vn 0.0476 0.7071 0.7055
vn 0.0450 0.7071 0.7057
vn 0.0636 0.0000 0.9980
vn 0.0674 0.0000 0.9977
vn 0.0674 0.0000 0.9977
vn 0.0636 0.0000 0.9980
vn 0.0450 -0.7071 0.7057
vn 0.0476 -0.7071 0.7055
vn 0.0476 -0.7071 0.7055
vn 0.0450 -0.7071 0.7057
vn 0.0000 -1.0000 0.0000
vn 0.0000 -1.0000 0.0000
vn 0.0000 -1.0000 0.0000
vn 0.0000 -1.0000 0.0000
vn -0.0450 -0.7071 -0.7057
vn -0.0476 -0.7071 -0.7055
vn -0.0476 -0.7071 -0.7055
vn -0.0450 -0.7071 -0.7057
vn -0.0636 -0.0000 -0.9980
vn -0.0674 -0.0000 -0.9977
vn -0.0674 -0.0000 -0.9977
vn -0.0636 -0.0000 -0.9980
vn -0.0450 0.7071 -0.7057
vn -0.0476 0.7071 -0.7055
vn -0.0476 0.7071 -0.7055
vn -0.0450 0.7071 -0.7057
vn 0.0000 1.0000 0.0000
vn 0.0000 1.0000 0.0000
vn 0.0000 1.0000 0.0000
vn 0.0000 1.0000 0.0000
vn 0.0423 0.7071 0.7058
vn 0.0450 0.7071 0.7057
vn 0.0450 0.7071 0.7057
vn 0.0423 0.7071 0.7058
vn 0.0599 0.0000 0.9982
vn 0.0636 0.0000 0.9980
vn 0.0636 0.0000 0.9980
vn 0.0599 0.0000 0.9982
vn 0.0423 -0.7071 0.7058
vn 0.0450 -0.7071 0.7057
vn 0.0450 -0.7071 0.7057
vn 0.0423 -0.7071 0.7058
vn 0.0000 -1.0000 0.0000
vn 0.0000 -1.0000 0.0000
vn 0.0000 -1.0000 0.0000
vn 0.0000 -1.0000 0.0000
vn -0.0423 -0.7071 -0.7058
vn -0.0450 -0.7071 -0.7057
vn -0.0450 -0.7071 -0.7057
vn -0.0423 -0.7071 -0.7058
vn -0.0599 -0.0000 -0.9982
vn -0.0636 -0.0000 -0.9980
vn -0.0636 -0.0000 -0.9980
vn -0.0599 -0.0000 -0.9982
vn -0.0423 0.7071 -0.7058
vn -0.0450 0.7071 -0.7057
vn -0.0450 0.7071 -0.7057
vn -0.0423 0.7071 -0.7058
vn 0.0000 1.0000 0.0000
vn 0.0000 1.0000 0.0000
vn 0.0000 1.0000 0.0000
vn 0.0000 1.0000 0.0000
vn 0.0397 0.7071 0.7060
vn 0.0423 0.7071 0.7058
vn 0.0423 0.7071 0.7058
vn 0.0397 0.7071 0.7060
vn 0.0562 0.0000 0.9984
vn 0.0599 0.0000 0.9982
vn 0.0599 0.0000 0.9982
vn 0.0562 0.0000 0.9984
vn 0.0397 -0.7071 0.7060
vn 0.0423 -0.7071 0.7058
vn 0.0423 -0.7071 0.7058
vn 0.0397 -0.7071 0.7060
vn 0.0000 -1.0000 0.0000
vn 0.0000 -1.0000 0.0000
vn 0.0000 -1.0000 0.0000
vn 0.0000 -1.0000 0.0000
vn -0.0397 -0.7071 -0.7060
vn -0.0423 -0.7071 -0.7058
vn -0.0423 -0.7071 -0.7058
vn -0.0397 -0.7071 -0.7060
vn -0.0562 -0.0000 -0.9984
vn -0.0599 -0.0000 -0.9982
vn -0.0599 -0.0000 -0.9982
vn -0.0562 -0.0000 -0.9984
vn -0.0397 0.7071 -0.7060
vn -0.0423 0.7071 -0.7058
vn -0.0423 0.7071 -0.7058
vn -0.0397 0.7071 -0.7060
vn 0.0000 1.0000 0.0000
vn 0.0000 1.0000 0.0000
vn 0.0000 1.0000 0.0000
vn 0.0000 1.0000 0.0000
vn 0.0371 0.7071 0.7061
vn 0.0397 0.7071 0.7060
vn 0.0397 0.7071 0.7060
vn 0.0371 0.7071 0.7061
vn 0.0524 0.0000 0.9986
vn 0.0562 0.0000 0.9984
vn 0.0562 0.0000 0.9984
vn 0.0524 0.0000 0.9986
vn 0.0371 -0.7071 0.7061
vn 0.0397 -0.7071 0.7060
vn 0.0397 -0.7071 0.7060
vn 0.0371 -0.7071 0.7061
vn 0.0000 -1.0000 0.0000
vn 0.0000 -1.0000 0.0000
vn 0.0000 -1.0000 0.0000
vn 0.0000 -1.0000 0.0000
vn -0.0371 -0.7071 -0.7061
vn -0.0397 -0.7071 -0.7060
vn -0.0397 -0.7071 -0.7060
vn -0.0371 -0.7071 -0.7061
vn -0.0524 -0.0000 -0.9986
vn -0.0562 -0.0000 -0.9984
vn -0.0562 -0.0000 -0.9984
vn -0.0524 -0.0000 -0.9986
vn -0.0371 0.7071 -0.7061
vn -0.0397 0.7071 -0.7060
vn -0.0397 0.7071 -0.7060
vn -0.0371 0.7071 -0.7061
vn 0.0000 1.0000 0.0000
vn 0.0000 1.0000 0.0000
vn 0.0000 1.0000 0.0000
vn 0.0000 1.0000 0.0000
vn 0.0344 0.7071 0.7063
vn 0.0371 0.7071 0.7061
vn 0.0371 0.7071 0.7061
vn 0.0344 0.7071 0.7063
vn 0.0487 0.0000 0.9988
vn 0.0524 0.0000 0.9986
vn 0.0524 0.0000 0.9986
vn 0.0487 0.0000 0.9988
vn 0.0344 -0.7071 0.7063
vn 0.0371 -0.7071 0.7061
vn 0.0371 -0.7071 0.7061
vn 0.0344 -0.7071 0.7063
vn 0.0000 -1.0000 0.0000
vn 0.0000 -1.0000 0.0000
vn 0.0000 -1.0000 0.0000
vn 0.0000 -1.0000 0.0000
vn -0.0344 -0.7071 -0.7063
vn -0.0371 -0.7071 -0.7061
vn -0.0371 -0.7071 -0.7061
vn -0.0344 -0.7071 -0.7063
vn -0.0487 -0.0000 -0.9988
vn -0.0524 -0.0000 -0.9986
vn -0.0524 -0.0000 -0.9986
vn -0.0487 -0.0000 -0.9988
vn -0.0344 0.7071 -0.7063
vn -0.0371 0.7071 -0.7061
vn -0.0371 0.7071 -0.7061
vn -0.0344 0.7071 -0.7063
vn 0.0000 1.0000 0.0000
vn 0.0000 1.0000 0.0000
vn 0.0000 1.0000 0.0000
vn 0.0000 1.0000 0.0000
vn 0.0318 0.7071 0.7064
vn 0.0344 0.7071 0.7063
vn 0.0344 0.7071 0.7063
vn 0.0318 0.7071 0.7064
vn 0.0449 0.0000 0.9990
vn 0.0487 0.0000 0.9988
vn 0.0487 0.0000 0.9988
vn 0.0449 0.0000 0.9990
vn 0.0318 -0.7071 0.7064
vn 0.0344 -0.7071 0.7063
vn 0.0344 -0.7071 0.7063
vn 0.0318 -0.7071 0.7064
vn 0.0000 -1.0000 0.0000
vn 0.0000 -1.0000 0.0000
vn 0.0000 -1.0000 0.0000
vn 0.0000 -1.0000 0.0000
vn -0.0318 -0.7071 -0.7064
vn -0.0344 -0.7071 -0.7063
vn -0.0344 -0.7071 -0.7063
vn -0.0318 -0.7071 -0.7064
vn -0.0449 -0.0000 -0.9990
vn -0.0487 -0.0000 -0.9988
vn -0.0487 -0.0000 -0.9988
vn -0.0449 -0.0000 -0.9990
vn -0.0318 0.7071 -0.7064
vn -0.0344 0.7071 -0.7063
vn -0.0344 0.7071 -0.7063
vn -0.0318 0.7071 -0.7064
vn 0.0000 1.0000 0.0000
vn 0.0000 1.0000 0.0000
vn 0.0000 1.0000 0.0000
vn 0.0000 1.0000 0.0000
vn 0.0291 0.7071 0.7065
vn 0.0318 0.7071 0.7064
vn 0.0318 0.7071 0.7064
vn 0.0291 0.7071 0.7065
vn 0.0412 0.0000 0.9992
vn 0.0449 0.0000 0.9990
vn 0.0449 0.0000 0.9990
vn 0.0412 0.0000 0.9992
vn 0.0291 -0.7071 0.7065
vn 0.0318 -0.7071 0.7064
vn 0.0318 -0.7071 0.7064
vn 0.0291 -0.7071 0.7065
vn 0.0000 -1.0000 0.0000
vn 0.0000 -1.0000 0.0000
vn 0.0000 -1.0000 0.0000
vn 0.0000 -1.0000 0.0000
vn -0.0291 -0.7071 -0.7065
vn -0.0318 -0.7071 -0.7064
vn -0.0318 -0.7071 -0.7064
vn -0.0291 -0.7071 -0.7065
vn -0.0412 -0.0000 -0.9992
vn -0.0449 -0.0000 -0.9990
vn -0.0449 -0.0000 -0.9990
vn -0.0412 -0.0000 -0.9992
vn -0.0291 0.7071 -0.7065
vn -0.0318 0.7071 -0.7064
vn -0.0318 0.7071 -0.7064
vn -0.0291 0.7071 -0.7065
vn 0.0000 1.0000 0.0000
vn 0.0000 1.0000 0.0000
vn 0.0000 1.0000 0.0000
vn 0.0000 1.0000 0.0000
vn 0.0265 0.7071 0.7066
vn 0.0291 0.7071 0.7065
vn 0.0291 0.7071 0.7065
vn 0.0265 0.7071 0.7066
vn 0.0375 0.0000 0.9993
vn 0.0412 0.0000 0.9992
vn 0.0412 0.0000 0.9992
vn 0.0375 0.0000 0.9993
vn 0.0265 -0.7071 0.7066
vn 0.0291 -0.7071 0.7065
vn 0.0291 -0.7071 0.7065
vn 0.0265 -0.7071 0.7066
vn 0.0000 -1.0000 0.0000
vn 0.0000 -1.0000 0.0000
vn 0.0000 -1.0000 0.0000
vn 0.0000 -1.0000 0.0000
vn -0.0265 -0.7071 -0.7066
vn -0.0291 -0.7071 -0.7065
vn -0.0291 -0.7071 -0.7065
vn -0.0265 -0.7071 -0.7066
vn -0.0375 -0.0000 -0.9993
vn -0.0412 -0.0000 -0.9992
vn -0.0412 -0.0000 -0.9992
vn -0.0375 -0.0000 -0.9993
vn -0.0265 0.7071 -0.7066
vn -0.0291 0.7071 -0.7065
vn -0.0291 0.7071 -0.7065
vn -0.0265 0.7071 -0.7066
vn 0.0000 1.0000 0.0000
vn 0.0000 1.0000 0.0000
vn 0.0000 1.0000 0.0000
vn 0.0000 1.0000 0.0000
vn 0.0238 0.7071 0.7067
vn 0.0265 0.7071 0.7066
vn 0.0265 0.7071 0.7066
vn 0.0238 0.7071 0.7067
vn 0.0337 0.0000 0.9994
vn 0.0375 0.0000 0.9993
vn 0.0375 0.0000 0.9993
vn 0.0337 0.0000 0.9994
vn 0.0238 -0.7071 0.7067
vn 0.0265 -0.7071 0.7066
vn 0.0265 -0.7071 0.7066
vn 0.0238 -0.7071 0.7067
vn 0.0000 -1.0000 0.0000
vn 0.0000 -1.0000 0.0000
vn 0.0000 -1.0000 0.0000
vn 0.0000 -1.0000 0.0000
vn -0.0238 -0.7071 -0.7067
vn -0.0265 -0.7071 -0.7066
vn -0.0265 -0.7071 -0.7066
vn -0.0238 -0.7071 -0.7067
vn -0.0337 -0.0000 -0.9994
vn -0.0375 -0.0000 -0.9993
vn -0.0375 -0.0000 -0.9993
vn -0.0337 -0.0000 -0.9994
vn -0.0238 0.7071 -0.7067
vn -0.0265 0.7071 -0.7066
vn -0.0265 0.7071 -0.7066
vn -0.0238 0.7071 -0.7067
vn 0.0000 1.0000 0.0000
vn 0.0000 1.0000 0.0000
vn 0.0000 1.0000 0.0000
vn 0.0000 1.0000 0.0000
vn 0.0212 0.7071 0.7068
vn 0.0238 0.7071 0.7067
vn 0.0238 0.7071 0.7067
vn 0.0212 0.7071 0.7068
vn 0.0300 0.0000 0.9996
vn 0.0337 0.0000 0.9994
vn 0.0337 0.0000 0.9994
vn 0.0300 0.0000 0.9996
vn 0.0212 -0.7071 0.7068
vn 0.0238 -0.7071 0.7067
vn 0.0238 -0.7071 0.7067
vn 0.0212 -0.7071 0.7068
vn 0.0000 -1.0000 0.0000
vn 0.0000 -1.0000 0.0000
vn 0.0000 -1.0000 0.0000
vn 0.0000 -1.0000 0.0000
vn -0.0212 -0.7071 -0.7068
vn -0.0238 -0.7071 -0.7067
vn -0.0238 -0.7071 -0.7067
vn -0.0212 -0.7071 -0.7068
vn -0.0300 -0.0000 -0.9996
vn -0.0337 -0.0000 -0.9994
vn -0.0337 -0.0000 -0.9994
vn -0.0300 -0.0000 -0.9996
vn -0.0212 0.7071 -0.7068
vn -0.0238 0.7071 -0.7067
vn -0.0238 0.7071 -0.7067
vn -0.0212 0.7071 -0.7068
vn 0.0000 1.0000 0.0000
vn 0.0000 1.0000 0.0000
vn 0.0000 1.0000 0.0000
vn 0.0000 1.0000 0.0000
vn 0.0185 0.7071 0.7069
vn 0.0212 0.7071 0.7068
vn 0.0212 0.7071 0.7068
vn 0.0185 0.7071 0.7069
vn 0.0262 0.0000 0.9997
vn 0.0300 0.0000 0.9996
vn 0.0300 0.0000 0.9996
vn 0.0262 0.0000 0.9997
vn 0.0185 -0.7071 0.7069
vn 0.0212 -0.7071 0.7068
vn 0.0212 -0.7071 0.7068
vn 0.0185 -0.7071 0.7069
vn 0.0000 -1.0000 0.0000
vn 0.0000 -1.0000 0.0000
vn 0.0000 -1.0000 0.0000
vn 0.0000 -1.0000 0.0000
vn -0.0185 -0.7071 -0.7069
vn -0.0212 -0.7071 -0.7068
vn -0.0212 -0.7071 -0.7068
vn -0.0185 -0.7071 -0.7069
vn -0.0262 -0.0000 -0.9997
vn -0.0300 -0.0000 -0.9996
vn -0.0300 -0.0000 -0.9996
vn -0.0262 -0.0000 -0.9997
vn -0.0185 0.7071 -0.7069
vn -0.0212 0.7071 -0.7068
vn -0.0212 0.7071 -0.7068
vn -0.0185 0.7071 -0.7069
vn 0.0000 1.0000 0.0000
vn 0.0000 1.0000 0.0000
vn 0.0000 1.0000 0.0000
vn 0.0000 1.0000 0.0000
vn 0.0159 0.7071 0.7069
vn 0.0185 0.7071 0.7069
vn 0.0185 0.7071 0.7069
vn 0.0159 0.7071 0.7069
vn 0.0225 0.0000 0.9997
vn 0.0262 0.0000 0.9997
vn 0.0262 0.0000 0.9997
vn 0.0225 0.0000 0.9997
vn 0.0159 -0.7071 0.7069
vn 0.0185 -0.7071 0.7069
vn 0.0185 -0.7071 0.7069
vn 0.0159 -0.7071 0.7069
vn 0.0000 -1.0000 0.0000
vn 0.0000 -1.0000 0.0000
vn 0.0000 -1.0000 0.0000
vn 0.0000 -1.0000 0.0000
vn -0.0159 -0.7071 -0.7069
vn -0.0185 -0.7071 -0.7069
vn -0.0185 -0.7071 -0.7069
vn -0.0159 -0.7071 -0.7069
vn -0.0225 -0.0000 -0.9997
vn -0.0262 -0.0000 -0.9997
vn -0.0262 -0.0000 -0.9997
vn -0.0225 -0.0000 -0.9997
vn -0.0159 0.7071 -0.7069
vn -0.0185 0.7071 -0.7069
vn -0.0185 0.7071 -0.7069
vn -0.0159 0.7071 -0.7069
vn 0.0000 1.0000 0.0000
vn 0.0000 1.0000 0.0000
vn 0.0000 1.0000 0.0000
vn 0.0000 1.0000 0.0000
vn 0.0132 0.7071 0.7070
vn 0.0159 0.7071 0.7069
vn 0.0159 0.7071 0.7069
vn 0.0132 0.7071 0.7070
vn 0.0187 0.0000 0.9998
vn 0.0225 0.0000 0.9997
vn 0.0225 0.0000 0.9997
vn 0.0187 0.0000 0.9998
vn 0.0132 -0.7071 0.7070
vn 0.0159 -0.7071 0.7069
vn 0.0159 -0.7071 0.7069
vn 0.0132 -0.7071 0.7070
vn 0.0000 -1.0000 0.0000
vn 0.0000 -1.0000 0.0000
vn 0.0000 -1.0000 0.0000
vn 0.0000 -1.0000 0.0000
vn -0.0132 -0.7071 -0.7070
vn -0.0159 -0.7071 -0.7069
vn -0.0159 -0.7071 -0.7069
vn -0.0132 -0.7071 -0.7070
vn -0.0187 -0.0000 -0.9998
vn -0.0225 -0.0000 -0.9997
vn -0.0225 -0.0000 -0.9997
vn -0.0187 -0.0000 -0.9998
vn -0.0132 0.7071 -0.7070
vn -0.0159 0.7071 -0.7069
vn -0.0159 0.7071 -0.7069
vn -0.0132 0.7071 -0.7070
vn 0.0000 1.0000 0.0000
vn 0.0000 1.0000 0.0000
vn 0.0000 1.0000 0.0000
vn 0.0000 1.0000 0.0000
vn 0.0106 0.7071 0.7070
vn 0.0132 0.7071 0.7070
vn 0.0132 0.7071 0.7070
vn 0.0106 0.7071 0.7070
vn 0.0150 0.0000 0.9999
vn 0.0187 0.0000 0.9998
vn 0.0187 0.0000 0.9998
vn 0.0150 0.0000 0.9999
vn 0.0106 -0.7071 0.7070
vn 0.0132 -0.7071 0.7070
vn 0.0132 -0.7071 0.7070
vn 0.0106 -0.7071 0.7070
vn 0.0000 -1.0000 0.0000
vn 0.0000 -1.0000 0.0000
vn 0.0000 -1.0000 0.0000
vn 0.0000 -1.0000 0.0000
vn -0.0106 -0.7071 -0.7070
vn -0.0132 -0.7071 -0.7070
vn -0.0132 -0.7071 -0.7070
vn -0.0106 -0.7071 -0.7070
vn -0.0150 -0.0000 -0.9999
vn -0.0187 -0.0000 -0.9998
vn -0.0187 -0.0000 -0.9998
vn -0.0150 -0.0000 -0.9999
vn -0.0106 0.7071 -0.7070
vn -0.0132 0.7071 -0.7070
vn -0.0132 0.7071 -0.7070
vn -0.0106 0.7071 -0.7070
vn 0.0000 1.0000 0.0000
vn 0.0000 1.0000 0.0000
vn 0.0000 1.0000 0.0000
vn 0.0000 1.0000 0.0000
vn 0.0079 0.7071 0.7071
vn 0.0106 0.7071 0.7070
vn 0.0106 0.7071 0.7070
vn 0.0079 0.7071 0.7071
vn 0.0112 0.0000 0.9999
vn 0.0150 0.0000 0.9999
vn 0.0150 0.0000 0.9999
vn 0.0112 0.0000 0.9999
vn 0.0079 -0.7071 0.7071
vn 0.0106 -0.7071 0.7070
vn 0.0106 -0.7071 0.7070
vn 0.0079 -0.7071 0.7071
vn 0.0000 -1.0000 0.0000
vn 0.0000 -1.0000 0.0000
vn 0.0000 -1.0000 0.0000
vn 0.0000 -1.0000 0.0000
vn -0.0079 -0.7071 -0.7071
vn -0.0106 -0.7071 -0.7070
vn -0.0106 -0.7071 -0.7070
vn -0.0079 -0.7071 -0.7071
vn -0.0112 -0.0000 -0.9999
vn -0.0150 -0.0000 -0.9999
vn -0.0150 -0.0000 -0.9999
vn -0.0112 -0.0000 -0.9999
vn -0.0079 0.7071 -0.7071
vn -0.0106 0.7071 -0.7070
vn -0.0106 0.7071 -0.7070
vn -0.0079 0.7071 -0.7071
vn 0.0000 1.0000 0.0000
vn 0.0000 1.0000 0.0000
vn 0.0000 1.0000 0.0000
vn 0.0000 1.0000 0.0000
vn 0.0053 0.7071 0.7071
vn 0.0079 0.7071 0.7071
vn 0.0079 0.7071 0.7071
vn 0.0053 0.7071 0.7071
vn 0.0075 0.0000 1.0000
vn 0.0112 0.0000 0.9999
vn 0.0112 0.0000 0.9999
vn 0.0075 0.0000 1.0000
vn 0.0053 -0.7071 0.7071
vn 0.0079 -0.7071 0.7071
vn 0.0079 -0.7071 0.7071
vn 0.0053 -0.7071 0.7071
vn 0.0000 -1.0000 0.0000
vn 0.0000 -1.0000 0.0000
vn 0.0000 -1.0000 0.0000
vn 0.0000 -1.0000 0.0000
vn -0.0053 -0.7071 -0.7071
vn -0.0079 -0.7071 -0.7071
vn -0.0079 -0.7071 -0.7071
vn -0.0053 -0.7071 -0.7071
vn -0.0075 -0.0000 -1.0000
vn -0.0112 -0.0000 -0.9999
vn -0.0112 -0.0000 -0.9999
vn -0.0075 -0.0000 -1.0000
vn -0.0053 0.7071 -0.7071
vn -0.0079 0.7071 -0.7071
vn -0.0079 0.7071 -0.7071
vn -0.0053 0.7071 -0.7071
vn 0.0000 1.0000 0.0000
vn 0.0000 1.0000 0.0000
vn 0.0000 1.0000 0.0000
vn 0.0000 1.0000 0.0000
vn 0.0026 0.7071 0.7071
vn 0.0053 0.7071 0.7071
vn 0.0053 0.7071 0.7071
vn 0.0026 0.7071 0.7071
vn 0.0037 0.0000 1.0000
vn 0.0075 0.0000 1.0000
vn 0.0075 0.0000 1.0000
vn 0.0037 0.0000 1.0000
vn 0.0026 -0.7071 0.7071
vn 0.0053 -0.7071 0.7071
vn 0.0053 -0.7071 0.7071
vn 0.0026 -0.7071 0.7071
vn 0.0000 -1.0000 0.0000
vn 0.0000 -1.0000 0.0000
vn 0.0000 -1.0000 0.0000
vn 0.0000 -1.0000 0.0000
vn -0.0026 -0.7071 -0.7071
vn -0.0053 -0.7071 -0.7071
vn -0.0053 -0.7071 -0.7071
vn -0.0026 -0.7071 -0.7071
vn -0.0037 -0.0000 -1.0000
vn -0.0075 -0.0000 -1.0000
vn -0.0075 -0.0000 -1.0000
vn -0.0037 -0.0000 -1.0000
vn -0.0026 0.7071 -0.7071
vn -0.0053 0.7071 -0.7071
vn -0.0053 0.7071 -0.7071
vn -0.0026 0.7071 -0.7071
vn 0.0000 1.0000 0.0000
vn 0.0000 1.0000 0.0000
vn 0.0000 1.0000 0.0000
vn 0.0000 1.0000 0.0000
vn 0.0000 0.7071 0.7071
vn 0.0026 0.7071 0.7071
vn 0.0026 0.7071 0.7071
vn 0.0000 0.7071 0.7071
vn 0.0000 0.0000 1.0000
vn 0.0037 0.0000 1.0000
vn 0.0037 0.0000 1.0000
vn 0.0000 0.0000 1.0000
vn 0.0000 -0.7071 0.7071
vn 0.0026 -0.7071 0.7071
vn 0.0026 -0.7071 0.7071
vn 0.0000 -0.7071 0.7071
vn 0.0000 -1.0000 0.0000
vn 0.0000 -1.0000 0.0000
vn 0.0000 -1.0000 0.0000
vn 0.0000 -1.0000 0.0000
vn 0.0000 -0.7071 -0.7071
vn -0.0026 -0.7071 -0.7071
vn -0.0026 -0.7071 -0.7071
vn 0.0000 -0.7071 -0.7071
vn 0.0000 -0.0000 -1.0000
vn -0.0037 -0.0000 -1.0000
vn -0.0037 -0.0000 -1.0000
vn 0.0000 -0.0000 -1.0000
vn -0.0000 0.7071 -0.7071
vn -0.0026 0.7071 -0.7071
vn -0.0026 0.7071 -0.7071
vn -0.0000 0.7071 -0.7071
vn 0.0000 1.0000 0.0000
vn 0.0000 1.0000 0.0000
vn 0.0000 1.0000 0.0000
vn -0.0000 1.0000 0.0000
vn -0.0026 0.7071 0.7071
vn 0.0000 0.7071 0.7071
vn 0.0000 0.7071 0.7071
vn -0.0026 0.7071 0.7071
vn -0.0037 0.0000 1.0000
vn 0.0000 0.0000 1.0000
vn 0.0000 0.0000 1.0000
vn -0.0037 0.0000 1.0000
vn -0.0026 -0.7071 0.7071
vn 0.0000 -0.7071 0.7071
vn 0.0000 -0.7071 0.7071
vn -0.0026 -0.7071 0.7071
vn -0.0000 -1.0000 0.0000
vn 0.0000 -1.0000 0.0000
vn 0.0000 -1.0000 0.0000
vn -0.0000 -1.0000 0.0000
vn 0.0026 -0.7071 -0.7071
vn 0.0000 -0.7071 -0.7071
vn 0.0000 -0.7071 -0.7071
vn 0.0026 -0.7071 -0.7071
vn 0.0037 -0.0000 -1.0000
vn 0.0000 -0.0000 -1.0000
vn 0.0000 -0.0000 -1.0000
vn 0.0037 -0.0000 -1.0000
vn 0.0026 0.7071 -0.7071
vn -0.0000 0.7071 -0.7071
vn -0.0000 0.7071 -0.7071
vn 0.0026 0.7071 -0.7071
vn -0.0000 1.0000 0.0000
vn 0.0000 1.0000 0.0000
vn -0.0000 1.0000 0.0000
vn -0.0000 1.0000 0.0000
vn -0.0053 0.7071 0.7071
vn -0.0026 0.7071 0.7071
vn -0.0026 0.7071 0.7071
vn -0.0053 0.7071 0.7071
vn -0.0075 0.0000 1.0000
vn -0.0037 0.0000 1.0000
vn -0.0037 0.0000 1.0000
vn -0.0075 0.0000 1.0000
vn -0.0053 -0.7071 0.7071
vn -0.0026 -0.7071 0.7071
vn -0.0026 -0.7071 0.7071
vn -0.0053 -0.7071 0.7071
vn -0.0000 -1.0000 0.0000
vn -0.0000 -1.0000 0.0000
vn -0.0000 -1.0000 0.0000
vn -0.0000 -1.0000 0.0000
vn 0.0053 -0.7071 -0.7071
vn 0.0026 -0.7071 -0.7071
vn 0.0026 -0.7071 -0.7071
vn 0.0053 -0.7071 -0.7071
vn 0.0075 -0.0000 -1.0000
vn 0.0037 -0.0000 -1.0000
vn 0.0037 -0.0000 -1.0000
vn 0.0075 -0.0000 -1.0000
vn 0.0053 0.7071 -0.7071
vn 0.0026 0.7071 -0.7071
vn 0.0026 0.7071 -0.7071
vn 0.0053 0.7071 -0.7071
vn -0.0000 1.0000 0.0000
vn -0.0000 1.0000 0.0000
vn -0.0000 1.0000 0.0000
vn -0.0000 1.0000 0.0000
vn -0.0079 0.7071 0.7071
vn -0.0053 0.7071 0.7071
vn -0.0053 0.7071 0.7071
vn -0.0079 0.7071 0.7071
vn -0.0112 0.0000 0.9999
vn -0.0075 0.0000 1.0000
vn -0.0075 0.0000 1.0000
vn -0.0112 0.0000 0.9999
vn -0.0079 -0.7071 0.7071
vn -0.0053 -0.7071 0.7071
vn -0.0053 -0.7071 0.7071
vn -0.0079 -0.7071 0.7071
vn -0.0000 -1.0000 0.0000
vn -0.0000 -1.0000 0.0000
vn -0.0000 -1.0000 0.0000
vn -0.0000 -1.0000 0.0000
vn 0.0079 -0.7071 -0.7071
vn 0.0053 -0.7071 -0.7071
vn 0.0053 -0.7071 -0.7071
vn 0.0079 -0.7071 -0.7071
vn 0.0112 -0.0000 -0.9999
vn 0.0075 -0.0000 -1.0000
vn 0.0075 -0.0000 -1.0000
vn 0.0112 -0.0000 -0.9999
vn 0.0079 0.7071 -0.7071
vn 0.0053 0.7071 -0.7071
vn 0.0053 0.7071 -0.7071
vn 0.0079 0.7071 -0.7071
vn -0.0000 1.0000 0.0000
vn -0.0000 1.0000 0.0000
vn -0.0000 1.0000 0.0000
vn -0.0000 1.0000 0.0000
vn -0.0106 0.7071 0.7070
vn -0.0079 0.7071 0.7071
vn -0.0079 0.7071 0.7071
vn -0.0106 0.7071 0.7070
vn -0.0150 0.0000 0.9999
vn -0.0112 0.0000 0.9999
vn -0.0112 0.0000 0.9999
vn -0.0150 0.0000 0.9999
vn -0.0106 -0.7071 0.7070
vn -0.0079 -0.7071 0.7071
vn -0.0079 -0.7071 0.7071
vn -0.0106 -0.7071 0.7070
vn -0.0000 -1.0000 0.0000
vn -0.0000 -1.0000 0.0000
vn -0.0000 -1.0000 0.0000
vn -0.0000 -1.0000 0.0000
vn 0.0106 -0.7071 -0.7070
vn 0.0079 -0.7071 -0.7071
vn 0.0079 -0.7071 -0.7071
vn 0.0106 -0.7071 -0.7070
vn 0.0150 -0.0000 -0.9999
vn 0.0112 -0.0000 -0.9999
vn 0.0112 -0.0000 -0.9999
vn 0.0150 -0.0000 -0.9999
vn 0.0106 0.7071 -0.7070
vn 0.0079 0.7071 -0.7071
vn 0.0079 0.7071 -0.7071
vn 0.0106 0.7071 -0.7070
vn -0.0000 1.0000 0.0000
vn -0.0000 1.0000 0.0000
vn -0.0000 1.0000 0.0000
vn -0.0000 1.0000 0.0000
vn -0.0132 0.7071 0.7070
vn -0.0106 0.7071 0.7070
vn -0.0106 0.7071 0.7070
vn -0.0132 0.7071 0.7070
vn -0.0187 0.0000 0.9998
vn -0.0150 0.0000 0.9999
vn -0.0150 0.0000 0.9999
vn -0.0187 0.0000 0.9998
vn -0.0132 -0.7071 0.7070
vn -0.0106 -0.7071 0.7070
vn -0.0106 -0.7071 0.7070
vn -0.0132 -0.7071 0.7070
vn -0.0000 -1.0000 0.0000
vn -0.0000 -1.0000 0.0000
vn -0.0000 -1.0000 0.0000
vn -0.0000 -1.0000 0.0000
vn 0.0132 -0.7071 -0.7070
vn 0.0106 -0.7071 -0.7070
vn 0.0106 -0.7071 -0.7070
vn 0.0132 -0.7071 -0.7070
vn 0.0187 -0.0000 -0.9998
vn 0.0150 -0.0000 -0.9999
vn 0.0150 -0.0000 -0.9999
vn 0.0187 -0.0000 -0.9998
vn 0.0132 0.7071 -0.7070
vn 0.0106 0.7071 -0.7070
vn 0.0106 0.7071 -0.7070
vn 0.0132 0.7071 -0.7070
vn -0.0000 1.0000 0.0000
vn -0.0000 1.0000 0.0000
vn -0.0000 1.0000 0.0000
vn -0.0000 1.0000 0.0000
vn -0.0159 0.7071 0.7069
vn -0.0132 0.7071 0.7070
vn -0.0132 0.7071 0.7070
vn -0.0159 0.7071 0.7069
vn -0.0225 0.0000 0.9997
vn -0.0187 0.0000 0.9998
vn -0.0187 0.0000 0.9998
vn -0.0225 0.0000 0.9997
vn -0.0159 -0.7071 0.7069
vn -0.0132 -0.7071 0.7070
vn -0.0132 -0.7071 0.7070
vn -0.0159 -0.7071 0.7069
vn -0.0000 -1.0000 0.0000
vn -0.0000 -1.0000 0.0000
vn -0.0000 -1.0000 0.0000
vn -0.0000 -1.0000 0.0000
vn 0.0159 -0.7071 -0.7069
vn 0.0132 -0.7071 -0.7070
vn 0.0132 -0.7071 -0.7070
vn 0.0159 -0.7071 -0.7069
vn 0.0225 -0.0000 -0.9997
vn 0.0187 -0.0000 -0.9998
vn 0.0187 -0.0000 -0.9998
vn 0.0225 -0.0000 -0.9997
vn 0.0159 0.7071 -0.7069
vn 0.0132 0.7071 -0.7070
vn 0.0132 0.7071 -0.7070
vn 0.0159 0.7071 -0.7069
vn -0.0000 1.0000 0.0000
vn -0.0000 1.0000 0.0000
vn -0.0000 1.0000 0.0000
vn -0.0000 1.0000 0.0000
vn -0.0185 0.7071 0.7069
vn -0.0159 0.7071 0.7069
vn -0.0159 0.7071 0.7069
vn -0.0185 0.7071 0.7069
vn -0.0262 0.0000 0.9997
vn -0.0225 0.0000 0.9997
vn -0.0225 0.0000 0.9997
vn -0.0262 0.0000 0.9997
vn -0.0185 -0.7071 0.7069
vn -0.0159 -0.7071 0.7069
vn -0.0159 -0.7071 0.7069
vn -0.0185 -0.7071 0.7069
vn -0.0000 -1.0000 0.0000
vn -0.0000 -1.0000 0.0000
vn -0.0000 -1.0000 0.0000
vn -0.0000 -1.0000 0.0000
vn 0.0185 -0.7071 -0.7069
vn 0.0159 -0.7071 -0.7069
vn 0.0159 -0.7071 -0.7069
vn 0.0185 -0.7071 -0.7069
vn 0.0262 -0.0000 -0.9997
vn 0.0225 -0.0000 -0.9997
vn 0.0225 -0.0000 -0.9997
vn 0.0262 -0.0000 -0.9997
vn 0.0185 0.7071 -0.7069
vn 0.0159 0.7071 -0.7069
vn 0.0159 0.7071 -0.7069
vn 0.0185 0.7071 -0.7069
vn -0.0000 1.0000 0.0000
vn -0.0000 1.0000 0.0000
vn -0.0000 1.0000 0.0000
vn -0.0000 1.0000 0.0000
vn -0.0212 0.7071 0.7068
vn -0.0185 0.7071 0.7069
vn -0.0185 0.7071 0.7069
vn -0.0212 0.7071 0.7068
vn -0.0300 0.0000 0.9996
vn -0.0262 0.0000 0.9997
vn -0.0262 0.0000 0.9997
vn -0.0300 0.0000 0.9996
vn -0.0212 -0.7071 0.7068
vn -0.0185 -0.7071 0.7069
vn -0.0185 -0.7071 0.7069
vn -0.0212 -0.7071 0.7068
vn -0.0000 -1.0000 0.0000
vn -0.0000 -1.0000 0.0000
vn -0.0000 -1.0000 0.0000
vn -0.0000 -1.0000 0.0000
vn 0.0212 -0.7071 -0.7068
vn 0.0185 -0.7071 -0.7069
vn 0.0185 -0.7071 -0.7069
vn 0.0212 -0.7071 -0.7068
vn 0.0300 -0.0000 -0.9996
vn 0.0262 -0.0000 -0.9997
vn 0.0262 -0.0000 -0.9997
vn 0.0300 -0.0000 -0.9996
vn 0.0212 0.7071 -0.7068
vn 0.0185 0.7071 -0.7069
vn 0.0185 0.7071 -0.7069
vn 0.0212 0.7071 -0.7068
vn -0.0000 1.0000 0.0000
vn -0.0000 1.0000 0.0000
vn -0.0000 1.0000 0.0000
vn -0.0000 1.0000 0.0000
vn -0.0238 0.7071 0.7067
vn -0.0212 0.7071 0.7068
vn -0.0212 0.7071 0.7068
vn -0.0238 0.7071 0.7067
vn -0.0337 0.0000 0.9994
vn -0.0300 0.0000 0.9996
vn -0.0300 0.0000 0.9996
vn -0.0337 0.0000 0.9994
vn -0.0238 -0.7071 0.7067
vn -0.0212 -0.7071 0.7068
vn -0.0212 -0.7071 0.7068
vn -0.0238 -0.7071 0.7067
vn -0.0000 -1.0000 0.0000
vn -0.0000 -1.0000 0.0000
vn -0.0000 -1.0000 0.0000
vn -0.0000 -1.0000 0.0000
vn 0.0238 -0.7071 -0.7067
vn 0.0212 -0.7071 -0.7068
vn 0.0212 -0.7071 -0.7068
vn 0.0238 -0.7071 -0.7067
vn 0.0337 -0.0000 -0.9994
vn 0.0300 -0.0000 -0.9996
vn 0.0300 -0.0000 -0.9996
vn 0.0337 -0.0000 -0.9994
vn 0.0238 0.7071 -0.7067
vn 0.0212 0.7071 -0.7068
vn 0.0212 0.7071 -0.7068
vn 0.0238 0.7071 -0.7067
vn -0.0000 1.0000 0.0000
vn -0.0000 1.0000 0.0000
vn -0.0000 1.0000 0.0000
vn -0.0000 1.0000 0.0000
vn -0.0265 0.7071 0.7066
vn -0.0238 0.7071 0.7067
vn -0.0238 0.7071 0.7067
vn -0.0265 0.7071 0.7066
vn -0.0375 0.0000 0.9993
vn -0.0337 0.0000 0.9994
vn -0.0337 0.0000 0.9994
vn -0.0375 0.0000 0.9993
vn -0.0265 -0.7071 0.7066
vn -0.0238 -0.7071 0.7067
vn -0.0238 -0.7071 0.7067
vn -0.0265 -0.7071 0.7066
vn -0.0000 -1.0000 0.0000
vn -0.0000 -1.0000 0.0000
vn -0.0000 -1.0000 0.0000
vn -0.0000 -1.0000 0.0000
vn 0.0265 -0.7071 -0.7066
vn 0.0238 -0.7071 -0.7067
vn 0.0238 -0.7071 -0.7067
vn 0.0265 -0.7071 -0.7066
vn 0.0375 -0.0000 -0.9993
vn 0.0337 -0.0000 -0.9994
vn 0.0337 -0.0000 -0.9994
vn 0.0375 -0.0000 -0.9993
vn 0.0265 0.7071 -0.7066
vn 0.0238 0.7071 -0.7067
vn 0.0238 0.7071 -0.7067
vn 0.0265 0.7071 -0.7066
vn -0.0000 1.0000 0.0000
vn -0.0000 1.0000 0.0000
vn -0.0000 1.0000 0.0000
vn -0.0000 1.0000 0.0000
vn -0.0291 0.7071 0.7065
vn -0.0265 0.7071 0.7066
vn -0.0265 0.7071 0.7066
vn -0.0291 0.7071 0.7065
vn -0.0412 0.0000 0.9992
vn -0.0375 0.0000 0.9993
vn -0.0375 0.0000 0.9993
vn -0.0412 0.0000 0.9992
vn -0.0291 -0.7071 0.7065
vn -0.0265 -0.7071 0.7066
vn -0.0265 -0.7071 0.7066
vn -0.0291 -0.7071 0.7065
vn -0.0000 -1.0000 0.0000
vn -0.0000 -1.0000 0.0000
vn -0.0000 -1.0000 0.0000
vn -0.0000 -1.0000 0.0000
vn 0.0291 -0.7071 -0.7065
vn 0.0265 -0.7071 -0.7066
vn 0.0265 -0.7071 -0.7066
vn 0.0291 -0.7071 -0.7065
vn 0.0412 -0.0000 -0.9992
vn 0.0375 -0.0000 -0.9993
vn 0.0375 -0.0000 -0.9993
vn 0.0412 -0.0000 -0.9992
vn 0.0291 0.7071 -0.7065
vn 0.0265 0.7071 -0.7066
vn 0.0265 0.7071 -0.7066
vn 0.0291 0.7071 -0.7065
vn -0.0000 1.0000 0.0000
vn -0.0000 1.0000 0.0000
vn -0.0000 1.0000 0.0000
vn -0.0000 1.0000 0.0000
vn -0.0318 0.7071 0.7064
vn -0.0291 0.7071 0.7065
vn -0.0291 0.7071 0.7065
vn -0.0318 0.7071 0.7064
vn -0.0449 0.0000 0.9990
vn -0.0412 0.0000 0.9992
vn -0.0412 0.0000 0.9992
vn -0.0449 0.0000 0.9990
vn -0.0318 -0.7071 0.7064
vn -0.0291 -0.7071 0.7065
vn -0.0291 -0.7071 0.7065
vn -0.0318 -0.7071 0.7064
vn -0.0000 -1.0000 0.0000
vn -0.0000 -1.0000 0.0000
vn -0.0000 -1.0000 0.0000
vn -0.0000 -1.0000 0.0000
vn 0.0318 -0.7071 -0.7064
vn 0.0291 -0.7071 -0.7065
vn 0.0291 -0.7071 -0.7065
vn 0.0318 -0.7071 -0.7064
vn 0.0449 -0.0000 -0.9990
vn 0.0412 -0.0000 -0.9992
vn 0.0412 -0.0000 -0.9992
vn 0.0449 -0.0000 -0.9990
vn 0.0318 0.7071 -0.7064
vn 0.0291 0.7071 -0.7065
vn 0.0291 0.7071 -0.7065
vn 0.0318 0.7071 -0.7064
vn -0.0000 1.0000 0.0000
vn -0.0000 1.0000 0.0000
vn -0.0000 1.0000 0.0000
vn -0.0000 1.0000 0.0000
vn -0.0344 0.7071 0.7063
vn -0.0318 0.7071 0.7064
vn -0.0318 0.7071 0.7064
vn -0.0344 0.7071 0.7063
vn -0.0487 0.0000 0.9988
vn -0.0449 0.0000 0.9990
vn -0.0449 0.0000 0.9990
vn -0.0487 0.0000 0.9988
vn -0.0344 -0.7071 0.7063
vn -0.0318 -0.7071 0.7064
vn -0.0318 -0.7071 0.7064
vn -0.0344 -0.7071 0.7063
vn -0.0000 -1.0000 0.0000
vn -0.0000 -1.0000 0.0000
vn -0.0000 -1.0000 0.0000
vn -0.0000 -1.0000 0.0000
vn 0.0344 -0.7071 -0.7063
vn 0.0318 -0.7071 -0.7064
vn 0.0318 -0.7071 -0.7064
vn 0.0344 -0.7071 -0.7063
vn 0.0487 -0.0000 -0.9988
vn 0.0449 -0.0000 -0.9990
vn 0.0449 -0.0000 -0.9990
vn 0.0487 -0.0000 -0.9988
vn 0.0344 0.7071 -0.7063
vn 0.0318 0.7071 -0.7064
vn 0.0318 0.7071 -0.7064
vn 0.0344 0.7071 -0.7063
vn -0.0000 1.0000 0.0000
vn -0.0000 1.0000 0.0000
vn -0.0000 1.0000 0.0000
vn -0.0000 1.0000 0.0000
vn -0.0371 0.7071 0.7061
vn -0.0344 0.7071 0.7063
vn -0.0344 0.7071 0.7063
vn -0.0371 0.7071 0.7061
vn -0.0524 0.0000 0.9986
vn -0.0487 0.0000 0.9988
vn -0.0487 0.0000 0.9988
vn -0.0524 0.0000 0.9986
vn -0.0371 -0.7071 0.7061
vn -0.0344 -0.7071 0.7063
vn -0.0344 -0.7071 0.7063
vn -0.0371 -0.7071 0.7061
vn -0.0000 -1.0000 0.0000
vn -0.0000 -1.0000 0.0000
vn -0.0000 -1.0000 0.0000
vn -0.0000 -1.0000 0.0000
vn 0.0371 -0.7071 -0.7061
vn 0.0344 -0.7071 -0.7063
vn 0.0344 -0.7071 -0.7063
vn 0.0371 -0.7071 -0.7061
vn 0.0524 -0.0000 -0.9986
vn 0.0487 -0.0000 -0.9988
vn 0.0487 -0.0000 -0.9988
vn 0.0524 -0.0000 -0.9986
vn 0.0371 0.7071 -0.7061
vn 0.0344 0.7071 -0.7063
vn 0.0344 0.7071 -0.7063
vn 0.0371 0.7071 -0.7061
vn -0.0000 1.0000 0.0000
vn -0.0000 1.0000 0.0000
vn -0.0000 1.0000 0.0000
vn -0.0000 1.0000 0.0000
vn -0.0397 0.7071 0.7060
vn -0.0371 0.7071 0.7061
vn -0.0371 0.7071 0.7061
vn -0.0397 0.7071 0.7060
vn -0.0562 0.0000 0.9984
vn -0.0524 0.0000 0.9986
vn -0.0524 0.0000 0.9986
vn -0.0562 0.0000 0.9984
vn -0.0397 -0.7071 0.7060
vn -0.0371 -0.7071 0.7061
vn -0.0371 -0.7071 0.7061
vn -0.0397 -0.7071 0.7060
vn -0.0000 -1.0000 0.0000
vn -0.0000 -1.0000 0.0000
vn -0.0000 -1.0000 0.0000
vn -0.0000 -1.0000 0.0000
vn 0.0397 -0.7071 -0.7060
vn 0.0371 -0.7071 -0.7061
vn 0.0371 -0.7071 -0.7061
vn 0.0397 -0.7071 -0.7060
vn 0.0562 -0.0000 -0.9984
vn 0.0524 -0.0000 -0.9986
vn 0.0524 -0.0000 -0.9986
vn 0.0562 -0.0000 -0.9984
vn 0.0397 0.7071 -0.7060
vn 0.0371 0.7071 -0.7061
vn 0.0371 0.7071 -0.7061
vn 0.0397 0.7071 -0.7060
vn -0.0000 1.0000 0.0000
vn -0.0000 1.0000 0.0000
vn -0.0000 1.0000 0.0000
vn -0.0000 1.0000 0.0000
vn -0.0423 0.7071 0.7058
vn -0.0397 0.7071 0.7060
vn -0.0397 0.7071 0.7060
vn -0.0423 0.7071 0.7058
vn -0.0599 0.0000 0.9982
vn -0.0562 0.0000 0.9984
vn -0.0562 0.0000 0.9984
vn -0.0599 0.0000 0.9982
vn -0.0423 -0.7071 0.7058
vn -0.0397 -0.7071 0.7060
vn -0.0397 -0.7071 0.7060
vn -0.0423 -0.7071 0.7058
vn -0.0000 -1.0000 0.0000
vn -0.0000 -1.0000 0.0000
vn -0.0000 -1.0000 0.0000
vn -0.0000 -1.0000 0.0000
vn 0.0423 -0.7071 -0.7058
vn 0.0397 -0.7071 -0.7060
vn 0.0397 -0.7071 -0.7060
vn 0.0423 -0.7071 -0.7058
vn 0.0599 -0.0000 -0.9982
vn 0.0562 -0.0000 -0.9984
vn 0.0562 -0.0000 -0.9984
vn 0.0599 -0.0000 -0.9982
vn 0.0423 0.7071 -0.7058
vn 0.0397 0.7071 -0.7060
vn 0.0397 0.7071 -0.7060
vn 0.0423 0.7071 -0.7058
vn -0.0000 1.0000 0.0000
vn -0.0000 1.0000 0.0000
vn -0.0000 1.0000 0.0000
vn -0.0000 1.0000 0.0000
vn -0.0450 0.7071 0.7057
vn -0.0423 0.7071 0.7058
vn -0.0423 0.7071 0.7058
vn -0.0450 0.7071 0.7057
vn -0.0636 0.0000 0.9980
vn -0.0599 0.0000 0.9982
vn -0.0599 0.0000 0.9982
vn -0.0636 0.0000 0.9980
vn -0.0450 -0.7071 0.7057
vn -0.0423 -0.7071 0.7058
vn -0.0423 -0.7071 0.7058
vn -0.0450 -0.7071 0.7057
vn -0.0000 -1.0000 0.0000
vn -0.0000 -1.0000 0.0000
vn -0.0000 -1.0000 0.0000
vn -0.0000 -1.0000 0.0000
vn 0.0450 -0.7071 -0.7057
vn 0.0423 -0.7071 -0.7058
vn 0.0423 -0.7071 -0.7058
vn 0.0450 -0.7071 -0.7057
vn 0.0636 -0.0000 -0.9980
vn 0.0599 -0.0000 -0.9982
vn 0.0599 -0.0000 -0.9982
vn 0.0636 -0.0000 -0.9980
vn 0.0450 0.7071 -0.7057
vn 0.0423 0.7071 -0.7058
vn 0.0423 0.7071 -0.7058
vn 0.0450 0.7071 -0.7057
vn -0.0000 1.0000 0.0000
vn -0.0000 1.0000 0.0000
vn -0.0000 1.0000 0.0000
vn -0.0000 1.0000 0.0000
vn -0.0476 0.7071 0.7055
vn -0.0450 0.7071 0.7057
vn -0.0450 0.7071 0.7057
vn -0.0476 0.7071 0.7055
vn -0.0674 0.0000 0.9977
vn -0.0636 0.0000 0.9980
vn -0.0636 0.0000 0.9980
vn -0.0674 0.0000 0.9977
vn -0.0476 -0.7071 0.7055
vn -0.0450 -0.7071 0.7057
vn -0.0450 -0.7071 0.7057
vn -0.0476 -0.7071 0.7055
vn -0.0000 -1.0000 0.0000
vn -0.0000 -1.0000 0.0000
vn -0.0000 -1.0000 0.0000
vn -0.0000 -1.0000 0.0000
vn 0.0476 -0.7071 -0.7055
vn 0.0450 -0.7071 -0.7057
vn 0.0450 -0.7071 -0.7057
vn 0.0476 -0.7071 -0.7055
vn 0.0674 -0.0000 -0.9977
vn 0.0636 -0.0000 -0.9980
vn 0.0636 -0.0000 -0.9980
vn 0.0674 -0.0000 -0.9977
vn 0.0476 0.7071 -0.7055
vn 0.0450 0.7071 -0.7057
vn 0.0450 0.7071 -0.7057
vn 0.0476 0.7071 -0.7055
vn -0.0000 1.0000 0.0000
vn -0.0000 1.0000 0.0000
vn -0.0000 1.0000 0.0000
vn -0.0000 1.0000 0.0000
vn -0.0503 0.7071 0.7053
vn -0.0476 0.7071 0.7055
vn -0.0476 0.7071 0.7055
vn -0.0503 0.7071 0.7053
vn -0.0711 0.0000 0.9975
vn -0.0674 0.0000 0.9977
vn -0.0674 0.0000 0.9977
vn -0.0711 0.0000 0.9975
vn -0.0503 -0.7071 0.7053
vn -0.0476 -0.7071 0.7055
vn -0.0476 -0.7071 0.7055
vn -0.0503 -0.7071 0.7053
vn -0.0000 -1.0000 0.0000
vn -0.0000 -1.0000 0.0000
vn -0.0000 -1.0000 0.0000
vn -0.0000 -1.0000 0.0000
vn 0.0503 -0.7071 -0.7053
vn 0.0476 -0.7071 -0.7055
vn 0.0476 -0.7071 -0.7055
vn 0.0503 -0.7071 -0.7053
vn 0.0711 -0.0000 -0.9975
vn 0.0674 -0.0000 -0.9977
vn 0.0674 -0.0000 -0.9977
vn 0.0711 -0.0000 -0.9975
vn 0.0503 0.7071 -0.7053
vn 0.0476 0.7071 -0.7055
vn 0.0476 0.7071 -0.7055
vn 0.0503 0.7071 -0.7053
vn -0.0000 1.0000 0.0000
vn -0.0000 1.0000 0.0000
vn -0.0000 1.0000 0.0000
vn -0.0000 1.0000 0.0000
vn -0.0529 0.7071 0.7051
vn -0.0503 0.7071 0.7053
vn -0.0503 0.7071 0.7053
vn -0.0529 0.7071 0.7051
vn -0.0748 0.0000 0.9972
vn -0.0711 0.0000 0.9975
vn -0.0711 0.0000 0.9975
vn -0.0748 0.0000 0.9972
vn -0.0529 -0.7071 0.7051
vn -0.0503 -0.7071 0.7053
vn -0.0503 -0.7071 0.7053
vn -0.0529 -0.7071 0.7051
vn -0.0000 -1.0000 0.0000
vn -0.0000 -1.0000 0.0000
vn -0.0000 -1.0000 0.0000
vn -0.0000 -1.0000 0.0000
vn 0.0529 -0.7071 -0.7051
vn 0.0503 -0.7071 -0.7053
vn 0.0503 -0.7071 -0.7053
vn 0.0529 -0.7071 -0.7051
vn 0.0748 -0.0000 -0.9972
vn 0.0711 -0.0000 -0.9975
vn 0.0711 -0.0000 -0.9975
vn 0.0748 -0.0000 -0.9972
vn 0.0529 0.7071 -0.7051
vn 0.0503 0.7071 -0.7053
vn 0.0503 0.7071 -0.7053
vn 0.0529 0.7071 -0.7051
vn -0.0000 1.0000 0.0000
vn -0.0000 1.0000 0.0000
vn -0.0000 1.0000 0.0000
vn -0.0000 1.0000 0.0000
vn -0.0555 0.7071 0.7049
vn -0.0529 0.7071 0.7051
vn -0.0529 0.7071 0.7051
vn -0.0555 0.7071 0.7049
vn -0.0785 0.0000 0.9969
vn -0.0748 0.0000 0.9972
vn -0.0748 0.0000 0.9972
vn -0.0785 0.0000 0.9969
vn -0.0555 -0.7071 0.7049
vn -0.0529 -0.7071 0.7051
vn -0.0529 -0.7071 0.7051
vn -0.0555 -0.7071 0.7049
vn -0.0000 -1.0000 0.0000
vn -0.0000 -1.0000 0.0000
vn -0.0000 -1.0000 0.0000
vn -0.0000 -1.0000 0.0000
vn 0.0555 -0.7071 -0.7049
vn 0.0529 -0.7071 -0.7051
vn 0.0529 -0.7071 -0.7051
vn 0.0555 -0.7071 -0.7049
vn 0.0785 -0.0000 -0.9969
vn 0.0748 -0.0000 -0.9972
vn 0.0748 -0.0000 -0.9972
vn 0.0785 -0.0000 -0.9969
vn 0.0555 0.7071 -0.7049
vn 0.0529 0.7071 -0.7051
vn 0.0529 0.7071 -0.7051
vn 0.0555 0.7071 -0.7049
vn -0.0000 1.0000 0.0000
vn -0.0000 1.0000 0.0000
vn -0.0000 1.0000 0.0000
vn -0.0000 1.0000 0.0000
vn -0.0582 0.7071 0.7047
vn -0.0555 0.7071 0.7049
vn -0.0555 0.7071 0.7049
vn -0.0582 0.7071 0.7047
vn -0.0823 0.0000 0.9966
vn -0.0785 0.0000 0.9969
vn -0.0785 0.0000 0.9969
vn -0.0823 0.0000 0.9966
vn -0.0582 -0.7071 0.7047
vn -0.0555 -0.7071 0.7049
vn -0.0555 -0.7071 0.7049
vn -0.0582 -0.7071 0.7047
vn -0.0000 -1.0000 0.0000
vn -0.0000 -1.0000 0.0000
vn -0.0000 -1.0000 0.0000
vn -0.0000 -1.0000 0.0000
vn 0.0582 -0.7071 -0.7047
vn 0.0555 -0.7071 -0.7049
vn 0.0555 -0.7071 -0.7049
vn 0.0582 -0.7071 -0.7047
vn 0.0823 -0.0000 -0.9966
vn 0.0785 -0.0000 -0.9969
vn 0.0785 -0.0000 -0.9969
vn 0.0823 -0.0000 -0.9966
vn 0.0582 0.7071 -0.7047
vn 0.0555 0.7071 -0.7049
vn 0.0555 0.7071 -0.7049
vn 0.0582 0.7071 -0.7047
vn -0.0000 1.0000 0.0000
vn -0.0000 1.0000 0.0000
vn -0.0000 1.0000 0.0000
vn -0.0000 1.0000 0.0000
vn -0.0608 0.7071 0.7045
vn -0.0582 0.7071 0.7047
vn -0.0582 0.7071 0.7047
vn -0.0608 0.7071 0.7045
vn -0.0860 0.0000 0.9963
vn -0.0823 0.0000 0.9966
vn -0.0823 0.0000 0.9966
vn -0.0860 0.0000 0.9963
vn -0.0608 -0.7071 0.7045
vn -0.0582 -0.7071 0.7047
vn -0.0582 -0.7071 0.7047
vn -0.0608 -0.7071 0.7045
vn -0.0000 -1.0000 0.0000
vn -0.0000 -1.0000 0.0000
vn -0.0000 -1.0000 0.0000
vn -0.0000 -1.0000 0.0000
vn 0.0608 -0.7071 -0.7045
vn 0.0582 -0.7071 -0.7047
vn 0.0582 -0.7071 -0.7047
vn 0.0608 -0.7071 -0.7045
vn 0.0860 -0.0000 -0.9963
vn 0.0823 -0.0000 -0.9966
vn 0.0823 -0.0000 -0.9966
vn 0.0860 -0.0000 -0.9963
vn 0.0608 0.7071 -0.7045
vn 0.0582 0.7071 -0.7047
vn 0.0582 0.7071 -0.7047
vn 0.0608 0.7071 -0.7045
vn -0.0000 1.0000 0.0000
vn -0.0000 1.0000 0.0000
vn -0.0000 1.0000 0.0000
vn -0.0000 1.0000 0.0000
vn -0.0621 0.7071 0.7044
vn -0.0608 0.7071 0.7045
vn -0.0608 0.7071 0.7045
vn -0.0621 0.7071 0.7044
vn -0.0878 0.0000 0.9961
vn -0.0860 0.0000 0.9963
vn -0.0860 0.0000 0.9963
vn -0.0878 0.0000 0.9961
vn -0.0621 -0.7071 0.7044
vn -0.0608 -0.7071 0.7045
vn -0.0608 -0.7071 0.7045
vn -0.0621 -0.7071 0.7044
vn -0.0000 -1.0000 0.0000
vn -0.0000 -1.0000 0.0000
vn -0.0000 -1.0000 0.0000
vn -0.0000 -1.0000 0.0000
vn 0.0621 -0.7071 -0.7044
vn 0.0608 -0.7071 -0.7045
vn 0.0608 -0.7071 -0.7045
vn 0.0621 -0.7071 -0.7044
vn 0.0878 -0.0000 -0.9961
vn 0.0860 -0.0000 -0.9963
vn 0.0860 -0.0000 -0.9963
vn 0.0878 -0.0000 -0.9961
vn 0.0621 0.7071 -0.7044
vn 0.0608 0.7071 -0.7045
vn 0.0608 0.7071 -0.7045
vn 0.0621 0.7071 -0.7044
vn -0.0000 1.0000 0.0000
vn -0.0000 1.0000 0.0000
vn -0.9961 -0.0000 0.0878
vn 0.9961 0.0000 0.0878
vn 0.0000 1.0000 0.0000
vn 0.0000 1.0000 0.0000
vn 0.0608 0.7071 0.7045
vn 0.0621 0.7071 0.7044
vn 0.0621 0.7071 0.7044
vn 0.0608 0.7071 0.7045
vn 0.0860 0.0000 0.9963
vn 0.0878 0.0000 0.9961
vn 0.0878 0.0000 0.9961
vn 0.0860 0.0000 0.9963
vn 0.0608 -0.7071 0.7045
vn 0.0621 -0.7071 0.7044
vn 0.0621 -0.7071 0.7044
vn 0.0608 -0.7071 0.7045
vn 0.0000 -1.0000 0.0000
vn 0.0000 -1.0000 0.0000
vn 0.0000 -1.0000 0.0000
vn 0.0000 -1.0000 0.0000
vn -0.0608 -0.7071 -0.7045
vn -0.0621 -0.7071 -0.7044
vn -0.0621 -0.7071 -0.7044
vn -0.0608 -0.7071 -0.7045
vn -0.0860 -0.0000 -0.9963
vn -0.0878 -0.0000 -0.9961
vn -0.0878 -0.0000 -0.9961
vn -0.0860 -0.0000 -0.9963
vn -0.0608 0.7071 -0.7045
vn -0.0621 0.7071 -0.7044
vn -0.0621 0.7071 -0.7044
vn -0.0608 0.7071 -0.7045
vn 0.0000 1.0000 0.0000
vn 0.0000 1.0000 0.0000
vn 0.0000 1.0000 0.0000
vn 0.0000 1.0000 0.0000
vn 0.0582 0.7071 0.7047
vn 0.0608 0.7071 0.7045
vn 0.0608 0.7071 0.7045
vn 0.0582 0.7071 0.7047
vn 0.0823 0.0000 0.9966
vn 0.0860 0.0000 0.9963
vn 0.0860 0.0000 0.9963
vn 0.0823 0.0000 0.9966
vn 0.0582 -0.7071 0.7047
vn 0.0608 -0.7071 0.7045
vn 0.0608 -0.7071 0.7045
vn 0.0582 -0.7071 0.7047
vn 0.0000 -1.0000 0.0000
vn 0.0000 -1.0000 0.0000
vn 0.0000 -1.0000 0.0000
vn 0.0000 -1.0000 0.0000
vn -0.0582 -0.7071 -0.7047
vn -0.0608 -0.7071 -0.7045
vn -0.0608 -0.7071 -0.7045
vn -0.0582 -0.7071 -0.7047
vn -0.0823 -0.0000 -0.9966
vn -0.0860 -0.0000 -0.9963
vn -0.0860 -0.0000 -0.9963
vn -0.0823 -0.0000 -0.9966
vn -0.0582 0.7071 -0.7047
vn -0.0608 0.7071 -0.7045
vn -0.0608 0.7071 -0.7045
vn -0.0582 0.7071 -0.7047
vn 0.0000 1.0000 0.0000
vn 0.0000 1.0000 0.0000
vn 0.0000 1.0000 0.0000
vn 0.0000 1.0000 0.0000
vn 0.0555 0.7071 0.7049
vn 0.0582 0.7071 0.7047
vn 0.0582 0.7071 0.7047
vn 0.0555 0.7071 0.7049
vn 0.0785 0.0000 0.9969
vn 0.0823 0.0000 0.9966
vn 0.0823 0.0000 0.9966
vn 0.0785 0.0000 0.9969
vn 0.0555 -0.7071 0.7049
vn 0.0582 -0.7071 0.7047
vn 0.0582 -0.7071 0.7047
vn 0.0555 -0.7071 0.7049
vn 0.0000 -1.0000 0.0000
vn 0.0000 -1.0000 0.0000
vn 0.0000 -1.0000 0.0000
vn 0.0000 -1.0000 0.0000
vn -0.0555 -0.7071 -0.7049
vn -0.0582 -0.7071 -0.7047
vn -0.0582 -0.7071 -0.7047
vn -0.0555 -0.7071 -0.7049
vn -0.0785 -0.0000 -0.9969
vn -0.0823 -0.0000 -0.9966
vn -0.0823 -0.0000 -0.9966
vn -0.0785 -0.0000 -0.9969
vn -0.0555 0.7071 -0.7049
vn -0.0582 0.7071 -0.7047
vn -0.0582 0.7071 -0.7047
vn -0.0555 0.7071 -0.7049
vn 0.0000 1.0000 0.0000
vn 0.0000 1.0000 0.0000
vn 0.0000 1.0000 0.0000
vn 0.0000 1.0000 0.0000
vn 0.0529 0.7071 0.7051
vn 0.0555 0.7071 0.7049
vn 0.0555 0.7071 0.7049
vn 0.0529 0.7071 0.7051
vn 0.0748 0.0000 0.9972
vn 0.0785 0.0000 0.9969
vn 0.0785 0.0000 0.9969
vn 0.0748 0.0000 0.9972
vn 0.0529 -0.7071 0.7051
vn 0.0555 -0.7071 0.7049
vn 0.0555 -0.7071 0.7049
vn 0.0529 -0.7071 0.7051
vn 0.0000 -1.0000 0.0000
vn 0.0000 -1.0000 0.0000
vn 0.0000 -1.0000 0.0000
vn 0.0000 -1.0000 0.0000
vn -0.0529 -0.7071 -0.7051
vn -0.0555 -0.7071 -0.7049
vn -0.0555 -0.7071 -0.7049
vn -0.0529 -0.7071 -0.7051
vn -0.0748 -0.0000 -0.9972
vn -0.0785 -0.0000 -0.9969
vn -0.0785 -0.0000 -0.9969
vn -0.0748 -0.0000 -0.9972
vn -0.0529 0.7071 -0.7051
vn -0.0555 0.7071 -0.7049
vn -0.0555 0.7071 -0.7049
vn -0.0529 0.7071 -0.7051
vn 0.0000 1.0000 0.0000
vn 0.0000 1.0000 0.0000
vn 0.0000 1.0000 0.0000
vn 0.0000 1.0000 0.0000
vn 0.0503 0.7071 0.7053
vn 0.0529 0.7071 0.7051
vn 0.0529 0.7071 0.7051
vn 0.0503 0.7071 0.7053
vn 0.0711 0.0000 0.9975
vn 0.0748 0.0000 0.9972
vn 0.0748 0.0000 0.9972
vn 0.0711 0.0000 0.9975
vn 0.0503 -0.7071 0.7053
vn 0.0529 -0.7071 0.7051
vn 0.0529 -0.7071 0.7051
vn 0.0503 -0.7071 0.7053
vn 0.0000 -1.0000 0.0000
vn 0.0000 -1.0000 0.0000
vn 0.0000 -1.0000 0.0000
vn 0.0000 -1.0000 0.0000
vn -0.0503 -0.7071 -0.7053
vn -0.0529 -0.7071 -0.7051
vn -0.0529 -0.7071 -0.7051
vn -0.0503 -0.7071 -0.7053
vn -0.0711 -0.0000 -0.9975
vn -0.0748 -0.0000 -0.9972
vn -0.0748 -0.0000 -0.9972
vn -0.0711 -0.0000 -0.9975
vn -0.0503 0.7071 -0.7053
vn -0.0529 0.7071 -0.7051
vn -0.0529 0.7071 -0.7051
vn -0.0503 0.7071 -0.7053
vn 0.0000 1.0000 0.0000
vn 0.0000 1.0000 0.0000
vn 0.0000 1.0000 0.0000
vn 0.0000 1.0000 0.0000
vn 0.0476 0.7071 0.7055
vn 0.0503 0.7071 0.7053
vn 0.0503 0.7071 0.7053
vn 0.0476 0.7071 0.7055
vn 0.0674 0.0000 0.9977
vn 0.0711 0.0000 0.9975
vn 0.0711 0.0000 0.9975
vn 0.0674 0.0000 0.9977
vn 0.0476 -0.7071 0.7055
vn 0.0503 -0.7071 0.7053
vn 0.0503 -0.7071 0.7053
vn 0.0476 -0.7071 0.7055
vn 0.0000 -1.0000 0.0000
vn 0.0000 -1.0000 0.0000
vn 0.0000 -1.0000 0.0000
vn 0.0000 -1.0000 0.0000
vn -0.0476 -0.7071 -0.7055
vn -0.0503 -0.7071 -0.7053
vn -0.0503 -0.7071 -0.7053
vn -0.0476 -0.7071 -0.7055
vn -0.0674 -0.0000 -0.9977
vn -0.0711 -0.0000 -0.9975
vn -0.0711 -0.0000 -0.9975
vn -0.0674 -0.0000 -0.9977
vn -0.0476 0.7071 -0.7055
vn -0.0503 0.7071 -0.7053
vn -0.0503 0.7071 -0.7053
vn -0.0476 0.7071 -0.7055
vn 0.0000 1.0000 0.0000
vn 0.0000 1.0000 0.0000
vn 0.0000 1.0000 0.0000
vn 0.0000 1.0000 0.0000
vn 0.0450 0.7071 0.7057
vn 0.0476 0.7071 0.7055
vn 0.0476 0.7071 0.7055
vn 0.0450 0.7071 0.7057
vn 0.0636 0.0000 0.9980
vn 0.0674 0.0000 0.9977
vn 0.0674 0.0000 0.9977
vn 0.0636 0.0000 0.9980
vn 0.0450 -0.7071 0.7057
vn 0.0476 -0.7071 0.7055
vn 0.0476 -0.7071 0.7055
vn 0.0450 -0.7071 0.7057
vn 0.0000 -1.0000 0.0000
vn 0.0000 -1.0000 0.0000
vn 0.0000 -1.0000 0.0000
vn 0.0000 -1.0000 0.0000
vn -0.0450 -0.7071 -0.7057
vn -0.0476 -0.7071 -0.7055
vn -0.0476 -0.7071 -0.7055
vn -0.0450 -0.7071 -0.7057
vn -0.0636 -0.0000 -0.9980
vn -0.0674 -0.0000 -0.9977
vn -0.0674 -0.0000 -0.9977
vn -0.0636 -0.0000 -0.9980
vn -0.0450 0.7071 -0.7057
vn -0.0476 0.7071 -0.7055
vn -0.0476 0.7071 -0.7055
vn -0.0450 0.7071 -0.7057
vn 0.0000 1.0000 0.0000
vn 0.0000 1.0000 0.0000
vn 0.0000 1.0000 0.0000
vn 0.0000 1.0000 0.0000
vn 0.0423 0.7071 0.7058
vn 0.0450 0.7071 0.7057
vn 0.0450 0.7071 0.7057
vn 0.0423 0.7071 0.7058
vn 0.0599 0.0000 0.9982
vn 0.0636 0.0000 0.9980
vn 0.0636 0.0000 0.9980
vn 0.0599 0.0000 0.9982
vn 0.0423 -0.7071 0.7058
vn 0.0450 -0.7071 0.7057
vn 0.0450 -0.7071 0.7057
vn 0.0423 -0.7071 0.7058
vn 0.0000 -1.0000 0.0000
vn 0.0000 -1.0000 0.0000
vn 0.0000 -1.0000 0.0000
vn 0.0000 -1.0000 0.0000
vn -0.0423 -0.7071 -0.7058
vn -0.0450 -0.7071 -0.7057
vn -0.0450 -0.7071 -0.7057
vn -0.0423 -0.7071 -0.7058
vn -0.0599 -0.0000 -0.9982
vn -0.0636 -0.0000 -0.9980
vn -0.0636 -0.0000 -0.9980
vn -0.0599 -0.0000 -0.9982
vn -0.0423 0.7071 -0.7058
vn -0.0450 0.7071 -0.7057
vn -0.0450 0.7071 -0.7057
vn -0.0423 0.7071 -0.7058
vn 0.0000 1.0000 0.0000
vn 0.0000 1.0000 0.0000
vn 0.0000 1.0000 0.0000
vn 0.0000 1.0000 0.0000
vn 0.0397 0.7071 0.7060
vn 0.0423 0.7071 0.7058
vn 0.0423 0.7071 0.7058
vn 0.0397 0.7071 0.7060
vn 0.0562 0.0000 0.9984
vn 0.0599 0.0000 0.9982
vn 0.0599 0.0000 0.9982
vn 0.0562 0.0000 0.9984
vn 0.0397 -0.7071 0.7060
vn 0.0423 -0.7071 0.7058
vn 0.0423 -0.7071 0.7058
vn 0.0397 -0.7071 0.7060
vn 0.0000 -1.0000 0.0000
vn 0.0000 -1.0000 0.0000
vn 0.0000 -1.0000 0.0000
vn 0.0000 -1.0000 0.0000
vn -0.0397 -0.7071 -0.7060
vn -0.0423 -0.7071 -0.7058
vn -0.0423 -0.7071 -0.7058
vn -0.0397 -0.7071 -0.7060
vn -0.0562 -0.0000 -0.9984
vn -0.0599 -0.0000 -0.9982
vn -0.0599 -0.0000 -0.9982
vn -0.0562 -0.0000 -0.9984
vn -0.0397 0.7071 -0.7060
vn -0.0423 0.7071 -0.7058
vn -0.0423 0.7071 -0.7058
vn -0.0397 0.7071 -0.7060
vn 0.0000 1.0000 0.0000
vn 0.0000 1.0000 0.0000
vn 0.0000 1.0000 0.0000
vn 0.0000 1.0000 0.0000
vn 0.0371 0.7071 0.7061
vn 0.0397 0.7071 0.7060
vn 0.0397 0.7071 0.7060
vn 0.0371 0.7071 0.7061
vn 0.0524 0.0000 0.9986
vn 0.0562 0.0000 0.9984
vn 0.0562 0.0000 0.9984
vn 0.0524 0.0000 0.9986
vn 0.0371 -0.7071 0.7061
vn 0.0397 -0.7071 0.7060
vn 0.0397 -0.7071 0.7060
vn 0.0371 -0.7071 0.7061
vn 0.0000 -1.0000 0.0000
vn 0.0000 -1.0000 0.0000
vn 0.0000 -1.0000 0.0000
vn 0.0000 -1.0000 0.0000
vn -0.0371 -0.7071 -0.7061
vn -0.0397 -0.7071 -0.7060
vn -0.0397 -0.7071 -0.7060
vn -0.0371 -0.7071 -0.7061
vn -0.0524 -0.0000 -0.9986
vn -0.0562 -0.0000 -0.9984
vn -0.0562 -0.0000 -0.9984
vn -0.0524 -0.0000 -0.9986
vn -0.0371 0.7071 -0.7061
vn -0.0397 0.7071 -0.7060
vn -0.0397 0.7071 -0.7060
vn -0.0371 0.7071 -0.7061
vn 0.0000 1.0000 0.0000
vn 0.0000 1.0000 0.0000
vn 0.0000 1.0000 0.0000
vn 0.0000 1.0000 0.0000
vn 0.0344 0.7071 0.7063
vn 0.0371 0.7071 0.7061
vn 0.0371 0.7071 0.7061
vn 0.0344 0.7071 0.7063
vn 0.0487 0.0000 0.9988
vn 0.0524 0.0000 0.9986
vn 0.0524 0.0000 0.9986
vn 0.0487 0.0000 0.9988
vn 0.0344 -0.7071 0.7063
vn 0.0371 -0.7071 0.7061
vn 0.0371 -0.7071 0.7061
vn 0.0344 -0.7071 0.7063
vn 0.0000 -1.0000 0.0000
vn 0.0000 -1.0000 0.0000
vn 0.0000 -1.0000 0.0000
vn 0.0000 -1.0000 0.0000
vn -0.0344 -0.7071 -0.7063
vn -0.0371 -0.7071 -0.7061
vn -0.0371 -0.7071 -0.7061
vn -0.0344 -0.7071 -0.7063
vn -0.0487 -0.0000 -0.9988
vn -0.0524 -0.0000 -0.9986
vn -0.0524 -0.0000 -0.9986
vn -0.0487 -0.0000 -0.9988
vn -0.0344 0.7071 -0.7063
vn -0.0371 0.7071 -0.7061
vn -0.0371 0.7071 -0.7061
vn -0.0344 0.7071 -0.7063
vn 0.0000 1.0000 0.0000
vn 0.0000 1.0000 0.0000
vn 0.0000 1.0000 0.0000
vn 0.0000 1.0000 0.0000
vn 0.0318 0.7071 0.7064
vn 0.0344 0.7071 0.7063
vn 0.0344 0.7071 0.7063
vn 0.0318 0.7071 0.7064
vn 0.0449 0.0000 0.9990
vn 0.0487 0.0000 0.9988
vn 0.0487 0.0000 0.9988
vn 0.0449 0.0000 0.9990
vn 0.0318 -0.7071 0.7064
vn 0.0344 -0.7071 0.7063
vn 0.0344 -0.7071 0.7063
vn 0.0318 -0.7071 0.7064
vn 0.0000 -1.0000 0.0000
vn 0.0000 -1.0000 0.0000
vn 0.0000 -1.0000 0.0000
vn 0.0000 -1.0000 0.0000
vn -0.0318 -0.7071 -0.7064
vn -0.0344 -0.7071 -0.7063
vn -0.0344 -0.7071 -0.7063
vn -0.0318 -0.7071 -0.7064
vn -0.0449 -0.0000 -0.9990
vn -0.0487 -0.0000 -0.9988
vn -0.0487 -0.0000 -0.9988
vn -0.0449 -0.0000 -0.9990
vn -0.0318 0.7071 -0.7064
vn -0.0344 0.7071 -0.7063
vn -0.0344 0.7071 -0.7063
vn -0.0318 0.7071 -0.7064
vn 0.0000 1.0000 0.0000
vn 0.0000 1.0000 0.0000
vn 0.0000 1.0000 0.0000
vn 0.0000 1.0000 0.0000
vn 0.0291 0.7071 0.7065
vn 0.0318 0.7071 0.7064
vn 0.0318 0.7071 0.7064
vn 0.0291 0.7071 0.7065
vn 0.0412 0.0000 0.9992
vn 0.0449 0.0000 0.9990
vn 0.0449 0.0000 0.9990
vn 0.0412 0.0000 0.9992
vn 0.0291 -0.7071 0.7065
vn 0.0318 -0.7071 0.7064
vn 0.0318 -0.7071 0.7064
vn 0.0291 -0.7071 0.7065
vn 0.0000 -1.0000 0.0000
vn 0.0000 -1.0000 0.0000
vn 0.0000 -1.0000 0.0000
vn 0.0000 -1.0000 0.0000
vn -0.0291 -0.7071 -0.7065
vn -0.0318 -0.7071 -0.7064
vn -0.0318 -0.7071 -0.7064
vn -0.0291 -0.7071 -0.7065
vn -0.0412 -0.0000 -0.9992
vn -0.0449 -0.0000 -0.9990
vn -0.0449 -0.0000 -0.9990
vn -0.0412 -0.0000 -0.9992
vn -0.0291 0.7071 -0.7065
vn -0.0318 0.7071 -0.7064
vn -0.0318 0.7071 -0.7064
vn -0.0291 0.7071 -0.7065
vn 0.0000 1.0000 0.0000
vn 0.0000 1.0000 0.0000
vn 0.0000 1.0000 0.0000
vn 0.0000 1.0000 0.0000
vn 0.0265 0.7071 0.7066
vn 0.0291 0.7071 0.7065
vn 0.0291 0.7071 0.7065
vn 0.0265 0.7071 0.7066
vn 0.0375 0.0000 0.9993
vn 0.0412 0.0000 0.9992
vn 0.0412 0.0000 0.9992
vn 0.0375 0.0000 0.9993
vn 0.0265 -0.7071 0.7066
vn 0.0291 -0.7071 0.7065
vn 0.0291 -0.7071 0.7065
vn 0.0265 -0.7071 0.7066
vn 0.0000 -1.0000 0.0000
vn 0.0000 -1.0000 0.0000
vn 0.0000 -1.0000 0.0000
vn 0.0000 -1.0000 0.0000
vn -0.0265 -0.7071 -0.7066
vn -0.0291 -0.7071 -0.7065
vn -0.0291 -0.7071 -0.7065
vn -0.0265 -0.7071 -0.7066
vn -0.0375 -0.0000 -0.9993
vn -0.0412 -0.0000 -0.9992
vn -0.0412 -0.0000 -0.9992
vn -0.0375 -0.0000 -0.9993
vn -0.0265 0.7071 -0.7066
vn -0.0291 0.7071 -0.7065
vn -0.0291 0.7071 -0.7065
vn -0.0265 0.7071 -0.7066
vn 0.0000 1.0000 0.0000
vn 0.0000 1.0000 0.0000
vn 0.0000 1.0000 0.0000
vn 0.0000 1.0000 0.0000
vn 0.0238 0.7071 0.7067
vn 0.0265 0.7071 0.7066
vn 0.0265 0.7071 0.7066
vn 0.0238 0.7071 0.7067
vn 0.0337 0.0000 0.9994
vn 0.0375 0.0000 0.9993
vn 0.0375 0.0000 0.9993
vn 0.0337 0.0000 0.9994
vn 0.0238 -0.7071 0.7067
vn 0.0265 -0.7071 0.7066
vn 0.0265 -0.7071 0.7066
vn 0.0238 -0.7071 0.7067
vn 0.0000 -1.0000 0.0000
vn 0.0000 -1.0000 0.0000
vn 0.0000 -1.0000 0.0000
vn 0.0000 -1.0000 0.0000
vn -0.0238 -0.7071 -0.7067
vn -0.0265 -0.7071 -0.7066
vn -0.0265 -0.7071 -0.7066
vn -0.0238 -0.7071 -0.7067
vn -0.0337 -0.0000 -0.9994
vn -0.0375 -0.0000 -0.9993
vn -0.0375 -0.0000 -0.9993
vn -0.0337 -0.0000 -0.9994
vn -0.0238 0.7071 -0.7067
vn -0.0265 0.7071 -0.7066
vn -0.0265 0.7071 -0.7066
vn -0.0238 0.7071 -0.7067
vn 0.0000 1.0000 0.0000
vn 0.0000 1.0000 0.0000
vn 0.0000 1.0000 0.0000
vn 0.0000 1.0000 0.0000
vn 0.0212 0.7071 0.7068
vn 0.0238 0.7071 0.7067
vn 0.0238 0.7071 0.7067
vn 0.0212 0.7071 0.7068
vn 0.0300 0.0000 0.9996
vn 0.0337 0.0000 0.9994
vn 0.0337 0.0000 0.9994
vn 0.0300 0.0000 0.9996
vn 0.0212 -0.7071 0.7068
vn 0.0238 -0.7071 0.7067
vn 0.0238 -0.7071 0.7067
vn 0.0212 -0.7071 0.7068
vn 0.0000 -1.0000 0.0000
vn 0.0000 -1.0000 0.0000
vn 0.0000 -1.0000 0.0000
vn 0.0000 -1.0000 0.0000
vn -0.0212 -0.7071 -0.7068
vn -0.0238 -0.7071 -0.7067
vn -0.0238 -0.7071 -0.7067
vn -0.0212 -0.7071 -0.7068
vn -0.0300 -0.0000 -0.9996
vn -0.0337 -0.0000 -0.9994
vn -0.0337 -0.0000 -0.9994
vn -0.0300 -0.0000 -0.9996
vn -0.0212 0.7071 -0.7068
vn -0.0238 0.7071 -0.7067
vn -0.0238 0.7071 -0.7067
vn -0.0212 0.7071 -0.7068
vn 0.0000 1.0000 0.0000
vn 0.0000 1.0000 0.0000
vn 0.0000 1.0000 0.0000
vn 0.0000 1.0000 0.0000
vn 0.0185 0.7071 0.7069
vn 0.0212 0.7071 0.7068
vn 0.0212 0.7071 0.7068
vn 0.0185 0.7071 0.7069
vn 0.0262 0.0000 0.9997
vn 0.0300 0.0000 0.9996
vn 0.0300 0.0000 0.9996
vn 0.0262 0.0000 0.9997
vn 0.0185 -0.7071 0.7069
vn 0.0212 -0.7071 0.7068
vn 0.0212 -0.7071 0.7068
vn 0.0185 -0.7071 0.7069
vn 0.0000 -1.0000 0.0000
vn 0.0000 -1.0000 0.0000
vn 0.0000 -1.0000 0.0000
vn 0.0000 -1.0000 0.0000
vn -0.0185 -0.7071 -0.7069
vn -0.0212 -0.7071 -0.7068
vn -0.0212 -0.7071 -0.7068
vn -0.0185 -0.7071 -0.7069
vn -0.0262 -0.0000 -0.9997
vn -0.0300 -0.0000 -0.9996
vn -0.0300 -0.0000 -0.9996
vn -0.0262 -0.0000 -0.9997
vn -0.0185 0.7071 -0.7069
vn -0.0212 0.7071 -0.7068
vn -0.0212 0.7071 -0.7068
vn -0.0185 0.7071 -0.7069
vn 0.0000 1.0000 0.0000
vn 0.0000 1.0000 0.0000
vn 0.0000 1.0000 0.0000
vn 0.0000 1.0000 0.0000
vn 0.0159 0.7071 0.7069
vn 0.0185 0.7071 0.7069
vn 0.0185 0.7071 0.7069
vn 0.0159 0.7071 0.7069
vn 0.0225 0.0000 0.9997
vn 0.0262 0.0000 0.9997
vn 0.0262 0.0000 0.9997
vn 0.0225 0.0000 0.9997
vn 0.0159 -0.7071 0.7069
vn 0.0185 -0.7071 0.7069
vn 0.0185 -0.7071 0.7069
vn 0.0159 -0.7071 0.7069
vn 0.0000 -1.0000 0.0000
vn 0.0000 -1.0000 0.0000
vn 0.0000 -1.0000 0.0000
vn 0.0000 -1.0000 0.0000
vn -0.0159 -0.7071 -0.7069
vn -0.0185 -0.7071 -0.7069
vn -0.0185 -0.7071 -0.7069
vn -0.0159 -0.7071 -0.7069
vn -0.0225 -0.0000 -0.9997
vn -0.0262 -0.0000 -0.9997
vn -0.0262 -0.0000 -0.9997
vn -0.0225 -0.0000 -0.9997
vn -0.0159 0.7071 -0.7069
vn -0.0185 0.7071 -0.7069
vn -0.0185 0.7071 -0.7069
vn -0.0159 0.7071 -0.7069
vn 0.0000 1.0000 0.0000
vn 0.0000 1.0000 0.0000
vn 0.0000 1.0000 0.0000
vn 0.0000 1.0000 0.0000
vn 0.0132 0.7071 0.7070
vn 0.0159 0.7071 0.7069
vn 0.0159 0.7071 0.7069
vn 0.0132 0.7071 0.7070
vn 0.0187 0.0000 0.9998
vn 0.0225 0.0000 0.9997
vn 0.0225 0.0000 0.9997
vn 0.0187 0.0000 0.9998
vn 0.0132 -0.7071 0.7070
vn 0.0159 -0.7071 0.7069
vn 0.0159 -0.7071 0.7069
vn 0.0132 -0.7071 0.7070
vn 0.0000 -1.0000 0.0000
vn 0.0000 -1.0000 0.0000
vn 0.0000 -1.0000 0.0000
vn 0.0000 -1.0000 0.0000
vn -0.0132 -0.7071 -0.7070
vn -0.0159 -0.7071 -0.7069
vn -0.0159 -0.7071 -0.7069
vn -0.0132 -0.7071 -0.7070
vn -0.0187 -0.0000 -0.9998
vn -0.0225 -0.0000 -0.9997
vn -0.0225 -0.0000 -0.9997
vn -0.0187 -0.0000 -0.9998
vn -0.0132 0.7071 -0.7070
vn -0.0159 0.7071 -0.7069
vn -0.0159 0.7071 -0.7069
vn -0.0132 0.7071 -0.7070
vn 0.0000 1.0000 0.0000
vn 0.0000 1.0000 0.0000
vn 0.0000 1.0000 0.0000
vn 0.0000 1.0000 0.0000
vn 0.0106 0.7071 0.7070
vn 0.0132 0.7071 0.7070
vn 0.0132 0.7071 0.7070
vn 0.0106 0.7071 0.7070
vn 0.0150 0.0000 0.9999
vn 0.0187 0.0000 0.9998
vn 0.0187 0.0000 0.9998
vn 0.0150 0.0000 0.9999
vn 0.0106 -0.7071 0.7070
vn 0.0132 -0.7071 0.7070
vn 0.0132 -0.7071 0.7070
vn 0.0106 -0.7071 0.7070
vn 0.0000 -1.0000 0.0000
vn 0.0000 -1.0000 0.0000
vn 0.0000 -1.0000 0.0000
vn 0.0000 -1.0000 0.0000
vn -0.0106 -0.7071 -0.7070
vn -0.0132 -0.7071 -0.7070
vn -0.0132 -0.7071 -0.7070
vn -0.0106 -0.7071 -0.7070
vn -0.0150 -0.0000 -0.9999
vn -0.0187 -0.0000 -0.9998
vn -0.0187 -0.0000 -0.9998
vn -0.0150 -0.0000 -0.9999
vn -0.0106 0.7071 -0.7070
vn -0.0132 0.7071 -0.7070
vn -0.0132 0.7071 -0.7070
vn -0.0106 0.7071 -0.7070
vn 0.0000 1.0000 0.0000
vn 0.0000 1.0000 0.0000
vn 0.0000 1.0000 0.0000
vn 0.0000 1.0000 0.0000
vn 0.0079 0.7071 0.7071
vn 0.0106 0.7071 0.7070
vn 0.0106 0.7071 0.7070
vn 0.0079 0.7071 0.7071
vn 0.0112 0.0000 0.9999
vn 0.0150 0.0000 0.9999
vn 0.0150 0.0000 0.9999
vn 0.0112 0.0000 0.9999
vn 0.0079 -0.7071 0.7071
vn 0.0106 -0.7071 0.7070
vn 0.0106 -0.7071 0.7070
vn 0.0079 -0.7071 0.7071
vn 0.0000 -1.0000 0.0000
vn 0.0000 -1.0000 0.0000
vn 0.0000 -1.0000 0.0000
vn 0.0000 -1.0000 0.0000
vn -0.0079 -0.7071 -0.7071
vn -0.0106 -0.7071 -0.7070
vn -0.0106 -0.7071 -0.7070
vn -0.0079 -0.7071 -0.7071
vn -0.0112 -0.0000 -0.9999
vn -0.0150 -0.0000 -0.9999
vn -0.0150 -0.0000 -0.9999
vn -0.0112 -0.0000 -0.9999
vn -0.0079 0.7071 -0.7071
vn -0.0106 0.7071 -0.7070
vn -0.0106 0.7071 -0.7070
vn -0.0079 0.7071 -0.7071
vn 0.0000 1.0000 0.0000
vn 0.0000 1.0000 0.0000
vn 0.0000 1.0000 0.0000
vn 0.0000 1.0000 0.0000
vn 0.0053 0.7071 0.7071
vn 0.0079 0.7071 0.7071
vn 0.0079 0.7071 0.7071
vn 0.0053 0.7071 0.7071
vn 0.0075 0.0000 1.0000
vn 0.0112 0.0000 0.9999
vn 0.0112 0.0000 0.9999
vn 0.0075 0.0000 1.0000
vn 0.0053 -0.7071 0.7071
vn 0.0079 -0.7071 0.7071
vn 0.0079 -0.7071 0.7071
vn 0.0053 -0.7071 0.7071
vn 0.0000 -1.0000 0.0000
vn 0.0000 -1.0000 0.0000
vn 0.0000 -1.0000 0.0000
vn 0.0000 -1.0000 0.0000
vn -0.0053 -0.7071 -0.7071
vn -0.0079 -0.7071 -0.7071
vn -0.0079 -0.7071 -0.7071
vn -0.0053 -0.7071 -0.7071
vn -0.0075 -0.0000 -1.0000
vn -0.0112 -0.0000 -0.9999
vn -0.0112 -0.0000 -0.9999
vn -0.0075 -0.0000 -1.0000
vn -0.0053 0.7071 -0.7071
vn -0.0079 0.7071 -0.7071
vn -0.0079 0.7071 -0.7071
vn -0.0053 0.7071 -0.7071
vn 0.0000 1.0000 0.0000
vn 0.0000 1.0000 0.0000
vn 0.0000 1.0000 0.0000
vn 0.0000 1.0000 0.0000
vn 0.0026 0.7071 0.7071
vn 0.0053 0.7071 0.7071
vn 0.0053 0.7071 0.7071
vn 0.0026 0.7071 0.7071
vn 0.0037 0.0000 1.0000
vn 0.0075 0.0000 1.0000
vn 0.0075 0.0000 1.0000
vn 0.0037 0.0000 1.0000
vn 0.0026 -0.7071 0.7071
vn 0.0053 -0.7071 0.7071
vn 0.0053 -0.7071 0.7071
vn 0.0026 -0.7071 0.7071
vn 0.0000 -1.0000 0.0000
vn 0.0000 -1.0000 0.0000
vn 0.0000 -1.0000 0.0000
vn 0.0000 -1.0000 0.0000
vn -0.0026 -0.7071 -0.7071
vn -0.0053 -0.7071 -0.7071
vn -0.0053 -0.7071 -0.7071
vn -0.0026 -0.7071 -0.7071
vn -0.0037 -0.0000 -1.0000
vn -0.0075 -0.0000 -1.0000
vn -0.0075 -0.0000 -1.0000
vn -0.0037 -0.0000 -1.0000
vn -0.0026 0.7071 -0.7071
vn -0.0053 0.7071 -0.7071
vn -0.0053 0.7071 -0.7071
vn -0.0026 0.7071 -0.7071
vn 0.0000 1.0000 0.0000
vn 0.0000 1.0000 0.0000
vn 0.0000 1.0000 0.0000
vn 0.0000 1.0000 0.0000
vn 0.0000 0.7071 0.7071
vn 0.0026 0.7071 0.7071
vn 0.0026 0.7071 0.7071
vn 0.0000 0.7071 0.7071
vn 0.0000 0.0000 1.0000
vn 0.0037 0.0000 1.0000
vn 0.0037 0.0000 1.0000
vn 0.0000 0.0000 1.0000
vn 0.0000 -0.7071 0.7071
vn 0.0026 -0.7071 0.7071
vn 0.0026 -0.7071 0.7071
vn 0.0000 -0.7071 0.7071
vn 0.0000 -1.0000 0.0000
vn 0.0000 -1.0000 0.0000
vn 0.0000 -1.0000 0.0000
vn 0.0000 -1.0000 0.0000
vn 0.0000 -0.7071 -0.7071
vn -0.0026 -0.7071 -0.7071
vn -0.0026 -0.7071 -0.7071
vn 0.0000 -0.7071 -0.7071
vn 0.0000 -0.0000 -1.0000
vn -0.0037 -0.0000 -1.0000
vn -0.0037 -0.0000 -1.0000
vn 0.0000 -0.0000 -1.0000
vn -0.0000 0.7071 -0.7071
vn -0.0026 0.7071 -0.7071
vn -0.0026 0.7071 -0.7071
vn -0.0000 0.7071 -0.7071
vn 0.0000 1.0000 0.0000
vn 0.0000 1.0000 0.0000
vn 0.0000 1.0000 0.0000
vn -0.0000 1.0000 0.0000
vn -0.0026 0.7071 0.7071
vn 0.0000 0.7071 0.7071
vn 0.0000 0.7071 0.7071
vn -0.0026 0.7071 0.7071
vn -0.0037 0.0000 1.0000
vn 0.0000 0.0000 1.0000
vn 0.0000 0.0000 1.0000
vn -0.0037 0.0000 1.0000
vn -0.0026 -0.7071 0.7071
vn 0.0000 -0.7071 0.7071
vn 0.0000 -0.7071 0.7071
vn -0.0026 -0.7071 0.7071
vn -0.0000 -1.0000 0.0000
vn 0.0000 -1.0000 0.0000
vn 0.0000 -1.0000 0.0000
vn -0.0000 -1.0000 0.0000
vn 0.0026 -0.7071 -0.7071
vn 0.0000 -0.7071 -0.7071
vn 0.0000 -0.7071 -0.7071
vn 0.0026 -0.7071 -0.7071
vn 0.0037 -0.0000 -1.0000
vn 0.0000 -0.0000 -1.0000
vn 0.0000 -0.0000 -1.0000
vn 0.0037 -0.0000 -1.0000
vn 0.0026 0.7071 -0.7071
vn -0.0000 0.7071 -0.7071
vn -0.0000 0.7071 -0.7071
vn 0.0026 0.7071 -0.7071
vn -0.0000 1.0000 0.0000
vn 0.0000 1.0000 0.0000
vn -0.0000 1.0000 0.0000
vn -0.0000 1.0000 0.0000
vn -0.0053 0.7071 0.7071
vn -0.0026 0.7071 0.7071
vn -0.0026 0.7071 0.7071
vn -0.0053 0.7071 0.7071
vn -0.0075 0.0000 1.0000
vn -0.0037 0.0000 1.0000
vn -0.0037 0.0000 1.0000
vn -0.0075 0.0000 1.0000
vn -0.0053 -0.7071 0.7071
vn -0.0026 -0.7071 0.7071
vn -0.0026 -0.7071 0.7071
vn -0.0053 -0.7071 0.7071
vn -0.0000 -1.0000 0.0000
vn -0.0000 -1.0000 0.0000
vn -0.0000 -1.0000 0.0000
vn -0.0000 -1.0000 0.0000
vn 0.0053 -0.7071 -0.7071
vn 0.0026 -0.7071 -0.7071
vn 0.0026 -0.7071 -0.7071
vn 0.0053 -0.7071 -0.7071
vn 0.0075 -0.0000 -1.0000
vn 0.0037 -0.0000 -1.0000
vn 0.0037 -0.0000 -1.0000
vn 0.0075 -0.0000 -1.0000
vn 0.0053 0.7071 -0.7071
vn 0.0026 0.7071 -0.7071
vn 0.0026 0.7071 -0.7071
vn 0.0053 0.7071 -0.7071
vn -0.0000 1.0000 0.0000
vn -0.0000 1.0000 0.0000
vn -0.0000 1.0000 0.0000
vn -0.0000 1.0000 0.0000
vn -0.0079 0.7071 0.7071
vn -0.0053 0.7071 0.7071
vn -0.0053 0.7071 0.7071
vn -0.0079 0.7071 0.7071
vn -0.0112 0.0000 0.9999
vn -0.0075 0.0000 1.0000
vn -0.0075 0.0000 1.0000
vn -0.0112 0.0000 0.9999
vn -0.0079 -0.7071 0.7071
vn -0.0053 -0.7071 0.7071
vn -0.0053 -0.7071 0.7071
vn -0.0079 -0.7071 0.7071
vn -0.0000 -1.0000 0.0000
vn -0.0000 -1.0000 0.0000
vn -0.0000 -1.0000 0.0000
vn -0.0000 -1.0000 0.0000
vn 0.0079 -0.7071 -0.7071
vn 0.0053 -0.7071 -0.7071
vn 0.0053 -0.7071 -0.7071
vn 0.0079 -0.7071 -0.7071
vn 0.0112 -0.0000 -0.9999
vn 0.0075 -0.0000 -1.0000
vn 0.0075 -0.0000 -1.0000
vn 0.0112 -0.0000 -0.9999
vn 0.0079 0.7071 -0.7071
vn 0.0053 0.7071 -0.7071
vn 0.0053 0.7071 -0.7071
vn 0.0079 0.7071 -0.7071
vn -0.0000 1.0000 0.0000
vn -0.0000 1.0000 0.0000
vn -0.0000 1.0000 0.0000
vn -0.0000 1.0000 0.0000
vn -0.0106 0.7071 0.7070
vn -0.0079 0.7071 0.7071
vn -0.0079 0.7071 0.7071
vn -0.0106 0.7071 0.7070
vn -0.0150 0.0000 0.9999
vn -0.0112 0.0000 0.9999
vn -0.0112 0.0000 0.9999
vn -0.0150 0.0000 0.9999
vn -0.0106 -0.7071 0.7070
vn -0.0079 -0.7071 0.7071
vn -0.0079 -0.7071 0.7071
vn -0.0106 -0.7071 0.7070
vn -0.0000 -1.0000 0.0000
vn -0.0000 -1.0000 0.0000
vn -0.0000 -1.0000 0.0000
vn -0.0000 -1.0000 0.0000
vn 0.0106 -0.7071 -0.7070
vn 0.0079 -0.7071 -0.7071
vn 0.0079 -0.7071 -0.7071
vn 0.0106 -0.7071 -0.7070
vn 0.0150 -0.0000 -0.9999
vn 0.0112 -0.0000 -0.9999
vn 0.0112 -0.0000 -0.9999
vn 0.0150 -0.0000 -0.9999
vn 0.0106 0.7071 -0.7070
vn 0.0079 0.7071 -0.7071
vn 0.0079 0.7071 -0.7071
vn 0.0106 0.7071 -0.7070
vn -0.0000 1.0000 0.0000
vn -0.0000 1.0000 0.0000
vn -0.0000 1.0000 0.0000
vn -0.0000 1.0000 0.0000
vn -0.0132 0.7071 0.7070
vn -0.0106 0.7071 0.7070
vn -0.0106 0.7071 0.7070
vn -0.0132 0.7071 0.7070
vn -0.0187 0.0000 0.9998
vn -0.0150 0.0000 0.9999
vn -0.0150 0.0000 0.9999
vn -0.0187 0.0000 0.9998
vn -0.0132 -0.7071 0.7070
vn -0.0106 -0.7071 0.7070
vn -0.0106 -0.7071 0.7070
vn -0.0132 -0.7071 0.7070
vn -0.0000 -1.0000 0.0000
vn -0.0000 -1.0000 0.0000
vn -0.0000 -1.0000 0.0000
vn -0.0000 -1.0000 0.0000
vn 0.0132 -0.7071 -0.7070
vn 0.0106 -0.7071 -0.7070
vn 0.0106 -0.7071 -0.7070
vn 0.0132 -0.7071 -0.7070
vn 0.0187 -0.0000 -0.9998
vn 0.0150 -0.0000 -0.9999
vn 0.0150 -0.0000 -0.9999
vn 0.0187 -0.0000 -0.9998
vn 0.0132 0.7071 -0.7070
vn 0.0106 0.7071 -0.7070
vn 0.0106 0.7071 -0.7070
vn 0.0132 0.7071 -0.7070
vn -0.0000 1.0000 0.0000
vn -0.0000 1.0000 0.0000
vn -0.0000 1.0000 0.0000
vn -0.0000 1.0000 0.0000
vn -0.0159 0.7071 0.7069
vn -0.0132 0.7071 0.7070
vn -0.0132 0.7071 0.7070
vn -0.0159 0.7071 0.7069
vn -0.0225 0.0000 0.9997
vn -0.0187 0.0000 0.9998
vn -0.0187 0.0000 0.9998
vn -0.0225 0.0000 0.9997
vn -0.0159 -0.7071 0.7069
vn -0.0132 -0.7071 0.7070
vn -0.0132 -0.7071 0.7070
vn -0.0159 -0.7071 0.7069
vn -0.0000 -1.0000 0.0000
vn -0.0000 -1.0000 0.0000
vn -0.0000 -1.0000 0.0000
vn -0.0000 -1.0000 0.0000
vn 0.0159 -0.7071 -0.7069
vn 0.0132 -0.7071 -0.7070
vn 0.0132 -0.7071 -0.7070
vn 0.0159 -0.7071 -0.7069
vn 0.0225 -0.0000 -0.9997
vn 0.0187 -0.0000 -0.9998
vn 0.0187 -0.0000 -0.9998
vn 0.0225 -0.0000 -0.9997
vn 0.0159 0.7071 -0.7069
vn 0.0132 0.7071 -0.7070
vn 0.0132 0.7071 -0.7070
vn 0.0159 0.7071 -0.7069
vn -0.0000 1.0000 0.0000
vn -0.0000 1.0000 0.0000
vn -0.0000 1.0000 0.0000
vn -0.0000 1.0000 0.0000
vn -0.0185 0.7071 0.7069
vn -0.0159 0.7071 0.7069
vn -0.0159 0.7071 0.7069
vn -0.0185 0.7071 0.7069
vn -0.0262 0.0000 0.9997
vn -0.0225 0.0000 0.9997
vn -0.0225 0.0000 0.9997
vn -0.0262 0.0000 0.9997
vn -0.0185 -0.7071 0.7069
vn -0.0159 -0.7071 0.7069
vn -0.0159 -0.7071 0.7069
vn -0.0185 -0.7071 0.7069
vn -0.0000 -1.0000 0.0000
vn -0.0000 -1.0000 0.0000
vn -0.0000 -1.0000 0.0000
vn -0.0000 -1.0000 0.0000
vn 0.0185 -0.7071 -0.7069
vn 0.0159 -0.7071 -0.7069
vn 0.0159 -0.7071 -0.7069
vn 0.0185 -0.7071 -0.7069
vn 0.0262 -0.0000 -0.9997
vn 0.0225 -0.0000 -0.9997
vn 0.0225 -0.0000 -0.9997
vn 0.0262 -0.0000 -0.9997
vn 0.0185 0.7071 -0.7069
vn 0.0159 0.7071 -0.7069
vn 0.0159 0.7071 -0.7069
vn 0.0185 0.7071 -0.7069
vn -0.0000 1.0000 0.0000
vn -0.0000 1.0000 0.0000
vn -0.0000 1.0000 0.0000
vn -0.0000 1.0000 0.0000
vn -0.0212 0.7071 0.7068
vn -0.0185 0.7071 0.7069
vn -0.0185 0.7071 0.7069
vn -0.0212 0.7071 0.7068
vn -0.0300 0.0000 0.9996
vn -0.0262 0.0000 0.9997
vn -0.0262 0.0000 0.9997
vn -0.0300 0.0000 0.9996
vn -0.0212 -0.7071 0.7068
vn -0.0185 -0.7071 0.7069
vn -0.0185 -0.7071 0.7069
vn -0.0212 -0.7071 0.7068
vn -0.0000 -1.0000 0.0000
vn -0.0000 -1.0000 0.0000
vn -0.0000 -1.0000 0.0000
vn -0.0000 -1.0000 0.0000
vn 0.0212 -0.7071 -0.7068
vn 0.0185 -0.7071 -0.7069
vn 0.0185 -0.7071 -0.7069
vn 0.0212 -0.7071 -0.7068
vn 0.0300 -0.0000 -0.9996
vn 0.0262 -0.0000 -0.9997
vn 0.0262 -0.0000 -0.9997
vn 0.0300 -0.0000 -0.9996
vn 0.0212 0.7071 -0.7068
vn 0.0185 0.7071 -0.7069
vn 0.0185 0.7071 -0.7069
vn 0.0212 0.7071 -0.7068
vn -0.0000 1.0000 0.0000
vn -0.0000 1.0000 0.0000
vn -0.0000 1.0000 0.0000
vn -0.0000 1.0000 0.0000
vn -0.0238 0.7071 0.7067
vn -0.0212 0.7071 0.7068
vn -0.0212 0.7071 0.7068
vn -0.0238 0.7071 0.7067
vn -0.0337 0.0000 0.9994
vn -0.0300 0.0000 0.9996
vn -0.0300 0.0000 0.9996
vn -0.0337 0.0000 0.9994
vn -0.0238 -0.7071 0.7067
vn -0.0212 -0.7071 0.7068
vn -0.0212 -0.7071 0.7068
vn -0.0238 -0.7071 0.7067
vn -0.0000 -1.0000 0.0000
vn -0.0000 -1.0000 0.0000
vn -0.0000 -1.0000 0.0000
vn -0.0000 -1.0000 0.0000
vn 0.0238 -0.7071 -0.7067
vn 0.0212 -0.7071 -0.7068
vn 0.0212 -0.7071 -0.7068
vn 0.0238 -0.7071 -0.7067
vn 0.0337 -0.0000 -0.9994
vn 0.0300 -0.0000 -0.9996
vn 0.0300 -0.0000 -0.9996
vn 0.0337 -0.0000 -0.9994
vn 0.0238 0.7071 -0.7067
vn 0.0212 0.7071 -0.7068
vn 0.0212 0.7071 -0.7068
vn 0.0238 0.7071 -0.7067
vn -0.0000 1.0000 0.0000
vn -0.0000 1.0000 0.0000
vn -0.0000 1.0000 0.0000
vn -0.0000 1.0000 0.0000
vn -0.0265 0.7071 0.7066
vn -0.0238 0.7071 0.7067
vn -0.0238 0.7071 0.7067
vn -0.0265 0.7071 0.7066
vn -0.0375 0.0000 0.9993
vn -0.0337 0.0000 0.9994
vn -0.0337 0.0000 0.9994
vn -0.0375 0.0000 0.9993
vn -0.0265 -0.7071 0.7066
vn -0.0238 -0.7071 0.7067
vn -0.0238 -0.7071 0.7067
vn -0.0265 -0.7071 0.7066
vn -0.0000 -1.0000 0.0000
vn -0.0000 -1.0000 0.0000
vn -0.0000 -1.0000 0.0000
vn -0.0000 -1.0000 0.0000
vn 0.0265 -0.7071 -0.7066
vn 0.0238 -0.7071 -0.7067
vn 0.0238 -0.7071 -0.7067
vn 0.0265 -0.7071 -0.7066
vn 0.0375 -0.0000 -0.9993
vn 0.0337 -0.0000 -0.9994
vn 0.0337 -0.0000 -0.9994
vn 0.0375 -0.0000 -0.9993
vn 0.0265 0.7071 -0.7066
vn 0.0238 0.7071 -0.7067
vn 0.0238 0.7071 -0.7067
vn 0.0265 0.7071 -0.7066
vn -0.0000 1.0000 0.0000
vn -0.0000 1.0000 0.0000
vn -0.0000 1.0000 0.0000
vn -0.0000 1.0000 0.0000
vn -0.0291 0.7071 0.7065
vn -0.0265 0.7071 0.7066
vn -0.0265 0.7071 0.7066
vn -0.0291 0.7071 0.7065
vn -0.0412 0.0000 0.9992
vn -0.0375 0.0000 0.9993
vn -0.0375 0.0000 0.9993
vn -0.0412 0.0000 0.9992
vn -0.0291 -0.7071 0.7065
vn -0.0265 -0.7071 0.7066
vn -0.0265 -0.7071 0.7066
vn -0.0291 -0.7071 0.7065
vn -0.0000 -1.0000 0.0000
vn -0.0000 -1.0000 0.0000
vn -0.0000 -1.0000 0.0000
vn -0.0000 -1.0000 0.0000
vn 0.0291 -0.7071 -0.7065
vn 0.0265 -0.7071 -0.7066
vn 0.0265 -0.7071 -0.7066
vn 0.0291 -0.7071 -0.7065
vn 0.0412 -0.0000 -0.9992
vn 0.0375 -0.0000 -0.9993
vn 0.0375 -0.0000 -0.9993
vn 0.0412 -0.0000 -0.9992
vn 0.0291 0.7071 -0.7065
vn 0.0265 0.7071 -0.7066
vn 0.0265 0.7071 -0.7066
vn 0.0291 0.7071 -0.7065
vn -0.0000 1.0000 0.0000
vn -0.0000 1.0000 0.0000
vn -0.0000 1.0000 0.0000
vn -0.0000 1.0000 0.0000
vn -0.0318 0.7071 0.7064
vn -0.0291 0.7071 0.7065
vn -0.0291 0.7071 0.7065
vn -0.0318 0.7071 0.7064
vn -0.0449 0.0000 0.9990
vn -0.0412 0.0000 0.9992
vn -0.0412 0.0000 0.9992
vn -0.0449 0.0000 0.9990
vn -0.0318 -0.7071 0.7064
vn -0.0291 -0.7071 0.7065
vn -0.0291 -0.7071 0.7065
vn -0.0318 -0.7071 0.7064
vn -0.0000 -1.0000 0.0000
vn -0.0000 -1.0000 0.0000
vn -0.0000 -1.0000 0.0000
vn -0.0000 -1.0000 0.0000
vn 0.0318 -0.7071 -0.7064
vn 0.0291 -0.7071 -0.7065
vn 0.0291 -0.7071 -0.7065
vn 0.0318 -0.7071 -0.7064
vn 0.0449 -0.0000 -0.9990
vn 0.0412 -0.0000 -0.9992
vn 0.0412 -0.0000 -0.9992
vn 0.0449 -0.0000 -0.9990
vn 0.0318 0.7071 -0.7064
vn 0.0291 0.7071 -0.7065
vn 0.0291 0.7071 -0.7065
vn 0.0318 0.7071 -0.7064
vn -0.0000 1.0000 0.0000
vn -0.0000 1.0000 0.0000
vn -0.0000 1.0000 0.0000
vn -0.0000 1.0000 0.0000
vn -0.0344 0.7071 0.7063
vn -0.0318 0.7071 0.7064
vn -0.0318 0.7071 0.7064
vn -0.0344 0.7071 0.7063
vn -0.0487 0.0000 0.9988
vn -0.0449 0.0000 0.9990
vn -0.0449 0.0000 0.9990
vn -0.0487 0.0000 0.9988
vn -0.0344 -0.7071 0.7063
vn -0.0318 -0.7071 0.7064
vn -0.0318 -0.7071 0.7064
vn -0.0344 -0.7071 0.7063
vn -0.0000 -1.0000 0.0000
vn -0.0000 -1.0000 0.0000
vn -0.0000 -1.0000 0.0000
vn -0.0000 -1.0000 0.0000
vn 0.0344 -0.7071 -0.7063
vn 0.0318 -0.7071 -0.7064
vn 0.0318 -0.7071 -0.7064
vn 0.0344 -0.7071 -0.7063
vn 0.0487 -0.0000 -0.9988
vn 0.0449 -0.0000 -0.9990
vn 0.0449 -0.0000 -0.9990
vn 0.0487 -0.0000 -0.9988
vn 0.0344 0.7071 -0.7063
vn 0.0318 0.7071 -0.7064
vn 0.0318 0.7071 -0.7064
vn 0.0344 0.7071 -0.7063
vn -0.0000 1.0000 0.0000
vn -0.0000 1.0000 0.0000
vn -0.0000 1.0000 0.0000
vn -0.0000 1.0000 0.0000
vn -0.0371 0.7071 0.7061
vn -0.0344 0.7071 0.7063
vn -0.0344 0.7071 0.7063
vn -0.0371 0.7071 0.7061
vn -0.0524 0.0000 0.9986
vn -0.0487 0.0000 0.9988
vn -0.0487 0.0000 0.9988
vn -0.0524 0.0000 0.9986
vn -0.0371 -0.7071 0.7061
vn -0.0344 -0.7071 0.7063
vn -0.0344 -0.7071 0.7063
vn -0.0371 -0.7071 0.7061
vn -0.0000 -1.0000 0.0000
vn -0.0000 -1.0000 0.0000
vn -0.0000 -1.0000 0.0000
vn -0.0000 -1.0000 0.0000
vn 0.0371 -0.7071 -0.7061
vn 0.0344 -0.7071 -0.7063
vn 0.0344 -0.7071 -0.7063
vn 0.0371 -0.7071 -0.7061
vn 0.0524 -0.0000 -0.9986
vn 0.0487 -0.0000 -0.9988
vn 0.0487 -0.0000 -0.9988
vn 0.0524 -0.0000 -0.9986
vn 0.0371 0.7071 -0.7061
vn 0.0344 0.7071 -0.7063
vn 0.0344 0.7071 -0.7063
vn 0.0371 0.7071 -0.7061
vn -0.0000 1.0000 0.0000
vn -0.0000 1.0000 0.0000
vn -0.0000 1.0000 0.0000
vn -0.0000 1.0000 0.0000
vn -0.0397 0.7071 0.7060
vn -0.0371 0.7071 0.7061
vn -0.0371 0.7071 0.7061
vn -0.0397 0.7071 0.7060
vn -0.0562 0.0000 0.9984
vn -0.0524 0.0000 0.9986
vn -0.0524 0.0000 0.9986
vn -0.0562 0.0000 0.9984
vn -0.0397 -0.7071 0.7060
vn -0.0371 -0.7071 0.7061
vn -0.0371 -0.7071 0.7061
vn -0.0397 -0.7071 0.7060
vn -0.0000 -1.0000 0.0000
vn -0.0000 -1.0000 0.0000
vn -0.0000 -1.0000 0.0000
vn -0.0000 -1.0000 0.0000
vn 0.0397 -0.7071 -0.7060
vn 0.0371 -0.7071 -0.7061
vn 0.0371 -0.7071 -0.7061
vn 0.0397 -0.7071 -0.7060
vn 0.0562 -0.0000 -0.9984
vn 0.0524 -0.0000 -0.9986
vn 0.0524 -0.0000 -0.9986
vn 0.0562 -0.0000 -0.9984
vn 0.0397 0.7071 -0.7060
vn 0.0371 0.7071 -0.7061
vn 0.0371 0.7071 -0.7061
vn 0.0397 0.7071 -0.7060
vn -0.0000 1.0000 0.0000
vn -0.0000 1.0000 0.0000
vn -0.0000 1.0000 0.0000
vn -0.0000 1.0000 0.0000
vn -0.0423 0.7071 0.7058
vn -0.0397 0.7071 0.7060
vn -0.0397 0.7071 0.7060
vn -0.0423 0.7071 0.7058
vn -0.0599 0.0000 0.9982
vn -0.0562 0.0000 0.9984
vn -0.0562 0.0000 0.9984
vn -0.0599 0.0000 0.9982
vn -0.0423 -0.7071 0.7058
vn -0.0397 -0.7071 0.7060
vn -0.0397 -0.7071 0.7060
vn -0.0423 -0.7071 0.7058
vn -0.0000 -1.0000 0.0000
vn -0.0000 -1.0000 0.0000
vn -0.0000 -1.0000 0.0000
vn -0.0000 -1.0000 0.0000
vn 0.0423 -0.7071 -0.7058
vn 0.0397 -0.7071 -0.7060
vn 0.0397 -0.7071 -0.7060
vn 0.0423 -0.7071 -0.7058
vn 0.0599 -0.0000 -0.9982
vn 0.0562 -0.0000 -0.9984
vn 0.0562 -0.0000 -0.9984
vn 0.0599 -0.0000 -0.9982
vn 0.0423 0.7071 -0.7058
vn 0.0397 0.7071 -0.7060
vn 0.0397 0.7071 -0.7060
vn 0.0423 0.7071 -0.7058
vn -0.0000 1.0000 0.0000
vn -0.0000 1.0000 0.0000
vn -0.0000 1.0000 0.0000
vn -0.0000 1.0000 0.0000
vn -0.0450 0.7071 0.7057
vn -0.0423 0.7071 0.7058
vn -0.0423 0.7071 0.7058
vn -0.0450 0.7071 0.7057
vn -0.0636 0.0000 0.9980
vn -0.0599 0.0000 0.9982
vn -0.0599 0.0000 0.9982
vn -0.0636 0.0000 0.9980
vn -0.0450 -0.7071 0.7057
vn -0.0423 -0.7071 0.7058
vn -0.0423 -0.7071 0.7058
vn -0.0450 -0.7071 0.7057
vn -0.0000 -1.0000 0.0000
vn -0.0000 -1.0000 0.0000
vn -0.0000 -1.0000 0.0000
vn -0.0000 -1.0000 0.0000
vn 0.0450 -0.7071 -0.7057
vn 0.0423 -0.7071 -0.7058
vn 0.0423 -0.7071 -0.7058
vn 0.0450 -0.7071 -0.7057
vn 0.0636 -0.0000 -0.9980
vn 0.0599 -0.0000 -0.9982
vn 0.0599 -0.0000 -0.9982
vn 0.0636 -0.0000 -0.9980
vn 0.0450 0.7071 -0.7057
vn 0.0423 0.7071 -0.7058
vn 0.0423 0.7071 -0.7058
vn 0.0450 0.7071 -0.7057
vn -0.0000 1.0000 0.0000
vn -0.0000 1.0000 0.0000
vn -0.0000 1.0000 0.0000
vn -0.0000 1.0000 0.0000
vn -0.0476 0.7071 0.7055
vn -0.0450 0.7071 0.7057
vn -0.0450 0.7071 0.7057
vn -0.0476 0.7071 0.7055
vn -0.0674 0.0000 0.9977
vn -0.0636 0.0000 0.9980
vn -0.0636 0.0000 0.9980
vn -0.0674 0.0000 0.9977
vn -0.0476 -0.7071 0.7055
vn -0.0450 -0.7071 0.7057
vn -0.0450 -0.7071 0.7057
vn -0.0476 -0.7071 0.7055
vn -0.0000 -1.0000 0.0000
vn -0.0000 -1.0000 0.0000
vn -0.0000 -1.0000 0.0000
vn -0.0000 -1.0000 0.0000
vn 0.0476 -0.7071 -0.7055
vn 0.0450 -0.7071 -0.7057
vn 0.0450 -0.7071 -0.7057
vn 0.0476 -0.7071 -0.7055
vn 0.0674 -0.0000 -0.9977
vn 0.0636 -0.0000 -0.9980
vn 0.0636 -0.0000 -0.9980
vn 0.0674 -0.0000 -0.9977
vn 0.0476 0.7071 -0.7055
vn 0.0450 0.7071 -0.7057
vn 0.0450 0.7071 -0.7057
vn 0.0476 0.7071 -0.7055
vn -0.0000 1.0000 0.0000
vn -0.0000 1.0000 0.0000
vn -0.0000 1.0000 0.0000
vn -0.0000 1.0000 0.0000
vn -0.0503 0.7071 0.7053
vn -0.0476 0.7071 0.7055
vn -0.0476 0.7071 0.7055
vn -0.0503 0.7071 0.7053
vn -0.0711 0.0000 0.9975
vn -0.0674 0.0000 0.9977
vn -0.0674 0.0000 0.9977
vn -0.0711 0.0000 0.9975
vn -0.0503 -0.7071 0.7053
vn -0.0476 -0.7071 0.7055
vn -0.0476 -0.7071 0.7055
vn -0.0503 -0.7071 0.7053
vn -0.0000 -1.0000 0.0000
vn -0.0000 -1.0000 0.0000
vn -0.0000 -1.0000 0.0000
vn -0.0000 -1.0000 0.0000
vn 0.0503 -0.7071 -0.7053
vn 0.0476 -0.7071 -0.7055
vn 0.0476 -0.7071 -0.7055
vn 0.0503 -0.7071 -0.7053
vn 0.0711 -0.0000 -0.9975
vn 0.0674 -0.0000 -0.9977
vn 0.0674 -0.0000 -0.9977
vn 0.0711 -0.0000 -0.9975
vn 0.0503 0.7071 -0.7053
vn 0.0476 0.7071 -0.7055
vn 0.0476 0.7071 -0.7055
vn 0.0503 0.7071 -0.7053
vn -0.0000 1.0000 0.0000
vn -0.0000 1.0000 0.0000
vn -0.0000 1.0000 0.0000
vn -0.0000 1.0000 0.0000
vn -0.0529 0.7071 0.7051
vn -0.0503 0.7071 0.7053
vn -0.0503 0.7071 0.7053
vn -0.0529 0.7071 0.7051
vn -0.0748 0.0000 0.9972
vn -0.0711 0.0000 0.9975
vn -0.0711 0.0000 0.9975
vn -0.0748 0.0000 0.9972
vn -0.0529 -0.7071 0.7051
vn -0.0503 -0.7071 0.7053
vn -0.0503 -0.7071 0.7053
vn -0.0529 -0.7071 0.7051
vn -0.0000 -1.0000 0.0000
vn -0.0000 -1.0000 0.0000
vn -0.0000 -1.0000 0.0000
vn -0.0000 -1.0000 0.0000
vn 0.0529 -0.7071 -0.7051
vn 0.0503 -0.7071 -0.7053
vn 0.0503 -0.7071 -0.7053
vn 0.0529 -0.7071 -0.7051
vn 0.0748 -0.0000 -0.9972
vn 0.0711 -0.0000 -0.9975
vn 0.0711 -0.0000 -0.9975
vn 0.0748 -0.0000 -0.9972
vn 0.0529 0.7071 -0.7051
vn 0.0503 0.7071 -0.7053
vn 0.0503 0.7071 -0.7053
vn 0.0529 0.7071 -0.7051
vn -0.0000 1.0000 0.0000
vn -0.0000 1.0000 0.0000
vn -0.0000 1.0000 0.0000
vn -0.0000 1.0000 0.0000
vn -0.0555 0.7071 0.7049
vn -0.0529 0.7071 0.7051
vn -0.0529 0.7071 0.7051
vn -0.0555 0.7071 0.7049
vn -0.0785 0.0000 0.9969
vn -0.0748 0.0000 0.9972
vn -0.0748 0.0000 0.9972
vn -0.0785 0.0000 0.9969
vn -0.0555 -0.7071 0.7049
vn -0.0529 -0.7071 0.7051
vn -0.0529 -0.7071 0.7051
vn -0.0555 -0.7071 0.7049
vn -0.0000 -1.0000 0.0000
vn -0.0000 -1.0000 0.0000
vn -0.0000 -1.0000 0.0000
vn -0.0000 -1.0000 0.0000
vn 0.0555 -0.7071 -0.7049
vn 0.0529 -0.7071 -0.7051
vn 0.0529 -0.7071 -0.7051
vn 0.0555 -0.7071 -0.7049
vn 0.0785 -0.0000 -0.9969
vn 0.0748 -0.0000 -0.9972
vn 0.0748 -0.0000 -0.9972
vn 0.0785 -0.0000 -0.9969
vn 0.0555 0.7071 -0.7049
vn 0.0529 0.7071 -0.7051
vn 0.0529 0.7071 -0.7051
vn 0.0555 0.7071 -0.7049
vn -0.0000 1.0000 0.0000
vn -0.0000 1.0000 0.0000
vn -0.0000 1.0000 0.0000
vn -0.0000 1.0000 0.0000
vn -0.0582 0.7071 0.7047
vn -0.0555 0.7071 0.7049
vn -0.0555 0.7071 0.7049
vn -0.0582 0.7071 0.7047
vn -0.0823 0.0000 0.9966
vn -0.0785 0.0000 0.9969
vn -0.0785 0.0000 0.9969
vn -0.0823 0.0000 0.9966
vn -0.0582 -0.7071 0.7047
vn -0.0555 -0.7071 0.7049
vn -0.0555 -0.7071 0.7049
vn -0.0582 -0.7071 0.7047
vn -0.0000 -1.0000 0.0000
vn -0.0000 -1.0000 0.0000
vn -0.0000 -1.0000 0.0000
vn -0.0000 -1.0000 0.0000
vn 0.0582 -0.7071 -0.7047
vn 0.0555 -0.7071 -0.7049
vn 0.0555 -0.7071 -0.7049
vn 0.0582 -0.7071 -0.7047
vn 0.0823 -0.0000 -0.9966
vn 0.0785 -0.0000 -0.9969
vn 0.0785 -0.0000 -0.9969
vn 0.0823 -0.0000 -0.9966
vn 0.0582 0.7071 -0.7047
vn 0.0555 0.7071 -0.7049
vn 0.0555 0.7071 -0.7049
vn 0.0582 0.7071 -0.7047
vn -0.0000 1.0000 0.0000
vn -0.0000 1.0000 0.0000
vn -0.0000 1.0000 0.0000
vn -0.0000 1.0000 0.0000
vn -0.0608 0.7071 0.7045
vn -0.0582 0.7071 0.7047
vn -0.0582 0.7071 0.7047
vn -0.0608 0.7071 0.7045
vn -0.0860 0.0000 0.9963
vn -0.0823 0.0000 0.9966
vn -0.0823 0.0000 0.9966
vn -0.0860 0.0000 0.9963
vn -0.0608 -0.7071 0.7045
vn -0.0582 -0.7071 0.7047
vn -0.0582 -0.7071 0.7047
vn -0.0608 -0.7071 0.7045
vn -0.0000 -1.0000 0.0000
vn -0.0000 -1.0000 0.0000
vn -0.0000 -1.0000 0.0000
vn -0.0000 -1.0000 0.0000
vn 0.0608 -0.7071 -0.7045
vn 0.0582 -0.7071 -0.7047
vn 0.0582 -0.7071 -0.7047
vn 0.0608 -0.7071 -0.7045
vn 0.0860 -0.0000 -0.9963
vn 0.0823 -0.0000 -0.9966
vn 0.0823 -0.0000 -0.9966
vn 0.0860 -0.0000 -0.9963
vn 0.0608 0.7071 -0.7045
vn 0.0582 0.7071 -0.7047
vn 0.0582 0.7071 -0.7047
vn 0.0608 0.7071 -0.7045
vn -0.0000 1.0000 0.0000
vn -0.0000 1.0000 0.0000
vn -0.0000 1.0000 0.0000
vn -0.0000 1.0000 0.0000
vn -0.0621 0.7071 0.7044
vn -0.0608 0.7071 0.7045
vn -0.0608 0.7071 0.7045
vn -0.0621 0.7071 0.7044
vn -0.0878 0.0000 0.9961
vn -0.0860 0.0000 0.9963
vn -0.0860 0.0000 0.9963
vn -0.0878 0.0000 0.9961
vn -0.0621 -0.7071 0.7044
vn -0.0608 -0.7071 0.7045
vn -0.0608 -0.7071 0.7045
vn -0.0621 -0.7071 0.7044
vn -0.0000 -1.0000 0.0000
vn -0.0000 -1.0000 0.0000
vn -0.0000 -1.0000 0.0000
vn -0.0000 -1.0000 0.0000
vn 0.0621 -0.7071 -0.7044
vn 0.0608 -0.7071 -0.7045
vn 0.0608 -0.7071 -0.7045
vn 0.0621 -0.7071 -0.7044
vn 0.0878 -0.0000 -0.9961
vn 0.0860 -0.0000 -0.9963
vn 0.0860 -0.0000 -0.9963
vn 0.0878 -0.0000 -0.9961
vn 0.0621 0.7071 -0.7044
vn 0.0608 0.7071 -0.7045
vn 0.0608 0.7071 -0.7045
vn 0.0621 0.7071 -0.7044
vn -0.0000 1.0000 0.0000
vn -0.0000 1.0000 0.0000
vn -0.9961 -0.0000 0.0878
vn 0.9961 0.0000 0.0878
f 1//1 2//2 3//3
f 1//1 3//3 4//4
f 5//5 6//6 7//7
f 5//5 7//7 8//8
f 9//9 10//10 11//11
f 9//9 11//11 12//12
f 13//13 14//14 15//15
f 13//13 15//15 16//16
f 17//17 18//18 19//19
f 17//17 19//19 20//20
f 21//21 22//22 23//23
f 21//21 23//23 24//24
f 25//25 26//26 27//27
f 25//25 27//27 28//28
f 29//29 30//30 31//31
f 29//29 31//31 32//32
f 33//33 34//34 35//35
f 33//33 35//35 36//36
f 37//37 38//38 39//39
f 37//37 39//39 40//40
f 41//41 42//42 43//43
f 41//41 43//43 44//44
f 45//45 46//46 47//47
f 45//45 47//47 48//48
f 49//49 50//50 51//51
f 49//49 51//51 52//52
f 53//53 54//54 55//55
f 53//53 55//55 56//56
f 57//57 58//58 59//59
f 57//57 59//59 60//60
f 61//61 62//62 63//63
f 61//61 63//63 64//64
f 65//65 66//66 67//67
f 65//65 67//67 68//68
f 69//69 70//70 71//71
f 69//69 71//71 72//72
f 73//73 74//74 75//75
f 73//73 75//75 76//76
f 77//77 78//78 79//79
f 77//77 79//79 80//80
f 81//81 82//82 83//83
f 81//81 83//83 84//84
f 85//85 86//86 87//87
f 85//85 87//87 88//88
f 89//89 90//90 91//91
f 89//89 91//91 92//92
f 93//93 94//94 95//95
f 93//93 95//95 96//96
f 97//97 98//98 99//99
f 97//97 99//99 100//100
f 101//101 102//102 103//103
f 101//101 103//103 104//104
f 105//105 106//106 107//107
f 105//105 107//107 108//108
f 109//109 110//110 111//111
f 109//109 111//111 112//112
f 113//113 114//114 115//115
f 113//113 115//115 116//116
f 117//117 118//118 119//119
f 117//117 119//119 120//120
f 121//121 122//122 123//123
f 121//121 123//123 124//124
f 125//125 126//126 127//127
f 125//125 127//127 128//128
f 129//129 130//130 131//131
f 129//129 131//131 132//132
f 133//133 134//134 135//135
f 133//133 135//135 136//136
f 137//137 138//138 139//139
f 137//137 139//139 140//140
f 141//141 142//142 143//143
f 141//141 143//143 144//144
f 145//145 146//146 147//147
f 145//145 147//147 148//148
f 149//149 150//150 151//151
f 149//149 151//151 152//152
f 153//153 154//154 155//155
f 153//153 155//155 156//156
f 157//157 158//158 159//159
f 157//157 159//159 160//160
f 161//161 162//162 163//163
f 161//161 163//163 164//164
f 165//165 166//166 167//167
f 165//165 167//167 168//168
f 169//169 170//170 171//171
f 169//169 171//171 172//172
f 173//173 174//174 175//175
f 173//173 175//175 176//176
f 177//177 178//178 179//179
f 177//177 179//179 180//180
f 181//181 182//182 183//183
f 181//181 183//183 184//184
f 185//185 186//186 187//187
f 185//185 187//187 188//188
f 189//189 190//190 191//191
f 189//189 191//191 192//192
f 193//193 194//194 195//195
f 193//193 195//195 196//196
f 197//197 198//198 199//199
f 197//197 199//199 200//200
f 201//201 202//202 203//203
f 201//201 203//203 204//204
f 205//205 206//206 207//207
f 205//205 207//207 208//208
f 209//209 210//210 211//211
f 209//209 211//211 212//212
f 213//213 214//214 215//215
f 213//213 215//215 216//216
f 217//217 218//218 219//219
f 217//217 219//219 220//220
f 221//221 222//222 223//223
f 221//221 223//223 224//224
f 225//225 226//226 227//227
f 225//225 227//227 228//228
f 229//229 230//230 231//231
f 229//229 231//231 232//232
f 233//233 234//234 235//235
f 233//233 235//235 236//236
f 237//237 238//238 239//239
f 237//237 239//239 240//240
f 241//241 242//242 243//243
f 241//241 243//243 244//244
f 245//245 246//246 247//247
f 245//245 247//247 248//248
f 249//249 250//250 251//251
f 249//249 251//251 252//252
f 253//253 254//254 255//255
f 253//253 255//255 256//256
f 257//257 258//258 259//259
f 257//257 259//259 260//260
f 261//261 262//262 263//263
f 261//261 263//263 264//264
f 265//265 266//266 267//267
f 265//265 267//267 268//268
f 269//269 270//270 271//271
f 269//269 271//271 272//272
f 273//273 274//274 275//275
f 273//273 275//275 276//276
f 277//277 278//278 279//279
f 277//277 279//279 280//280
f 281//281 282//282 283//283
f 281//281 283//283 284//284
f 285//285 286//286 287//287
f 285//285 287//287 288//288
f 289//289 290//290 291//291
f 289//289 291//291 292//292
f 293//293 294//294 295//295
f 293//293 295//295 296//296
f 297//297 298//298 299//299
f 297//297 299//299 300//300
f 301//301 302//302 303//303
f 301//301 303//303 304//304
f 305//305 306//306 307//307
f 305//305 307//307 308//308
f 309//309 310//310 311//311
f 309//309 311//311 312//312
f 313//313 314//314 315//315
f 313//313 315//315 316//316
f 317//317 318//318 319//319
f 317//317 319//319 320//320
f 321//321 322//322 323//323
f 321//321 323//323 324//324
f 325//325 326//326 327//327
f 325//325 327//327 328//328
f 329//329 330//330 331//331
f 329//329 331//331 332//332
f 333//333 334//334 335//335
f 333//333 335//335 336//336
f 337//337 338//338 339//339
f 337//337 339//339 340//340
f 341//341 342//342 343//343
f 341//341 343//343 344//344
f 345//345 346//346 347//347
f 345//345 347//347 348//348
f 349//349 350//350 351//351
f 349//349 351//351 352//352
f 353//353 354//354 355//355
f 353//353 355//355 356//356
f 357//357 358//358 359//359
f 357//357 359//359 360//360
f 361//361 362//362 363//363
f 361//361 363//363 364//364
f 365//365 366//366 367//367
f 365//365 367//367 368//368
f 369//369 370//370 371//371
f 369//369 371//371 372//372
f 373//373 374//374 375//375
f 373//373 375//375 376//376
f 377//377 378//378 379//379
f 377//377 379//379 380//380
f 381//381 382//382 383//383
f 381//381 383//383 384//384
f 385//385 386//386 387//387
f 385//385 387//387 388//388
f 389//389 390//390 391//391
f 389//389 391//391 392//392
f 393//393 394//394 395//395
f 393//393 395//395 396//396
f 397//397 398//398 399//399
f 397//397 399//399 400//400
f 401//401 402//402 403//403
f 401//401 403//403 404//404
f 405//405 406//406 407//407
f 405//405 407//407 408//408
f 409//409 410//410 411//411
f 409//409 411//411 412//412
f 413//413 414//414 415//415
f 413//413 415//415 416//416
f 417//417 418//418 419//419
f 417//417 419//419 420//420
f 421//421 422//422 423//423
f 421//421 423//423 424//424
f 425//425 426//426 427//427
f 425//425 427//427 428//428
f 429//429 430//430 431//431
f 429//429 431//431 432//432
f 433//433 434//434 435//435
f 433//433 435//435 436//436
f 437//437 438//438 439//439
f 437//437 439//439 440//440
f 441//441 442//442 443//443
f 441//441 443//443 444//444
f 445//445 446//446 447//447
f 445//445 447//447 448//448
f 449//449 450//450 451//451
f 449//449 451//451 452//452
f 453//453 454//454 455//455
f 453//453 455//455 456//456
f 457//457 458//458 459//459
f 457//457 459//459 460//460
f 461//461 462//462 463//463
f 461//461 463//463 464//464
f 465//465 466//466 467//467
f 465//465 467//467 468//468
f 469//469 470//470 471//471
f 469//469 471//471 472//472
f 473//473 474//474 475//475
f 473//473 475//475 476//476
f 477//477 478//478 479//479
f 477//477 479//479 480//480
f 481//481 482//482 483//483
f 481//481 483//483 484//484
f 485//485 486//486 487//487
f 485//485 487//487 488//488
f 489//489 490//490 491//491
f 489//489 491//491 492//492
f 493//493 494//494 495//495
f 493//493 495//495 496//496
f 497//497 498//498 499//499
f 497//497 499//499 500//500
f 501//501 502//502 503//503
f 501//501 503//503 504//504
f 505//505 506//506 507//507
f 505//505 507//507 508//508
f 509//509 510//510 511//511
f 509//509 511//511 512//512
f 513//513 514//514 515//515
f 513//513 515//515 516//516
f 517//517 518//518 519//519
f 517//517 519//519 520//520
f 521//521 522//522 523//523
f 521//521 523//523 524//524
f 525//525 526//526 527//527
f 525//525 527//527 528//528
f 529//529 530//530 531//531
f 529//529 531//531 532//532
f 533//533 534//534 535//535
f 533//533 535//535 536//536
f 537//537 538//538 539//539
f 537//537 539//539 540//540
f 541//541 542//542 543//543
f 541//541 543//543 544//544
f 545//545 546//546 547//547
f 545//545 547//547 548//548
f 549//549 550//550 551//551
f 549//549 551//551 552//552
f 553//553 554//554 555//555
f 553//553 555//555 556//556
f 557//557 558//558 559//559
f 557//557 559//559 560//560
f 561//561 562//562 563//563
f 561//561 563//563 564//564
f 565//565 566//566 567//567
f 565//565 567//567 568//568
f 569//569 570//570 571//571
f 569//569 571//571 572//572
f 573//573 574//574 575//575
f 573//573 575//575 576//576
f 577//577 578//578 579//579
f 577//577 579//579 580//580
f 581//581 582//582 583//583
f 581//581 583//583 584//584
f 585//585 586//586 587//587
f 585//585 587//587 588//588
f 589//589 590//590 591//591
f 589//589 591//591 592//592
f 593//593 594//594 595//595
f 593//593 595//595 596//596
f 597//597 598//598 599//599
f 597//597 599//599 600//600
f 601//601 602//602 603//603
f 601//601 603//603 604//604
f 605//605 606//606 607//607
f 605//605 607//607 608//608
f 609//609 610//610 611//611
f 609//609 611//611 612//612
f 613//613 614//614 615//615
f 613//613 615//615 616//616
f 617//617 618//618 619//619
f 617//617 619//619 620//620
f 621//621 622//622 623//623
f 621//621 623//623 624//624
f 625//625 626//626 627//627
f 625//625 627//627 628//628
f 629//629 630//630 631//631
f 629//629 631//631 632//632
f 633//633 634//634 635//635
f 633//633 635//635 636//636
f 637//637 638//638 639//639
f 637//637 639//639 640//640
f 641//641 642//642 643//643
f 641//641 643//643 644//644
f 645//645 646//646 647//647
f 645//645 647//647 648//648
f 649//649 650//650 651//651
f 649//649 651//651 652//652
f 653//653 654//654 655//655
f 653//653 655//655 656//656
f 657//657 658//658 659//659
f 657//657 659//659 660//660
f 661//661 662//662 663//663
f 661//661 663//663 664//664
f 665//665 666//666 667//667
f 665//665 667//667 668//668
f 669//669 670//670 671//671
f 669//669 671//671 672//672
f 673//673 674//674 675//675
f 673//673 675//675 676//676
f 677//677 678//678 679//679
f 677//677 679//679 680//680
f 681//681 682//682 683//683
f 681//681 683//683 684//684
f 685//685 686//686 687//687
f 685//685 687//687 688//688
f 689//689 690//690 691//691
f 689//689 691//691 692//692
f 693//693 694//694 695//695
f 693//693 695//695 696//696
f 697//697 698//698 699//699
f 697//697 699//699 700//700
f 701//701 702//702 703//703
f 701//701 703//703 704//704
f 705//705 706//706 707//707
f 705//705 707//707 708//708
f 709//709 710//710 711//711
f 709//709 711//711 712//712
f 713//713 714//714 715//715
f 713//713 715//715 716//716
f 717//717 718//718 719//719
f 717//717 719//719 720//720
f 721//721 722//722 723//723
f 721//721 723//723 724//724
f 725//725 726//726 727//727
f 725//725 727//727 728//728
f 729//729 730//730 731//731
f 729//729 731//731 732//732
f 733//733 734//734 735//735
f 733//733 735//735 736//736
f 737//737 738//738 739//739
f 737//737 739//739 740//740
f 741//741 742//742 743//743
f 741//741 743//743 744//744
f 745//745 746//746 747//747
f 745//745 747//747 748//748
f 749//749 750//750 751//751
f 749//749 751//751 752//752
f 753//753 754//754 755//755
f 753//753 755//755 756//756
f 757//757 758//758 759//759
f 757//757 759//759 760//760
f 761//761 762//762 763//763
f 761//761 763//763 764//764
f 765//765 766//766 767//767
f 765//765 767//767 768//768
f 769//769 770//770 771//771
f 769//769 771//771 772//772
f 773//773 774//774 775//775
f 773//773 775//775 776//776
f 777//777 778//778 779//779
f 777//777 779//779 780//780
f 781//781 782//782 783//783
f 781//781 783//783 784//784
f 785//785 786//786 787//787
f 785//785 787//787 788//788
f 789//789 790//790 791//791
f 789//789 791//791 792//792
f 793//793 794//794 795//795
f 793//793 795//795 796//796
f 797//797 798//798 799//799
f 797//797 799//799 800//800
f 801//801 802//802 803//803
f 801//801 803//803 804//804
f 805//805 806//806 807//807
f 805//805 807//807 808//808
f 809//809 810//810 811//811
f 809//809 811//811 812//812
f 813//813 814//814 815//815
f 813//813 815//815 816//816
f 817//817 818//818 819//819
f 817//817 819//819 820//820
f 821//821 822//822 823//823
f 821//821 823//823 824//824
f 825//825 826//826 827//827
f 825//825 827//827 828//828
f 829//829 830//830 831//831
f 829//829 831//831 832//832
f 833//833 834//834 835//835
f 833//833 835//835 836//836
f 837//837 838//838 839//839
f 837//837 839//839 840//840
f 841//841 842//842 843//843
f 841//841 843//843 844//844
f 845//845 846//846 847//847
f 845//845 847//847 848//848
f 849//849 850//850 851//851
f 849//849 851//851 852//852
f 853//853 854//854 855//855
f 853//853 855//855 856//856
f 857//857 858//858 859//859
f 857//857 859//859 860//860
f 861//861 862//862 863//863
f 861//861 863//863 864//864
f 865//865 866//866 867//867
f 865//865 867//867 868//868
f 869//869 870//870 871//871
f 869//869 871//871 872//872
f 873//873 874//874 875//875
f 873//873 875//875 876//876
f 877//877 878//878 879//879
f 877//877 879//879 880//880
f 881//881 882//882 883//883
f 881//881 883//883 884//884
f 885//885 886//886 887//887
f 885//885 887//887 888//888
f 889//889 890//890 891//891
f 889//889 891//891 892//892
f 893//893 894//894 895//895
f 893//893 895//895 896//896
f 897//897 898//898 899//899
f 897//897 899//899 900//900
f 901//901 902//902 903//903
f 901//901 903//903 904//904
f 905//905 906//906 907//907
f 905//905 907//907 908//908
f 909//909 910//910 911//911
f 909//909 911//911 912//912
f 913//913 914//914 915//915
f 913//913 915//915 916//916
f 917//917 918//918 919//919
f 917//917 919//919 920//920
f 921//921 922//922 923//923
f 921//921 923//923 924//924
f 925//925 926//926 927//927
f 925//925 927//927 928//928
f 929//929 930//930 931//931
f 929//929 931//931 932//932
f 933//933 934//934 935//935
f 933//933 935//935 936//936
f 937//937 938//938 939//939
f 937//937 939//939 940//940
f 941//941 942//942 943//943
f 941//941 943//943 944//944
f 945//945 946//946 947//947
f 945//945 947//947 948//948
f 949//949 950//950 951//951
f 949//949 951//951 952//952
f 953//953 954//954 955//955
f 953//953 955//955 956//956
f 957//957 958//958 959//959
f 957//957 959//959 960//960
f 961//961 962//962 963//963
f 961//961 963//963 964//964
f 965//965 966//966 967//967
f 965//965 967//967 968//968
f 969//969 970//970 971//971
f 969//969 971//971 972//972
f 973//973 974//974 975//975
f 973//973 975//975 976//976
f 977//977 978//978 979//979
f 977//977 979//979 980//980
f 981//981 982//982 983//983
f 981//981 983//983 984//984
f 985//985 986//986 987//987
f 985//985 987//987 988//988
f 989//989 990//990 991//991
f 989//989 991//991 992//992
f 993//993 994//994 995//995
f 993//993 995//995 996//996
f 997//997 998//998 999//999
f 997//997 999//999 1000//1000
f 1001//1001 1002//1002 1003//1003
f 1001//1001 1003//1003 1004//1004
f 1005//1005 1006//1006 1007//1007
f 1005//1005 1007//1007 1008//1008
f 1009//1009 1010//1010 1011//1011
f 1009//1009 1011//1011 1012//1012
f 1013//1013 1014//1014 1015//1015
f 1013//1013 1015//1015 1016//1016
f 1017//1017 1018//1018 1019//1019
f 1017//1017 1019//1019 1020//1020
f 1021//1021 1022//1022 1023//1023
f 1021//1021 1023//1023 1024//1024
f 1025//1025 1026//1026 1027//1027
f 1025//1025 1027//1027 1028//1028
f 1029//1029 1030//1030 1031//1031
f 1029//1029 1031//1031 1032//1032
f 1033//1033 1034//1034 1035//1035
f 1033//1033 1035//1035 1036//1036
f 1037//1037 1038//1038 1039//1039
f 1037//1037 1039//1039 1040//1040
f 1041//1041 1042//1042 1043//1043
f 1041//1041 1043//1043 1044//1044
f 1045//1045 1046//1046 1047//1047
f 1045//1045 1047//1047 1048//1048
f 1049//1049 1050//1050 1051//1051
f 1049//1049 1051//1051 1052//1052
f 1053//1053 1054//1054 1055//1055
f 1053//1053 1055//1055 1056//1056
f 1057//1057 1058//1058 1059//1059
f 1057//1057 1059//1059 1060//1060
f 1061//1061 1062//1062 1063//1063
f 1061//1061 1063//1063 1064//1064
f 1065//1065 1066//1066 1067//1067
f 1065//1065 1067//1067 1068//1068
f 1069//1069 1070//1070 1071//1071
f 1069//1069 1071//1071 1072//1072
f 1073//1073 1074//1074 1075//1075
f 1073//1073 1075//1075 1076//1076
f 1077//1077 1078//1078 1079//1079
f 1077//1077 1079//1079 1080//1080
f 1081//1081 1082//1082 1083//1083
f 1081//1081 1083//1083 1084//1084
f 1085//1085 1086//1086 1087//1087
f 1085//1085 1087//1087 1088//1088
f 1089//1089 1090//1090 1091//1091
f 1089//1089 1091//1091 1092//1092
f 1093//1093 1094//1094 1095//1095
f 1093//1093 1095//1095 1096//1096
f 1097//1097 1098//1098 1099//1099
f 1097//1097 1099//1099 1100//1100
f 1101//1101 1102//1102 1103//1103
f 1101//1101 1103//1103 1104//1104
f 1105//1105 1106//1106 1107//1107
f 1105//1105 1107//1107 1108//1108
f 1109//1109 1110//1110 1111//1111
f 1109//1109 1111//1111 1112//1112
f 1113//1113 1114//1114 1115//1115
f 1113//1113 1115//1115 1116//1116
f 1117//1117 1118//1118 1119//1119
f 1117//1117 1119//1119 1120//1120
f 1121//1121 1122//1122 1123//1123
f 1121//1121 1123//1123 1124//1124
f 1125//1125 1126//1126 1127//1127
f 1125//1125 1127//1127 1128//1128
f 1129//1129 1130//1130 1131//1131
f 1129//1129 1131//1131 1132//1132
f 1133//1133 1134//1134 1135//1135
f 1133//1133 1135//1135 1136//1136
f 1137//1137 1138//1138 1139//1139
f 1137//1137 1139//1139 1140//1140
f 1141//1141 1142//1142 1143//1143
f 1141//1141 1143//1143 1144//1144
f 1145//1145 1146//1146 1147//1147
f 1145//1145 1147//1147 1148//1148
f 1149//1149 1150//1150 1151//1151
f 1149//1149 1151//1151 1152//1152
f 1153//1153 1154//1154 1155//1155
f 1153//1153 1155//1155 1156//1156
f 1157//1157 1158//1158 1159//1159
f 1157//1157 1159//1159 1160//1160
f 1161//1161 1162//1162 1163//1163
f 1161//1161 1163//1163 1164//1164
f 1165//1165 1166//1166 1167//1167
f 1165//1165 1167//1167 1168//1168
f 1169//1169 1170//1170 1171//1171
f 1169//1169 1171//1171 1172//1172
f 1173//1173 1174//1174 1175//1175
f 1173//1173 1175//1175 1176//1176
f 1177//1177 1178//1178 1179//1179
f 1177//1177 1179//1179 1180//1180
f 1181//1181 1182//1182 1183//1183
f 1181//1181 1183//1183 1184//1184
f 1185//1185 1186//1186 1187//1187
f 1185//1185 1187//1187 1188//1188
f 1189//1189 1190//1190 1191//1191
f 1189//1189 1191//1191 1192//1192
f 1193//1193 1194//1194 1195//1195
f 1193//1193 1195//1195 1196//1196
f 1197//1197 1198//1198 1199//1199
f 1197//1197 1199//1199 1200//1200
f 1201//1201 1202//1202 1203//1203
f 1201//1201 1203//1203 1204//1204
f 1205//1205 1206//1206 1207//1207
f 1205//1205 1207//1207 1208//1208
f 1209//1209 1210//1210 1211//1211
f 1209//1209 1211//1211 1212//1212
f 1213//1213 1214//1214 1215//1215
f 1213//1213 1215//1215 1216//1216
f 1217//1217 1218//1218 1219//1219
f 1217//1217 1219//1219 1220//1220
f 1221//1221 1222//1222 1223//1223
f 1221//1221 1223//1223 1224//1224
f 1225//1225 1226//1226 1227//1227
f 1225//1225 1227//1227 1228//1228
f 1229//1229 1230//1230 1231//1231
f 1229//1229 1231//1231 1232//1232
f 1233//1233 1234//1234 1235//1235
f 1233//1233 1235//1235 1236//1236
f 1237//1237 1238//1238 1239//1239
f 1237//1237 1239//1239 1240//1240
f 1241//1241 1242//1242 1243//1243
f 1241//1241 1243//1243 1244//1244
f 1245//1245 1246//1246 1247//1247
f 1245//1245 1247//1247 1248//1248
f 1249//1249 1250//1250 1251//1251
f 1249//1249 1251//1251 1252//1252
f 1253//1253 1254//1254 1255//1255
f 1253//1253 1255//1255 1256//1256
f 1257//1257 1258//1258 1259//1259
f 1257//1257 1259//1259 1260//1260
f 1261//1261 1262//1262 1263//1263
f 1261//1261 1263//1263 1264//1264
f 1265//1265 1266//1266 1267//1267
f 1265//1265 1267//1267 1268//1268
f 1269//1269 1270//1270 1271//1271
f 1269//1269 1271//1271 1272//1272
f 1273//1273 1274//1274 1275//1275
f 1273//1273 1275//1275 1276//1276
f 1277//1277 1278//1278 1279//1279
f 1277//1277 1279//1279 1280//1280
f 1281//1281 1282//1282 1283//1283
f 1281//1281 1283//1283 1284//1284
f 1285//1285 1286//1286 1287//1287
f 1285//1285 1287//1287 1288//1288
f 1289//1289 1290//1290 1291//1291
f 1289//1289 1291//1291 1292//1292
f 1293//1293 1294//1294 1295//1295
f 1293//1293 1295//1295 1296//1296
f 1297//1297 1298//1298 1299//1299
f 1297//1297 1299//1299 1300//1300
f 1301//1301 1302//1302 1303//1303
f 1301//1301 1303//1303 1304//1304
f 1305//1305 1306//1306 1307//1307
f 1305//1305 1307//1307 1308//1308
f 1309//1309 1310//1310 1311//1311
f 1309//1309 1311//1311 1312//1312
f 1313//1313 1314//1314 1315//1315
f 1313//1313 1315//1315 1316//1316
f 1317//1317 1318//1318 1319//1319
f 1317//1317 1319//1319 1320//1320
f 1321//1321 1322//1322 1323//1323
f 1321//1321 1323//1323 1324//1324
f 1325//1325 1326//1326 1327//1327
f 1325//1325 1327//1327 1328//1328
f 1329//1329 1330//1330 1331//1331
f 1329//1329 1331//1331 1332//1332
f 1333//1333 1334//1334 1335//1335
f 1333//1333 1335//1335 1336//1336
f 1337//1337 1338//1338 1339//1339
f 1337//1337 1339//1339 1340//1340
f 1341//1341 1342//1342 1343//1343
f 1341//1341 1343//1343 1344//1344
f 1345//1345 1346//1346 1347//1347
f 1345//1345 1347//1347 1348//1348
f 1349//1349 1350//1350 1351//1351
f 1349//1349 1351//1351 1352//1352
f 1353//1353 1354//1354 1355//1355
f 1353//1353 1355//1355 1356//1356
f 1357//1357 1358//1358 1359//1359
f 1357//1357 1359//1359 1360//1360
f 1361//1361 1362//1362 1363//1363
f 1361//1361 1363//1363 1364//1364
f 1365//1365 1366//1366 1367//1367
f 1365//1365 1367//1367 1368//1368
f 1369//1369 1370//1370 1371//1371
f 1369//1369 1371//1371 1372//1372
f 1373//1373 1374//1374 1375//1375
f 1373//1373 1375//1375 1376//1376
f 1377//1377 1378//1378 1379//1379
f 1377//1377 1379//1379 1380//1380
f 1381//1381 1382//1382 1383//1383
f 1381//1381 1383//1383 1384//1384
f 1385//1385 1386//1386 1387//1387
f 1385//1385 1387//1387 1388//1388
f 1389//1389 1390//1390 1391//1391
f 1389//1389 1391//1391 1392//1392
f 1393//1393 1394//1394 1395//1395
f 1393//1393 1395//1395 1396//1396
f 1397//1397 1398//1398 1399//1399
f 1397//1397 1399//1399 1400//1400
f 1401//1401 1402//1402 1403//1403
f 1401//1401 1403//1403 1404//1404
f 1405//1405 1406//1406 1407//1407
f 1405//1405 1407//1407 1408//1408
f 1409//1409 1410//1410 1411//1411
f 1409//1409 1411//1411 1412//1412
f 1413//1413 1414//1414 1415//1415
f 1413//1413 1415//1415 1416//1416
f 1417//1417 1418//1418 1419//1419
f 1417//1417 1419//1419 1420//1420
f 1421//1421 1422//1422 1423//1423
f 1421//1421 1423//1423 1424//1424
f 1425//1425 1426//1426 1427//1427
f 1425//1425 1427//1427 1428//1428
f 1429//1429 1430//1430 1431//1431
f 1429//1429 1431//1431 1432//1432
f 1433//1433 1434//1434 1435//1435
f 1433//1433 1435//1435 1436//1436
f 1437//1437 1438//1438 1439//1439
f 1437//1437 1439//1439 1440//1440
f 1441//1441 1442//1442 1443//1443
f 1441//1441 1443//1443 1444//1444
f 1445//1445 1446//1446 1447//1447
f 1445//1445 1447//1447 1448//1448
f 1449//1449 1450//1450 1451//1451
f 1449//1449 1451//1451 1452//1452
f 1453//1453 1454//1454 1455//1455
f 1453//1453 1455//1455 1456//1456
f 1457//1457 1458//1458 1459//1459
f 1457//1457 1459//1459 1460//1460
f 1461//1461 1462//1462 1463//1463
f 1461//1461 1463//1463 1464//1464
f 1465//1465 1466//1466 1467//1467
f 1465//1465 1467//1467 1468//1468
f 1469//1469 1470//1470 1471//1471
f 1469//1469 1471//1471 1472//1472
f 1473//1473 1474//1474 1475//1475
f 1473//1473 1475//1475 1476//1476
f 1477//1477 1478//1478 1479//1479
f 1477//1477 1479//1479 1480//1480
f 1481//1481 1482//1482 1483//1483
f 1481//1481 1483//1483 1484//1484
f 1485//1485 1486//1486 1487//1487
f 1485//1485 1487//1487 1488//1488
f 1489//1489 1490//1490 1491//1491
f 1489//1489 1491//1491 1492//1492
f 1493//1493 1494//1494 1495//1495
f 1493//1493 1495//1495 1496//1496
f 1497//1497 1498//1498 1499//1499
f 1497//1497 1499//1499 1500//1500
f 1501//1501 1502//1502 1503//1503
f 1501//1501 1503//1503 1504//1504
f 1505//1505 1506//1506 1507//1507
f 1505//1505 1507//1507 1508//1508
f 1509//1509 1510//1510 1511//1511
f 1509//1509 1511//1511 1512//1512
f 1513//1513 1514//1514 1515//1515
f 1513//1513 1515//1515 1516//1516
f 1517//1517 1518//1518 1519//1519
f 1517//1517 1519//1519 1520//1520
f 1521//1521 1522//1522 1523//1523
f 1521//1521 1523//1523 1524//1524
f 1525//1525 1526//1526 1527//1527
f 1525//1525 1527//1527 1528//1528
f 1529//1529 1530//1530 1531//1531
f 1529//1529 1531//1531 1532//1532
f 1533//1533 1534//1534 1535//1535
f 1533//1533 1535//1535 1536//1536
f 1537//1537 1538//1537 1539//1537
f 1537//1537 1540//1537 1541//1537
f 1537//1537 1542//1537 1543//1537
f 1537//1537 1544//1537 1545//1537
f 1537//1537 1546//1537 1547//1537
f 1537//1537 1548//1537 1549//1537
f 1537//1537 1550//1537 1551//1537
f 1537//1537 1552//1537 1553//1537
f 1554//1538 1555//1538 1556//1538
f 1554//1538 1557//1538 1558//1538
f 1554//1538 1559//1538 1560//1538
f 1554//1538 1561//1538 1562//1538
f 1554//1538 1563//1538 1564//1538
f 1554//1538 1565//1538 1566//1538
f 1554//1538 1567//1538 1568//1538
f 1554//1538 1569//1538 1570//1538
f 1571//1539 1572//1540 1573//1541
f 1571//1539 1573//1541 1574//1542
f 1575//1543 1576//1544 1577//1545
f 1575//1543 1577//1545 1578//1546
f 1579//1547 1580//1548 1581//1549
f 1579//1547 1581//1549 1582//1550
f 1583//1551 1584//1552 1585//1553
f 1583//1551 1585//1553 1586//1554
f 1587//1555 1588//1556 1589//1557
f 1587//1555 1589//1557 1590//1558
f 1591//1559 1592//1560 1593//1561
f 1591//1559 1593//1561 1594//1562
f 1595//1563 1596//1564 1597//1565
f 1595//1563 1597//1565 1598//1566
f 1599//1567 1600//1568 1601//1569
f 1599//1567 1601//1569 1602//1570
f 1603//1571 1604//1572 1605//1573
f 1603//1571 1605//1573 1606//1574
f 1607//1575 1608//1576 1609//1577
f 1607//1575 1609//1577 1610//1578
f 1611//1579 1612//1580 1613//1581
f 1611//1579 1613//1581 1614//1582
f 1615//1583 1616//1584 1617//1585
f 1615//1583 1617//1585 1618//1586
f 1619//1587 1620//1588 1621//1589
f 1619//1587 1621//1589 1622//1590
f 1623//1591 1624//1592 1625//1593
f 1623//1591 1625//1593 1626//1594
f 1627//1595 1628//1596 1629//1597
f 1627//1595 1629//1597 1630//1598
f 1631//1599 1632//1600 1633//1601
f 1631//1599 1633//1601 1634//1602
f 1635//1603 1636//1604 1637//1605
f 1635//1603 1637//1605 1638//1606
f 1639//1607 1640//1608 1641//1609
f 1639//1607 1641//1609 1642//1610
f 1643//1611 1644//1612 1645//1613
f 1643//1611 1645//1613 1646//1614
f 1647//1615 1648//1616 1649//1617
f 1647//1615 1649//1617 1650//1618
f 1651//1619 1652//1620 1653//1621
f 1651//1619 1653//1621 1654//1622
f 1655//1623 1656//1624 1657//1625
f 1655//1623 1657//1625 1658//1626
f 1659//1627 1660//1628 1661//1629
f 1659//1627 1661//1629 1662//1630
f 1663//1631 1664//1632 1665//1633
f 1663//1631 1665//1633 1666//1634
f 1667//1635 1668//1636 1669//1637
f 1667//1635 1669//1637 1670//1638
f 1671//1639 1672//1640 1673//1641
f 1671//1639 1673//1641 1674//1642
f 1675//1643 1676//1644 1677//1645
f 1675//1643 1677//1645 1678//1646
f 1679//1647 1680//1648 1681//1649
f 1679//1647 1681//1649 1682//1650
f 1683//1651 1684//1652 1685//1653
f 1683//1651 1685//1653 1686//1654
f 1687//1655 1688//1656 1689//1657
f 1687//1655 1689//1657 1690//1658
f 1691//1659 1692//1660 1693//1661
f 1691//1659 1693//1661 1694//1662
f 1695//1663 1696//1664 1697//1665
f 1695//1663 1697//1665 1698//1666
f 1699//1667 1700//1668 1701//1669
f 1699//1667 1701//1669 1702//1670
f 1703//1671 1704//1672 1705//1673
f 1703//1671 1705//1673 1706//1674
f 1707//1675 1708//1676 1709//1677
f 1707//1675 1709//1677 1710//1678
f 1711//1679 1712//1680 1713//1681
f 1711//1679 1713//1681 1714//1682
f 1715//1683 1716//1684 1717//1685
f 1715//1683 1717//1685 1718//1686
f 1719//1687 1720//1688 1721//1689
f 1719//1687 1721//1689 1722//1690
f 1723//1691 1724//1692 1725//1693
f 1723//1691 1725//1693 1726//1694
f 1727//1695 1728//1696 1729//1697
f 1727//1695 1729//1697 1730//1698
f 1731//1699 1732//1700 1733//1701
f 1731//1699 1733//1701 1734//1702
f 1735//1703 1736//1704 1737//1705
f 1735//1703 1737//1705 1738//1706
f 1739//1707 1740//1708 1741//1709
f 1739//1707 1741//1709 1742//1710
f 1743//1711 1744//1712 1745//1713
f 1743//1711 1745//1713 1746//1714
f 1747//1715 1748//1716 1749//1717
f 1747//1715 1749//1717 1750//1718
f 1751//1719 1752//1720 1753//1721
f 1751//1719 1753//1721 1754//1722
f 1755//1723 1756//1724 1757//1725
f 1755//1723 1757//1725 1758//1726
f 1759//1727 1760//1728 1761//1729
f 1759//1727 1761//1729 1762//1730
f 1763//1731 1764//1732 1765//1733
f 1763//1731 1765//1733 1766//1734
f 1767//1735 1768//1736 1769//1737
f 1767//1735 1769//1737 1770//1738
f 1771//1739 1772//1740 1773//1741
f 1771//1739 1773//1741 1774//1742
f 1775//1743 1776//1744 1777//1745
f 1775//1743 1777//1745 1778//1746
f 1779//1747 1780//1748 1781//1749
f 1779//1747 1781//1749 1782//1750
f 1783//1751 1784//1752 1785//1753
f 1783//1751 1785//1753 1786//1754
f 1787//1755 1788//1756 1789//1757
f 1787//1755 1789//1757 1790//1758
f 1791//1759 1792//1760 1793//1761
f 1791//1759 1793//1761 1794//1762
f 1795//1763 1796//1764 1797//1765
f 1795//1763 1797//1765 1798//1766
f 1799//1767 1800//1768 1801//1769
f 1799//1767 1801//1769 1802//1770
f 1803//1771 1804//1772 1805//1773
f 1803//1771 1805//1773 1806//1774
f 1807//1775 1808//1776 1809//1777
f 1807//1775 1809//1777 1810//1778
f 1811//1779 1812//1780 1813//1781
f 1811//1779 1813//1781 1814//1782
f 1815//1783 1816//1784 1817//1785
f 1815//1783 1817//1785 1818//1786
f 1819//1787 1820//1788 1821//1789
f 1819//1787 1821//1789 1822//1790
f 1823//1791 1824//1792 1825//1793
f 1823//1791 1825//1793 1826//1794
f 1827//1795 1828//1796 1829//1797
f 1827//1795 1829//1797 1830//1798
f 1831//1799 1832//1800 1833//1801
f 1831//1799 1833//1801 1834//1802
f 1835//1803 1836//1804 1837//1805
f 1835//1803 1837//1805 1838//1806
f 1839//1807 1840//1808 1841//1809
f 1839//1807 1841//1809 1842//1810
f 1843//1811 1844//1812 1845//1813
f 1843//1811 1845//1813 1846//1814
f 1847//1815 1848//1816 1849//1817
f 1847//1815 1849//1817 1850//1818
f 1851//1819 1852//1820 1853//1821
f 1851//1819 1853//1821 1854//1822
f 1855//1823 1856//1824 1857//1825
f 1855//1823 1857//1825 1858//1826
f 1859//1827 1860//1828 1861//1829
f 1859//1827 1861//1829 1862//1830
f 1863//1831 1864//1832 1865//1833
f 1863//1831 1865//1833 1866//1834
f 1867//1835 1868//1836 1869//1837
f 1867//1835 1869//1837 1870//1838
f 1871//1839 1872//1840 1873//1841
f 1871//1839 1873//1841 1874//1842
f 1875//1843 1876//1844 1877//1845
f 1875//1843 1877//1845 1878//1846
f 1879//1847 1880//1848 1881//1849
f 1879//1847 1881//1849 1882//1850
f 1883//1851 1884//1852 1885//1853
f 1883//1851 1885//1853 1886//1854
f 1887//1855 1888//1856 1889//1857
f 1887//1855 1889//1857 1890//1858
f 1891//1859 1892//1860 1893//1861
f 1891//1859 1893//1861 1894//1862
f 1895//1863 1896//1864 1897//1865
f 1895//1863 1897//1865 1898//1866
f 1899//1867 1900//1868 1901//1869
f 1899//1867 1901//1869 1902//1870
f 1903//1871 1904//1872 1905//1873
f 1903//1871 1905//1873 1906//1874
f 1907//1875 1908//1876 1909//1877
f 1907//1875 1909//1877 1910//1878
f 1911//1879 1912//1880 1913//1881
f 1911//1879 1913//1881 1914//1882
f 1915//1883 1916//1884 1917//1885
f 1915//1883 1917//1885 1918//1886
f 1919//1887 1920//1888 1921//1889
f 1919//1887 1921//1889 1922//1890
f 1923//1891 1924//1892 1925//1893
f 1923//1891 1925//1893 1926//1894
f 1927//1895 1928//1896 1929//1897
f 1927//1895 1929//1897 1930//1898
f 1931//1899 1932//1900 1933//1901
f 1931//1899 1933//1901 1934//1902
f 1935//1903 1936//1904 1937//1905
f 1935//1903 1937//1905 1938//1906
f 1939//1907 1940//1908 1941//1909
f 1939//1907 1941//1909 1942//1910
f 1943//1911 1944//1912 1945//1913
f 1943//1911 1945//1913 1946//1914
f 1947//1915 1948//1916 1949//1917
f 1947//1915 1949//1917 1950//1918
f 1951//1919 1952//1920 1953//1921
f 1951//1919 1953//1921 1954//1922
f 1955//1923 1956//1924 1957//1925
f 1955//1923 1957//1925 1958//1926
f 1959//1927 1960//1928 1961//1929
f 1959//1927 1961//1929 1962//1930
f 1963//1931 1964//1932 1965//1933
f 1963//1931 1965//1933 1966//1934
f 1967//1935 1968//1936 1969//1937
f 1967//1935 1969//1937 1970//1938
f 1971//1939 1972//1940 1973//1941
f 1971//1939 1973//1941 1974//1942
f 1975//1943 1976//1944 1977//1945
f 1975//1943 1977//1945 1978//1946
f 1979//1947 1980//1948 1981//1949
f 1979//1947 1981//1949 1982//1950
f 1983//1951 1984//1952 1985//1953
f 1983//1951 1985//1953 1986//1954
f 1987//1955 1988//1956 1989//1957
f 1987//1955 1989//1957 1990//1958
f 1991//1959 1992//1960 1993//1961
f 1991//1959 1993//1961 1994//1962
f 1995//1963 1996//1964 1997//1965
f 1995//1963 1997//1965 1998//1966
f 1999//1967 2000//1968 2001//1969
f 1999//1967 2001//1969 2002//1970
f 2003//1971 2004//1972 2005//1973
f 2003//1971 2005//1973 2006//1974
f 2007//1975 2008//1976 2009//1977
f 2007//1975 2009//1977 2010//1978
f 2011//1979 2012//1980 2013//1981
f 2011//1979 2013//1981 2014//1982
f 2015//1983 2016//1984 2017//1985
f 2015//1983 2017//1985 2018//1986
f 2019//1987 2020//1988 2021//1989
f 2019//1987 2021//1989 2022//1990
f 2023//1991 2024//1992 2025//1993
f 2023//1991 2025//1993 2026//1994
f 2027//1995 2028//1996 2029//1997
f 2027//1995 2029//1997 2030//1998
f 2031//1999 2032//2000 2033//2001
f 2031//1999 2033//2001 2034//2002
f 2035//2003 2036//2004 2037//2005
f 2035//2003 2037//2005 2038//2006
f 2039//2007 2040//2008 2041//2009
f 2039//2007 2041//2009 2042//2010
f 2043//2011 2044//2012 2045//2013
f 2043//2011 2045//2013 2046//2014
f 2047//2015 2048//2016 2049//2017
f 2047//2015 2049//2017 2050//2018
f 2051//2019 2052//2020 2053//2021
f 2051//2019 2053//2021 2054//2022
f 2055//2023 2056//2024 2057//2025
f 2055//2023 2057//2025 2058//2026
f 2059//2027 2060//2028 2061//2029
f 2059//2027 2061//2029 2062//2030
f 2063//2031 2064//2032 2065//2033
f 2063//2031 2065//2033 2066//2034
f 2067//2035 2068//2036 2069//2037
f 2067//2035 2069//2037 2070//2038
f 2071//2039 2072//2040 2073//2041
f 2071//2039 2073//2041 2074//2042
f 2075//2043 2076//2044 2077//2045
f 2075//2043 2077//2045 2078//2046
f 2079//2047 2080//2048 2081//2049
f 2079//2047 2081//2049 2082//2050
f 2083//2051 2084//2052 2085//2053
f 2083//2051 2085//2053 2086//2054
f 2087//2055 2088//2056 2089//2057
f 2087//2055 2089//2057 2090//2058
f 2091//2059 2092//2060 2093//2061
f 2091//2059 2093//2061 2094//2062
f 2095//2063 2096//2064 2097//2065
f 2095//2063 2097//2065 2098//2066
f 2099//2067 2100//2068 2101//2069
f 2099//2067 2101//2069 2102//2070
f 2103//2071 2104//2072 2105//2073
f 2103//2071 2105//2073 2106//2074
f 2107//2075 2108//2076 2109//2077
f 2107//2075 2109//2077 2110//2078
f 2111//2079 2112//2080 2113//2081
f 2111//2079 2113//2081 2114//2082
f 2115//2083 2116//2084 2117//2085
f 2115//2083 2117//2085 2118//2086
f 2119//2087 2120//2088 2121//2089
f 2119//2087 2121//2089 2122//2090
f 2123//2091 2124//2092 2125//2093
f 2123//2091 2125//2093 2126//2094
f 2127//2095 2128//2096 2129//2097
f 2127//2095 2129//2097 2130//2098
f 2131//2099 2132//2100 2133//2101
f 2131//2099 2133//2101 2134//2102
f 2135//2103 2136//2104 2137//2105
f 2135//2103 2137//2105 2138//2106
f 2139//2107 2140//2108 2141//2109
f 2139//2107 2141//2109 2142//2110
f 2143//2111 2144//2112 2145//2113
f 2143//2111 2145//2113 2146//2114
f 2147//2115 2148//2116 2149//2117
f 2147//2115 2149//2117 2150//2118
f 2151//2119 2152//2120 2153//2121
f 2151//2119 2153//2121 2154//2122
f 2155//2123 2156//2124 2157//2125
f 2155//2123 2157//2125 2158//2126
f 2159//2127 2160//2128 2161//2129
f 2159//2127 2161//2129 2162//2130
f 2163//2131 2164//2132 2165//2133
f 2163//2131 2165//2133 2166//2134
f 2167//2135 2168//2136 2169//2137
f 2167//2135 2169//2137 2170//2138
f 2171//2139 2172//2140 2173//2141
f 2171//2139 2173//2141 2174//2142
f 2175//2143 2176//2144 2177//2145
f 2175//2143 2177//2145 2178//2146
f 2179//2147 2180//2148 2181//2149
f 2179//2147 2181//2149 2182//2150
f 2183//2151 2184//2152 2185//2153
f 2183//2151 2185//2153 2186//2154
f 2187//2155 2188//2156 2189//2157
f 2187//2155 2189//2157 2190//2158
f 2191//2159 2192//2160 2193//2161
f 2191//2159 2193//2161 2194//2162
f 2195//2163 2196//2164 2197//2165
f 2195//2163 2197//2165 2198//2166
f 2199//2167 2200//2168 2201//2169
f 2199//2167 2201//2169 2202//2170
f 2203//2171 2204//2172 2205//2173
f 2203//2171 2205//2173 2206//2174
f 2207//2175 2208//2176 2209//2177
f 2207//2175 2209//2177 2210//2178
f 2211//2179 2212//2180 2213//2181
f 2211//2179 2213//2181 2214//2182
f 2215//2183 2216//2184 2217//2185
f 2215//2183 2217//2185 2218//2186
f 2219//2187 2220//2188 2221//2189
f 2219//2187 2221//2189 2222//2190
f 2223//2191 2224//2192 2225//2193
f 2223//2191 2225//2193 2226//2194
f 2227//2195 2228//2196 2229//2197
f 2227//2195 2229//2197 2230//2198
f 2231//2199 2232//2200 2233//2201
f 2231//2199 2233//2201 2234//2202
f 2235//2203 2236//2204 2237//2205
f 2235//2203 2237//2205 2238//2206
f 2239//2207 2240//2208 2241//2209
f 2239//2207 2241//2209 2242//2210
f 2243//2211 2244//2212 2245//2213
f 2243//2211 2245//2213 2246//2214
f 2247//2215 2248//2216 2249//2217
f 2247//2215 2249//2217 2250//2218
f 2251//2219 2252//2220 2253//2221
f 2251//2219 2253//2221 2254//2222
f 2255//2223 2256//2224 2257//2225
f 2255//2223 2257//2225 2258//2226
f 2259//2227 2260//2228 2261//2229
f 2259//2227 2261//2229 2262//2230
f 2263//2231 2264//2232 2265//2233
f 2263//2231 2265//2233 2266//2234
f 2267//2235 2268//2236 2269//2237
f 2267//2235 2269//2237 2270//2238
f 2271//2239 2272//2240 2273//2241
f 2271//2239 2273//2241 2274//2242
f 2275//2243 2276//2244 2277//2245
f 2275//2243 2277//2245 2278//2246
f 2279//2247 2280//2248 2281//2249
f 2279//2247 2281//2249 2282//2250
f 2283//2251 2284//2252 2285//2253
f 2283//2251 2285//2253 2286//2254
f 2287//2255 2288//2256 2289//2257
f 2287//2255 2289//2257 2290//2258
f 2291//2259 2292//2260 2293//2261
f 2291//2259 2293//2261 2294//2262
f 2295//2263 2296//2264 2297//2265
f 2295//2263 2297//2265 2298//2266
f 2299//2267 2300//2268 2301//2269
f 2299//2267 2301//2269 2302//2270
f 2303//2271 2304//2272 2305//2273
f 2303//2271 2305//2273 2306//2274
f 2307//2275 2308//2276 2309//2277
f 2307//2275 2309//2277 2310//2278
f 2311//2279 2312//2280 2313//2281
f 2311//2279 2313//2281 2314//2282
f 2315//2283 2316//2284 2317//2285
f 2315//2283 2317//2285 2318//2286
f 2319//2287 2320//2288 2321//2289
f 2319//2287 2321//2289 2322//2290
f 2323//2291 2324//2292 2325//2293
f 2323//2291 2325//2293 2326//2294
f 2327//2295 2328//2296 2329//2297
f 2327//2295 2329//2297 2330//2298
f 2331//2299 2332//2300 2333//2301
f 2331//2299 2333//2301 2334//2302
f 2335//2303 2336//2304 2337//2305
f 2335//2303 2337//2305 2338//2306
f 2339//2307 2340//2308 2341//2309
f 2339//2307 2341//2309 2342//2310
f 2343//2311 2344//2312 2345//2313
f 2343//2311 2345//2313 2346//2314
f 2347//2315 2348//2316 2349//2317
f 2347//2315 2349//2317 2350//2318
f 2351//2319 2352//2320 2353//2321
f 2351//2319 2353//2321 2354//2322
f 2355//2323 2356//2324 2357//2325
f 2355//2323 2357//2325 2358//2326
f 2359//2327 2360//2328 2361//2329
f 2359//2327 2361//2329 2362//2330
f 2363//2331 2364//2332 2365//2333
f 2363//2331 2365//2333 2366//2334
f 2367//2335 2368//2336 2369//2337
f 2367//2335 2369//2337 2370//2338
f 2371//2339 2372//2340 2373//2341
f 2371//2339 2373//2341 2374//2342
f 2375//2343 2376//2344 2377//2345
f 2375//2343 2377//2345 2378//2346
f 2379//2347 2380//2348 2381//2349
f 2379//2347 2381//2349 2382//2350
f 2383//2351 2384//2352 2385//2353
f 2383//2351 2385//2353 2386//2354
f 2387//2355 2388//2356 2389//2357
f 2387//2355 2389//2357 2390//2358
f 2391//2359 2392//2360 2393//2361
f 2391//2359 2393//2361 2394//2362
f 2395//2363 2396//2364 2397//2365
f 2395//2363 2397//2365 2398//2366
f 2399//2367 2400//2368 2401//2369
f 2399//2367 2401//2369 2402//2370
f 2403//2371 2404//2372 2405//2373
f 2403//2371 2405//2373 2406//2374
f 2407//2375 2408//2376 2409//2377
f 2407//2375 2409//2377 2410//2378
f 2411//2379 2412//2380 2413//2381
f 2411//2379 2413//2381 2414//2382
f 2415//2383 2416//2384 2417//2385
f 2415//2383 2417//2385 2418//2386
f 2419//2387 2420//2388 2421//2389
f 2419//2387 2421//2389 2422//2390
f 2423//2391 2424//2392 2425//2393
f 2423//2391 2425//2393 2426//2394
f 2427//2395 2428//2396 2429//2397
f 2427//2395 2429//2397 2430//2398
f 2431//2399 2432//2400 2433//2401
f 2431//2399 2433//2401 2434//2402
f 2435//2403 2436//2404 2437//2405
f 2435//2403 2437//2405 2438//2406
f 2439//2407 2440//2408 2441//2409
f 2439//2407 2441//2409 2442//2410
f 2443//2411 2444//2412 2445//2413
f 2443//2411 2445//2413 2446//2414
f 2447//2415 2448//2416 2449//2417
f 2447//2415 2449//2417 2450//2418
f 2451//2419 2452//2420 2453//2421
f 2451//2419 2453//2421 2454//2422
f 2455//2423 2456//2424 2457//2425
f 2455//2423 2457//2425 2458//2426
f 2459//2427 2460//2428 2461//2429
f 2459//2427 2461//2429 2462//2430
f 2463//2431 2464//2432 2465//2433
f 2463//2431 2465//2433 2466//2434
f 2467//2435 2468//2436 2469//2437
f 2467//2435 2469//2437 2470//2438
f 2471//2439 2472//2440 2473//2441
f 2471//2439 2473//2441 2474//2442
f 2475//2443 2476//2444 2477//2445
f 2475//2443 2477//2445 2478//2446
f 2479//2447 2480//2448 2481//2449
f 2479//2447 2481//2449 2482//2450
f 2483//2451 2484//2452 2485//2453
f 2483//2451 2485//2453 2486//2454
f 2487//2455 2488//2456 2489//2457
f 2487//2455 2489//2457 2490//2458
f 2491//2459 2492//2460 2493//2461
f 2491//2459 2493//2461 2494//2462
f 2495//2463 2496//2464 2497//2465
f 2495//2463 2497//2465 2498//2466
f 2499//2467 2500//2468 2501//2469
f 2499//2467 2501//2469 2502//2470
f 2503//2471 2504//2472 2505//2473
f 2503//2471 2505//2473 2506//2474
f 2507//2475 2508//2476 2509//2477
f 2507//2475 2509//2477 2510//2478
f 2511//2479 2512//2480 2513//2481
f 2511//2479 2513//2481 2514//2482
f 2515//2483 2516//2484 2517//2485
f 2515//2483 2517//2485 2518//2486
f 2519//2487 2520//2488 2521//2489
f 2519//2487 2521//2489 2522//2490
f 2523//2491 2524//2492 2525//2493
f 2523//2491 2525//2493 2526//2494
f 2527//2495 2528//2496 2529//2497
f 2527//2495 2529//2497 2530//2498
f 2531//2499 2532//2500 2533//2501
f 2531//2499 2533//2501 2534//2502
f 2535//2503 2536//2504 2537//2505
f 2535//2503 2537//2505 2538//2506
f 2539//2507 2540//2508 2541//2509
f 2539//2507 2541//2509 2542//2510
f 2543//2511 2544//2512 2545//2513
f 2543//2511 2545//2513 2546//2514
f 2547//2515 2548//2516 2549//2517
f 2547//2515 2549//2517 2550//2518
f 2551//2519 2552//2520 2553//2521
f 2551//2519 2553//2521 2554//2522
f 2555//2523 2556//2524 2557//2525
f 2555//2523 2557//2525 2558//2526
f 2559//2527 2560//2528 2561//2529
f 2559//2527 2561//2529 2562//2530
f 2563//2531 2564//2532 2565//2533
f 2563//2531 2565//2533 2566//2534
f 2567//2535 2568//2536 2569//2537
f 2567//2535 2569//2537 2570//2538
f 2571//2539 2572//2540 2573//2541
f 2571//2539 2573//2541 2574//2542
f 2575//2543 2576//2544 2577//2545
f 2575//2543 2577//2545 2578//2546
f 2579//2547 2580//2548 2581//2549
f 2579//2547 2581//2549 2582//2550
f 2583//2551 2584//2552 2585//2553
f 2583//2551 2585//2553 2586//2554
f 2587//2555 2588//2556 2589//2557
f 2587//2555 2589//2557 2590//2558
f 2591//2559 2592//2560 2593//2561
f 2591//2559 2593//2561 2594//2562
f 2595//2563 2596//2564 2597//2565
f 2595//2563 2597//2565 2598//2566
f 2599//2567 2600//2568 2601//2569
f 2599//2567 2601//2569 2602//2570
f 2603//2571 2604//2572 2605//2573
f 2603//2571 2605//2573 2606//2574
f 2607//2575 2608//2576 2609//2577
f 2607//2575 2609//2577 2610//2578
f 2611//2579 2612//2580 2613//2581
f 2611//2579 2613//2581 2614//2582
f 2615//2583 2616//2584 2617//2585
f 2615//2583 2617//2585 2618//2586
f 2619//2587 2620//2588 2621//2589
f 2619//2587 2621//2589 2622//2590
f 2623//2591 2624//2592 2625//2593
f 2623//2591 2625//2593 2626//2594
f 2627//2595 2628//2596 2629//2597
f 2627//2595 2629//2597 2630//2598
f 2631//2599 2632//2600 2633//2601
f 2631//2599 2633//2601 2634//2602
f 2635//2603 2636//2604 2637//2605
f 2635//2603 2637//2605 2638//2606
f 2639//2607 2640//2608 2641//2609
f 2639//2607 2641//2609 2642//2610
f 2643//2611 2644//2612 2645//2613
f 2643//2611 2645//2613 2646//2614
f 2647//2615 2648//2616 2649//2617
f 2647//2615 2649//2617 2650//2618
f 2651//2619 2652//2620 2653//2621
f 2651//2619 2653//2621 2654//2622
f 2655//2623 2656//2624 2657//2625
f 2655//2623 2657//2625 2658//2626
f 2659//2627 2660//2628 2661//2629
f 2659//2627 2661//2629 2662//2630
f 2663//2631 2664//2632 2665//2633
f 2663//2631 2665//2633 2666//2634
f 2667//2635 2668//2636 2669//2637
f 2667//2635 2669//2637 2670//2638
f 2671//2639 2672//2640 2673//2641
f 2671//2639 2673//2641 2674//2642
f 2675//2643 2676//2644 2677//2645
f 2675//2643 2677//2645 2678//2646
f 2679//2647 2680//2648 2681//2649
f 2679//2647 2681//2649 2682//2650
f 2683//2651 2684//2652 2685//2653
f 2683//2651 2685//2653 2686//2654
f 2687//2655 2688//2656 2689//2657
f 2687//2655 2689//2657 2690//2658
f 2691//2659 2692//2660 2693//2661
f 2691//2659 2693//2661 2694//2662
f 2695//2663 2696//2664 2697//2665
f 2695//2663 2697//2665 2698//2666
f 2699//2667 2700//2668 2701//2669
f 2699//2667 2701//2669 2702//2670
f 2703//2671 2704//2672 2705//2673
f 2703//2671 2705//2673 2706//2674
f 2707//2675 2708//2676 2709//2677
f 2707//2675 2709//2677 2710//2678
f 2711//2679 2712//2680 2713//2681
f 2711//2679 2713//2681 2714//2682
f 2715//2683 2716//2684 2717//2685
f 2715//2683 2717//2685 2718//2686
f 2719//2687 2720//2688 2721//2689
f 2719//2687 2721//2689 2722//2690
f 2723//2691 2724//2692 2725//2693
f 2723//2691 2725//2693 2726//2694
f 2727//2695 2728//2696 2729//2697
f 2727//2695 2729//2697 2730//2698
f 2731//2699 2732//2700 2733//2701
f 2731//2699 2733//2701 2734//2702
f 2735//2703 2736//2704 2737//2705
f 2735//2703 2737//2705 2738//2706
f 2739//2707 2740//2708 2741//2709
f 2739//2707 2741//2709 2742//2710
f 2743//2711 2744//2712 2745//2713
f 2743//2711 2745//2713 2746//2714
f 2747//2715 2748//2716 2749//2717
f 2747//2715 2749//2717 2750//2718
f 2751//2719 2752//2720 2753//2721
f 2751//2719 2753//2721 2754//2722
f 2755//2723 2756//2724 2757//2725
f 2755//2723 2757//2725 2758//2726
f 2759//2727 2760//2728 2761//2729
f 2759//2727 2761//2729 2762//2730
f 2763//2731 2764//2732 2765//2733
f 2763//2731 2765//2733 2766//2734
f 2767//2735 2768//2736 2769//2737
f 2767//2735 2769//2737 2770//2738
f 2771//2739 2772//2740 2773//2741
f 2771//2739 2773//2741 2774//2742
f 2775//2743 2776//2744 2777//2745
f 2775//2743 2777//2745 2778//2746
f 2779//2747 2780//2748 2781//2749
f 2779//2747 2781//2749 2782//2750
f 2783//2751 2784//2752 2785//2753
f 2783//2751 2785//2753 2786//2754
f 2787//2755 2788//2756 2789//2757
f 2787//2755 2789//2757 2790//2758
f 2791//2759 2792//2760 2793//2761
f 2791//2759 2793//2761 2794//2762
f 2795//2763 2796//2764 2797//2765
f 2795//2763 2797//2765 2798//2766
f 2799//2767 2800//2768 2801//2769
f 2799//2767 2801//2769 2802//2770
f 2803//2771 2804//2772 2805//2773
f 2803//2771 2805//2773 2806//2774
f 2807//2775 2808//2776 2809//2777
f 2807//2775 2809//2777 2810//2778
f 2811//2779 2812//2780 2813//2781
f 2811//2779 2813//2781 2814//2782
f 2815//2783 2816//2784 2817//2785
f 2815//2783 2817//2785 2818//2786
f 2819//2787 2820//2788 2821//2789
f 2819//2787 2821//2789 2822//2790
f 2823//2791 2824//2792 2825//2793
f 2823//2791 2825//2793 2826//2794
f 2827//2795 2828//2796 2829//2797
f 2827//2795 2829//2797 2830//2798
f 2831//2799 2832//2800 2833//2801
f 2831//2799 2833//2801 2834//2802
f 2835//2803 2836//2804 2837//2805
f 2835//2803 2837//2805 2838//2806
f 2839//2807 2840//2808 2841//2809
f 2839//2807 2841//2809 2842//2810
f 2843//2811 2844//2812 2845//2813
f 2843//2811 2845//2813 2846//2814
f 2847//2815 2848//2816 2849//2817
f 2847//2815 2849//2817 2850//2818
f 2851//2819 2852//2820 2853//2821
f 2851//2819 2853//2821 2854//2822
f 2855//2823 2856//2824 2857//2825
f 2855//2823 2857//2825 2858//2826
f 2859//2827 2860//2828 2861//2829
f 2859//2827 2861//2829 2862//2830
f 2863//2831 2864//2832 2865//2833
f 2863//2831 2865//2833 2866//2834
f 2867//2835 2868//2836 2869//2837
f 2867//2835 2869//2837 2870//2838
f 2871//2839 2872//2840 2873//2841
f 2871//2839 2873//2841 2874//2842
f 2875//2843 2876//2844 2877//2845
f 2875//2843 2877//2845 2878//2846
f 2879//2847 2880//2848 2881//2849
f 2879//2847 2881//2849 2882//2850
f 2883//2851 2884//2852 2885//2853
f 2883//2851 2885//2853 2886//2854
f 2887//2855 2888//2856 2889//2857
f 2887//2855 2889//2857 2890//2858
f 2891//2859 2892//2860 2893//2861
f 2891//2859 2893//2861 2894//2862
f 2895//2863 2896//2864 2897//2865
f 2895//2863 2897//2865 2898//2866
f 2899//2867 2900//2868 2901//2869
f 2899//2867 2901//2869 2902//2870
f 2903//2871 2904//2872 2905//2873
f 2903//2871 2905//2873 2906//2874
f 2907//2875 2908//2876 2909//2877
f 2907//2875 2909//2877 2910//2878
f 2911//2879 2912//2880 2913//2881
f 2911//2879 2913//2881 2914//2882
f 2915//2883 2916//2884 2917//2885
f 2915//2883 2917//2885 2918//2886
f 2919//2887 2920//2888 2921//2889
f 2919//2887 2921//2889 2922//2890
f 2923//2891 2924//2892 2925//2893
f 2923//2891 2925//2893 2926//2894
f 2927//2895 2928//2896 2929//2897
f 2927//2895 2929//2897 2930//2898
f 2931//2899 2932//2900 2933//2901
f 2931//2899 2933//2901 2934//2902
f 2935//2903 2936//2904 2937//2905
f 2935//2903 2937//2905 2938//2906
f 2939//2907 2940//2908 2941//2909
f 2939//2907 2941//2909 2942//2910
f 2943//2911 2944//2912 2945//2913
f 2943//2911 2945//2913 2946//2914
f 2947//2915 2948//2916 2949//2917
f 2947//2915 2949//2917 2950//2918
f 2951//2919 2952//2920 2953//2921
f 2951//2919 2953//2921 2954//2922
f 2955//2923 2956//2924 2957//2925
f 2955//2923 2957//2925 2958//2926
f 2959//2927 2960//2928 2961//2929
f 2959//2927 2961//2929 2962//2930
f 2963//2931 2964//2932 2965//2933
f 2963//2931 2965//2933 2966//2934
f 2967//2935 2968//2936 2969//2937
f 2967//2935 2969//2937 2970//2938
f 2971//2939 2972//2940 2973//2941
f 2971//2939 2973//2941 2974//2942
f 2975//2943 2976//2944 2977//2945
f 2975//2943 2977//2945 2978//2946
f 2979//2947 2980//2948 2981//2949
f 2979//2947 2981//2949 2982//2950
f 2983//2951 2984//2952 2985//2953
f 2983//2951 2985//2953 2986//2954
f 2987//2955 2988//2956 2989//2957
f 2987//2955 2989//2957 2990//2958
f 2991//2959 2992//2960 2993//2961
f 2991//2959 2993//2961 2994//2962
f 2995//2963 2996//2964 2997//2965
f 2995//2963 2997//2965 2998//2966
f 2999//2967 3000//2968 3001//2969
f 2999//2967 3001//2969 3002//2970
f 3003//2971 3004//2972 3005//2973
f 3003//2971 3005//2973 3006//2974
f 3007//2975 3008//2976 3009//2977
f 3007//2975 3009//2977 3010//2978
f 3011//2979 3012//2980 3013//2981
f 3011//2979 3013//2981 3014//2982
f 3015//2983 3016//2984 3017//2985
f 3015//2983 3017//2985 3018//2986
f 3019//2987 3020//2988 3021//2989
f 3019//2987 3021//2989 3022//2990
f 3023//2991 3024//2992 3025//2993
f 3023//2991 3025//2993 3026//2994
f 3027//2995 3028//2996 3029//2997
f 3027//2995 3029//2997 3030//2998
f 3031//2999 3032//3000 3033//3001
f 3031//2999 3033//3001 3034//3002
f 3035//3003 3036//3004 3037//3005
f 3035//3003 3037//3005 3038//3006
f 3039//3007 3040//3008 3041//3009
f 3039//3007 3041//3009 3042//3010
f 3043//3011 3044//3012 3045//3013
f 3043//3011 3045//3013 3046//3014
f 3047//3015 3048//3016 3049//3017
f 3047//3015 3049//3017 3050//3018
f 3051//3019 3052//3020 3053//3021
f 3051//3019 3053//3021 3054//3022
f 3055//3023 3056//3024 3057//3025
f 3055//3023 3057//3025 3058//3026
f 3059//3027 3060//3028 3061//3029
f 3059//3027 3061//3029 3062//3030
f 3063//3031 3064//3032 3065//3033
f 3063//3031 3065//3033 3066//3034
f 3067//3035 3068//3036 3069//3037
f 3067//3035 3069//3037 3070//3038
f 3071//3039 3072//3040 3073//3041
f 3071//3039 3073//3041 3074//3042
f 3075//3043 3076//3044 3077//3045
f 3075//3043 3077//3045 3078//3046
f 3079//3047 3080//3048 3081//3049
f 3079//3047 3081//3049 3082//3050
f 3083//3051 3084//3052 3085//3053
f 3083//3051 3085//3053 3086//3054
f 3087//3055 3088//3056 3089//3057
f 3087//3055 3089//3057 3090//3058
f 3091//3059 3092//3060 3093//3061
f 3091//3059 3093//3061 3094//3062
f 3095//3063 3096//3064 3097//3065
f 3095//3063 3097//3065 3098//3066
f 3099//3067 3100//3068 3101//3069
f 3099//3067 3101//3069 3102//3070
f 3103//3071 3104//3072 3105//3073
f 3103//3071 3105//3073 3106//3074
f 3107//3075 3108//3075 3109//3075
f 3107//3075 3110//3075 3111//3075
f 3107//3075 3112//3075 3113//3075
f 3107//3075 3114//3075 3115//3075
f 3107//3075 3116//3075 3117//3075
f 3107//3075 3118//3075 3119//3075
f 3107//3075 3120//3075 3121//3075
f 3107//3075 3122//3075 3123//3075
f 3124//3076 3125//3076 3126//3076
f 3124//3076 3127//3076 3128//3076
f 3124//3076 3129//3076 3130//3076
f 3124//3076 3131//3076 3132//3076
f 3124//3076 3133//3076 3134//3076
f 3124//3076 3135//3076 3136//3076
f 3124//3076 3137//3076 3138//3076
f 3124//3076 3139//3076 3140//3076
f 3141//3077 3142//3078 3143//3079
f 3141//3077 3143//3079 3144//3080
f 3145//3081 3146//3082 3147//3083
f 3145//3081 3147//3083 3148//3084
f 3149//3085 3150//3086 3151//3087
f 3149//3085 3151//3087 3152//3088
f 3153//3089 3154//3090 3155//3091
f 3153//3089 3155//3091 3156//3092
f 3157//3093 3158//3094 3159//3095
f 3157//3093 3159//3095 3160//3096
f 3161//3097 3162//3098 3163//3099
f 3161//3097 3163//3099 3164//3100
f 3165//3101 3166//3102 3167//3103
f 3165//3101 3167//3103 3168//3104
f 3169//3105 3170//3106 3171//3107
f 3169//3105 3171//3107 3172//3108
f 3173//3109 3174//3110 3175//3111
f 3173//3109 3175//3111 3176//3112
f 3177//3113 3178//3114 3179//3115
f 3177//3113 3179//3115 3180//3116
f 3181//3117 3182//3118 3183//3119
f 3181//3117 3183//3119 3184//3120
f 3185//3121 3186//3122 3187//3123
f 3185//3121 3187//3123 3188//3124
f 3189//3125 3190//3126 3191//3127
f 3189//3125 3191//3127 3192//3128
f 3193//3129 3194//3130 3195//3131
f 3193//3129 3195//3131 3196//3132
f 3197//3133 3198//3134 3199//3135
f 3197//3133 3199//3135 3200//3136
f 3201//3137 3202//3138 3203//3139
f 3201//3137 3203//3139 3204//3140
f 3205//3141 3206//3142 3207//3143
f 3205//3141 3207//3143 3208//3144
f 3209//3145 3210//3146 3211//3147
f 3209//3145 3211//3147 3212//3148
f 3213//3149 3214//3150 3215//3151
f 3213//3149 3215//3151 3216//3152
f 3217//3153 3218//3154 3219//3155
f 3217//3153 3219//3155 3220//3156
f 3221//3157 3222//3158 3223//3159
f 3221//3157 3223//3159 3224//3160
f 3225//3161 3226//3162 3227//3163
f 3225//3161 3227//3163 3228//3164
f 3229//3165 3230//3166 3231//3167
f 3229//3165 3231//3167 3232//3168
f 3233//3169 3234//3170 3235//3171
f 3233//3169 3235//3171 3236//3172
f 3237//3173 3238//3174 3239//3175
f 3237//3173 3239//3175 3240//3176
f 3241//3177 3242//3178 3243//3179
f 3241//3177 3243//3179 3244//3180
f 3245//3181 3246//3182 3247//3183
f 3245//3181 3247//3183 3248//3184
f 3249//3185 3250//3186 3251//3187
f 3249//3185 3251//3187 3252//3188
f 3253//3189 3254//3190 3255//3191
f 3253//3189 3255//3191 3256//3192
f 3257//3193 3258//3194 3259//3195
f 3257//3193 3259//3195 3260//3196
f 3261//3197 3262//3198 3263//3199
f 3261//3197 3263//3199 3264//3200
f 3265//3201 3266//3202 3267//3203
f 3265//3201 3267//3203 3268//3204
f 3269//3205 3270//3206 3271//3207
f 3269//3205 3271//3207 3272//3208
f 3273//3209 3274//3210 3275//3211
f 3273//3209 3275//3211 3276//3212
f 3277//3213 3278//3214 3279//3215
f 3277//3213 3279//3215 3280//3216
f 3281//3217 3282//3218 3283//3219
f 3281//3217 3283//3219 3284//3220
f 3285//3221 3286//3222 3287//3223
f 3285//3221 3287//3223 3288//3224
f 3289//3225 3290//3226 3291//3227
f 3289//3225 3291//3227 3292//3228
f 3293//3229 3294//3230 3295//3231
f 3293//3229 3295//3231 3296//3232
f 3297//3233 3298//3234 3299//3235
f 3297//3233 3299//3235 3300//3236
f 3301//3237 3302//3238 3303//3239
f 3301//3237 3303//3239 3304//3240
f 3305//3241 3306//3242 3307//3243
f 3305//3241 3307//3243 3308//3244
f 3309//3245 3310//3246 3311//3247
f 3309//3245 3311//3247 3312//3248
f 3313//3249 3314//3250 3315//3251
f 3313//3249 3315//3251 3316//3252
f 3317//3253 3318//3254 3319//3255
f 3317//3253 3319//3255 3320//3256
f 3321//3257 3322//3258 3323//3259
f 3321//3257 3323//3259 3324//3260
f 3325//3261 3326//3262 3327//3263
f 3325//3261 3327//3263 3328//3264
f 3329//3265 3330//3266 3331//3267
f 3329//3265 3331//3267 3332//3268
f 3333//3269 3334//3270 3335//3271
f 3333//3269 3335//3271 3336//3272
f 3337//3273 3338//3274 3339//3275
f 3337//3273 3339//3275 3340//3276
f 3341//3277 3342//3278 3343//3279
f 3341//3277 3343//3279 3344//3280
f 3345//3281 3346//3282 3347//3283
f 3345//3281 3347//3283 3348//3284
f 3349//3285 3350//3286 3351//3287
f 3349//3285 3351//3287 3352//3288
f 3353//3289 3354//3290 3355//3291
f 3353//3289 3355//3291 3356//3292
f 3357//3293 3358//3294 3359//3295
f 3357//3293 3359//3295 3360//3296
f 3361//3297 3362//3298 3363//3299
f 3361//3297 3363//3299 3364//3300
f 3365//3301 3366//3302 3367//3303
f 3365//3301 3367//3303 3368//3304
f 3369//3305 3370//3306 3371//3307
f 3369//3305 3371//3307 3372//3308
f 3373//3309 3374//3310 3375//3311
f 3373//3309 3375//3311 3376//3312
f 3377//3313 3378//3314 3379//3315
f 3377//3313 3379//3315 3380//3316
f 3381//3317 3382//3318 3383//3319
f 3381//3317 3383//3319 3384//3320
f 3385//3321 3386//3322 3387//3323
f 3385//3321 3387//3323 3388//3324
f 3389//3325 3390//3326 3391//3327
f 3389//3325 3391//3327 3392//3328
f 3393//3329 3394//3330 3395//3331
f 3393//3329 3395//3331 3396//3332
f 3397//3333 3398//3334 3399//3335
f 3397//3333 3399//3335 3400//3336
f 3401//3337 3402//3338 3403//3339
f 3401//3337 3403//3339 3404//3340
f 3405//3341 3406//3342 3407//3343
f 3405//3341 3407//3343 3408//3344
f 3409//3345 3410//3346 3411//3347
f 3409//3345 3411//3347 3412//3348
f 3413//3349 3414//3350 3415//3351
f 3413//3349 3415//3351 3416//3352
f 3417//3353 3418//3354 3419//3355
f 3417//3353 3419//3355 3420//3356
f 3421//3357 3422//3358 3423//3359
f 3421//3357 3423//3359 3424//3360
f 3425//3361 3426//3362 3427//3363
f 3425//3361 3427//3363 3428//3364
f 3429//3365 3430//3366 3431//3367
f 3429//3365 3431//3367 3432//3368
f 3433//3369 3434//3370 3435//3371
f 3433//3369 3435//3371 3436//3372
f 3437//3373 3438//3374 3439//3375
f 3437//3373 3439//3375 3440//3376
f 3441//3377 3442//3378 3443//3379
f 3441//3377 3443//3379 3444//3380
f 3445//3381 3446//3382 3447//3383
f 3445//3381 3447//3383 3448//3384
f 3449//3385 3450//3386 3451//3387
f 3449//3385 3451//3387 3452//3388
f 3453//3389 3454//3390 3455//3391
f 3453//3389 3455//3391 3456//3392
f 3457//3393 3458//3394 3459//3395
f 3457//3393 3459//3395 3460//3396
f 3461//3397 3462//3398 3463//3399
f 3461//3397 3463//3399 3464//3400
f 3465//3401 3466//3402 3467//3403
f 3465//3401 3467//3403 3468//3404
f 3469//3405 3470//3406 3471//3407
f 3469//3405 3471//3407 3472//3408
f 3473//3409 3474//3410 3475//3411
f 3473//3409 3475//3411 3476//3412
f 3477//3413 3478//3414 3479//3415
f 3477//3413 3479//3415 3480//3416
f 3481//3417 3482//3418 3483//3419
f 3481//3417 3483//3419 3484//3420
f 3485//3421 3486//3422 3487//3423
f 3485//3421 3487//3423 3488//3424
f 3489//3425 3490//3426 3491//3427
f 3489//3425 3491//3427 3492//3428
f 3493//3429 3494//3430 3495//3431
f 3493//3429 3495//3431 3496//3432
f 3497//3433 3498//3434 3499//3435
f 3497//3433 3499//3435 3500//3436
f 3501//3437 3502//3438 3503//3439
f 3501//3437 3503//3439 3504//3440
f 3505//3441 3506//3442 3507//3443
f 3505//3441 3507//3443 3508//3444
f 3509//3445 3510//3446 3511//3447
f 3509//3445 3511//3447 3512//3448
f 3513//3449 3514//3450 3515//3451
f 3513//3449 3515//3451 3516//3452
f 3517//3453 3518//3454 3519//3455
f 3517//3453 3519//3455 3520//3456
f 3521//3457 3522//3458 3523//3459
f 3521//3457 3523//3459 3524//3460
f 3525//3461 3526//3462 3527//3463
f 3525//3461 3527//3463 3528//3464
f 3529//3465 3530//3466 3531//3467
f 3529//3465 3531//3467 3532//3468
f 3533//3469 3534//3470 3535//3471
f 3533//3469 3535//3471 3536//3472
f 3537//3473 3538//3474 3539//3475
f 3537//3473 3539//3475 3540//3476
f 3541//3477 3542//3478 3543//3479
f 3541//3477 3543//3479 3544//3480
f 3545//3481 3546//3482 3547//3483
f 3545//3481 3547//3483 3548//3484
f 3549//3485 3550//3486 3551//3487
f 3549//3485 3551//3487 3552//3488
f 3553//3489 3554//3490 3555//3491
f 3553//3489 3555//3491 3556//3492
f 3557//3493 3558//3494 3559//3495
f 3557//3493 3559//3495 3560//3496
f 3561//3497 3562//3498 3563//3499
f 3561//3497 3563//3499 3564//3500
f 3565//3501 3566//3502 3567//3503
f 3565//3501 3567//3503 3568//3504
f 3569//3505 3570//3506 3571//3507
f 3569//3505 3571//3507 3572//3508
f 3573//3509 3574//3510 3575//3511
f 3573//3509 3575//3511 3576//3512
f 3577//3513 3578//3514 3579//3515
f 3577//3513 3579//3515 3580//3516
f 3581//3517 3582//3518 3583//3519
f 3581//3517 3583//3519 3584//3520
f 3585//3521 3586//3522 3587//3523
f 3585//3521 3587//3523 3588//3524
f 3589//3525 3590//3526 3591//3527
f 3589//3525 3591//3527 3592//3528
f 3593//3529 3594//3530 3595//3531
f 3593//3529 3595//3531 3596//3532
f 3597//3533 3598//3534 3599//3535
f 3597//3533 3599//3535 3600//3536
f 3601//3537 3602//3538 3603//3539
f 3601//3537 3603//3539 3604//3540
f 3605//3541 3606//3542 3607//3543
f 3605//3541 3607//3543 3608//3544
f 3609//3545 3610//3546 3611//3547
f 3609//3545 3611//3547 3612//3548
f 3613//3549 3614//3550 3615//3551
f 3613//3549 3615//3551 3616//3552
f 3617//3553 3618//3554 3619//3555
f 3617//3553 3619//3555 3620//3556
f 3621//3557 3622//3558 3623//3559
f 3621//3557 3623//3559 3624//3560
f 3625//3561 3626//3562 3627//3563
f 3625//3561 3627//3563 3628//3564
f 3629//3565 3630//3566 3631//3567
f 3629//3565 3631//3567 3632//3568
f 3633//3569 3634//3570 3635//3571
f 3633//3569 3635//3571 3636//3572
f 3637//3573 3638//3574 3639//3575
f 3637//3573 3639//3575 3640//3576
f 3641//3577 3642//3578 3643//3579
f 3641//3577 3643//3579 3644//3580
f 3645//3581 3646//3582 3647//3583
f 3645//3581 3647//3583 3648//3584
f 3649//3585 3650//3586 3651//3587
f 3649//3585 3651//3587 3652//3588
f 3653//3589 3654//3590 3655//3591
f 3653//3589 3655//3591 3656//3592
f 3657//3593 3658//3594 3659//3595
f 3657//3593 3659//3595 3660//3596
f 3661//3597 3662//3598 3663//3599
f 3661//3597 3663//3599 3664//3600
f 3665//3601 3666//3602 3667//3603
f 3665//3601 3667//3603 3668//3604
f 3669//3605 3670//3606 3671//3607
f 3669//3605 3671//3607 3672//3608
f 3673//3609 3674//3610 3675//3611
f 3673//3609 3675//3611 3676//3612
f 3677//3613 3678//3614 3679//3615
f 3677//3613 3679//3615 3680//3616
f 3681//3617 3682//3618 3683//3619
f 3681//3617 3683//3619 3684//3620
f 3685//3621 3686//3622 3687//3623
f 3685//3621 3687//3623 3688//3624
f 3689//3625 3690//3626 3691//3627
f 3689//3625 3691//3627 3692//3628
f 3693//3629 3694//3630 3695//3631
f 3693//3629 3695//3631 3696//3632
f 3697//3633 3698//3634 3699//3635
f 3697//3633 3699//3635 3700//3636
f 3701//3637 3702//3638 3703//3639
f 3701//3637 3703//3639 3704//3640
f 3705//3641 3706//3642 3707//3643
f 3705//3641 3707//3643 3708//3644
f 3709//3645 3710//3646 3711//3647
f 3709//3645 3711//3647 3712//3648
f 3713//3649 3714//3650 3715//3651
f 3713//3649 3715//3651 3716//3652
f 3717//3653 3718//3654 3719//3655
f 3717//3653 3719//3655 3720//3656
f 3721//3657 3722//3658 3723//3659
f 3721//3657 3723//3659 3724//3660
f 3725//3661 3726//3662 3727//3663
f 3725//3661 3727//3663 3728//3664
f 3729//3665 3730//3666 3731//3667
f 3729//3665 3731//3667 3732//3668
f 3733//3669 3734//3670 3735//3671
f 3733//3669 3735//3671 3736//3672
f 3737//3673 3738//3674 3739//3675
f 3737//3673 3739//3675 3740//3676
f 3741//3677 3742//3678 3743//3679
f 3741//3677 3743//3679 3744//3680
f 3745//3681 3746//3682 3747//3683
f 3745//3681 3747//3683 3748//3684
f 3749//3685 3750//3686 3751//3687
f 3749//3685 3751//3687 3752//3688
f 3753//3689 3754//3690 3755//3691
f 3753//3689 3755//3691 3756//3692
f 3757//3693 3758//3694 3759//3695
f 3757//3693 3759//3695 3760//3696
f 3761//3697 3762//3698 3763//3699
f 3761//3697 3763//3699 3764//3700
f 3765//3701 3766//3702 3767//3703
f 3765//3701 3767//3703 3768//3704
f 3769//3705 3770//3706 3771//3707
f 3769//3705 3771//3707 3772//3708
f 3773//3709 3774//3710 3775//3711
f 3773//3709 3775//3711 3776//3712
f 3777//3713 3778//3714 3779//3715
f 3777//3713 3779//3715 3780//3716
f 3781//3717 3782//3718 3783//3719
f 3781//3717 3783//3719 3784//3720
f 3785//3721 3786//3722 3787//3723
f 3785//3721 3787//3723 3788//3724
f 3789//3725 3790//3726 3791//3727
f 3789//3725 3791//3727 3792//3728
f 3793//3729 3794//3730 3795//3731
f 3793//3729 3795//3731 3796//3732
f 3797//3733 3798//3734 3799//3735
f 3797//3733 3799//3735 3800//3736
f 3801//3737 3802//3738 3803//3739
f 3801//3737 3803//3739 3804//3740
f 3805//3741 3806//3742 3807//3743
f 3805//3741 3807//3743 3808//3744
f 3809//3745 3810//3746 3811//3747
f 3809//3745 3811//3747 3812//3748
f 3813//3749 3814//3750 3815//3751
f 3813//3749 3815//3751 3816//3752
f 3817//3753 3818//3754 3819//3755
f 3817//3753 3819//3755 3820//3756
f 3821//3757 3822//3758 3823//3759
f 3821//3757 3823//3759 3824//3760
f 3825//3761 3826//3762 3827//3763
f 3825//3761 3827//3763 3828//3764
f 3829//3765 3830//3766 3831//3767
f 3829//3765 3831//3767 3832//3768
f 3833//3769 3834//3770 3835//3771
f 3833//3769 3835//3771 3836//3772
f 3837//3773 3838//3774 3839//3775
f 3837//3773 3839//3775 3840//3776
f 3841//3777 3842//3778 3843//3779
f 3841//3777 3843//3779 3844//3780
f 3845//3781 3846//3782 3847//3783
f 3845//3781 3847//3783 3848//3784
f 3849//3785 3850//3786 3851//3787
f 3849//3785 3851//3787 3852//3788
f 3853//3789 3854//3790 3855//3791
f 3853//3789 3855//3791 3856//3792
f 3857//3793 3858//3794 3859//3795
f 3857//3793 3859//3795 3860//3796
f 3861//3797 3862//3798 3863//3799
f 3861//3797 3863//3799 3864//3800
f 3865//3801 3866//3802 3867//3803
f 3865//3801 3867//3803 3868//3804
f 3869//3805 3870//3806 3871//3807
f 3869//3805 3871//3807 3872//3808
f 3873//3809 3874//3810 3875//3811
f 3873//3809 3875//3811 3876//3812
f 3877//3813 3878//3814 3879//3815
f 3877//3813 3879//3815 3880//3816
f 3881//3817 3882//3818 3883//3819
f 3881//3817 3883//3819 3884//3820
f 3885//3821 3886//3822 3887//3823
f 3885//3821 3887//3823 3888//3824
f 3889//3825 3890//3826 3891//3827
f 3889//3825 3891//3827 3892//3828
f 3893//3829 3894//3830 3895//3831
f 3893//3829 3895//3831 3896//3832
f 3897//3833 3898//3834 3899//3835
f 3897//3833 3899//3835 3900//3836
f 3901//3837 3902//3838 3903//3839
f 3901//3837 3903//3839 3904//3840
f 3905//3841 3906//3842 3907//3843
f 3905//3841 3907//3843 3908//3844
f 3909//3845 3910//3846 3911//3847
f 3909//3845 3911//3847 3912//3848
f 3913//3849 3914//3850 3915//3851
f 3913//3849 3915//3851 3916//3852
f 3917//3853 3918//3854 3919//3855
f 3917//3853 3919//3855 3920//3856
f 3921//3857 3922//3858 3923//3859
f 3921//3857 3923//3859 3924//3860
f 3925//3861 3926//3862 3927//3863
f 3925//3861 3927//3863 3928//3864
f 3929//3865 3930//3866 3931//3867
f 3929//3865 3931//3867 3932//3868
f 3933//3869 3934//3870 3935//3871
f 3933//3869 3935//3871 3936//3872
f 3937//3873 3938//3874 3939//3875
f 3937//3873 3939//3875 3940//3876
f 3941//3877 3942//3878 3943//3879
f 3941//3877 3943//3879 3944//3880
f 3945//3881 3946//3882 3947//3883
f 3945//3881 3947//3883 3948//3884
f 3949//3885 3950//3886 3951//3887
f 3949//3885 3951//3887 3952//3888
f 3953//3889 3954//3890 3955//3891
f 3953//3889 3955//3891 3956//3892
f 3957//3893 3958//3894 3959//3895
f 3957//3893 3959//3895 3960//3896
f 3961//3897 3962//3898 3963//3899
f 3961//3897 3963//3899 3964//3900
f 3965//3901 3966//3902 3967//3903
f 3965//3901 3967//3903 3968//3904
f 3969//3905 3970//3906 3971//3907
f 3969//3905 3971//3907 3972//3908
f 3973//3909 3974//3910 3975//3911
f 3973//3909 3975//3911 3976//3912
f 3977//3913 3978//3914 3979//3915
f 3977//3913 3979//3915 3980//3916
f 3981//3917 3982//3918 3983//3919
f 3981//3917 3983//3919 3984//3920
f 3985//3921 3986//3922 3987//3923
f 3985//3921 3987//3923 3988//3924
f 3989//3925 3990//3926 3991//3927
f 3989//3925 3991//3927 3992//3928
f 3993//3929 3994//3930 3995//3931
f 3993//3929 3995//3931 3996//3932
f 3997//3933 3998//3934 3999//3935
f 3997//3933 3999//3935 4000//3936
f 4001//3937 4002//3938 4003//3939
f 4001//3937 4003//3939 4004//3940
f 4005//3941 4006//3942 4007//3943
f 4005//3941 4007//3943 4008//3944
f 4009//3945 4010//3946 4011//3947
f 4009//3945 4011//3947 4012//3948
f 4013//3949 4014//3950 4015//3951
f 4013//3949 4015//3951 4016//3952
f 4017//3953 4018//3954 4019//3955
f 4017//3953 4019//3955 4020//3956
f 4021//3957 4022//3958 4023//3959
f 4021//3957 4023//3959 4024//3960
f 4025//3961 4026//3962 4027//3963
f 4025//3961 4027//3963 4028//3964
f 4029//3965 4030//3966 4031//3967
f 4029//3965 4031//3967 4032//3968
f 4033//3969 4034//3970 4035//3971
f 4033//3969 4035//3971 4036//3972
f 4037//3973 4038//3974 4039//3975
f 4037//3973 4039//3975 4040//3976
f 4041//3977 4042//3978 4043//3979
f 4041//3977 4043//3979 4044//3980
f 4045//3981 4046//3982 4047//3983
f 4045//3981 4047//3983 4048//3984
f 4049//3985 4050//3986 4051//3987
f 4049//3985 4051//3987 4052//3988
f 4053//3989 4054//3990 4055//3991
f 4053//3989 4055//3991 4056//3992
f 4057//3993 4058//3994 4059//3995
f 4057//3993 4059//3995 4060//3996
f 4061//3997 4062//3998 4063//3999
f 4061//3997 4063//3999 4064//4000
f 4065//4001 4066//4002 4067//4003
f 4065//4001 4067//4003 4068//4004
f 4069//4005 4070//4006 4071//4007
f 4069//4005 4071//4007 4072//4008
f 4073//4009 4074//4010 4075//4011
f 4073//4009 4075//4011 4076//4012
f 4077//4013 4078//4014 4079//4015
f 4077//4013 4079//4015 4080//4016
f 4081//4017 4082//4018 4083//4019
f 4081//4017 4083//4019 4084//4020
f 4085//4021 4086//4022 4087//4023
f 4085//4021 4087//4023 4088//4024
f 4089//4025 4090//4026 4091//4027
f 4089//4025 4091//4027 4092//4028
f 4093//4029 4094//4030 4095//4031
f 4093//4029 4095//4031 4096//4032
f 4097//4033 4098//4034 4099//4035
f 4097//4033 4099//4035 4100//4036
f 4101//4037 4102//4038 4103//4039
f 4101//4037 4103//4039 4104//4040
f 4105//4041 4106//4042 4107//4043
f 4105//4041 4107//4043 4108//4044
f 4109//4045 4110//4046 4111//4047
f 4109//4045 4111//4047 4112//4048
f 4113//4049 4114//4050 4115//4051
f 4113//4049 4115//4051 4116//4052
f 4117//4053 4118//4054 4119//4055
f 4117//4053 4119//4055 4120//4056
f 4121//4057 4122//4058 4123//4059
f 4121//4057 4123//4059 4124//4060
f 4125//4061 4126//4062 4127//4063
f 4125//4061 4127//4063 4128//4064
f 4129//4065 4130//4066 4131//4067
f 4129//4065 4131//4067 4132//4068
f 4133//4069 4134//4070 4135//4071
f 4133//4069 4135//4071 4136//4072
f 4137//4073 4138//4074 4139//4075
f 4137//4073 4139//4075 4140//4076
f 4141//4077 4142//4078 4143//4079
f 4141//4077 4143//4079 4144//4080
f 4145//4081 4146//4082 4147//4083
f 4145//4081 4147//4083 4148//4084
f 4149//4085 4150//4086 4151//4087
f 4149//4085 4151//4087 4152//4088
f 4153//4089 4154//4090 4155//4091
f 4153//4089 4155//4091 4156//4092
f 4157//4093 4158//4094 4159//4095
f 4157//4093 4159//4095 4160//4096
f 4161//4097 4162//4098 4163//4099
f 4161//4097 4163//4099 4164//4100
f 4165//4101 4166//4102 4167//4103
f 4165//4101 4167//4103 4168//4104
f 4169//4105 4170//4106 4171//4107
f 4169//4105 4171//4107 4172//4108
f 4173//4109 4174//4110 4175//4111
f 4173//4109 4175//4111 4176//4112
f 4177//4113 4178//4114 4179//4115
f 4177//4113 4179//4115 4180//4116
f 4181//4117 4182//4118 4183//4119
f 4181//4117 4183//4119 4184//4120
f 4185//4121 4186//4122 4187//4123
f 4185//4121 4187//4123 4188//4124
f 4189//4125 4190//4126 4191//4127
f 4189//4125 4191//4127 4192//4128
f 4193//4129 4194//4130 4195//4131
f 4193//4129 4195//4131 4196//4132
f 4197//4133 4198//4134 4199//4135
f 4197//4133 4199//4135 4200//4136
f 4201//4137 4202//4138 4203//4139
f 4201//4137 4203//4139 4204//4140
f 4205//4141 4206//4142 4207//4143
f 4205//4141 4207//4143 4208//4144
f 4209//4145 4210//4146 4211//4147
f 4209//4145 4211//4147 4212//4148
f 4213//4149 4214//4150 4215//4151
f 4213//4149 4215//4151 4216//4152
f 4217//4153 4218//4154 4219//4155
f 4217//4153 4219//4155 4220//4156
f 4221//4157 4222//4158 4223//4159
f 4221//4157 4223//4159 4224//4160
f 4225//4161 4226//4162 4227//4163
f 4225//4161 4227//4163 4228//4164
f 4229//4165 4230//4166 4231//4167
f 4229//4165 4231//4167 4232//4168
f 4233//4169 4234//4170 4235//4171
f 4233//4169 4235//4171 4236//4172
f 4237//4173 4238//4174 4239//4175
f 4237//4173 4239//4175 4240//4176
f 4241//4177 4242//4178 4243//4179
f 4241//4177 4243//4179 4244//4180
f 4245//4181 4246//4182 4247//4183
f 4245//4181 4247//4183 4248//4184
f 4249//4185 4250//4186 4251//4187
f 4249//4185 4251//4187 4252//4188
f 4253//4189 4254//4190 4255//4191
f 4253//4189 4255//4191 4256//4192
f 4257//4193 4258//4194 4259//4195
f 4257//4193 4259//4195 4260//4196
f 4261//4197 4262//4198 4263//4199
f 4261//4197 4263//4199 4264//4200
f 4265//4201 4266//4202 4267//4203
f 4265//4201 4267//4203 4268//4204
f 4269//4205 4270//4206 4271//4207
f 4269//4205 4271//4207 4272//4208
f 4273//4209 4274//4210 4275//4211
f 4273//4209 4275//4211 4276//4212
f 4277//4213 4278//4214 4279//4215
f 4277//4213 4279//4215 4280//4216
f 4281//4217 4282//4218 4283//4219
f 4281//4217 4283//4219 4284//4220
f 4285//4221 4286//4222 4287//4223
f 4285//4221 4287//4223 4288//4224
f 4289//4225 4290//4226 4291//4227
f 4289//4225 4291//4227 4292//4228
f 4293//4229 4294//4230 4295//4231
f 4293//4229 4295//4231 4296//4232
f 4297//4233 4298//4234 4299//4235
f 4297//4233 4299//4235 4300//4236
f 4301//4237 4302//4238 4303//4239
f 4301//4237 4303//4239 4304//4240
f 4305//4241 4306//4242 4307//4243
f 4305//4241 4307//4243 4308//4244
f 4309//4245 4310//4246 4311//4247
f 4309//4245 4311//4247 4312//4248
f 4313//4249 4314//4250 4315//4251
f 4313//4249 4315//4251 4316//4252
f 4317//4253 4318//4254 4319//4255
f 4317//4253 4319//4255 4320//4256
f 4321//4257 4322//4258 4323//4259
f 4321//4257 4323//4259 4324//4260
f 4325//4261 4326//4262 4327//4263
f 4325//4261 4327//4263 4328//4264
f 4329//4265 4330//4266 4331//4267
f 4329//4265 4331//4267 4332//4268
f 4333//4269 4334//4270 4335//4271
f 4333//4269 4335//4271 4336//4272
f 4337//4273 4338//4274 4339//4275
f 4337//4273 4339//4275 4340//4276
f 4341//4277 4342//4278 4343//4279
f 4341//4277 4343//4279 4344//4280
f 4345//4281 4346//4282 4347//4283
f 4345//4281 4347//4283 4348//4284
f 4349//4285 4350//4286 4351//4287
f 4349//4285 4351//4287 4352//4288
f 4353//4289 4354//4290 4355//4291
f 4353//4289 4355//4291 4356//4292
f 4357//4293 4358//4294 4359//4295
f 4357//4293 4359//4295 4360//4296
f 4361//4297 4362//4298 4363//4299
f 4361//4297 4363//4299 4364//4300
f 4365//4301 4366//4302 4367//4303
f 4365//4301 4367//4303 4368//4304
f 4369//4305 4370//4306 4371//4307
f 4369//4305 4371//4307 4372//4308
f 4373//4309 4374//4310 4375//4311
f 4373//4309 4375//4311 4376//4312
f 4377//4313 4378//4314 4379//4315
f 4377//4313 4379//4315 4380//4316
f 4381//4317 4382//4318 4383//4319
f 4381//4317 4383//4319 4384//4320
f 4385//4321 4386//4322 4387//4323
f 4385//4321 4387//4323 4388//4324
f 4389//4325 4390//4326 4391//4327
f 4389//4325 4391//4327 4392//4328
f 4393//4329 4394//4330 4395//4331
f 4393//4329 4395//4331 4396//4332
f 4397//4333 4398//4334 4399//4335
f 4397//4333 4399//4335 4400//4336
f 4401//4337 4402//4338 4403//4339
f 4401//4337 4403//4339 4404//4340
f 4405//4341 4406//4342 4407//4343
f 4405//4341 4407//4343 4408//4344
f 4409//4345 4410//4346 4411//4347
f 4409//4345 4411//4347 4412//4348
f 4413//4349 4414//4350 4415//4351
f 4413//4349 4415//4351 4416//4352
f 4417//4353 4418//4354 4419//4355
f 4417//4353 4419//4355 4420//4356
f 4421//4357 4422//4358 4423//4359
f 4421//4357 4423//4359 4424//4360
f 4425//4361 4426//4362 4427//4363
f 4425//4361 4427//4363 4428//4364
f 4429//4365 4430//4366 4431//4367
f 4429//4365 4431//4367 4432//4368
f 4433//4369 4434//4370 4435//4371
f 4433//4369 4435//4371 4436//4372
f 4437//4373 4438//4374 4439//4375
f 4437//4373 4439//4375 4440//4376
f 4441//4377 4442//4378 4443//4379
f 4441//4377 4443//4379 4444//4380
f 4445//4381 4446//4382 4447//4383
f 4445//4381 4447//4383 4448//4384
f 4449//4385 4450//4386 4451//4387
f 4449//4385 4451//4387 4452//4388
f 4453//4389 4454//4390 4455//4391
f 4453//4389 4455//4391 4456//4392
f 4457//4393 4458//4394 4459//4395
f 4457//4393 4459//4395 4460//4396
f 4461//4397 4462//4398 4463//4399
f 4461//4397 4463//4399 4464//4400
f 4465//4401 4466//4402 4467//4403
f 4465//4401 4467//4403 4468//4404
f 4469//4405 4470//4406 4471//4407
f 4469//4405 4471//4407 4472//4408
f 4473//4409 4474//4410 4475//4411
f 4473//4409 4475//4411 4476//4412
f 4477//4413 4478//4414 4479//4415
f 4477//4413 4479//4415 4480//4416
f 4481//4417 4482//4418 4483//4419
f 4481//4417 4483//4419 4484//4420
f 4485//4421 4486//4422 4487//4423
f 4485//4421 4487//4423 4488//4424
f 4489//4425 4490//4426 4491//4427
f 4489//4425 4491//4427 4492//4428
f 4493//4429 4494//4430 4495//4431
f 4493//4429 4495//4431 4496//4432
f 4497//4433 4498//4434 4499//4435
f 4497//4433 4499//4435 4500//4436
f 4501//4437 4502//4438 4503//4439
f 4501//4437 4503//4439 4504//4440
f 4505//4441 4506//4442 4507//4443
f 4505//4441 4507//4443 4508//4444
f 4509//4445 4510//4446 4511//4447
f 4509//4445 4511//4447 4512//4448
f 4513//4449 4514//4450 4515//4451
f 4513//4449 4515//4451 4516//4452
f 4517//4453 4518//4454 4519//4455
f 4517//4453 4519//4455 4520//4456
f 4521//4457 4522//4458 4523//4459
f 4521//4457 4523//4459 4524//4460
f 4525//4461 4526//4462 4527//4463
f 4525//4461 4527//4463 4528//4464
f 4529//4465 4530//4466 4531//4467
f 4529//4465 4531//4467 4532//4468
f 4533//4469 4534//4470 4535//4471
f 4533//4469 4535//4471 4536//4472
f 4537//4473 4538//4474 4539//4475
f 4537//4473 4539//4475 4540//4476
f 4541//4477 4542//4478 4543//4479
f 4541//4477 4543//4479 4544//4480
f 4545//4481 4546//4482 4547//4483
f 4545//4481 4547//4483 4548//4484
f 4549//4485 4550//4486 4551//4487
f 4549//4485 4551//4487 4552//4488
f 4553//4489 4554//4490 4555//4491
f 4553//4489 4555//4491 4556//4492
f 4557//4493 4558//4494 4559//4495
f 4557//4493 4559//4495 4560//4496
f 4561//4497 4562//4498 4563//4499
f 4561//4497 4563//4499 4564//4500
f 4565//4501 4566//4502 4567//4503
f 4565//4501 4567//4503 4568//4504
f 4569//4505 4570//4506 4571//4507
f 4569//4505 4571//4507 4572//4508
f 4573//4509 4574//4510 4575//4511
f 4573//4509 4575//4511 4576//4512
f 4577//4513 4578//4514 4579//4515
f 4577//4513 4579//4515 4580//4516
f 4581//4517 4582//4518 4583//4519
f 4581//4517 4583//4519 4584//4520
f 4585//4521 4586//4522 4587//4523
f 4585//4521 4587//4523 4588//4524
f 4589//4525 4590//4526 4591//4527
f 4589//4525 4591//4527 4592//4528
f 4593//4529 4594//4530 4595//4531
f 4593//4529 4595//4531 4596//4532
f 4597//4533 4598//4534 4599//4535
f 4597//4533 4599//4535 4600//4536
f 4601//4537 4602//4538 4603//4539
f 4601//4537 4603//4539 4604//4540
f 4605//4541 4606//4542 4607//4543
f 4605//4541 4607//4543 4608//4544
f 4609//4545 4610//4546 4611//4547
f 4609//4545 4611//4547 4612//4548
f 4613//4549 4614//4550 4615//4551
f 4613//4549 4615//4551 4616//4552
f 4617//4553 4618//4554 4619//4555
f 4617//4553 4619//4555 4620//4556
f 4621//4557 4622//4558 4623//4559
f 4621//4557 4623//4559 4624//4560
f 4625//4561 4626//4562 4627//4563
f 4625//4561 4627//4563 4628//4564
f 4629//4565 4630//4566 4631//4567
f 4629//4565 4631//4567 4632//4568
f 4633//4569 4634//4570 4635//4571
f 4633//4569 4635//4571 4636//4572
f 4637//4573 4638//4574 4639//4575
f 4637//4573 4639//4575 4640//4576
f 4641//4577 4642//4578 4643//4579
f 4641//4577 4643//4579 4644//4580
f 4645//4581 4646//4582 4647//4583
f 4645//4581 4647//4583 4648//4584
f 4649//4585 4650//4586 4651//4587
f 4649//4585 4651//4587 4652//4588
f 4653//4589 4654//4590 4655//4591
f 4653//4589 4655//4591 4656//4592
f 4657//4593 4658//4594 4659//4595
f 4657//4593 4659//4595 4660//4596
f 4661//4597 4662//4598 4663//4599
f 4661//4597 4663//4599 4664//4600
f 4665//4601 4666//4602 4667//4603
f 4665//4601 4667//4603 4668//4604
f 4669//4605 4670//4606 4671//4607
f 4669//4605 4671//4607 4672//4608
f 4673//4609 4674//4610 4675//4611
f 4673//4609 4675//4611 4676//4612
f 4677//4613 4678//4613 4679//4613
f 4677//4613 4680//4613 4681//4613
f 4677//4613 4682//4613 4683//4613
f 4677//4613 4684//4613 4685//4613
f 4677//4613 4686//4613 4687//4613
f 4677//4613 4688//4613 4689//4613
f 4677//4613 4690//4613 4691//4613
f 4677//4613 4692//4613 4693//4613
f 4694//4614 4695//4614 4696//4614
f 4694//4614 4697//4614 4698//4614
f 4694//4614 4699//4614 4700//4614
f 4694//4614 4701//4614 4702//4614
f 4694//4614 4703//4614 4704//4614
f 4694//4614 4705//4614 4706//4614
f 4694//4614 4707//4614 4708//4614
f 4694//4614 4709//4614 4710//4614
f 4711//4615 4712//4616 4713//4617
f 4711//4615 4713//4617 4714//4618
f 4715//4619 4716//4620 4717//4621
f 4715//4619 4717//4621 4718//4622
f 4719//4623 4720//4624 4721//4625
f 4719//4623 4721//4625 4722//4626
f 4723//4627 4724//4628 4725//4629
f 4723//4627 4725//4629 4726//4630
f 4727//4631 4728//4632 4729//4633
f 4727//4631 4729//4633 4730//4634
f 4731//4635 4732//4636 4733//4637
f 4731//4635 4733//4637 4734//4638
f 4735//4639 4736//4640 4737//4641
f 4735//4639 4737//4641 4738//4642
f 4739//4643 4740//4644 4741//4645
f 4739//4643 4741//4645 4742//4646
f 4743//4647 4744//4648 4745//4649
f 4743//4647 4745//4649 4746//4650
f 4747//4651 4748//4652 4749//4653
f 4747//4651 4749//4653 4750//4654
f 4751//4655 4752//4656 4753//4657
f 4751//4655 4753//4657 4754//4658
f 4755//4659 4756//4660 4757//4661
f 4755//4659 4757//4661 4758//4662
f 4759//4663 4760//4664 4761//4665
f 4759//4663 4761//4665 4762//4666
f 4763//4667 4764//4668 4765//4669
f 4763//4667 4765//4669 4766//4670
f 4767//4671 4768//4672 4769//4673
f 4767//4671 4769//4673 4770//4674
f 4771//4675 4772//4676 4773//4677
f 4771//4675 4773//4677 4774//4678
f 4775//4679 4776//4680 4777//4681
f 4775//4679 4777//4681 4778//4682
f 4779//4683 4780//4684 4781//4685
f 4779//4683 4781//4685 4782//4686
f 4783//4687 4784//4688 4785//4689
f 4783//4687 4785//4689 4786//4690
f 4787//4691 4788//4692 4789//4693
f 4787//4691 4789//4693 4790//4694
f 4791//4695 4792//4696 4793//4697
f 4791//4695 4793//4697 4794//4698
f 4795//4699 4796//4700 4797//4701
f 4795//4699 4797//4701 4798//4702
f 4799//4703 4800//4704 4801//4705
f 4799//4703 4801//4705 4802//4706
f 4803//4707 4804//4708 4805//4709
f 4803//4707 4805//4709 4806//4710
f 4807//4711 4808//4712 4809//4713
f 4807//4711 4809//4713 4810//4714
f 4811//4715 4812//4716 4813//4717
f 4811//4715 4813//4717 4814//4718
f 4815//4719 4816//4720 4817//4721
f 4815//4719 4817//4721 4818//4722
f 4819//4723 4820//4724 4821//4725
f 4819//4723 4821//4725 4822//4726
f 4823//4727 4824//4728 4825//4729
f 4823//4727 4825//4729 4826//4730
f 4827//4731 4828//4732 4829//4733
f 4827//4731 4829//4733 4830//4734
f 4831//4735 4832//4736 4833//4737
f 4831//4735 4833//4737 4834//4738
f 4835//4739 4836//4740 4837//4741
f 4835//4739 4837//4741 4838//4742
f 4839//4743 4840//4744 4841//4745
f 4839//4743 4841//4745 4842//4746
f 4843//4747 4844//4748 4845//4749
f 4843//4747 4845//4749 4846//4750
f 4847//4751 4848//4752 4849//4753
f 4847//4751 4849//4753 4850//4754
f 4851//4755 4852//4756 4853//4757
f 4851//4755 4853//4757 4854//4758
f 4855//4759 4856//4760 4857//4761
f 4855//4759 4857//4761 4858//4762
f 4859//4763 4860//4764 4861//4765
f 4859//4763 4861//4765 4862//4766
f 4863//4767 4864//4768 4865//4769
f 4863//4767 4865//4769 4866//4770
f 4867//4771 4868//4772 4869//4773
f 4867//4771 4869//4773 4870//4774
f 4871//4775 4872//4776 4873//4777
f 4871//4775 4873//4777 4874//4778
f 4875//4779 4876//4780 4877//4781
f 4875//4779 4877//4781 4878//4782
f 4879//4783 4880//4784 4881//4785
f 4879//4783 4881//4785 4882//4786
f 4883//4787 4884//4788 4885//4789
f 4883//4787 4885//4789 4886//4790
f 4887//4791 4888//4792 4889//4793
f 4887//4791 4889//4793 4890//4794
f 4891//4795 4892//4796 4893//4797
f 4891//4795 4893//4797 4894//4798
f 4895//4799 4896//4800 4897//4801
f 4895//4799 4897//4801 4898//4802
f 4899//4803 4900//4804 4901//4805
f 4899//4803 4901//4805 4902//4806
f 4903//4807 4904//4808 4905//4809
f 4903//4807 4905//4809 4906//4810
f 4907//4811 4908//4812 4909//4813
f 4907//4811 4909//4813 4910//4814
f 4911//4815 4912//4816 4913//4817
f 4911//4815 4913//4817 4914//4818
f 4915//4819 4916//4820 4917//4821
f 4915//4819 4917//4821 4918//4822
f 4919//4823 4920//4824 4921//4825
f 4919//4823 4921//4825 4922//4826
f 4923//4827 4924//4828 4925//4829
f 4923//4827 4925//4829 4926//4830
f 4927//4831 4928//4832 4929//4833
f 4927//4831 4929//4833 4930//4834
f 4931//4835 4932//4836 4933//4837
f 4931//4835 4933//4837 4934//4838
f 4935//4839 4936//4840 4937//4841
f 4935//4839 4937//4841 4938//4842
f 4939//4843 4940//4844 4941//4845
f 4939//4843 4941//4845 4942//4846
f 4943//4847 4944//4848 4945//4849
f 4943//4847 4945//4849 4946//4850
f 4947//4851 4948//4852 4949//4853
f 4947//4851 4949//4853 4950//4854
f 4951//4855 4952//4856 4953//4857
f 4951//4855 4953//4857 4954//4858
f 4955//4859 4956//4860 4957//4861
f 4955//4859 4957//4861 4958//4862
f 4959//4863 4960//4864 4961//4865
f 4959//4863 4961//4865 4962//4866
f 4963//4867 4964//4868 4965//4869
f 4963//4867 4965//4869 4966//4870
f 4967//4871 4968//4872 4969//4873
f 4967//4871 4969//4873 4970//4874
f 4971//4875 4972//4876 4973//4877
f 4971//4875 4973//4877 4974//4878
f 4975//4879 4976//4880 4977//4881
f 4975//4879 4977//4881 4978//4882
f 4979//4883 4980//4884 4981//4885
f 4979//4883 4981//4885 4982//4886
f 4983//4887 4984//4888 4985//4889
f 4983//4887 4985//4889 4986//4890
f 4987//4891 4988//4892 4989//4893
f 4987//4891 4989//4893 4990//4894
f 4991//4895 4992//4896 4993//4897
f 4991//4895 4993//4897 4994//4898
f 4995//4899 4996//4900 4997//4901
f 4995//4899 4997//4901 4998//4902
f 4999//4903 5000//4904 5001//4905
f 4999//4903 5001//4905 5002//4906
f 5003//4907 5004//4908 5005//4909
f 5003//4907 5005//4909 5006//4910
f 5007//4911 5008//4912 5009//4913
f 5007//4911 5009//4913 5010//4914
f 5011//4915 5012//4916 5013//4917
f 5011//4915 5013//4917 5014//4918
f 5015//4919 5016//4920 5017//4921
f 5015//4919 5017//4921 5018//4922
f 5019//4923 5020//4924 5021//4925
f 5019//4923 5021//4925 5022//4926
f 5023//4927 5024//4928 5025//4929
f 5023//4927 5025//4929 5026//4930
f 5027//4931 5028//4932 5029//4933
f 5027//4931 5029//4933 5030//4934
f 5031//4935 5032//4936 5033//4937
f 5031//4935 5033//4937 5034//4938
f 5035//4939 5036//4940 5037//4941
f 5035//4939 5037//4941 5038//4942
f 5039//4943 5040//4944 5041//4945
f 5039//4943 5041//4945 5042//4946
f 5043//4947 5044//4948 5045//4949
f 5043//4947 5045//4949 5046//4950
f 5047//4951 5048//4952 5049//4953
f 5047//4951 5049//4953 5050//4954
f 5051//4955 5052//4956 5053//4957
f 5051//4955 5053//4957 5054//4958
f 5055//4959 5056//4960 5057//4961
f 5055//4959 5057//4961 5058//4962
f 5059//4963 5060//4964 5061//4965
f 5059//4963 5061//4965 5062//4966
f 5063//4967 5064//4968 5065//4969
f 5063//4967 5065//4969 5066//4970
f 5067//4971 5068//4972 5069//4973
f 5067//4971 5069//4973 5070//4974
f 5071//4975 5072//4976 5073//4977
f 5071//4975 5073//4977 5074//4978
f 5075//4979 5076//4980 5077//4981
f 5075//4979 5077//4981 5078//4982
f 5079//4983 5080//4984 5081//4985
f 5079//4983 5081//4985 5082//4986
f 5083//4987 5084//4988 5085//4989
f 5083//4987 5085//4989 5086//4990
f 5087//4991 5088//4992 5089//4993
f 5087//4991 5089//4993 5090//4994
f 5091//4995 5092//4996 5093//4997
f 5091//4995 5093//4997 5094//4998
f 5095//4999 5096//5000 5097//5001
f 5095//4999 5097//5001 5098//5002
f 5099//5003 5100//5004 5101//5005
f 5099//5003 5101//5005 5102//5006
f 5103//5007 5104//5008 5105//5009
f 5103//5007 5105//5009 5106//5010
f 5107//5011 5108//5012 5109//5013
f 5107//5011 5109//5013 5110//5014
f 5111//5015 5112//5016 5113//5017
f 5111//5015 5113//5017 5114//5018
f 5115//5019 5116//5020 5117//5021
f 5115//5019 5117//5021 5118//5022
f 5119//5023 5120//5024 5121//5025
f 5119//5023 5121//5025 5122//5026
f 5123//5027 5124//5028 5125//5029
f 5123//5027 5125//5029 5126//5030
f 5127//5031 5128//5032 5129//5033
f 5127//5031 5129//5033 5130//5034
f 5131//5035 5132//5036 5133//5037
f 5131//5035 5133//5037 5134//5038
f 5135//5039 5136//5040 5137//5041
f 5135//5039 5137//5041 5138//5042
f 5139//5043 5140//5044 5141//5045
f 5139//5043 5141//5045 5142//5046
f 5143//5047 5144//5048 5145//5049
f 5143//5047 5145//5049 5146//5050
f 5147//5051 5148//5052 5149//5053
f 5147//5051 5149//5053 5150//5054
f 5151//5055 5152//5056 5153//5057
f 5151//5055 5153//5057 5154//5058
f 5155//5059 5156//5060 5157//5061
f 5155//5059 5157//5061 5158//5062
f 5159//5063 5160//5064 5161//5065
f 5159//5063 5161//5065 5162//5066
f 5163//5067 5164//5068 5165//5069
f 5163//5067 5165//5069 5166//5070
f 5167//5071 5168//5072 5169//5073
f 5167//5071 5169//5073 5170//5074
f 5171//5075 5172//5076 5173//5077
f 5171//5075 5173//5077 5174//5078
f 5175//5079 5176//5080 5177//5081
f 5175//5079 5177//5081 5178//5082
f 5179//5083 5180//5084 5181//5085
f 5179//5083 5181//5085 5182//5086
f 5183//5087 5184//5088 5185//5089
f 5183//5087 5185//5089 5186//5090
f 5187//5091 5188//5092 5189//5093
f 5187//5091 5189//5093 5190//5094
f 5191//5095 5192//5096 5193//5097
f 5191//5095 5193//5097 5194//5098
f 5195//5099 5196//5100 5197//5101
f 5195//5099 5197//5101 5198//5102
f 5199//5103 5200//5104 5201//5105
f 5199//5103 5201//5105 5202//5106
f 5203//5107 5204//5108 5205//5109
f 5203//5107 5205//5109 5206//5110
f 5207//5111 5208//5112 5209//5113
f 5207//5111 5209//5113 5210//5114
f 5211//5115 5212//5116 5213//5117
f 5211//5115 5213//5117 5214//5118
f 5215//5119 5216//5120 5217//5121
f 5215//5119 5217//5121 5218//5122
f 5219//5123 5220//5124 5221//5125
f 5219//5123 5221//5125 5222//5126
f 5223//5127 5224//5128 5225//5129
f 5223//5127 5225//5129 5226//5130
f 5227//5131 5228//5132 5229//5133
f 5227//5131 5229//5133 5230//5134
f 5231//5135 5232//5136 5233//5137
f 5231//5135 5233//5137 5234//5138
f 5235//5139 5236//5140 5237//5141
f 5235//5139 5237//5141 5238//5142
f 5239//5143 5240//5144 5241//5145
f 5239//5143 5241//5145 5242//5146
f 5243//5147 5244//5148 5245//5149
f 5243//5147 5245//5149 5246//5150
f 5247//5151 5248//5152 5249//5153
f 5247//5151 5249//5153 5250//5154
f 5251//5155 5252//5156 5253//5157
f 5251//5155 5253//5157 5254//5158
f 5255//5159 5256//5160 5257//5161
f 5255//5159 5257//5161 5258//5162
f 5259//5163 5260//5164 5261//5165
f 5259//5163 5261//5165 5262//5166
f 5263//5167 5264//5168 5265//5169
f 5263//5167 5265//5169 5266//5170
f 5267//5171 5268//5172 5269//5173
f 5267//5171 5269//5173 5270//5174
f 5271//5175 5272//5176 5273//5177
f 5271//5175 5273//5177 5274//5178
f 5275//5179 5276//5180 5277//5181
f 5275//5179 5277//5181 5278//5182
f 5279//5183 5280//5184 5281//5185
f 5279//5183 5281//5185 5282//5186
f 5283//5187 5284//5188 5285//5189
f 5283//5187 5285//5189 5286//5190
f 5287//5191 5288//5192 5289//5193
f 5287//5191 5289//5193 5290//5194
f 5291//5195 5292//5196 5293//5197
f 5291//5195 5293//5197 5294//5198
f 5295//5199 5296//5200 5297//5201
f 5295//5199 5297//5201 5298//5202
f 5299//5203 5300//5204 5301//5205
f 5299//5203 5301//5205 5302//5206
f 5303//5207 5304//5208 5305//5209
f 5303//5207 5305//5209 5306//5210
f 5307//5211 5308//5212 5309//5213
f 5307//5211 5309//5213 5310//5214
f 5311//5215 5312//5216 5313//5217
f 5311//5215 5313//5217 5314//5218
f 5315//5219 5316//5220 5317//5221
f 5315//5219 5317//5221 5318//5222
f 5319//5223 5320//5224 5321//5225
f 5319//5223 5321//5225 5322//5226
f 5323//5227 5324//5228 5325//5229
f 5323//5227 5325//5229 5326//5230
f 5327//5231 5328//5232 5329//5233
f 5327//5231 5329//5233 5330//5234
f 5331//5235 5332//5236 5333//5237
f 5331//5235 5333//5237 5334//5238
f 5335//5239 5336//5240 5337//5241
f 5335//5239 5337//5241 5338//5242
f 5339//5243 5340//5244 5341//5245
f 5339//5243 5341//5245 5342//5246
f 5343//5247 5344//5248 5345//5249
f 5343//5247 5345//5249 5346//5250
f 5347//5251 5348//5252 5349//5253
f 5347//5251 5349//5253 5350//5254
f 5351//5255 5352//5256 5353//5257
f 5351//5255 5353//5257 5354//5258
f 5355//5259 5356//5260 5357//5261
f 5355//5259 5357//5261 5358//5262
f 5359//5263 5360//5264 5361//5265
f 5359//5263 5361//5265 5362//5266
f 5363//5267 5364//5268 5365//5269
f 5363//5267 5365//5269 5366//5270
f 5367//5271 5368//5272 5369//5273
f 5367//5271 5369//5273 5370//5274
f 5371//5275 5372//5276 5373//5277
f 5371//5275 5373//5277 5374//5278
f 5375//5279 5376//5280 5377//5281
f 5375//5279 5377//5281 5378//5282
f 5379//5283 5380//5284 5381//5285
f 5379//5283 5381//5285 5382//5286
f 5383//5287 5384//5288 5385//5289
f 5383//5287 5385//5289 5386//5290
f 5387//5291 5388//5292 5389//5293
f 5387//5291 5389//5293 5390//5294
f 5391//5295 5392//5296 5393//5297
f 5391//5295 5393//5297 5394//5298
f 5395//5299 5396//5300 5397//5301
f 5395//5299 5397//5301 5398//5302
f 5399//5303 5400//5304 5401//5305
f 5399//5303 5401//5305 5402//5306
f 5403//5307 5404//5308 5405//5309
f 5403//5307 5405//5309 5406//5310
f 5407//5311 5408//5312 5409//5313
f 5407//5311 5409//5313 5410//5314
f 5411//5315 5412//5316 5413//5317
f 5411//5315 5413//5317 5414//5318
f 5415//5319 5416//5320 5417//5321
f 5415//5319 5417//5321 5418//5322
f 5419//5323 5420//5324 5421//5325
f 5419//5323 5421//5325 5422//5326
f 5423//5327 5424//5328 5425//5329
f 5423//5327 5425//5329 5426//5330
f 5427//5331 5428//5332 5429//5333
f 5427//5331 5429//5333 5430//5334
f 5431//5335 5432//5336 5433//5337
f 5431//5335 5433//5337 5434//5338
f 5435//5339 5436//5340 5437//5341
f 5435//5339 5437//5341 5438//5342
f 5439//5343 5440//5344 5441//5345
f 5439//5343 5441//5345 5442//5346
f 5443//5347 5444//5348 5445//5349
f 5443//5347 5445//5349 5446//5350
f 5447//5351 5448//5352 5449//5353
f 5447//5351 5449//5353 5450//5354
f 5451//5355 5452//5356 5453//5357
f 5451//5355 5453//5357 5454//5358
f 5455//5359 5456//5360 5457//5361
f 5455//5359 5457//5361 5458//5362
f 5459//5363 5460//5364 5461//5365
f 5459//5363 5461//5365 5462//5366
f 5463//5367 5464//5368 5465//5369
f 5463//5367 5465//5369 5466//5370
f 5467//5371 5468//5372 5469//5373
f 5467//5371 5469//5373 5470//5374
f 5471//5375 5472//5376 5473//5377
f 5471//5375 5473//5377 5474//5378
f 5475//5379 5476//5380 5477//5381
f 5475//5379 5477//5381 5478//5382
f 5479//5383 5480//5384 5481//5385
f 5479//5383 5481//5385 5482//5386
f 5483//5387 5484//5388 5485//5389
f 5483//5387 5485//5389 5486//5390
f 5487//5391 5488//5392 5489//5393
f 5487//5391 5489//5393 5490//5394
f 5491//5395 5492//5396 5493//5397
f 5491//5395 5493//5397 5494//5398
f 5495//5399 5496//5400 5497//5401
f 5495//5399 5497//5401 5498//5402
f 5499//5403 5500//5404 5501//5405
f 5499//5403 5501//5405 5502//5406
f 5503//5407 5504//5408 5505//5409
f 5503//5407 5505//5409 5506//5410
f 5507//5411 5508//5412 5509//5413
f 5507//5411 5509//5413 5510//5414
f 5511//5415 5512//5416 5513//5417
f 5511//5415 5513//5417 5514//5418
f 5515//5419 5516//5420 5517//5421
f 5515//5419 5517//5421 5518//5422
f 5519//5423 5520//5424 5521//5425
f 5519//5423 5521//5425 5522//5426
f 5523//5427 5524//5428 5525//5429
f 5523//5427 5525//5429 5526//5430
f 5527//5431 5528//5432 5529//5433
f 5527//5431 5529//5433 5530//5434
f 5531//5435 5532//5436 5533//5437
f 5531//5435 5533//5437 5534//5438
f 5535//5439 5536//5440 5537//5441
f 5535//5439 5537//5441 5538//5442
f 5539//5443 5540//5444 5541//5445
f 5539//5443 5541//5445 5542//5446
f 5543//5447 5544//5448 5545//5449
f 5543//5447 5545//5449 5546//5450
f 5547//5451 5548//5452 5549//5453
f 5547//5451 5549//5453 5550//5454
f 5551//5455 5552//5456 5553//5457
f 5551//5455 5553//5457 5554//5458
f 5555//5459 5556//5460 5557//5461
f 5555//5459 5557//5461 5558//5462
f 5559//5463 5560//5464 5561//5465
f 5559//5463 5561//5465 5562//5466
f 5563//5467 5564//5468 5565//5469
f 5563//5467 5565//5469 5566//5470
f 5567//5471 5568//5472 5569//5473
f 5567//5471 5569//5473 5570//5474
f 5571//5475 5572//5476 5573//5477
f 5571//5475 5573//5477 5574//5478
f 5575//5479 5576//5480 5577//5481
f 5575//5479 5577//5481 5578//5482
f 5579//5483 5580//5484 5581//5485
f 5579//5483 5581//5485 5582//5486
f 5583//5487 5584//5488 5585//5489
f 5583//5487 5585//5489 5586//5490
f 5587//5491 5588//5492 5589//5493
f 5587//5491 5589//5493 5590//5494
f 5591//5495 5592//5496 5593//5497
f 5591//5495 5593//5497 5594//5498
f 5595//5499 5596//5500 5597//5501
f 5595//5499 5597//5501 5598//5502
f 5599//5503 5600//5504 5601//5505
f 5599//5503 5601//5505 5602//5506
f 5603//5507 5604//5508 5605//5509
f 5603//5507 5605//5509 5606//5510
f 5607//5511 5608//5512 5609//5513
f 5607//5511 5609//5513 5610//5514
f 5611//5515 5612//5516 5613//5517
f 5611//5515 5613//5517 5614//5518
f 5615//5519 5616//5520 5617//5521
f 5615//5519 5617//5521 5618//5522
f 5619//5523 5620//5524 5621//5525
f 5619//5523 5621//5525 5622//5526
f 5623//5527 5624//5528 5625//5529
f 5623//5527 5625//5529 5626//5530
f 5627//5531 5628//5532 5629//5533
f 5627//5531 5629//5533 5630//5534
f 5631//5535 5632//5536 5633//5537
f 5631//5535 5633//5537 5634//5538
f 5635//5539 5636//5540 5637//5541
f 5635//5539 5637//5541 5638//5542
f 5639//5543 5640//5544 5641//5545
f 5639//5543 5641//5545 5642//5546
f 5643//5547 5644//5548 5645//5549
f 5643//5547 5645//5549 5646//5550
f 5647//5551 5648//5552 5649//5553
f 5647//5551 5649//5553 5650//5554
f 5651//5555 5652//5556 5653//5557
f 5651//5555 5653//5557 5654//5558
f 5655//5559 5656//5560 5657//5561
f 5655//5559 5657//5561 5658//5562
f 5659//5563 5660//5564 5661//5565
f 5659//5563 5661//5565 5662//5566
f 5663//5567 5664//5568 5665//5569
f 5663//5567 5665//5569 5666//5570
f 5667//5571 5668//5572 5669//5573
f 5667//5571 5669//5573 5670//5574
f 5671//5575 5672//5576 5673//5577
f 5671//5575 5673//5577 5674//5578
f 5675//5579 5676//5580 5677//5581
f 5675//5579 5677//5581 5678//5582
f 5679//5583 5680//5584 5681//5585
f 5679//5583 5681//5585 5682//5586
f 5683//5587 5684//5588 5685//5589
f 5683//5587 5685//5589 5686//5590
f 5687//5591 5688//5592 5689//5593
f 5687//5591 5689//5593 5690//5594
f 5691//5595 5692//5596 5693//5597
f 5691//5595 5693//5597 5694//5598
f 5695//5599 5696//5600 5697//5601
f 5695//5599 5697//5601 5698//5602
f 5699//5603 5700//5604 5701//5605
f 5699//5603 5701//5605 5702//5606
f 5703//5607 5704//5608 5705//5609
f 5703//5607 5705//5609 5706//5610
f 5707//5611 5708//5612 5709//5613
f 5707//5611 5709//5613 5710//5614
f 5711//5615 5712//5616 5713//5617
f 5711//5615 5713//5617 5714//5618
f 5715//5619 5716//5620 5717//5621
f 5715//5619 5717//5621 5718//5622
f 5719//5623 5720//5624 5721//5625
f 5719//5623 5721//5625 5722//5626
f 5723//5627 5724//5628 5725//5629
f 5723//5627 5725//5629 5726//5630
f 5727//5631 5728//5632 5729//5633
f 5727//5631 5729//5633 5730//5634
f 5731//5635 5732//5636 5733//5637
f 5731//5635 5733//5637 5734//5638
f 5735//5639 5736//5640 5737//5641
f 5735//5639 5737//5641 5738//5642
f 5739//5643 5740//5644 5741//5645
f 5739//5643 5741//5645 5742//5646
f 5743//5647 5744//5648 5745//5649
f 5743//5647 5745//5649 5746//5650
f 5747//5651 5748//5652 5749//5653
f 5747//5651 5749//5653 5750//5654
f 5751//5655 5752//5656 5753//5657
f 5751//5655 5753//5657 5754//5658
f 5755//5659 5756//5660 5757//5661
f 5755//5659 5757//5661 5758//5662
f 5759//5663 5760//5664 5761//5665
f 5759//5663 5761//5665 5762//5666
f 5763//5667 5764//5668 5765//5669
f 5763//5667 5765//5669 5766//5670
f 5767//5671 5768//5672 5769//5673
f 5767//5671 5769//5673 5770//5674
f 5771//5675 5772//5676 5773//5677
f 5771//5675 5773//5677 5774//5678
f 5775//5679 5776//5680 5777//5681
f 5775//5679 5777//5681 5778//5682
f 5779//5683 5780//5684 5781//5685
f 5779//5683 5781//5685 5782//5686
f 5783//5687 5784//5688 5785//5689
f 5783//5687 5785//5689 5786//5690
f 5787//5691 5788//5692 5789//5693
f 5787//5691 5789//5693 5790//5694
f 5791//5695 5792//5696 5793//5697
f 5791//5695 5793//5697 5794//5698
f 5795//5699 5796//5700 5797//5701
f 5795//5699 5797//5701 5798//5702
f 5799//5703 5800//5704 5801//5705
f 5799//5703 5801//5705 5802//5706
f 5803//5707 5804//5708 5805//5709
f 5803//5707 5805//5709 5806//5710
f 5807//5711 5808//5712 5809//5713
f 5807//5711 5809//5713 5810//5714
f 5811//5715 5812//5716 5813//5717
f 5811//5715 5813//5717 5814//5718
f 5815//5719 5816//5720 5817//5721
f 5815//5719 5817//5721 5818//5722
f 5819//5723 5820//5724 5821//5725
f 5819//5723 5821//5725 5822//5726
f 5823//5727 5824//5728 5825//5729
f 5823//5727 5825//5729 5826//5730
f 5827//5731 5828//5732 5829//5733
f 5827//5731 5829//5733 5830//5734
f 5831//5735 5832//5736 5833//5737
f 5831//5735 5833//5737 5834//5738
f 5835//5739 5836//5740 5837//5741
f 5835//5739 5837//5741 5838//5742
f 5839//5743 5840//5744 5841//5745
f 5839//5743 5841//5745 5842//5746
f 5843//5747 5844//5748 5845//5749
f 5843//5747 5845//5749 5846//5750
f 5847//5751 5848//5752 5849//5753
f 5847//5751 5849//5753 5850//5754
f 5851//5755 5852//5756 5853//5757
f 5851//5755 5853//5757 5854//5758
f 5855//5759 5856//5760 5857//5761
f 5855//5759 5857//5761 5858//5762
f 5859//5763 5860//5764 5861//5765
f 5859//5763 5861//5765 5862//5766
f 5863//5767 5864//5768 5865//5769
f 5863//5767 5865//5769 5866//5770
f 5867//5771 5868//5772 5869//5773
f 5867//5771 5869//5773 5870//5774
f 5871//5775 5872//5776 5873//5777
f 5871//5775 5873//5777 5874//5778
f 5875//5779 5876//5780 5877//5781
f 5875//5779 5877//5781 5878//5782
f 5879//5783 5880//5784 5881//5785
f 5879//5783 5881//5785 5882//5786
f 5883//5787 5884//5788 5885//5789
f 5883//5787 5885//5789 5886//5790
f 5887//5791 5888//5792 5889//5793
f 5887//5791 5889//5793 5890//5794
f 5891//5795 5892//5796 5893//5797
f 5891//5795 5893//5797 5894//5798
f 5895//5799 5896//5800 5897//5801
f 5895//5799 5897//5801 5898//5802
f 5899//5803 5900//5804 5901//5805
f 5899//5803 5901//5805 5902//5806
f 5903//5807 5904//5808 5905//5809
f 5903//5807 5905//5809 5906//5810
f 5907//5811 5908//5812 5909//5813
f 5907//5811 5909//5813 5910//5814
f 5911//5815 5912//5816 5913//5817
f 5911//5815 5913//5817 5914//5818
f 5915//5819 5916//5820 5917//5821
f 5915//5819 5917//5821 5918//5822
f 5919//5823 5920//5824 5921//5825
f 5919//5823 5921//5825 5922//5826
f 5923//5827 5924//5828 5925//5829
f 5923//5827 5925//5829 5926//5830
f 5927//5831 5928//5832 5929//5833
f 5927//5831 5929//5833 5930//5834
f 5931//5835 5932//5836 5933//5837
f 5931//5835 5933//5837 5934//5838
f 5935//5839 5936//5840 5937//5841
f 5935//5839 5937//5841 5938//5842
f 5939//5843 5940//5844 5941//5845
f 5939//5843 5941//5845 5942//5846
f 5943//5847 5944//5848 5945//5849
f 5943//5847 5945//5849 5946//5850
f 5947//5851 5948//5852 5949//5853
f 5947//5851 5949//5853 5950//5854
f 5951//5855 5952//5856 5953//5857
f 5951//5855 5953//5857 5954//5858
f 5955//5859 5956//5860 5957//5861
f 5955//5859 5957//5861 5958//5862
f 5959//5863 5960//5864 5961//5865
f 5959//5863 5961//5865 5962//5866
f 5963//5867 5964//5868 5965//5869
f 5963//5867 5965//5869 5966//5870
f 5967//5871 5968//5872 5969//5873
f 5967//5871 5969//5873 5970//5874
f 5971//5875 5972//5876 5973//5877
f 5971//5875 5973//5877 5974//5878
f 5975//5879 5976//5880 5977//5881
f 5975//5879 5977//5881 5978//5882
f 5979//5883 5980//5884 5981//5885
f 5979//5883 5981//5885 5982//5886
f 5983//5887 5984//5888 5985//5889
f 5983//5887 5985//5889 5986//5890
f 5987//5891 5988//5892 5989//5893
f 5987//5891 5989//5893 5990//5894
f 5991//5895 5992//5896 5993//5897
f 5991//5895 5993//5897 5994//5898
f 5995//5899 5996//5900 5997//5901
f 5995//5899 5997//5901 5998//5902
f 5999//5903 6000//5904 6001//5905
f 5999//5903 6001//5905 6002//5906
f 6003//5907 6004//5908 6005//5909
f 6003//5907 6005//5909 6006//5910
f 6007//5911 6008//5912 6009//5913
f 6007//5911 6009//5913 6010//5914
f 6011//5915 6012//5916 6013//5917
f 6011//5915 6013//5917 6014//5918
f 6015//5919 6016//5920 6017//5921
f 6015//5919 6017//5921 6018//5922
f 6019//5923 6020//5924 6021//5925
f 6019//5923 6021//5925 6022//5926
f 6023//5927 6024//5928 6025//5929
f 6023//5927 6025//5929 6026//5930
f 6027//5931 6028//5932 6029//5933
f 6027//5931 6029//5933 6030//5934
f 6031//5935 6032//5936 6033//5937
f 6031//5935 6033//5937 6034//5938
f 6035//5939 6036//5940 6037//5941
f 6035//5939 6037//5941 6038//5942
f 6039//5943 6040//5944 6041//5945
f 6039//5943 6041//5945 6042//5946
f 6043//5947 6044//5948 6045//5949
f 6043//5947 6045//5949 6046//5950
f 6047//5951 6048//5952 6049//5953
f 6047//5951 6049//5953 6050//5954
f 6051//5955 6052//5956 6053//5957
f 6051//5955 6053//5957 6054//5958
f 6055//5959 6056//5960 6057//5961
f 6055//5959 6057//5961 6058//5962
f 6059//5963 6060//5964 6061//5965
f 6059//5963 6061//5965 6062//5966
f 6063//5967 6064//5968 6065//5969
f 6063//5967 6065//5969 6066//5970
f 6067//5971 6068//5972 6069//5973
f 6067//5971 6069//5973 6070//5974
f 6071//5975 6072//5976 6073//5977
f 6071//5975 6073//5977 6074//5978
f 6075//5979 6076//5980 6077//5981
f 6075//5979 6077//5981 6078//5982
f 6079//5983 6080//5984 6081//5985
f 6079//5983 6081//5985 6082//5986
f 6083//5987 6084//5988 6085//5989
f 6083//5987 6085//5989 6086//5990
f 6087//5991 6088//5992 6089//5993
f 6087//5991 6089//5993 6090//5994
f 6091//5995 6092//5996 6093//5997
f 6091//5995 6093//5997 6094//5998
f 6095//5999 6096//6000 6097//6001
f 6095//5999 6097//6001 6098//6002
f 6099//6003 6100//6004 6101//6005
f 6099//6003 6101//6005 6102//6006
f 6103//6007 6104//6008 6105//6009
f 6103//6007 6105//6009 6106//6010
f 6107//6011 6108//6012 6109//6013
f 6107//6011 6109//6013 6110//6014
f 6111//6015 6112//6016 6113//6017
f 6111//6015 6113//6017 6114//6018
f 6115//6019 6116//6020 6117//6021
f 6115//6019 6117//6021 6118//6022
f 6119//6023 6120//6024 6121//6025
f 6119//6023 6121//6025 6122//6026
f 6123//6027 6124//6028 6125//6029
f 6123//6027 6125//6029 6126//6030
f 6127//6031 6128//6032 6129//6033
f 6127//6031 6129//6033 6130//6034
f 6131//6035 6132//6036 6133//6037
f 6131//6035 6133//6037 6134//6038
f 6135//6039 6136//6040 6137//6041
f 6135//6039 6137//6041 6138//6042
f 6139//6043 6140//6044 6141//6045
f 6139//6043 6141//6045 6142//6046
f 6143//6047 6144//6048 6145//6049
f 6143//6047 6145//6049 6146//6050
f 6147//6051 6148//6052 6149//6053
f 6147//6051 6149//6053 6150//6054
f 6151//6055 6152//6056 6153//6057
f 6151//6055 6153//6057 6154//6058
f 6155//6059 6156//6060 6157//6061
f 6155//6059 6157//6061 6158//6062
f 6159//6063 6160//6064 6161//6065
f 6159//6063 6161//6065 6162//6066
f 6163//6067 6164//6068 6165//6069
f 6163//6067 6165//6069 6166//6070
f 6167//6071 6168//6072 6169//6073
f 6167//6071 6169//6073 6170//6074
f 6171//6075 6172//6076 6173//6077
f 6171//6075 6173//6077 6174//6078
f 6175//6079 6176//6080 6177//6081
f 6175//6079 6177//6081 6178//6082
f 6179//6083 6180//6084 6181//6085
f 6179//6083 6181//6085 6182//6086
f 6183//6087 6184//6088 6185//6089
f 6183//6087 6185//6089 6186//6090
f 6187//6091 6188//6092 6189//6093
f 6187//6091 6189//6093 6190//6094
f 6191//6095 6192//6096 6193//6097
f 6191//6095 6193//6097 6194//6098
f 6195//6099 6196//6100 6197//6101
f 6195//6099 6197//6101 6198//6102
f 6199//6103 6200//6104 6201//6105
f 6199//6103 6201//6105 6202//6106
f 6203//6107 6204//6108 6205//6109
f 6203//6107 6205//6109 6206//6110
f 6207//6111 6208//6112 6209//6113
f 6207//6111 6209//6113 6210//6114
f 6211//6115 6212//6116 6213//6117
f 6211//6115 6213//6117 6214//6118
f 6215//6119 6216//6120 6217//6121
f 6215//6119 6217//6121 6218//6122
f 6219//6123 6220//6124 6221//6125
f 6219//6123 6221//6125 6222//6126
f 6223//6127 6224//6128 6225//6129
f 6223//6127 6225//6129 6226//6130
f 6227//6131 6228//6132 6229//6133
f 6227//6131 6229//6133 6230//6134
f 6231//6135 6232//6136 6233//6137
f 6231//6135 6233//6137 6234//6138
f 6235//6139 6236//6140 6237//6141
f 6235//6139 6237//6141 6238//6142
f 6239//6143 6240//6144 6241//6145
f 6239//6143 6241//6145 6242//6146
f 6243//6147 6244//6148 6245//6149
f 6243//6147 6245//6149 6246//6150
f 6247//6151 6248//6151 6249//6151
f 6247//6151 6250//6151 6251//6151
f 6247//6151 6252//6151 6253//6151
f 6247//6151 6254//6151 6255//6151
f 6247//6151 6256//6151 6257//6151
f 6247//6151 6258//6151 6259//6151
f 6247//6151 6260//6151 6261//6151
f 6247//6151 6262//6151 6263//6151
f 6264//6152 6265//6152 6266//6152
f 6264//6152 6267//6152 6268//6152
f 6264//6152 6269//6152 6270//6152
f 6264//6152 6271//6152 6272//6152
f 6264//6152 6273//6152 6274//6152
f 6264//6152 6275//6152 6276//6152
f 6264//6152 6277//6152 6278//6152
f 6264//6152 6279//6152 6280//6152
f 6281//6153 6282//6154 6283//6155
f 6281//6153 6283//6155 6284//6156
f 6285//6157 6286//6158 6287//6159
f 6285//6157 6287//6159 6288//6160
f 6289//6161 6290//6162 6291//6163
f 6289//6161 6291//6163 6292//6164
f 6293//6165 6294//6166 6295//6167
f 6293//6165 6295//6167 6296//6168
f 6297//6169 6298//6170 6299//6171
f 6297//6169 6299//6171 6300//6172
f 6301//6173 6302//6174 6303//6175
f 6301//6173 6303//6175 6304//6176
f 6305//6177 6306//6178 6307//6179
f 6305//6177 6307//6179 6308//6180
f 6309//6181 6310//6182 6311//6183
f 6309//6181 6311//6183 6312//6184
f 6313//6185 6314//6186 6315//6187
f 6313//6185 6315//6187 6316//6188
f 6317//6189 6318//6190 6319//6191
f 6317//6189 6319//6191 6320//6192
f 6321//6193 6322//6194 6323//6195
f 6321//6193 6323//6195 6324//6196
f 6325//6197 6326//6198 6327//6199
f 6325//6197 6327//6199 6328//6200
f 6329//6201 6330//6202 6331//6203
f 6329//6201 6331//6203 6332//6204
f 6333//6205 6334//6206 6335//6207
f 6333//6205 6335//6207 6336//6208
f 6337//6209 6338//6210 6339//6211
f 6337//6209 6339//6211 6340//6212
f 6341//6213 6342//6214 6343//6215
f 6341//6213 6343//6215 6344//6216
f 6345//6217 6346//6218 6347//6219
f 6345//6217 6347//6219 6348//6220
f 6349//6221 6350//6222 6351//6223
f 6349//6221 6351//6223 6352//6224
f 6353//6225 6354//6226 6355//6227
f 6353//6225 6355//6227 6356//6228
f 6357//6229 6358//6230 6359//6231
f 6357//6229 6359//6231 6360//6232
f 6361//6233 6362//6234 6363//6235
f 6361//6233 6363//6235 6364//6236
f 6365//6237 6366//6238 6367//6239
f 6365//6237 6367//6239 6368//6240
f 6369//6241 6370//6242 6371//6243
f 6369//6241 6371//6243 6372//6244
f 6373//6245 6374//6246 6375//6247
f 6373//6245 6375//6247 6376//6248
f 6377//6249 6378//6250 6379//6251
f 6377//6249 6379//6251 6380//6252
f 6381//6253 6382//6254 6383//6255
f 6381//6253 6383//6255 6384//6256
f 6385//6257 6386//6258 6387//6259
f 6385//6257 6387//6259 6388//6260
f 6389//6261 6390//6262 6391//6263
f 6389//6261 6391//6263 6392//6264
f 6393//6265 6394//6266 6395//6267
f 6393//6265 6395//6267 6396//6268
f 6397//6269 6398//6270 6399//6271
f 6397//6269 6399//6271 6400//6272
f 6401//6273 6402//6274 6403//6275
f 6401//6273 6403//6275 6404//6276
f 6405//6277 6406//6278 6407//6279
f 6405//6277 6407//6279 6408//6280
f 6409//6281 6410//6282 6411//6283
f 6409//6281 6411//6283 6412//6284
f 6413//6285 6414//6286 6415//6287
f 6413//6285 6415//6287 6416//6288
f 6417//6289 6418//6290 6419//6291
f 6417//6289 6419//6291 6420//6292
f 6421//6293 6422//6294 6423//6295
f 6421//6293 6423//6295 6424//6296
f 6425//6297 6426//6298 6427//6299
f 6425//6297 6427//6299 6428//6300
f 6429//6301 6430//6302 6431//6303
f 6429//6301 6431//6303 6432//6304
f 6433//6305 6434//6306 6435//6307
f 6433//6305 6435//6307 6436//6308
f 6437//6309 6438//6310 6439//6311
f 6437//6309 6439//6311 6440//6312
f 6441//6313 6442//6314 6443//6315
f 6441//6313 6443//6315 6444//6316
f 6445//6317 6446//6318 6447//6319
f 6445//6317 6447//6319 6448//6320
f 6449//6321 6450//6322 6451//6323
f 6449//6321 6451//6323 6452//6324
f 6453//6325 6454//6326 6455//6327
f 6453//6325 6455//6327 6456//6328
f 6457//6329 6458//6330 6459//6331
f 6457//6329 6459//6331 6460//6332
f 6461//6333 6462//6334 6463//6335
f 6461//6333 6463//6335 6464//6336
f 6465//6337 6466//6338 6467//6339
f 6465//6337 6467//6339 6468//6340
f 6469//6341 6470//6342 6471//6343
f 6469//6341 6471//6343 6472//6344
f 6473//6345 6474//6346 6475//6347
f 6473//6345 6475//6347 6476//6348
f 6477//6349 6478//6350 6479//6351
f 6477//6349 6479//6351 6480//6352
f 6481//6353 6482//6354 6483//6355
f 6481//6353 6483//6355 6484//6356
f 6485//6357 6486//6358 6487//6359
f 6485//6357 6487//6359 6488//6360
f 6489//6361 6490//6362 6491//6363
f 6489//6361 6491//6363 6492//6364
f 6493//6365 6494//6366 6495//6367
f 6493//6365 6495//6367 6496//6368
f 6497//6369 6498//6370 6499//6371
f 6497//6369 6499//6371 6500//6372
f 6501//6373 6502//6374 6503//6375
f 6501//6373 6503//6375 6504//6376
f 6505//6377 6506//6378 6507//6379
f 6505//6377 6507//6379 6508//6380
f 6509//6381 6510//6382 6511//6383
f 6509//6381 6511//6383 6512//6384
f 6513//6385 6514//6386 6515//6387
f 6513//6385 6515//6387 6516//6388
f 6517//6389 6518//6390 6519//6391
f 6517//6389 6519//6391 6520//6392
f 6521//6393 6522//6394 6523//6395
f 6521//6393 6523//6395 6524//6396
f 6525//6397 6526//6398 6527//6399
f 6525//6397 6527//6399 6528//6400
f 6529//6401 6530//6402 6531//6403
f 6529//6401 6531//6403 6532//6404
f 6533//6405 6534//6406 6535//6407
f 6533//6405 6535//6407 6536//6408
f 6537//6409 6538//6410 6539//6411
f 6537//6409 6539//6411 6540//6412
f 6541//6413 6542//6414 6543//6415
f 6541//6413 6543//6415 6544//6416
f 6545//6417 6546//6418 6547//6419
f 6545//6417 6547//6419 6548//6420
f 6549//6421 6550//6422 6551//6423
f 6549//6421 6551//6423 6552//6424
f 6553//6425 6554//6426 6555//6427
f 6553//6425 6555//6427 6556//6428
f 6557//6429 6558//6430 6559//6431
f 6557//6429 6559//6431 6560//6432
f 6561//6433 6562//6434 6563//6435
f 6561//6433 6563//6435 6564//6436
f 6565//6437 6566//6438 6567//6439
f 6565//6437 6567//6439 6568//6440
f 6569//6441 6570//6442 6571//6443
f 6569//6441 6571//6443 6572//6444
f 6573//6445 6574//6446 6575//6447
f 6573//6445 6575//6447 6576//6448
f 6577//6449 6578//6450 6579//6451
f 6577//6449 6579//6451 6580//6452
f 6581//6453 6582//6454 6583//6455
f 6581//6453 6583//6455 6584//6456
f 6585//6457 6586//6458 6587//6459
f 6585//6457 6587//6459 6588//6460
f 6589//6461 6590//6462 6591//6463
f 6589//6461 6591//6463 6592//6464
f 6593//6465 6594//6466 6595//6467
f 6593//6465 6595//6467 6596//6468
f 6597//6469 6598//6470 6599//6471
f 6597//6469 6599//6471 6600//6472
f 6601//6473 6602//6474 6603//6475
f 6601//6473 6603//6475 6604//6476
f 6605//6477 6606//6478 6607//6479
f 6605//6477 6607//6479 6608//6480
f 6609//6481 6610//6482 6611//6483
f 6609//6481 6611//6483 6612//6484
f 6613//6485 6614//6486 6615//6487
f 6613//6485 6615//6487 6616//6488
f 6617//6489 6618//6490 6619//6491
f 6617//6489 6619//6491 6620//6492
f 6621//6493 6622//6494 6623//6495
f 6621//6493 6623//6495 6624//6496
f 6625//6497 6626//6498 6627//6499
f 6625//6497 6627//6499 6628//6500
f 6629//6501 6630//6502 6631//6503
f 6629//6501 6631//6503 6632//6504
f 6633//6505 6634//6506 6635//6507
f 6633//6505 6635//6507 6636//6508
f 6637//6509 6638//6510 6639//6511
f 6637//6509 6639//6511 6640//6512
f 6641//6513 6642//6514 6643//6515
f 6641//6513 6643//6515 6644//6516
f 6645//6517 6646//6518 6647//6519
f 6645//6517 6647//6519 6648//6520
f 6649//6521 6650//6522 6651//6523
f 6649//6521 6651//6523 6652//6524
f 6653//6525 6654//6526 6655//6527
f 6653//6525 6655//6527 6656//6528
f 6657//6529 6658//6530 6659//6531
f 6657//6529 6659//6531 6660//6532
f 6661//6533 6662//6534 6663//6535
f 6661//6533 6663//6535 6664//6536
f 6665//6537 6666//6538 6667//6539
f 6665//6537 6667//6539 6668//6540
f 6669//6541 6670//6542 6671//6543
f 6669//6541 6671//6543 6672//6544
f 6673//6545 6674//6546 6675//6547
f 6673//6545 6675//6547 6676//6548
f 6677//6549 6678//6550 6679//6551
f 6677//6549 6679//6551 6680//6552
f 6681//6553 6682//6554 6683//6555
f 6681//6553 6683//6555 6684//6556
f 6685//6557 6686//6558 6687//6559
f 6685//6557 6687//6559 6688//6560
f 6689//6561 6690//6562 6691//6563
f 6689//6561 6691//6563 6692//6564
f 6693//6565 6694//6566 6695//6567
f 6693//6565 6695//6567 6696//6568
f 6697//6569 6698//6570 6699//6571
f 6697//6569 6699//6571 6700//6572
f 6701//6573 6702//6574 6703//6575
f 6701//6573 6703//6575 6704//6576
f 6705//6577 6706//6578 6707//6579
f 6705//6577 6707//6579 6708//6580
f 6709//6581 6710//6582 6711//6583
f 6709//6581 6711//6583 6712//6584
f 6713//6585 6714//6586 6715//6587
f 6713//6585 6715//6587 6716//6588
f 6717//6589 6718//6590 6719//6591
f 6717//6589 6719//6591 6720//6592
f 6721//6593 6722//6594 6723//6595
f 6721//6593 6723//6595 6724//6596
f 6725//6597 6726//6598 6727//6599
f 6725//6597 6727//6599 6728//6600
f 6729//6601 6730//6602 6731//6603
f 6729//6601 6731//6603 6732//6604
f 6733//6605 6734//6606 6735//6607
f 6733//6605 6735//6607 6736//6608
f 6737//6609 6738//6610 6739//6611
f 6737//6609 6739//6611 6740//6612
f 6741//6613 6742//6614 6743//6615
f 6741//6613 6743//6615 6744//6616
f 6745//6617 6746//6618 6747//6619
f 6745//6617 6747//6619 6748//6620
f 6749//6621 6750//6622 6751//6623
f 6749//6621 6751//6623 6752//6624
f 6753//6625 6754//6626 6755//6627
f 6753//6625 6755//6627 6756//6628
f 6757//6629 6758//6630 6759//6631
f 6757//6629 6759//6631 6760//6632
f 6761//6633 6762//6634 6763//6635
f 6761//6633 6763//6635 6764//6636
f 6765//6637 6766//6638 6767//6639
f 6765//6637 6767//6639 6768//6640
f 6769//6641 6770//6642 6771//6643
f 6769//6641 6771//6643 6772//6644
f 6773//6645 6774//6646 6775//6647
f 6773//6645 6775//6647 6776//6648
f 6777//6649 6778//6650 6779//6651
f 6777//6649 6779//6651 6780//6652
f 6781//6653 6782//6654 6783//6655
f 6781//6653 6783//6655 6784//6656
f 6785//6657 6786//6658 6787//6659
f 6785//6657 6787//6659 6788//6660
f 6789//6661 6790//6662 6791//6663
f 6789//6661 6791//6663 6792//6664
f 6793//6665 6794//6666 6795//6667
f 6793//6665 6795//6667 6796//6668
f 6797//6669 6798//6670 6799//6671
f 6797//6669 6799//6671 6800//6672
f 6801//6673 6802//6674 6803//6675
f 6801//6673 6803//6675 6804//6676
f 6805//6677 6806//6678 6807//6679
f 6805//6677 6807//6679 6808//6680
f 6809//6681 6810//6682 6811//6683
f 6809//6681 6811//6683 6812//6684
f 6813//6685 6814//6686 6815//6687
f 6813//6685 6815//6687 6816//6688
f 6817//6689 6818//6690 6819//6691
f 6817//6689 6819//6691 6820//6692
f 6821//6693 6822//6694 6823//6695
f 6821//6693 6823//6695 6824//6696
f 6825//6697 6826//6698 6827//6699
f 6825//6697 6827//6699 6828//6700
f 6829//6701 6830//6702 6831//6703
f 6829//6701 6831//6703 6832//6704
f 6833//6705 6834//6706 6835//6707
f 6833//6705 6835//6707 6836//6708
f 6837//6709 6838//6710 6839//6711
f 6837//6709 6839//6711 6840//6712
f 6841//6713 6842//6714 6843//6715
f 6841//6713 6843//6715 6844//6716
f 6845//6717 6846//6718 6847//6719
f 6845//6717 6847//6719 6848//6720
f 6849//6721 6850//6722 6851//6723
f 6849//6721 6851//6723 6852//6724
f 6853//6725 6854//6726 6855//6727
f 6853//6725 6855//6727 6856//6728
f 6857//6729 6858//6730 6859//6731
f 6857//6729 6859//6731 6860//6732
f 6861//6733 6862//6734 6863//6735
f 6861//6733 6863//6735 6864//6736
f 6865//6737 6866//6738 6867//6739
f 6865//6737 6867//6739 6868//6740
f 6869//6741 6870//6742 6871//6743
f 6869//6741 6871//6743 6872//6744
f 6873//6745 6874//6746 6875//6747
f 6873//6745 6875//6747 6876//6748
f 6877//6749 6878//6750 6879//6751
f 6877//6749 6879//6751 6880//6752
f 6881//6753 6882//6754 6883//6755
f 6881//6753 6883//6755 6884//6756
f 6885//6757 6886//6758 6887//6759
f 6885//6757 6887//6759 6888//6760
f 6889//6761 6890//6762 6891//6763
f 6889//6761 6891//6763 6892//6764
f 6893//6765 6894//6766 6895//6767
f 6893//6765 6895//6767 6896//6768
f 6897//6769 6898//6770 6899//6771
f 6897//6769 6899//6771 6900//6772
f 6901//6773 6902//6774 6903//6775
f 6901//6773 6903//6775 6904//6776
f 6905//6777 6906//6778 6907//6779
f 6905//6777 6907//6779 6908//6780
f 6909//6781 6910//6782 6911//6783
f 6909//6781 6911//6783 6912//6784
f 6913//6785 6914//6786 6915//6787
f 6913//6785 6915//6787 6916//6788
f 6917//6789 6918//6790 6919//6791
f 6917//6789 6919//6791 6920//6792
f 6921//6793 6922//6794 6923//6795
f 6921//6793 6923//6795 6924//6796
f 6925//6797 6926//6798 6927//6799
f 6925//6797 6927//6799 6928//6800
f 6929//6801 6930//6802 6931//6803
f 6929//6801 6931//6803 6932//6804
f 6933//6805 6934//6806 6935//6807
f 6933//6805 6935//6807 6936//6808
f 6937//6809 6938//6810 6939//6811
f 6937//6809 6939//6811 6940//6812
f 6941//6813 6942//6814 6943//6815
f 6941//6813 6943//6815 6944//6816
f 6945//6817 6946//6818 6947//6819
f 6945//6817 6947//6819 6948//6820
f 6949//6821 6950//6822 6951//6823
f 6949//6821 6951//6823 6952//6824
f 6953//6825 6954//6826 6955//6827
f 6953//6825 6955//6827 6956//6828
f 6957//6829 6958//6830 6959//6831
f 6957//6829 6959//6831 6960//6832
f 6961//6833 6962//6834 6963//6835
f 6961//6833 6963//6835 6964//6836
f 6965//6837 6966//6838 6967//6839
f 6965//6837 6967//6839 6968//6840
f 6969//6841 6970//6842 6971//6843
f 6969//6841 6971//6843 6972//6844
f 6973//6845 6974//6846 6975//6847
f 6973//6845 6975//6847 6976//6848
f 6977//6849 6978//6850 6979//6851
f 6977//6849 6979//6851 6980//6852
f 6981//6853 6982//6854 6983//6855
f 6981//6853 6983//6855 6984//6856
f 6985//6857 6986//6858 6987//6859
f 6985//6857 6987//6859 6988//6860
f 6989//6861 6990//6862 6991//6863
f 6989//6861 6991//6863 6992//6864
f 6993//6865 6994//6866 6995//6867
f 6993//6865 6995//6867 6996//6868
f 6997//6869 6998//6870 6999//6871
f 6997//6869 6999//6871 7000//6872
f 7001//6873 7002//6874 7003//6875
f 7001//6873 7003//6875 7004//6876
f 7005//6877 7006//6878 7007//6879
f 7005//6877 7007//6879 7008//6880
f 7009//6881 7010//6882 7011//6883
f 7009//6881 7011//6883 7012//6884
f 7013//6885 7014//6886 7015//6887
f 7013//6885 7015//6887 7016//6888
f 7017//6889 7018//6890 7019//6891
f 7017//6889 7019//6891 7020//6892
f 7021//6893 7022//6894 7023//6895
f 7021//6893 7023//6895 7024//6896
f 7025//6897 7026//6898 7027//6899
f 7025//6897 7027//6899 7028//6900
f 7029//6901 7030//6902 7031//6903
f 7029//6901 7031//6903 7032//6904
f 7033//6905 7034//6906 7035//6907
f 7033//6905 7035//6907 7036//6908
f 7037//6909 7038//6910 7039//6911
f 7037//6909 7039//6911 7040//6912
f 7041//6913 7042//6914 7043//6915
f 7041//6913 7043//6915 7044//6916
f 7045//6917 7046//6918 7047//6919
f 7045//6917 7047//6919 7048//6920
f 7049//6921 7050//6922 7051//6923
f 7049//6921 7051//6923 7052//6924
f 7053//6925 7054//6926 7055//6927
f 7053//6925 7055//6927 7056//6928
f 7057//6929 7058//6930 7059//6931
f 7057//6929 7059//6931 7060//6932
f 7061//6933 7062//6934 7063//6935
f 7061//6933 7063//6935 7064//6936
f 7065//6937 7066//6938 7067//6939
f 7065//6937 7067//6939 7068//6940
f 7069//6941 7070//6942 7071//6943
f 7069//6941 7071//6943 7072//6944
f 7073//6945 7074//6946 7075//6947
f 7073//6945 7075//6947 7076//6948
f 7077//6949 7078//6950 7079//6951
f 7077//6949 7079//6951 7080//6952
f 7081//6953 7082//6954 7083//6955
f 7081//6953 7083//6955 7084//6956
f 7085//6957 7086//6958 7087//6959
f 7085//6957 7087//6959 7088//6960
f 7089//6961 7090//6962 7091//6963
f 7089//6961 7091//6963 7092//6964
f 7093//6965 7094//6966 7095//6967
f 7093//6965 7095//6967 7096//6968
f 7097//6969 7098//6970 7099//6971
f 7097//6969 7099//6971 7100//6972
f 7101//6973 7102//6974 7103//6975
f 7101//6973 7103//6975 7104//6976
f 7105//6977 7106//6978 7107//6979
f 7105//6977 7107//6979 7108//6980
f 7109//6981 7110//6982 7111//6983
f 7109//6981 7111//6983 7112//6984
f 7113//6985 7114//6986 7115//6987
f 7113//6985 7115//6987 7116//6988
f 7117//6989 7118//6990 7119//6991
f 7117//6989 7119//6991 7120//6992
f 7121//6993 7122//6994 7123//6995
f 7121//6993 7123//6995 7124//6996
f 7125//6997 7126//6998 7127//6999
f 7125//6997 7127//6999 7128//7000
f 7129//7001 7130//7002 7131//7003
f 7129//7001 7131//7003 7132//7004
f 7133//7005 7134//7006 7135//7007
f 7133//7005 7135//7007 7136//7008
f 7137//7009 7138//7010 7139//7011
f 7137//7009 7139//7011 7140//7012
f 7141//7013 7142//7014 7143//7015
f 7141//7013 7143//7015 7144//7016
f 7145//7017 7146//7018 7147//7019
f 7145//7017 7147//7019 7148//7020
f 7149//7021 7150//7022 7151//7023
f 7149//7021 7151//7023 7152//7024
f 7153//7025 7154//7026 7155//7027
f 7153//7025 7155//7027 7156//7028
f 7157//7029 7158//7030 7159//7031
f 7157//7029 7159//7031 7160//7032
f 7161//7033 7162//7034 7163//7035
f 7161//7033 7163//7035 7164//7036
f 7165//7037 7166//7038 7167//7039
f 7165//7037 7167//7039 7168//7040
f 7169//7041 7170//7042 7171//7043
f 7169//7041 7171//7043 7172//7044
f 7173//7045 7174//7046 7175//7047
f 7173//7045 7175//7047 7176//7048
f 7177//7049 7178//7050 7179//7051
f 7177//7049 7179//7051 7180//7052
f 7181//7053 7182//7054 7183//7055
f 7181//7053 7183//7055 7184//7056
f 7185//7057 7186//7058 7187//7059
f 7185//7057 7187//7059 7188//7060
f 7189//7061 7190//7062 7191//7063
f 7189//7061 7191//7063 7192//7064
f 7193//7065 7194//7066 7195//7067
f 7193//7065 7195//7067 7196//7068
f 7197//7069 7198//7070 7199//7071
f 7197//7069 7199//7071 7200//7072
f 7201//7073 7202//7074 7203//7075
f 7201//7073 7203//7075 7204//7076
f 7205//7077 7206//7078 7207//7079
f 7205//7077 7207//7079 7208//7080
f 7209//7081 7210//7082 7211//7083
f 7209//7081 7211//7083 7212//7084
f 7213//7085 7214//7086 7215//7087
f 7213//7085 7215//7087 7216//7088
f 7217//7089 7218//7090 7219//7091
f 7217//7089 7219//7091 7220//7092
f 7221//7093 7222//7094 7223//7095
f 7221//7093 7223//7095 7224//7096
f 7225//7097 7226//7098 7227//7099
f 7225//7097 7227//7099 7228//7100
f 7229//7101 7230//7102 7231//7103
f 7229//7101 7231//7103 7232//7104
f 7233//7105 7234//7106 7235//7107
f 7233//7105 7235//7107 7236//7108
f 7237//7109 7238//7110 7239//7111
f 7237//7109 7239//7111 7240//7112
f 7241//7113 7242//7114 7243//7115
f 7241//7113 7243//7115 7244//7116
f 7245//7117 7246//7118 7247//7119
f 7245//7117 7247//7119 7248//7120
f 7249//7121 7250//7122 7251//7123
f 7249//7121 7251//7123 7252//7124
f 7253//7125 7254//7126 7255//7127
f 7253//7125 7255//7127 7256//7128
f 7257//7129 7258//7130 7259//7131
f 7257//7129 7259//7131 7260//7132
f 7261//7133 7262//7134 7263//7135
f 7261//7133 7263//7135 7264//7136
f 7265//7137 7266//7138 7267//7139
f 7265//7137 7267//7139 7268//7140
f 7269//7141 7270//7142 7271//7143
f 7269//7141 7271//7143 7272//7144
f 7273//7145 7274//7146 7275//7147
f 7273//7145 7275//7147 7276//7148
f 7277//7149 7278//7150 7279//7151
f 7277//7149 7279//7151 7280//7152
f 7281//7153 7282//7154 7283//7155
f 7281//7153 7283//7155 7284//7156
f 7285//7157 7286//7158 7287//7159
f 7285//7157 7287//7159 7288//7160
f 7289//7161 7290//7162 7291//7163
f 7289//7161 7291//7163 7292//7164
f 7293//7165 7294//7166 7295//7167
f 7293//7165 7295//7167 7296//7168
f 7297//7169 7298//7170 7299//7171
f 7297//7169 7299//7171 7300//7172
f 7301//7173 7302//7174 7303//7175
f 7301//7173 7303//7175 7304//7176
f 7305//7177 7306//7178 7307//7179
f 7305//7177 7307//7179 7308//7180
f 7309//7181 7310//7182 7311//7183
f 7309//7181 7311//7183 7312//7184
f 7313//7185 7314//7186 7315//7187
f 7313//7185 7315//7187 7316//7188
f 7317//7189 7318//7190 7319//7191
f 7317//7189 7319//7191 7320//7192
f 7321//7193 7322//7194 7323//7195
f 7321//7193 7323//7195 7324//7196
f 7325//7197 7326//7198 7327//7199
f 7325//7197 7327//7199 7328//7200
f 7329//7201 7330//7202 7331//7203
f 7329//7201 7331//7203 7332//7204
f 7333//7205 7334//7206 7335//7207
f 7333//7205 7335//7207 7336//7208
f 7337//7209 7338//7210 7339//7211
f 7337//7209 7339//7211 7340//7212
f 7341//7213 7342//7214 7343//7215
f 7341//7213 7343//7215 7344//7216
f 7345//7217 7346//7218 7347//7219
f 7345//7217 7347//7219 7348//7220
f 7349//7221 7350//7222 7351//7223
f 7349//7221 7351//7223 7352//7224
f 7353//7225 7354//7226 7355//7227
f 7353//7225 7355//7227 7356//7228
f 7357//7229 7358//7230 7359//7231
f 7357//7229 7359//7231 7360//7232
f 7361//7233 7362//7234 7363//7235
f 7361//7233 7363//7235 7364//7236
f 7365//7237 7366//7238 7367//7239
f 7365//7237 7367//7239 7368//7240
f 7369//7241 7370//7242 7371//7243
f 7369//7241 7371//7243 7372//7244
f 7373//7245 7374//7246 7375//7247
f 7373//7245 7375//7247 7376//7248
f 7377//7249 7378//7250 7379//7251
f 7377//7249 7379//7251 7380//7252
f 7381//7253 7382//7254 7383//7255
f 7381//7253 7383//7255 7384//7256
f 7385//7257 7386//7258 7387//7259
f 7385//7257 7387//7259 7388//7260
f 7389//7261 7390//7262 7391//7263
f 7389//7261 7391//7263 7392//7264
f 7393//7265 7394//7266 7395//7267
f 7393//7265 7395//7267 7396//7268
f 7397//7269 7398//7270 7399//7271
f 7397//7269 7399//7271 7400//7272
f 7401//7273 7402//7274 7403//7275
f 7401//7273 7403//7275 7404//7276
f 7405//7277 7406//7278 7407//7279
f 7405//7277 7407//7279 7408//7280
f 7409//7281 7410//7282 7411//7283
f 7409//7281 7411//7283 7412//7284
f 7413//7285 7414//7286 7415//7287
f 7413//7285 7415//7287 7416//7288
f 7417//7289 7418//7290 7419//7291
f 7417//7289 7419//7291 7420//7292
f 7421//7293 7422//7294 7423//7295
f 7421//7293 7423//7295 7424//7296
f 7425//7297 7426//7298 7427//7299
f 7425//7297 7427//7299 7428//7300
f 7429//7301 7430//7302 7431//7303
f 7429//7301 7431//7303 7432//7304
f 7433//7305 7434//7306 7435//7307
f 7433//7305 7435//7307 7436//7308
f 7437//7309 7438//7310 7439//7311
f 7437//7309 7439//7311 7440//7312
f 7441//7313 7442//7314 7443//7315
f 7441//7313 7443//7315 7444//7316
f 7445//7317 7446//7318 7447//7319
f 7445//7317 7447//7319 7448//7320
f 7449//7321 7450//7322 7451//7323
f 7449//7321 7451//7323 7452//7324
f 7453//7325 7454//7326 7455//7327
f 7453//7325 7455//7327 7456//7328
f 7457//7329 7458//7330 7459//7331
f 7457//7329 7459//7331 7460//7332
f 7461//7333 7462//7334 7463//7335
f 7461//7333 7463//7335 7464//7336
f 7465//7337 7466//7338 7467//7339
f 7465//7337 7467//7339 7468//7340
f 7469//7341 7470//7342 7471//7343
f 7469//7341 7471//7343 7472//7344
f 7473//7345 7474//7346 7475//7347
f 7473//7345 7475//7347 7476//7348
f 7477//7349 7478//7350 7479//7351
f 7477//7349 7479//7351 7480//7352
f 7481//7353 7482//7354 7483//7355
f 7481//7353 7483//7355 7484//7356
f 7485//7357 7486//7358 7487//7359
f 7485//7357 7487//7359 7488//7360
f 7489//7361 7490//7362 7491//7363
f 7489//7361 7491//7363 7492//7364
f 7493//7365 7494//7366 7495//7367
f 7493//7365 7495//7367 7496//7368
f 7497//7369 7498//7370 7499//7371
f 7497//7369 7499//7371 7500//7372
f 7501//7373 7502//7374 7503//7375
f 7501//7373 7503//7375 7504//7376
f 7505//7377 7506//7378 7507//7379
f 7505//7377 7507//7379 7508//7380
f 7509//7381 7510//7382 7511//7383
f 7509//7381 7511//7383 7512//7384
f 7513//7385 7514//7386 7515//7387
f 7513//7385 7515//7387 7516//7388
f 7517//7389 7518//7390 7519//7391
f 7517//7389 7519//7391 7520//7392
f 7521//7393 7522//7394 7523//7395
f 7521//7393 7523//7395 7524//7396
f 7525//7397 7526//7398 7527//7399
f 7525//7397 7527//7399 7528//7400
f 7529//7401 7530//7402 7531//7403
f 7529//7401 7531//7403 7532//7404
f 7533//7405 7534//7406 7535//7407
f 7533//7405 7535//7407 7536//7408
f 7537//7409 7538//7410 7539//7411
f 7537//7409 7539//7411 7540//7412
f 7541//7413 7542//7414 7543//7415
f 7541//7413 7543//7415 7544//7416
f 7545//7417 7546//7418 7547//7419
f 7545//7417 7547//7419 7548//7420
f 7549//7421 7550//7422 7551//7423
f 7549//7421 7551//7423 7552//7424
f 7553//7425 7554//7426 7555//7427
f 7553//7425 7555//7427 7556//7428
f 7557//7429 7558//7430 7559//7431
f 7557//7429 7559//7431 7560//7432
f 7561//7433 7562//7434 7563//7435
f 7561//7433 7563//7435 7564//7436
f 7565//7437 7566//7438 7567//7439
f 7565//7437 7567//7439 7568//7440
f 7569//7441 7570//7442 7571//7443
f 7569//7441 7571//7443 7572//7444
f 7573//7445 7574//7446 7575//7447
f 7573//7445 7575//7447 7576//7448
f 7577//7449 7578//7450 7579//7451
f 7577//7449 7579//7451 7580//7452
f 7581//7453 7582//7454 7583//7455
f 7581//7453 7583//7455 7584//7456
f 7585//7457 7586//7458 7587//7459
f 7585//7457 7587//7459 7588//7460
f 7589//7461 7590//7462 7591//7463
f 7589//7461 7591//7463 7592//7464
f 7593//7465 7594//7466 7595//7467
f 7593//7465 7595//7467 7596//7468
f 7597//7469 7598//7470 7599//7471
f 7597//7469 7599//7471 7600//7472
f 7601//7473 7602//7474 7603//7475
f 7601//7473 7603//7475 7604//7476
f 7605//7477 7606//7478 7607//7479
f 7605//7477 7607//7479 7608//7480
f 7609//7481 7610//7482 7611//7483
f 7609//7481 7611//7483 7612//7484
f 7613//7485 7614//7486 7615//7487
f 7613//7485 7615//7487 7616//7488
f 7617//7489 7618//7490 7619//7491
f 7617//7489 7619//7491 7620//7492
f 7621//7493 7622//7494 7623//7495
f 7621//7493 7623//7495 7624//7496
f 7625//7497 7626//7498 7627//7499
f 7625//7497 7627//7499 7628//7500
f 7629//7501 7630//7502 7631//7503
f 7629//7501 7631//7503 7632//7504
f 7633//7505 7634//7506 7635//7507
f 7633//7505 7635//7507 7636//7508
f 7637//7509 7638//7510 7639//7511
f 7637//7509 7639//7511 7640//7512
f 7641//7513 7642//7514 7643//7515
f 7641//7513 7643//7515 7644//7516
f 7645//7517 7646//7518 7647//7519
f 7645//7517 7647//7519 7648//7520
f 7649//7521 7650//7522 7651//7523
f 7649//7521 7651//7523 7652//7524
f 7653//7525 7654//7526 7655//7527
f 7653//7525 7655//7527 7656//7528
f 7657//7529 7658//7530 7659//7531
f 7657//7529 7659//7531 7660//7532
f 7661//7533 7662//7534 7663//7535
f 7661//7533 7663//7535 7664//7536
f 7665//7537 7666//7538 7667//7539
f 7665//7537 7667//7539 7668//7540
f 7669//7541 7670//7542 7671//7543
f 7669//7541 7671//7543 7672//7544
f 7673//7545 7674//7546 7675//7547
f 7673//7545 7675//7547 7676//7548
f 7677//7549 7678//7550 7679//7551
f 7677//7549 7679//7551 7680//7552
f 7681//7553 7682//7554 7683//7555
f 7681//7553 7683//7555 7684//7556
f 7685//7557 7686//7558 7687//7559
f 7685//7557 7687//7559 7688//7560
f 7689//7561 7690//7562 7691//7563
f 7689//7561 7691//7563 7692//7564
f 7693//7565 7694//7566 7695//7567
f 7693//7565 7695//7567 7696//7568
f 7697//7569 7698//7570 7699//7571
f 7697//7569 7699//7571 7700//7572
f 7701//7573 7702//7574 7703//7575
f 7701//7573 7703//7575 7704//7576
f 7705//7577 7706//7578 7707//7579
f 7705//7577 7707//7579 7708//7580
f 7709//7581 7710//7582 7711//7583
f 7709//7581 7711//7583 7712//7584
f 7713//7585 7714//7586 7715//7587
f 7713//7585 7715//7587 7716//7588
f 7717//7589 7718//7590 7719//7591
f 7717//7589 7719//7591 7720//7592
f 7721//7593 7722//7594 7723//7595
f 7721//7593 7723//7595 7724//7596
f 7725//7597 7726//7598 7727//7599
f 7725//7597 7727//7599 7728//7600
f 7729//7601 7730//7602 7731//7603
f 7729//7601 7731//7603 7732//7604
f 7733//7605 7734//7606 7735//7607
f 7733//7605 7735//7607 7736//7608
f 7737//7609 7738//7610 7739//7611
f 7737//7609 7739//7611 7740//7612
f 7741//7613 7742//7614 7743//7615
f 7741//7613 7743//7615 7744//7616
f 7745//7617 7746//7618 7747//7619
f 7745//7617 7747//7619 7748//7620
f 7749//7621 7750//7622 7751//7623
f 7749//7621 7751//7623 7752//7624
f 7753//7625 7754//7626 7755//7627
f 7753//7625 7755//7627 7756//7628
f 7757//7629 7758//7630 7759//7631
f 7757//7629 7759//7631 7760//7632
f 7761//7633 7762//7634 7763//7635
f 7761//7633 7763//7635 7764//7636
f 7765//7637 7766//7638 7767//7639
f 7765//7637 7767//7639 7768//7640
f 7769//7641 7770//7642 7771//7643
f 7769//7641 7771//7643 7772//7644
f 7773//7645 7774//7646 7775//7647
f 7773//7645 7775//7647 7776//7648
f 7777//7649 7778//7650 7779//7651
f 7777//7649 7779//7651 7780//7652
f 7781//7653 7782//7654 7783//7655
f 7781//7653 7783//7655 7784//7656
f 7785//7657 7786//7658 7787//7659
f 7785//7657 7787//7659 7788//7660
f 7789//7661 7790//7662 7791//7663
f 7789//7661 7791//7663 7792//7664
f 7793//7665 7794//7666 7795//7667
f 7793//7665 7795//7667 7796//7668
f 7797//7669 7798//7670 7799//7671
f 7797//7669 7799//7671 7800//7672
f 7801//7673 7802//7674 7803//7675
f 7801//7673 7803//7675 7804//7676
f 7805//7677 7806//7678 7807//7679
f 7805//7677 7807//7679 7808//7680
f 7809//7681 7810//7682 7811//7683
f 7809//7681 7811//7683 7812//7684
f 7813//7685 7814//7686 7815//7687
f 7813//7685 7815//7687 7816//7688
f 7817//7689 7818//7689 7819//7689
f 7817//7689 7820//7689 7821//7689
f 7817//7689 7822//7689 7823//7689
f 7817//7689 7824//7689 7825//7689
f 7817//7689 7826//7689 7827//7689
f 7817//7689 7828//7689 7829//7689
f 7817//7689 7830//7689 7831//7689
f 7817//7689 7832//7689 7833//7689
f 7834//7690 7835//7690 7836//7690
f 7834//7690 7837//7690 7838//7690
f 7834//7690 7839//7690 7840//7690
f 7834//7690 7841//7690 7842//7690
f 7834//7690 7843//7690 7844//7690
f 7834//7690 7845//7690 7846//7690
f 7834//7690 7847//7690 7848//7690
f 7834//7690 7849//7690 7850//7690
f 7851//7691 7852//7692 7853//7693
f 7851//7691 7853//7693 7854//7694
f 7855//7695 7856//7696 7857//7697
f 7855//7695 7857//7697 7858//7698
f 7859//7699 7860//7700 7861//7701
f 7859//7699 7861//7701 7862//7702
f 7863//7703 7864//7704 7865//7705
f 7863//7703 7865//7705 7866//7706
f 7867//7707 7868//7708 7869//7709
f 7867//7707 7869//7709 7870//7710
f 7871//7711 7872//7712 7873//7713
f 7871//7711 7873//7713 7874//7714
f 7875//7715 7876//7716 7877//7717
f 7875//7715 7877//7717 7878//7718
f 7879//7719 7880//7720 7881//7721
f 7879//7719 7881//7721 7882//7722
f 7883//7723 7884//7724 7885//7725
f 7883//7723 7885//7725 7886//7726
f 7887//7727 7888//7728 7889//7729
f 7887//7727 7889//7729 7890//7730
f 7891//7731 7892//7732 7893//7733
f 7891//7731 7893//7733 7894//7734
f 7895//7735 7896//7736 7897//7737
f 7895//7735 7897//7737 7898//7738
f 7899//7739 7900//7740 7901//7741
f 7899//7739 7901//7741 7902//7742
f 7903//7743 7904//7744 7905//7745
f 7903//7743 7905//7745 7906//7746
f 7907//7747 7908//7748 7909//7749
f 7907//7747 7909//7749 7910//7750
f 7911//7751 7912//7752 7913//7753
f 7911//7751 7913//7753 7914//7754
f 7915//7755 7916//7756 7917//7757
f 7915//7755 7917//7757 7918//7758
f 7919//7759 7920//7760 7921//7761
f 7919//7759 7921//7761 7922//7762
f 7923//7763 7924//7764 7925//7765
f 7923//7763 7925//7765 7926//7766
f 7927//7767 7928//7768 7929//7769
f 7927//7767 7929//7769 7930//7770
f 7931//7771 7932//7772 7933//7773
f 7931//7771 7933//7773 7934//7774
f 7935//7775 7936//7776 7937//7777
f 7935//7775 7937//7777 7938//7778
f 7939//7779 7940//7780 7941//7781
f 7939//7779 7941//7781 7942//7782
f 7943//7783 7944//7784 7945//7785
f 7943//7783 7945//7785 7946//7786
f 7947//7787 7948//7788 7949//7789
f 7947//7787 7949//7789 7950//7790
f 7951//7791 7952//7792 7953//7793
f 7951//7791 7953//7793 7954//7794
f 7955//7795 7956//7796 7957//7797
f 7955//7795 7957//7797 7958//7798
f 7959//7799 7960//7800 7961//7801
f 7959//7799 7961//7801 7962//7802
f 7963//7803 7964//7804 7965//7805
f 7963//7803 7965//7805 7966//7806
f 7967//7807 7968//7808 7969//7809
f 7967//7807 7969//7809 7970//7810
f 7971//7811 7972//7812 7973//7813
f 7971//7811 7973//7813 7974//7814
f 7975//7815 7976//7816 7977//7817
f 7975//7815 7977//7817 7978//7818
f 7979//7819 7980//7820 7981//7821
f 7979//7819 7981//7821 7982//7822
f 7983//7823 7984//7824 7985//7825
f 7983//7823 7985//7825 7986//7826
f 7987//7827 7988//7828 7989//7829
f 7987//7827 7989//7829 7990//7830
f 7991//7831 7992//7832 7993//7833
f 7991//7831 7993//7833 7994//7834
f 7995//7835 7996//7836 7997//7837
f 7995//7835 7997//7837 7998//7838
f 7999//7839 8000//7840 8001//7841
f 7999//7839 8001//7841 8002//7842
f 8003//7843 8004//7844 8005//7845
f 8003//7843 8005//7845 8006//7846
f 8007//7847 8008//7848 8009//7849
f 8007//7847 8009//7849 8010//7850
f 8011//7851 8012//7852 8013//7853
f 8011//7851 8013//7853 8014//7854
f 8015//7855 8016//7856 8017//7857
f 8015//7855 8017//7857 8018//7858
f 8019//7859 8020//7860 8021//7861
f 8019//7859 8021//7861 8022//7862
f 8023//7863 8024//7864 8025//7865
f 8023//7863 8025//7865 8026//7866
f 8027//7867 8028//7868 8029//7869
f 8027//7867 8029//7869 8030//7870
f 8031//7871 8032//7872 8033//7873
f 8031//7871 8033//7873 8034//7874
f 8035//7875 8036//7876 8037//7877
f 8035//7875 8037//7877 8038//7878
f 8039//7879 8040//7880 8041//7881
f 8039//7879 8041//7881 8042//7882
f 8043//7883 8044//7884 8045//7885
f 8043//7883 8045//7885 8046//7886
f 8047//7887 8048//7888 8049//7889
f 8047//7887 8049//7889 8050//7890
f 8051//7891 8052//7892 8053//7893
f 8051//7891 8053//7893 8054//7894
f 8055//7895 8056//7896 8057//7897
f 8055//7895 8057//7897 8058//7898
f 8059//7899 8060//7900 8061//7901
f 8059//7899 8061//7901 8062//7902
f 8063//7903 8064//7904 8065//7905
f 8063//7903 8065//7905 8066//7906
f 8067//7907 8068//7908 8069//7909
f 8067//7907 8069//7909 8070//7910
f 8071//7911 8072//7912 8073//7913
f 8071//7911 8073//7913 8074//7914
f 8075//7915 8076//7916 8077//7917
f 8075//7915 8077//7917 8078//7918
f 8079//7919 8080//7920 8081//7921
f 8079//7919 8081//7921 8082//7922
f 8083//7923 8084//7924 8085//7925
f 8083//7923 8085//7925 8086//7926
f 8087//7927 8088//7928 8089//7929
f 8087//7927 8089//7929 8090//7930
f 8091//7931 8092//7932 8093//7933
f 8091//7931 8093//7933 8094//7934
f 8095//7935 8096//7936 8097//7937
f 8095//7935 8097//7937 8098//7938
f 8099//7939 8100//7940 8101//7941
f 8099//7939 8101//7941 8102//7942
f 8103//7943 8104//7944 8105//7945
f 8103//7943 8105//7945 8106//7946
f 8107//7947 8108//7948 8109//7949
f 8107//7947 8109//7949 8110//7950
f 8111//7951 8112//7952 8113//7953
f 8111//7951 8113//7953 8114//7954
f 8115//7955 8116//7956 8117//7957
f 8115//7955 8117//7957 8118//7958
f 8119//7959 8120//7960 8121//7961
f 8119//7959 8121//7961 8122//7962
f 8123//7963 8124//7964 8125//7965
f 8123//7963 8125//7965 8126//7966
f 8127//7967 8128//7968 8129//7969
f 8127//7967 8129//7969 8130//7970
f 8131//7971 8132//7972 8133//7973
f 8131//7971 8133//7973 8134//7974
f 8135//7975 8136//7976 8137//7977
f 8135//7975 8137//7977 8138//7978
f 8139//7979 8140//7980 8141//7981
f 8139//7979 8141//7981 8142//7982
f 8143//7983 8144//7984 8145//7985
f 8143//7983 8145//7985 8146//7986
f 8147//7987 8148//7988 8149//7989
f 8147//7987 8149//7989 8150//7990
f 8151//7991 8152//7992 8153//7993
f 8151//7991 8153//7993 8154//7994
f 8155//7995 8156//7996 8157//7997
f 8155//7995 8157//7997 8158//7998
f 8159//7999 8160//8000 8161//8001
f 8159//7999 8161//8001 8162//8002
f 8163//8003 8164//8004 8165//8005
f 8163//8003 8165//8005 8166//8006
f 8167//8007 8168//8008 8169//8009
f 8167//8007 8169//8009 8170//8010
f 8171//8011 8172//8012 8173//8013
f 8171//8011 8173//8013 8174//8014
f 8175//8015 8176//8016 8177//8017
f 8175//8015 8177//8017 8178//8018
f 8179//8019 8180//8020 8181//8021
f 8179//8019 8181//8021 8182//8022
f 8183//8023 8184//8024 8185//8025
f 8183//8023 8185//8025 8186//8026
f 8187//8027 8188//8028 8189//8029
f 8187//8027 8189//8029 8190//8030
f 8191//8031 8192//8032 8193//8033
f 8191//8031 8193//8033 8194//8034
f 8195//8035 8196//8036 8197//8037
f 8195//8035 8197//8037 8198//8038
f 8199//8039 8200//8040 8201//8041
f 8199//8039 8201//8041 8202//8042
f 8203//8043 8204//8044 8205//8045
f 8203//8043 8205//8045 8206//8046
f 8207//8047 8208//8048 8209//8049
f 8207//8047 8209//8049 8210//8050
f 8211//8051 8212//8052 8213//8053
f 8211//8051 8213//8053 8214//8054
f 8215//8055 8216//8056 8217//8057
f 8215//8055 8217//8057 8218//8058
f 8219//8059 8220//8060 8221//8061
f 8219//8059 8221//8061 8222//8062
f 8223//8063 8224//8064 8225//8065
f 8223//8063 8225//8065 8226//8066
f 8227//8067 8228//8068 8229//8069
f 8227//8067 8229//8069 8230//8070
f 8231//8071 8232//8072 8233//8073
f 8231//8071 8233//8073 8234//8074
f 8235//8075 8236//8076 8237//8077
f 8235//8075 8237//8077 8238//8078
f 8239//8079 8240//8080 8241//8081
f 8239//8079 8241//8081 8242//8082
f 8243//8083 8244//8084 8245//8085
f 8243//8083 8245//8085 8246//8086
f 8247//8087 8248//8088 8249//8089
f 8247//8087 8249//8089 8250//8090
f 8251//8091 8252//8092 8253//8093
f 8251//8091 8253//8093 8254//8094
f 8255//8095 8256//8096 8257//8097
f 8255//8095 8257//8097 8258//8098
f 8259//8099 8260//8100 8261//8101
f 8259//8099 8261//8101 8262//8102
f 8263//8103 8264//8104 8265//8105
f 8263//8103 8265//8105 8266//8106
f 8267//8107 8268//8108 8269//8109
f 8267//8107 8269//8109 8270//8110
f 8271//8111 8272//8112 8273//8113
f 8271//8111 8273//8113 8274//8114
f 8275//8115 8276//8116 8277//8117
f 8275//8115 8277//8117 8278//8118
f 8279//8119 8280//8120 8281//8121
f 8279//8119 8281//8121 8282//8122
f 8283//8123 8284//8124 8285//8125
f 8283//8123 8285//8125 8286//8126
f 8287//8127 8288//8128 8289//8129
f 8287//8127 8289//8129 8290//8130
f 8291//8131 8292//8132 8293//8133
f 8291//8131 8293//8133 8294//8134
f 8295//8135 8296//8136 8297//8137
f 8295//8135 8297//8137 8298//8138
f 8299//8139 8300//8140 8301//8141
f 8299//8139 8301//8141 8302//8142
f 8303//8143 8304//8144 8305//8145
f 8303//8143 8305//8145 8306//8146
f 8307//8147 8308//8148 8309//8149
f 8307//8147 8309//8149 8310//8150
f 8311//8151 8312//8152 8313//8153
f 8311//8151 8313//8153 8314//8154
f 8315//8155 8316//8156 8317//8157
f 8315//8155 8317//8157 8318//8158
f 8319//8159 8320//8160 8321//8161
f 8319//8159 8321//8161 8322//8162
f 8323//8163 8324//8164 8325//8165
f 8323//8163 8325//8165 8326//8166
f 8327//8167 8328//8168 8329//8169
f 8327//8167 8329//8169 8330//8170
f 8331//8171 8332//8172 8333//8173
f 8331//8171 8333//8173 8334//8174
f 8335//8175 8336//8176 8337//8177
f 8335//8175 8337//8177 8338//8178
f 8339//8179 8340//8180 8341//8181
f 8339//8179 8341//8181 8342//8182
f 8343//8183 8344//8184 8345//8185
f 8343//8183 8345//8185 8346//8186
f 8347//8187 8348//8188 8349//8189
f 8347//8187 8349//8189 8350//8190
f 8351//8191 8352//8192 8353//8193
f 8351//8191 8353//8193 8354//8194
f 8355//8195 8356//8196 8357//8197
f 8355//8195 8357//8197 8358//8198
f 8359//8199 8360//8200 8361//8201
f 8359//8199 8361//8201 8362//8202
f 8363//8203 8364//8204 8365//8205
f 8363//8203 8365//8205 8366//8206
f 8367//8207 8368//8208 8369//8209
f 8367//8207 8369//8209 8370//8210
f 8371//8211 8372//8212 8373//8213
f 8371//8211 8373//8213 8374//8214
f 8375//8215 8376//8216 8377//8217
f 8375//8215 8377//8217 8378//8218
f 8379//8219 8380//8220 8381//8221
f 8379//8219 8381//8221 8382//8222
f 8383//8223 8384//8224 8385//8225
f 8383//8223 8385//8225 8386//8226
f 8387//8227 8388//8228 8389//8229
f 8387//8227 8389//8229 8390//8230
f 8391//8231 8392//8232 8393//8233
f 8391//8231 8393//8233 8394//8234
f 8395//8235 8396//8236 8397//8237
f 8395//8235 8397//8237 8398//8238
f 8399//8239 8400//8240 8401//8241
f 8399//8239 8401//8241 8402//8242
f 8403//8243 8404//8244 8405//8245
f 8403//8243 8405//8245 8406//8246
f 8407//8247 8408//8248 8409//8249
f 8407//8247 8409//8249 8410//8250
f 8411//8251 8412//8252 8413//8253
f 8411//8251 8413//8253 8414//8254
f 8415//8255 8416//8256 8417//8257
f 8415//8255 8417//8257 8418//8258
f 8419//8259 8420//8260 8421//8261
f 8419//8259 8421//8261 8422//8262
f 8423//8263 8424//8264 8425//8265
f 8423//8263 8425//8265 8426//8266
f 8427//8267 8428//8268 8429//8269
f 8427//8267 8429//8269 8430//8270
f 8431//8271 8432//8272 8433//8273
f 8431//8271 8433//8273 8434//8274
f 8435//8275 8436//8276 8437//8277
f 8435//8275 8437//8277 8438//8278
f 8439//8279 8440//8280 8441//8281
f 8439//8279 8441//8281 8442//8282
f 8443//8283 8444//8284 8445//8285
f 8443//8283 8445//8285 8446//8286
f 8447//8287 8448//8288 8449//8289
f 8447//8287 8449//8289 8450//8290
f 8451//8291 8452//8292 8453//8293
f 8451//8291 8453//8293 8454//8294
f 8455//8295 8456//8296 8457//8297
f 8455//8295 8457//8297 8458//8298
f 8459//8299 8460//8300 8461//8301
f 8459//8299 8461//8301 8462//8302
f 8463//8303 8464//8304 8465//8305
f 8463//8303 8465//8305 8466//8306
f 8467//8307 8468//8308 8469//8309
f 8467//8307 8469//8309 8470//8310
f 8471//8311 8472//8312 8473//8313
f 8471//8311 8473//8313 8474//8314
f 8475//8315 8476//8316 8477//8317
f 8475//8315 8477//8317 8478//8318
f 8479//8319 8480//8320 8481//8321
f 8479//8319 8481//8321 8482//8322
f 8483//8323 8484//8324 8485//8325
f 8483//8323 8485//8325 8486//8326
f 8487//8327 8488//8328 8489//8329
f 8487//8327 8489//8329 8490//8330
f 8491//8331 8492//8332 8493//8333
f 8491//8331 8493//8333 8494//8334
f 8495//8335 8496//8336 8497//8337
f 8495//8335 8497//8337 8498//8338
f 8499//8339 8500//8340 8501//8341
f 8499//8339 8501//8341 8502//8342
f 8503//8343 8504//8344 8505//8345
f 8503//8343 8505//8345 8506//8346
f 8507//8347 8508//8348 8509//8349
f 8507//8347 8509//8349 8510//8350
f 8511//8351 8512//8352 8513//8353
f 8511//8351 8513//8353 8514//8354
f 8515//8355 8516//8356 8517//8357
f 8515//8355 8517//8357 8518//8358
f 8519//8359 8520//8360 8521//8361
f 8519//8359 8521//8361 8522//8362
f 8523//8363 8524//8364 8525//8365
f 8523//8363 8525//8365 8526//8366
f 8527//8367 8528//8368 8529//8369
f 8527//8367 8529//8369 8530//8370
f 8531//8371 8532//8372 8533//8373
f 8531//8371 8533//8373 8534//8374
f 8535//8375 8536//8376 8537//8377
f 8535//8375 8537//8377 8538//8378
f 8539//8379 8540//8380 8541//8381
f 8539//8379 8541//8381 8542//8382
f 8543//8383 8544//8384 8545//8385
f 8543//8383 8545//8385 8546//8386
f 8547//8387 8548//8388 8549//8389
f 8547//8387 8549//8389 8550//8390
f 8551//8391 8552//8392 8553//8393
f 8551//8391 8553//8393 8554//8394
f 8555//8395 8556//8396 8557//8397
f 8555//8395 8557//8397 8558//8398
f 8559//8399 8560//8400 8561//8401
f 8559//8399 8561//8401 8562//8402
f 8563//8403 8564//8404 8565//8405
f 8563//8403 8565//8405 8566//8406
f 8567//8407 8568//8408 8569//8409
f 8567//8407 8569//8409 8570//8410
f 8571//8411 8572//8412 8573//8413
f 8571//8411 8573//8413 8574//8414
f 8575//8415 8576//8416 8577//8417
f 8575//8415 8577//8417 8578//8418
f 8579//8419 8580//8420 8581//8421
f 8579//8419 8581//8421 8582//8422
f 8583//8423 8584//8424 8585//8425
f 8583//8423 8585//8425 8586//8426
f 8587//8427 8588//8428 8589//8429
f 8587//8427 8589//8429 8590//8430
f 8591//8431 8592//8432 8593//8433
f 8591//8431 8593//8433 8594//8434
f 8595//8435 8596//8436 8597//8437
f 8595//8435 8597//8437 8598//8438
f 8599//8439 8600//8440 8601//8441
f 8599//8439 8601//8441 8602//8442
f 8603//8443 8604//8444 8605//8445
f 8603//8443 8605//8445 8606//8446
f 8607//8447 8608//8448 8609//8449
f 8607//8447 8609//8449 8610//8450
f 8611//8451 8612//8452 8613//8453
f 8611//8451 8613//8453 8614//8454
f 8615//8455 8616//8456 8617//8457
f 8615//8455 8617//8457 8618//8458
f 8619//8459 8620//8460 8621//8461
f 8619//8459 8621//8461 8622//8462
f 8623//8463 8624//8464 8625//8465
f 8623//8463 8625//8465 8626//8466
f 8627//8467 8628//8468 8629//8469
f 8627//8467 8629//8469 8630//8470
f 8631//8471 8632//8472 8633//8473
f 8631//8471 8633//8473 8634//8474
f 8635//8475 8636//8476 8637//8477
f 8635//8475 8637//8477 8638//8478
f 8639//8479 8640//8480 8641//8481
f 8639//8479 8641//8481 8642//8482
f 8643//8483 8644//8484 8645//8485
f 8643//8483 8645//8485 8646//8486
f 8647//8487 8648//8488 8649//8489
f 8647//8487 8649//8489 8650//8490
f 8651//8491 8652//8492 8653//8493
f 8651//8491 8653//8493 8654//8494
f 8655//8495 8656//8496 8657//8497
f 8655//8495 8657//8497 8658//8498
f 8659//8499 8660//8500 8661//8501
f 8659//8499 8661//8501 8662//8502
f 8663//8503 8664//8504 8665//8505
f 8663//8503 8665//8505 8666//8506
f 8667//8507 8668//8508 8669//8509
f 8667//8507 8669//8509 8670//8510
f 8671//8511 8672//8512 8673//8513
f 8671//8511 8673//8513 8674//8514
f 8675//8515 8676//8516 8677//8517
f 8675//8515 8677//8517 8678//8518
f 8679//8519 8680//8520 8681//8521
f 8679//8519 8681//8521 8682//8522
f 8683//8523 8684//8524 8685//8525
f 8683//8523 8685//8525 8686//8526
f 8687//8527 8688//8528 8689//8529
f 8687//8527 8689//8529 8690//8530
f 8691//8531 8692//8532 8693//8533
f 8691//8531 8693//8533 8694//8534
f 8695//8535 8696//8536 8697//8537
f 8695//8535 8697//8537 8698//8538
f 8699//8539 8700//8540 8701//8541
f 8699//8539 8701//8541 8702//8542
f 8703//8543 8704//8544 8705//8545
f 8703//8543 8705//8545 8706//8546
f 8707//8547 8708//8548 8709//8549
f 8707//8547 8709//8549 8710//8550
f 8711//8551 8712//8552 8713//8553
f 8711//8551 8713//8553 8714//8554
f 8715//8555 8716//8556 8717//8557
f 8715//8555 8717//8557 8718//8558
f 8719//8559 8720//8560 8721//8561
f 8719//8559 8721//8561 8722//8562
f 8723//8563 8724//8564 8725//8565
f 8723//8563 8725//8565 8726//8566
f 8727//8567 8728//8568 8729//8569
f 8727//8567 8729//8569 8730//8570
f 8731//8571 8732//8572 8733//8573
f 8731//8571 8733//8573 8734//8574
f 8735//8575 8736//8576 8737//8577
f 8735//8575 8737//8577 8738//8578
f 8739//8579 8740//8580 8741//8581
f 8739//8579 8741//8581 8742//8582
f 8743//8583 8744//8584 8745//8585
f 8743//8583 8745//8585 8746//8586
f 8747//8587 8748//8588 8749//8589
f 8747//8587 8749//8589 8750//8590
f 8751//8591 8752//8592 8753//8593
f 8751//8591 8753//8593 8754//8594
f 8755//8595 8756//8596 8757//8597
f 8755//8595 8757//8597 8758//8598
f 8759//8599 8760//8600 8761//8601
f 8759//8599 8761//8601 8762//8602
f 8763//8603 8764//8604 8765//8605
f 8763//8603 8765//8605 8766//8606
f 8767//8607 8768//8608 8769//8609
f 8767//8607 8769//8609 8770//8610
f 8771//8611 8772//8612 8773//8613
f 8771//8611 8773//8613 8774//8614
f 8775//8615 8776//8616 8777//8617
f 8775//8615 8777//8617 8778//8618
f 8779//8619 8780//8620 8781//8621
f 8779//8619 8781//8621 8782//8622
f 8783//8623 8784//8624 8785//8625
f 8783//8623 8785//8625 8786//8626
f 8787//8627 8788//8628 8789//8629
f 8787//8627 8789//8629 8790//8630
f 8791//8631 8792//8632 8793//8633
f 8791//8631 8793//8633 8794//8634
f 8795//8635 8796//8636 8797//8637
f 8795//8635 8797//8637 8798//8638
f 8799//8639 8800//8640 8801//8641
f 8799//8639 8801//8641 8802//8642
f 8803//8643 8804//8644 8805//8645
f 8803//8643 8805//8645 8806//8646
f 8807//8647 8808//8648 8809//8649
f 8807//8647 8809//8649 8810//8650
f 8811//8651 8812//8652 8813//8653
f 8811//8651 8813//8653 8814//8654
f 8815//8655 8816//8656 8817//8657
f 8815//8655 8817//8657 8818//8658
f 8819//8659 8820//8660 8821//8661
f 8819//8659 8821//8661 8822//8662
f 8823//8663 8824//8664 8825//8665
f 8823//8663 8825//8665 8826//8666
f 8827//8667 8828//8668 8829//8669
f 8827//8667 8829//8669 8830//8670
f 8831//8671 8832//8672 8833//8673
f 8831//8671 8833//8673 8834//8674
f 8835//8675 8836//8676 8837//8677
f 8835//8675 8837//8677 8838//8678
f 8839//8679 8840//8680 8841//8681
f 8839//8679 8841//8681 8842//8682
f 8843//8683 8844//8684 8845//8685
f 8843//8683 8845//8685 8846//8686
f 8847//8687 8848//8688 8849//8689
f 8847//8687 8849//8689 8850//8690
f 8851//8691 8852//8692 8853//8693
f 8851//8691 8853//8693 8854//8694
f 8855//8695 8856//8696 8857//8697
f 8855//8695 8857//8697 8858//8698
f 8859//8699 8860//8700 8861//8701
f 8859//8699 8861//8701 8862//8702
f 8863//8703 8864//8704 8865//8705
f 8863//8703 8865//8705 8866//8706
f 8867//8707 8868//8708 8869//8709
f 8867//8707 8869//8709 8870//8710
f 8871//8711 8872//8712 8873//8713
f 8871//8711 8873//8713 8874//8714
f 8875//8715 8876//8716 8877//8717
f 8875//8715 8877//8717 8878//8718
f 8879//8719 8880//8720 8881//8721
f 8879//8719 8881//8721 8882//8722
f 8883//8723 8884//8724 8885//8725
f 8883//8723 8885//8725 8886//8726
f 8887//8727 8888//8728 8889//8729
f 8887//8727 8889//8729 8890//8730
f 8891//8731 8892//8732 8893//8733
f 8891//8731 8893//8733 8894//8734
f 8895//8735 8896//8736 8897//8737
f 8895//8735 8897//8737 8898//8738
f 8899//8739 8900//8740 8901//8741
f 8899//8739 8901//8741 8902//8742
f 8903//8743 8904//8744 8905//8745
f 8903//8743 8905//8745 8906//8746
f 8907//8747 8908//8748 8909//8749
f 8907//8747 8909//8749 8910//8750
f 8911//8751 8912//8752 8913//8753
f 8911//8751 8913//8753 8914//8754
f 8915//8755 8916//8756 8917//8757
f 8915//8755 8917//8757 8918//8758
f 8919//8759 8920//8760 8921//8761
f 8919//8759 8921//8761 8922//8762
f 8923//8763 8924//8764 8925//8765
f 8923//8763 8925//8765 8926//8766
f 8927//8767 8928//8768 8929//8769
f 8927//8767 8929//8769 8930//8770
f 8931//8771 8932//8772 8933//8773
f 8931//8771 8933//8773 8934//8774
f 8935//8775 8936//8776 8937//8777
f 8935//8775 8937//8777 8938//8778
f 8939//8779 8940//8780 8941//8781
f 8939//8779 8941//8781 8942//8782
f 8943//8783 8944//8784 8945//8785
f 8943//8783 8945//8785 8946//8786
f 8947//8787 8948//8788 8949//8789
f 8947//8787 8949//8789 8950//8790
f 8951//8791 8952//8792 8953//8793
f 8951//8791 8953//8793 8954//8794
f 8955//8795 8956//8796 8957//8797
f 8955//8795 8957//8797 8958//8798
f 8959//8799 8960//8800 8961//8801
f 8959//8799 8961//8801 8962//8802
f 8963//8803 8964//8804 8965//8805
f 8963//8803 8965//8805 8966//8806
f 8967//8807 8968//8808 8969//8809
f 8967//8807 8969//8809 8970//8810
f 8971//8811 8972//8812 8973//8813
f 8971//8811 8973//8813 8974//8814
f 8975//8815 8976//8816 8977//8817
f 8975//8815 8977//8817 8978//8818
f 8979//8819 8980//8820 8981//8821
f 8979//8819 8981//8821 8982//8822
f 8983//8823 8984//8824 8985//8825
f 8983//8823 8985//8825 8986//8826
f 8987//8827 8988//8828 8989//8829
f 8987//8827 8989//8829 8990//8830
f 8991//8831 8992//8832 8993//8833
f 8991//8831 8993//8833 8994//8834
f 8995//8835 8996//8836 8997//8837
f 8995//8835 8997//8837 8998//8838
f 8999//8839 9000//8840 9001//8841
f 8999//8839 9001//8841 9002//8842
f 9003//8843 9004//8844 9005//8845
f 9003//8843 9005//8845 9006//8846
f 9007//8847 9008//8848 9009//8849
f 9007//8847 9009//8849 9010//8850
f 9011//8851 9012//8852 9013//8853
f 9011//8851 9013//8853 9014//8854
f 9015//8855 9016//8856 9017//8857
f 9015//8855 9017//8857 9018//8858
f 9019//8859 9020//8860 9021//8861
f 9019//8859 9021//8861 9022//8862
f 9023//8863 9024//8864 9025//8865
f 9023//8863 9025//8865 9026//8866
f 9027//8867 9028//8868 9029//8869
f 9027//8867 9029//8869 9030//8870
f 9031//8871 9032//8872 9033//8873
f 9031//8871 9033//8873 9034//8874
f 9035//8875 9036//8876 9037//8877
f 9035//8875 9037//8877 9038//8878
f 9039//8879 9040//8880 9041//8881
f 9039//8879 9041//8881 9042//8882
f 9043//8883 9044//8884 9045//8885
f 9043//8883 9045//8885 9046//8886
f 9047//8887 9048//8888 9049//8889
f 9047//8887 9049//8889 9050//8890
f 9051//8891 9052//8892 9053//8893
f 9051//8891 9053//8893 9054//8894
f 9055//8895 9056//8896 9057//8897
f 9055//8895 9057//8897 9058//8898
f 9059//8899 9060//8900 9061//8901
f 9059//8899 9061//8901 9062//8902
f 9063//8903 9064//8904 9065//8905
f 9063//8903 9065//8905 9066//8906
f 9067//8907 9068//8908 9069//8909
f 9067//8907 9069//8909 9070//8910
f 9071//8911 9072//8912 9073//8913
f 9071//8911 9073//8913 9074//8914
f 9075//8915 9076//8916 9077//8917
f 9075//8915 9077//8917 9078//8918
f 9079//8919 9080//8920 9081//8921
f 9079//8919 9081//8921 9082//8922
f 9083//8923 9084//8924 9085//8925
f 9083//8923 9085//8925 9086//8926
f 9087//8927 9088//8928 9089//8929
f 9087//8927 9089//8929 9090//8930
f 9091//8931 9092//8932 9093//8933
f 9091//8931 9093//8933 9094//8934
f 9095//8935 9096//8936 9097//8937
f 9095//8935 9097//8937 9098//8938
f 9099//8939 9100//8940 9101//8941
f 9099//8939 9101//8941 9102//8942
f 9103//8943 9104//8944 9105//8945
f 9103//8943 9105//8945 9106//8946
f 9107//8947 9108//8948 9109//8949
f 9107//8947 9109//8949 9110//8950
f 9111//8951 9112//8952 9113//8953
f 9111//8951 9113//8953 9114//8954
f 9115//8955 9116//8956 9117//8957
f 9115//8955 9117//8957 9118//8958
f 9119//8959 9120//8960 9121//8961
f 9119//8959 9121//8961 9122//8962
f 9123//8963 9124//8964 9125//8965
f 9123//8963 9125//8965 9126//8966
f 9127//8967 9128//8968 9129//8969
f 9127//8967 9129//8969 9130//8970
f 9131//8971 9132//8972 9133//8973
f 9131//8971 9133//8973 9134//8974
f 9135//8975 9136//8976 9137//8977
f 9135//8975 9137//8977 9138//8978
f 9139//8979 9140//8980 9141//8981
f 9139//8979 9141//8981 9142//8982
f 9143//8983 9144//8984 9145//8985
f 9143//8983 9145//8985 9146//8986
f 9147//8987 9148//8988 9149//8989
f 9147//8987 9149//8989 9150//8990
f 9151//8991 9152//8992 9153//8993
f 9151//8991 9153//8993 9154//8994
f 9155//8995 9156//8996 9157//8997
f 9155//8995 9157//8997 9158//8998
f 9159//8999 9160//9000 9161//9001
f 9159//8999 9161//9001 9162//9002
f 9163//9003 9164//9004 9165//9005
f 9163//9003 9165//9005 9166//9006
f 9167//9007 9168//9008 9169//9009
f 9167//9007 9169//9009 9170//9010
f 9171//9011 9172//9012 9173//9013
f 9171//9011 9173//9013 9174//9014
f 9175//9015 9176//9016 9177//9017
f 9175//9015 9177//9017 9178//9018
f 9179//9019 9180//9020 9181//9021
f 9179//9019 9181//9021 9182//9022
f 9183//9023 9184//9024 9185//9025
f 9183//9023 9185//9025 9186//9026
f 9187//9027 9188//9028 9189//9029
f 9187//9027 9189//9029 9190//9030
f 9191//9031 9192//9032 9193//9033
f 9191//9031 9193//9033 9194//9034
f 9195//9035 9196//9036 9197//9037
f 9195//9035 9197//9037 9198//9038
f 9199//9039 9200//9040 9201//9041
f 9199//9039 9201//9041 9202//9042
f 9203//9043 9204//9044 9205//9045
f 9203//9043 9205//9045 9206//9046
f 9207//9047 9208//9048 9209//9049
f 9207//9047 9209//9049 9210//9050
f 9211//9051 9212//9052 9213//9053
f 9211//9051 9213//9053 9214//9054
f 9215//9055 9216//9056 9217//9057
f 9215//9055 9217//9057 9218//9058
f 9219//9059 9220//9060 9221//9061
f 9219//9059 9221//9061 9222//9062
f 9223//9063 9224//9064 9225//9065
f 9223//9063 9225//9065 9226//9066
f 9227//9067 9228//9068 9229//9069
f 9227//9067 9229//9069 9230//9070
f 9231//9071 9232//9072 9233//9073
f 9231//9071 9233//9073 9234//9074
f 9235//9075 9236//9076 9237//9077
f 9235//9075 9237//9077 9238//9078
f 9239//9079 9240//9080 9241//9081
f 9239//9079 9241//9081 9242//9082
f 9243//9083 9244//9084 9245//9085
f 9243//9083 9245//9085 9246//9086
f 9247//9087 9248//9088 9249//9089
f 9247//9087 9249//9089 9250//9090
f 9251//9091 9252//9092 9253//9093
f 9251//9091 9253//9093 9254//9094
f 9255//9095 9256//9096 9257//9097
f 9255//9095 9257//9097 9258//9098
f 9259//9099 9260//9100 9261//9101
f 9259//9099 9261//9101 9262//9102
f 9263//9103 9264//9104 9265//9105
f 9263//9103 9265//9105 9266//9106
f 9267//9107 9268//9108 9269//9109
f 9267//9107 9269//9109 9270//9110
f 9271//9111 9272//9112 9273//9113
f 9271//9111 9273//9113 9274//9114
f 9275//9115 9276//9116 9277//9117
f 9275//9115 9277//9117 9278//9118
f 9279//9119 9280//9120 9281//9121
f 9279//9119 9281//9121 9282//9122
f 9283//9123 9284//9124 9285//9125
f 9283//9123 9285//9125 9286//9126
f 9287//9127 9288//9128 9289//9129
f 9287//9127 9289//9129 9290//9130
f 9291//9131 9292//9132 9293//9133
f 9291//9131 9293//9133 9294//9134
f 9295//9135 9296//9136 9297//9137
f 9295//9135 9297//9137 9298//9138
f 9299//9139 9300//9140 9301//9141
f 9299//9139 9301//9141 9302//9142
f 9303//9143 9304//9144 9305//9145
f 9303//9143 9305//9145 9306//9146
f 9307//9147 9308//9148 9309//9149
f 9307//9147 9309//9149 9310//9150
f 9311//9151 9312//9152 9313//9153
f 9311//9151 9313//9153 9314//9154
f 9315//9155 9316//9156 9317//9157
f 9315//9155 9317//9157 9318//9158
f 9319//9159 9320//9160 9321//9161
f 9319//9159 9321//9161 9322//9162
f 9323//9163 9324//9164 9325//9165
f 9323//9163 9325//9165 9326//9166
f 9327//9167 9328//9168 9329//9169
f 9327//9167 9329//9169 9330//9170
f 9331//9171 9332//9172 9333//9173
f 9331//9171 9333//9173 9334//9174
f 9335//9175 9336//9176 9337//9177
f 9335//9175 9337//9177 9338//9178
f 9339//9179 9340//9180 9341//9181
f 9339//9179 9341//9181 9342//9182
f 9343//9183 9344//9184 9345//9185
f 9343//9183 9345//9185 9346//9186
f 9347//9187 9348//9188 9349//9189
f 9347//9187 9349//9189 9350//9190
f 9351//9191 9352//9192 9353//9193
f 9351//9191 9353//9193 9354//9194
f 9355//9195 9356//9196 9357//9197
f 9355//9195 9357//9197 9358//9198
f 9359//9199 9360//9200 9361//9201
f 9359//9199 9361//9201 9362//9202
f 9363//9203 9364//9204 9365//9205
f 9363//9203 9365//9205 9366//9206
f 9367//9207 9368//9208 9369//9209
f 9367//9207 9369//9209 9370//9210
f 9371//9211 9372//9212 9373//9213
f 9371//9211 9373//9213 9374//9214
f 9375//9215 9376//9216 9377//9217
f 9375//9215 9377//9217 9378//9218
f 9379//9219 9380//9220 9381//9221
f 9379//9219 9381//9221 9382//9222
f 9383//9223 9384//9224 9385//9225
f 9383//9223 9385//9225 9386//9226
f 9387//9227 9388//9227 9389//9227
f 9387//9227 9390//9227 9391//9227
f 9387//9227 9392//9227 9393//9227
f 9387//9227 9394//9227 9395//9227
f 9387//9227 9396//9227 9397//9227
f 9387//9227 9398//9227 9399//9227
f 9387//9227 9400//9227 9401//9227
f 9387//9227 9402//9227 9403//9227
f 9404//9228 9405//9228 9406//9228
f 9404//9228 9407//9228 9408//9228
f 9404//9228 9409//9228 9410//9228
f 9404//9228 9411//9228 9412//9228
f 9404//9228 9413//9228 9414//9228
f 9404//9228 9415//9228 9416//9228
f 9404//9228 9417//9228 9418//9228
f 9404//9228 9419//9228 9420//9228
