# dampers
# generated for a 36 m 220 kV double-circuit tower, 200 m span, 4.5 m sag
# 2784 vertices, 1344 triangles
# generated by tools/gen_powerline.py -- do not hand-edit
o dampers
v 2.6500 -5.5750 17.5660
v 3.3500 -5.5750 17.5660
v 3.3500 -5.5875 17.5877
v 2.6500 -5.5875 17.5877
v 2.6500 -5.5875 17.5877
v 3.3500 -5.5875 17.5877
v 3.3500 -5.6125 17.5877
v 2.6500 -5.6125 17.5877
v 2.6500 -5.6125 17.5877
v 3.3500 -5.6125 17.5877
v 3.3500 -5.6250 17.5660
v 2.6500 -5.6250 17.5660
v 2.6500 -5.6250 17.5660
v 3.3500 -5.6250 17.5660
v 3.3500 -5.6125 17.5443
v 2.6500 -5.6125 17.5443
v 2.6500 -5.6125 17.5443
v 3.3500 -5.6125 17.5443
v 3.3500 -5.5875 17.5443
v 2.6500 -5.5875 17.5443
v 2.6500 -5.5875 17.5443
v 3.3500 -5.5875 17.5443
v 3.3500 -5.5750 17.5660
v 2.6500 -5.5750 17.5660
v 2.6500 -5.6000 17.5660
v 2.6500 -5.5750 17.5660
v 2.6500 -5.5875 17.5877
v 2.6500 -5.5875 17.5877
v 2.6500 -5.6125 17.5877
v 2.6500 -5.6125 17.5877
v 2.6500 -5.6250 17.5660
v 2.6500 -5.6250 17.5660
v 2.6500 -5.6125 17.5443
v 2.6500 -5.6125 17.5443
v 2.6500 -5.5875 17.5443
v 2.6500 -5.5875 17.5443
v 2.6500 -5.5750 17.5660
v 3.3500 -5.6000 17.5660
v 3.3500 -5.5750 17.5660
v 3.3500 -5.5875 17.5877
v 3.3500 -5.5875 17.5877
v 3.3500 -5.6125 17.5877
v 3.3500 -5.6125 17.5877
v 3.3500 -5.6250 17.5660
v 3.3500 -5.6250 17.5660
v 3.3500 -5.6125 17.5443
v 3.3500 -5.6125 17.5443
v 3.3500 -5.5875 17.5443
v 3.3500 -5.5875 17.5443
v 3.3500 -5.5750 17.5660
v 2.5300 -5.5450 17.5660
v 2.7100 -5.5450 17.5660
v 2.7100 -5.5611 17.6049
v 2.5300 -5.5611 17.6049
v 2.5300 -5.5611 17.6049
v 2.7100 -5.5611 17.6049
v 2.7100 -5.6000 17.6210
v 2.5300 -5.6000 17.6210
v 2.5300 -5.6000 17.6210
v 2.7100 -5.6000 17.6210
v 2.7100 -5.6389 17.6049
v 2.5300 -5.6389 17.6049
v 2.5300 -5.6389 17.6049
v 2.7100 -5.6389 17.6049
v 2.7100 -5.6550 17.5660
v 2.5300 -5.6550 17.5660
v 2.5300 -5.6550 17.5660
v 2.7100 -5.6550 17.5660
v 2.7100 -5.6389 17.5271
v 2.5300 -5.6389 17.5271
v 2.5300 -5.6389 17.5271
v 2.7100 -5.6389 17.5271
v 2.7100 -5.6000 17.5110
v 2.5300 -5.6000 17.5110
v 2.5300 -5.6000 17.5110
v 2.7100 -5.6000 17.5110
v 2.7100 -5.5611 17.5271
v 2.5300 -5.5611 17.5271
v 2.5300 -5.5611 17.5271
v 2.7100 -5.5611 17.5271
v 2.7100 -5.5450 17.5660
v 2.5300 -5.5450 17.5660
v 2.5300 -5.6000 17.5660
v 2.5300 -5.5450 17.5660
v 2.5300 -5.5611 17.6049
v 2.5300 -5.5611 17.6049
v 2.5300 -5.6000 17.6210
v 2.5300 -5.6000 17.6210
v 2.5300 -5.6389 17.6049
v 2.5300 -5.6389 17.6049
v 2.5300 -5.6550 17.5660
v 2.5300 -5.6550 17.5660
v 2.5300 -5.6389 17.5271
v 2.5300 -5.6389 17.5271
v 2.5300 -5.6000 17.5110
v 2.5300 -5.6000 17.5110
v 2.5300 -5.5611 17.5271
v 2.5300 -5.5611 17.5271
v 2.5300 -5.5450 17.5660
v 2.7100 -5.6000 17.5660
v 2.7100 -5.5450 17.5660
v 2.7100 -5.5611 17.6049
v 2.7100 -5.5611 17.6049
v 2.7100 -5.6000 17.6210
v 2.7100 -5.6000 17.6210
v 2.7100 -5.6389 17.6049
v 2.7100 -5.6389 17.6049
v 2.7100 -5.6550 17.5660
v 2.7100 -5.6550 17.5660
v 2.7100 -5.6389 17.5271
v 2.7100 -5.6389 17.5271
v 2.7100 -5.6000 17.5110
v 2.7100 -5.6000 17.5110
v 2.7100 -5.5611 17.5271
v 2.7100 -5.5611 17.5271
v 2.7100 -5.5450 17.5660
v 3.2900 -5.5450 17.5660
v 3.4700 -5.5450 17.5660
v 3.4700 -5.5611 17.6049
v 3.2900 -5.5611 17.6049
v 3.2900 -5.5611 17.6049
v 3.4700 -5.5611 17.6049
v 3.4700 -5.6000 17.6210
v 3.2900 -5.6000 17.6210
v 3.2900 -5.6000 17.6210
v 3.4700 -5.6000 17.6210
v 3.4700 -5.6389 17.6049
v 3.2900 -5.6389 17.6049
v 3.2900 -5.6389 17.6049
v 3.4700 -5.6389 17.6049
v 3.4700 -5.6550 17.5660
v 3.2900 -5.6550 17.5660
v 3.2900 -5.6550 17.5660
v 3.4700 -5.6550 17.5660
v 3.4700 -5.6389 17.5271
v 3.2900 -5.6389 17.5271
v 3.2900 -5.6389 17.5271
v 3.4700 -5.6389 17.5271
v 3.4700 -5.6000 17.5110
v 3.2900 -5.6000 17.5110
v 3.2900 -5.6000 17.5110
v 3.4700 -5.6000 17.5110
v 3.4700 -5.5611 17.5271
v 3.2900 -5.5611 17.5271
v 3.2900 -5.5611 17.5271
v 3.4700 -5.5611 17.5271
v 3.4700 -5.5450 17.5660
v 3.2900 -5.5450 17.5660
v 3.2900 -5.6000 17.5660
v 3.2900 -5.5450 17.5660
v 3.2900 -5.5611 17.6049
v 3.2900 -5.5611 17.6049
v 3.2900 -5.6000 17.6210
v 3.2900 -5.6000 17.6210
v 3.2900 -5.6389 17.6049
v 3.2900 -5.6389 17.6049
v 3.2900 -5.6550 17.5660
v 3.2900 -5.6550 17.5660
v 3.2900 -5.6389 17.5271
v 3.2900 -5.6389 17.5271
v 3.2900 -5.6000 17.5110
v 3.2900 -5.6000 17.5110
v 3.2900 -5.5611 17.5271
v 3.2900 -5.5611 17.5271
v 3.2900 -5.5450 17.5660
v 3.4700 -5.6000 17.5660
v 3.4700 -5.5450 17.5660
v 3.4700 -5.5611 17.6049
v 3.4700 -5.5611 17.6049
v 3.4700 -5.6000 17.6210
v 3.4700 -5.6000 17.6210
v 3.4700 -5.6389 17.6049
v 3.4700 -5.6389 17.6049
v 3.4700 -5.6550 17.5660
v 3.4700 -5.6550 17.5660
v 3.4700 -5.6389 17.5271
v 3.4700 -5.6389 17.5271
v 3.4700 -5.6000 17.5110
v 3.4700 -5.6000 17.5110
v 3.4700 -5.5611 17.5271
v 3.4700 -5.5611 17.5271
v 3.4700 -5.5450 17.5660
v 3.0000 -5.5700 17.6160
v 3.0000 -5.5700 17.5660
v 3.0260 -5.5850 17.5660
v 3.0260 -5.5850 17.6160
v 3.0260 -5.5850 17.6160
v 3.0260 -5.5850 17.5660
v 3.0260 -5.6150 17.5660
v 3.0260 -5.6150 17.6160
v 3.0260 -5.6150 17.6160
v 3.0260 -5.6150 17.5660
v 3.0000 -5.6300 17.5660
v 3.0000 -5.6300 17.6160
v 3.0000 -5.6300 17.6160
v 3.0000 -5.6300 17.5660
v 2.9740 -5.6150 17.5660
v 2.9740 -5.6150 17.6160
v 2.9740 -5.6150 17.6160
v 2.9740 -5.6150 17.5660
v 2.9740 -5.5850 17.5660
v 2.9740 -5.5850 17.6160
v 2.9740 -5.5850 17.6160
v 2.9740 -5.5850 17.5660
v 3.0000 -5.5700 17.5660
v 3.0000 -5.5700 17.6160
v 3.0000 -5.6000 17.6160
v 3.0000 -5.5700 17.6160
v 3.0260 -5.5850 17.6160
v 3.0260 -5.5850 17.6160
v 3.0260 -5.6150 17.6160
v 3.0260 -5.6150 17.6160
v 3.0000 -5.6300 17.6160
v 3.0000 -5.6300 17.6160
v 2.9740 -5.6150 17.6160
v 2.9740 -5.6150 17.6160
v 2.9740 -5.5850 17.6160
v 2.9740 -5.5850 17.6160
v 3.0000 -5.5700 17.6160
v 3.0000 -5.6000 17.5660
v 3.0000 -5.5700 17.5660
v 3.0260 -5.5850 17.5660
v 3.0260 -5.5850 17.5660
v 3.0260 -5.6150 17.5660
v 3.0260 -5.6150 17.5660
v 3.0000 -5.6300 17.5660
v 3.0000 -5.6300 17.5660
v 2.9740 -5.6150 17.5660
v 2.9740 -5.6150 17.5660
v 2.9740 -5.5850 17.5660
v 2.9740 -5.5850 17.5660
v 3.0000 -5.5700 17.5660
v 196.6500 -5.5750 17.1986
v 197.3500 -5.5750 17.1986
v 197.3500 -5.5875 17.2202
v 196.6500 -5.5875 17.2202
v 196.6500 -5.5875 17.2202
v 197.3500 -5.5875 17.2202
v 197.3500 -5.6125 17.2202
v 196.6500 -5.6125 17.2202
v 196.6500 -5.6125 17.2202
v 197.3500 -5.6125 17.2202
v 197.3500 -5.6250 17.1986
v 196.6500 -5.6250 17.1986
v 196.6500 -5.6250 17.1986
v 197.3500 -5.6250 17.1986
v 197.3500 -5.6125 17.1769
v 196.6500 -5.6125 17.1769
v 196.6500 -5.6125 17.1769
v 197.3500 -5.6125 17.1769
v 197.3500 -5.5875 17.1769
v 196.6500 -5.5875 17.1769
v 196.6500 -5.5875 17.1769
v 197.3500 -5.5875 17.1769
v 197.3500 -5.5750 17.1986
v 196.6500 -5.5750 17.1986
v 196.6500 -5.6000 17.1986
v 196.6500 -5.5750 17.1986
v 196.6500 -5.5875 17.2202
v 196.6500 -5.5875 17.2202
v 196.6500 -5.6125 17.2202
v 196.6500 -5.6125 17.2202
v 196.6500 -5.6250 17.1986
v 196.6500 -5.6250 17.1986
v 196.6500 -5.6125 17.1769
v 196.6500 -5.6125 17.1769
v 196.6500 -5.5875 17.1769
v 196.6500 -5.5875 17.1769
v 196.6500 -5.5750 17.1986
v 197.3500 -5.6000 17.1986
v 197.3500 -5.5750 17.1986
v 197.3500 -5.5875 17.2202
v 197.3500 -5.5875 17.2202
v 197.3500 -5.6125 17.2202
v 197.3500 -5.6125 17.2202
v 197.3500 -5.6250 17.1986
v 197.3500 -5.6250 17.1986
v 197.3500 -5.6125 17.1769
v 197.3500 -5.6125 17.1769
v 197.3500 -5.5875 17.1769
v 197.3500 -5.5875 17.1769
v 197.3500 -5.5750 17.1986
v 196.5300 -5.5450 17.1986
v 196.7100 -5.5450 17.1986
v 196.7100 -5.5611 17.2375
v 196.5300 -5.5611 17.2375
v 196.5300 -5.5611 17.2375
v 196.7100 -5.5611 17.2375
v 196.7100 -5.6000 17.2536
v 196.5300 -5.6000 17.2536
v 196.5300 -5.6000 17.2536
v 196.7100 -5.6000 17.2536
v 196.7100 -5.6389 17.2375
v 196.5300 -5.6389 17.2375
v 196.5300 -5.6389 17.2375
v 196.7100 -5.6389 17.2375
v 196.7100 -5.6550 17.1986
v 196.5300 -5.6550 17.1986
v 196.5300 -5.6550 17.1986
v 196.7100 -5.6550 17.1986
v 196.7100 -5.6389 17.1597
v 196.5300 -5.6389 17.1597
v 196.5300 -5.6389 17.1597
v 196.7100 -5.6389 17.1597
v 196.7100 -5.6000 17.1436
v 196.5300 -5.6000 17.1436
v 196.5300 -5.6000 17.1436
v 196.7100 -5.6000 17.1436
v 196.7100 -5.5611 17.1597
v 196.5300 -5.5611 17.1597
v 196.5300 -5.5611 17.1597
v 196.7100 -5.5611 17.1597
v 196.7100 -5.5450 17.1986
v 196.5300 -5.5450 17.1986
v 196.5300 -5.6000 17.1986
v 196.5300 -5.5450 17.1986
v 196.5300 -5.5611 17.2375
v 196.5300 -5.5611 17.2375
v 196.5300 -5.6000 17.2536
v 196.5300 -5.6000 17.2536
v 196.5300 -5.6389 17.2375
v 196.5300 -5.6389 17.2375
v 196.5300 -5.6550 17.1986
v 196.5300 -5.6550 17.1986
v 196.5300 -5.6389 17.1597
v 196.5300 -5.6389 17.1597
v 196.5300 -5.6000 17.1436
v 196.5300 -5.6000 17.1436
v 196.5300 -5.5611 17.1597
v 196.5300 -5.5611 17.1597
v 196.5300 -5.5450 17.1986
v 196.7100 -5.6000 17.1986
v 196.7100 -5.5450 17.1986
v 196.7100 -5.5611 17.2375
v 196.7100 -5.5611 17.2375
v 196.7100 -5.6000 17.2536
v 196.7100 -5.6000 17.2536
v 196.7100 -5.6389 17.2375
v 196.7100 -5.6389 17.2375
v 196.7100 -5.6550 17.1986
v 196.7100 -5.6550 17.1986
v 196.7100 -5.6389 17.1597
v 196.7100 -5.6389 17.1597
v 196.7100 -5.6000 17.1436
v 196.7100 -5.6000 17.1436
v 196.7100 -5.5611 17.1597
v 196.7100 -5.5611 17.1597
v 196.7100 -5.5450 17.1986
v 197.2900 -5.5450 17.1986
v 197.4700 -5.5450 17.1986
v 197.4700 -5.5611 17.2375
v 197.2900 -5.5611 17.2375
v 197.2900 -5.5611 17.2375
v 197.4700 -5.5611 17.2375
v 197.4700 -5.6000 17.2536
v 197.2900 -5.6000 17.2536
v 197.2900 -5.6000 17.2536
v 197.4700 -5.6000 17.2536
v 197.4700 -5.6389 17.2375
v 197.2900 -5.6389 17.2375
v 197.2900 -5.6389 17.2375
v 197.4700 -5.6389 17.2375
v 197.4700 -5.6550 17.1986
v 197.2900 -5.6550 17.1986
v 197.2900 -5.6550 17.1986
v 197.4700 -5.6550 17.1986
v 197.4700 -5.6389 17.1597
v 197.2900 -5.6389 17.1597
v 197.2900 -5.6389 17.1597
v 197.4700 -5.6389 17.1597
v 197.4700 -5.6000 17.1436
v 197.2900 -5.6000 17.1436
v 197.2900 -5.6000 17.1436
v 197.4700 -5.6000 17.1436
v 197.4700 -5.5611 17.1597
v 197.2900 -5.5611 17.1597
v 197.2900 -5.5611 17.1597
v 197.4700 -5.5611 17.1597
v 197.4700 -5.5450 17.1986
v 197.2900 -5.5450 17.1986
v 197.2900 -5.6000 17.1986
v 197.2900 -5.5450 17.1986
v 197.2900 -5.5611 17.2375
v 197.2900 -5.5611 17.2375
v 197.2900 -5.6000 17.2536
v 197.2900 -5.6000 17.2536
v 197.2900 -5.6389 17.2375
v 197.2900 -5.6389 17.2375
v 197.2900 -5.6550 17.1986
v 197.2900 -5.6550 17.1986
v 197.2900 -5.6389 17.1597
v 197.2900 -5.6389 17.1597
v 197.2900 -5.6000 17.1436
v 197.2900 -5.6000 17.1436
v 197.2900 -5.5611 17.1597
v 197.2900 -5.5611 17.1597
v 197.2900 -5.5450 17.1986
v 197.4700 -5.6000 17.1986
v 197.4700 -5.5450 17.1986
v 197.4700 -5.5611 17.2375
v 197.4700 -5.5611 17.2375
v 197.4700 -5.6000 17.2536
v 197.4700 -5.6000 17.2536
v 197.4700 -5.6389 17.2375
v 197.4700 -5.6389 17.2375
v 197.4700 -5.6550 17.1986
v 197.4700 -5.6550 17.1986
v 197.4700 -5.6389 17.1597
v 197.4700 -5.6389 17.1597
v 197.4700 -5.6000 17.1436
v 197.4700 -5.6000 17.1436
v 197.4700 -5.5611 17.1597
v 197.4700 -5.5611 17.1597
v 197.4700 -5.5450 17.1986
v 197.0000 -5.5700 17.2486
v 197.0000 -5.5700 17.1986
v 197.0260 -5.5850 17.1986
v 197.0260 -5.5850 17.2486
v 197.0260 -5.5850 17.2486
v 197.0260 -5.5850 17.1986
v 197.0260 -5.6150 17.1986
v 197.0260 -5.6150 17.2486
v 197.0260 -5.6150 17.2486
v 197.0260 -5.6150 17.1986
v 197.0000 -5.6300 17.1986
v 197.0000 -5.6300 17.2486
v 197.0000 -5.6300 17.2486
v 197.0000 -5.6300 17.1986
v 196.9740 -5.6150 17.1986
v 196.9740 -5.6150 17.2486
v 196.9740 -5.6150 17.2486
v 196.9740 -5.6150 17.1986
v 196.9740 -5.5850 17.1986
v 196.9740 -5.5850 17.2486
v 196.9740 -5.5850 17.2486
v 196.9740 -5.5850 17.1986
v 197.0000 -5.5700 17.1986
v 197.0000 -5.5700 17.2486
v 197.0000 -5.6000 17.2486
v 197.0000 -5.5700 17.2486
v 197.0260 -5.5850 17.2486
v 197.0260 -5.5850 17.2486
v 197.0260 -5.6150 17.2486
v 197.0260 -5.6150 17.2486
v 197.0000 -5.6300 17.2486
v 197.0000 -5.6300 17.2486
v 196.9740 -5.6150 17.2486
v 196.9740 -5.6150 17.2486
v 196.9740 -5.5850 17.2486
v 196.9740 -5.5850 17.2486
v 197.0000 -5.5700 17.2486
v 197.0000 -5.6000 17.1986
v 197.0000 -5.5700 17.1986
v 197.0260 -5.5850 17.1986
v 197.0260 -5.5850 17.1986
v 197.0260 -5.6150 17.1986
v 197.0260 -5.6150 17.1986
v 197.0000 -5.6300 17.1986
v 197.0000 -5.6300 17.1986
v 196.9740 -5.6150 17.1986
v 196.9740 -5.6150 17.1986
v 196.9740 -5.5850 17.1986
v 196.9740 -5.5850 17.1986
v 197.0000 -5.5700 17.1986
v 2.6500 5.6250 17.5660
v 3.3500 5.6250 17.5660
v 3.3500 5.6125 17.5877
v 2.6500 5.6125 17.5877
v 2.6500 5.6125 17.5877
v 3.3500 5.6125 17.5877
v 3.3500 5.5875 17.5877
v 2.6500 5.5875 17.5877
v 2.6500 5.5875 17.5877
v 3.3500 5.5875 17.5877
v 3.3500 5.5750 17.5660
v 2.6500 5.5750 17.5660
v 2.6500 5.5750 17.5660
v 3.3500 5.5750 17.5660
v 3.3500 5.5875 17.5443
v 2.6500 5.5875 17.5443
v 2.6500 5.5875 17.5443
v 3.3500 5.5875 17.5443
v 3.3500 5.6125 17.5443
v 2.6500 5.6125 17.5443
v 2.6500 5.6125 17.5443
v 3.3500 5.6125 17.5443
v 3.3500 5.6250 17.5660
v 2.6500 5.6250 17.5660
v 2.6500 5.6000 17.5660
v 2.6500 5.6250 17.5660
v 2.6500 5.6125 17.5877
v 2.6500 5.6125 17.5877
v 2.6500 5.5875 17.5877
v 2.6500 5.5875 17.5877
v 2.6500 5.5750 17.5660
v 2.6500 5.5750 17.5660
v 2.6500 5.5875 17.5443
v 2.6500 5.5875 17.5443
v 2.6500 5.6125 17.5443
v 2.6500 5.6125 17.5443
v 2.6500 5.6250 17.5660
v 3.3500 5.6000 17.5660
v 3.3500 5.6250 17.5660
v 3.3500 5.6125 17.5877
v 3.3500 5.6125 17.5877
v 3.3500 5.5875 17.5877
v 3.3500 5.5875 17.5877
v 3.3500 5.5750 17.5660
v 3.3500 5.5750 17.5660
v 3.3500 5.5875 17.5443
v 3.3500 5.5875 17.5443
v 3.3500 5.6125 17.5443
v 3.3500 5.6125 17.5443
v 3.3500 5.6250 17.5660
v 2.5300 5.6550 17.5660
v 2.7100 5.6550 17.5660
v 2.7100 5.6389 17.6049
v 2.5300 5.6389 17.6049
v 2.5300 5.6389 17.6049
v 2.7100 5.6389 17.6049
v 2.7100 5.6000 17.6210
v 2.5300 5.6000 17.6210
v 2.5300 5.6000 17.6210
v 2.7100 5.6000 17.6210
v 2.7100 5.5611 17.6049
v 2.5300 5.5611 17.6049
v 2.5300 5.5611 17.6049
v 2.7100 5.5611 17.6049
v 2.7100 5.5450 17.5660
v 2.5300 5.5450 17.5660
v 2.5300 5.5450 17.5660
v 2.7100 5.5450 17.5660
v 2.7100 5.5611 17.5271
v 2.5300 5.5611 17.5271
v 2.5300 5.5611 17.5271
v 2.7100 5.5611 17.5271
v 2.7100 5.6000 17.5110
v 2.5300 5.6000 17.5110
v 2.5300 5.6000 17.5110
v 2.7100 5.6000 17.5110
v 2.7100 5.6389 17.5271
v 2.5300 5.6389 17.5271
v 2.5300 5.6389 17.5271
v 2.7100 5.6389 17.5271
v 2.7100 5.6550 17.5660
v 2.5300 5.6550 17.5660
v 2.5300 5.6000 17.5660
v 2.5300 5.6550 17.5660
v 2.5300 5.6389 17.6049
v 2.5300 5.6389 17.6049
v 2.5300 5.6000 17.6210
v 2.5300 5.6000 17.6210
v 2.5300 5.5611 17.6049
v 2.5300 5.5611 17.6049
v 2.5300 5.5450 17.5660
v 2.5300 5.5450 17.5660
v 2.5300 5.5611 17.5271
v 2.5300 5.5611 17.5271
v 2.5300 5.6000 17.5110
v 2.5300 5.6000 17.5110
v 2.5300 5.6389 17.5271
v 2.5300 5.6389 17.5271
v 2.5300 5.6550 17.5660
v 2.7100 5.6000 17.5660
v 2.7100 5.6550 17.5660
v 2.7100 5.6389 17.6049
v 2.7100 5.6389 17.6049
v 2.7100 5.6000 17.6210
v 2.7100 5.6000 17.6210
v 2.7100 5.5611 17.6049
v 2.7100 5.5611 17.6049
v 2.7100 5.5450 17.5660
v 2.7100 5.5450 17.5660
v 2.7100 5.5611 17.5271
v 2.7100 5.5611 17.5271
v 2.7100 5.6000 17.5110
v 2.7100 5.6000 17.5110
v 2.7100 5.6389 17.5271
v 2.7100 5.6389 17.5271
v 2.7100 5.6550 17.5660
v 3.2900 5.6550 17.5660
v 3.4700 5.6550 17.5660
v 3.4700 5.6389 17.6049
v 3.2900 5.6389 17.6049
v 3.2900 5.6389 17.6049
v 3.4700 5.6389 17.6049
v 3.4700 5.6000 17.6210
v 3.2900 5.6000 17.6210
v 3.2900 5.6000 17.6210
v 3.4700 5.6000 17.6210
v 3.4700 5.5611 17.6049
v 3.2900 5.5611 17.6049
v 3.2900 5.5611 17.6049
v 3.4700 5.5611 17.6049
v 3.4700 5.5450 17.5660
v 3.2900 5.5450 17.5660
v 3.2900 5.5450 17.5660
v 3.4700 5.5450 17.5660
v 3.4700 5.5611 17.5271
v 3.2900 5.5611 17.5271
v 3.2900 5.5611 17.5271
v 3.4700 5.5611 17.5271
v 3.4700 5.6000 17.5110
v 3.2900 5.6000 17.5110
v 3.2900 5.6000 17.5110
v 3.4700 5.6000 17.5110
v 3.4700 5.6389 17.5271
v 3.2900 5.6389 17.5271
v 3.2900 5.6389 17.5271
v 3.4700 5.6389 17.5271
v 3.4700 5.6550 17.5660
v 3.2900 5.6550 17.5660
v 3.2900 5.6000 17.5660
v 3.2900 5.6550 17.5660
v 3.2900 5.6389 17.6049
v 3.2900 5.6389 17.6049
v 3.2900 5.6000 17.6210
v 3.2900 5.6000 17.6210
v 3.2900 5.5611 17.6049
v 3.2900 5.5611 17.6049
v 3.2900 5.5450 17.5660
v 3.2900 5.5450 17.5660
v 3.2900 5.5611 17.5271
v 3.2900 5.5611 17.5271
v 3.2900 5.6000 17.5110
v 3.2900 5.6000 17.5110
v 3.2900 5.6389 17.5271
v 3.2900 5.6389 17.5271
v 3.2900 5.6550 17.5660
v 3.4700 5.6000 17.5660
v 3.4700 5.6550 17.5660
v 3.4700 5.6389 17.6049
v 3.4700 5.6389 17.6049
v 3.4700 5.6000 17.6210
v 3.4700 5.6000 17.6210
v 3.4700 5.5611 17.6049
v 3.4700 5.5611 17.6049
v 3.4700 5.5450 17.5660
v 3.4700 5.5450 17.5660
v 3.4700 5.5611 17.5271
v 3.4700 5.5611 17.5271
v 3.4700 5.6000 17.5110
v 3.4700 5.6000 17.5110
v 3.4700 5.6389 17.5271
v 3.4700 5.6389 17.5271
v 3.4700 5.6550 17.5660
v 3.0000 5.6300 17.6160
v 3.0000 5.6300 17.5660
v 3.0260 5.6150 17.5660
v 3.0260 5.6150 17.6160
v 3.0260 5.6150 17.6160
v 3.0260 5.6150 17.5660
v 3.0260 5.5850 17.5660
v 3.0260 5.5850 17.6160
v 3.0260 5.5850 17.6160
v 3.0260 5.5850 17.5660
v 3.0000 5.5700 17.5660
v 3.0000 5.5700 17.6160
v 3.0000 5.5700 17.6160
v 3.0000 5.5700 17.5660
v 2.9740 5.5850 17.5660
v 2.9740 5.5850 17.6160
v 2.9740 5.5850 17.6160
v 2.9740 5.5850 17.5660
v 2.9740 5.6150 17.5660
v 2.9740 5.6150 17.6160
v 2.9740 5.6150 17.6160
v 2.9740 5.6150 17.5660
v 3.0000 5.6300 17.5660
v 3.0000 5.6300 17.6160
v 3.0000 5.6000 17.6160
v 3.0000 5.6300 17.6160
v 3.0260 5.6150 17.6160
v 3.0260 5.6150 17.6160
v 3.0260 5.5850 17.6160
v 3.0260 5.5850 17.6160
v 3.0000 5.5700 17.6160
v 3.0000 5.5700 17.6160
v 2.9740 5.5850 17.6160
v 2.9740 5.5850 17.6160
v 2.9740 5.6150 17.6160
v 2.9740 5.6150 17.6160
v 3.0000 5.6300 17.6160
v 3.0000 5.6000 17.5660
v 3.0000 5.6300 17.5660
v 3.0260 5.6150 17.5660
v 3.0260 5.6150 17.5660
v 3.0260 5.5850 17.5660
v 3.0260 5.5850 17.5660
v 3.0000 5.5700 17.5660
v 3.0000 5.5700 17.5660
v 2.9740 5.5850 17.5660
v 2.9740 5.5850 17.5660
v 2.9740 5.6150 17.5660
v 2.9740 5.6150 17.5660
v 3.0000 5.6300 17.5660
v 196.6500 5.6250 17.1986
v 197.3500 5.6250 17.1986
v 197.3500 5.6125 17.2202
v 196.6500 5.6125 17.2202
v 196.6500 5.6125 17.2202
v 197.3500 5.6125 17.2202
v 197.3500 5.5875 17.2202
v 196.6500 5.5875 17.2202
v 196.6500 5.5875 17.2202
v 197.3500 5.5875 17.2202
v 197.3500 5.5750 17.1986
v 196.6500 5.5750 17.1986
v 196.6500 5.5750 17.1986
v 197.3500 5.5750 17.1986
v 197.3500 5.5875 17.1769
v 196.6500 5.5875 17.1769
v 196.6500 5.5875 17.1769
v 197.3500 5.5875 17.1769
v 197.3500 5.6125 17.1769
v 196.6500 5.6125 17.1769
v 196.6500 5.6125 17.1769
v 197.3500 5.6125 17.1769
v 197.3500 5.6250 17.1986
v 196.6500 5.6250 17.1986
v 196.6500 5.6000 17.1986
v 196.6500 5.6250 17.1986
v 196.6500 5.6125 17.2202
v 196.6500 5.6125 17.2202
v 196.6500 5.5875 17.2202
v 196.6500 5.5875 17.2202
v 196.6500 5.5750 17.1986
v 196.6500 5.5750 17.1986
v 196.6500 5.5875 17.1769
v 196.6500 5.5875 17.1769
v 196.6500 5.6125 17.1769
v 196.6500 5.6125 17.1769
v 196.6500 5.6250 17.1986
v 197.3500 5.6000 17.1986
v 197.3500 5.6250 17.1986
v 197.3500 5.6125 17.2202
v 197.3500 5.6125 17.2202
v 197.3500 5.5875 17.2202
v 197.3500 5.5875 17.2202
v 197.3500 5.5750 17.1986
v 197.3500 5.5750 17.1986
v 197.3500 5.5875 17.1769
v 197.3500 5.5875 17.1769
v 197.3500 5.6125 17.1769
v 197.3500 5.6125 17.1769
v 197.3500 5.6250 17.1986
v 196.5300 5.6550 17.1986
v 196.7100 5.6550 17.1986
v 196.7100 5.6389 17.2375
v 196.5300 5.6389 17.2375
v 196.5300 5.6389 17.2375
v 196.7100 5.6389 17.2375
v 196.7100 5.6000 17.2536
v 196.5300 5.6000 17.2536
v 196.5300 5.6000 17.2536
v 196.7100 5.6000 17.2536
v 196.7100 5.5611 17.2375
v 196.5300 5.5611 17.2375
v 196.5300 5.5611 17.2375
v 196.7100 5.5611 17.2375
v 196.7100 5.5450 17.1986
v 196.5300 5.5450 17.1986
v 196.5300 5.5450 17.1986
v 196.7100 5.5450 17.1986
v 196.7100 5.5611 17.1597
v 196.5300 5.5611 17.1597
v 196.5300 5.5611 17.1597
v 196.7100 5.5611 17.1597
v 196.7100 5.6000 17.1436
v 196.5300 5.6000 17.1436
v 196.5300 5.6000 17.1436
v 196.7100 5.6000 17.1436
v 196.7100 5.6389 17.1597
v 196.5300 5.6389 17.1597
v 196.5300 5.6389 17.1597
v 196.7100 5.6389 17.1597
v 196.7100 5.6550 17.1986
v 196.5300 5.6550 17.1986
v 196.5300 5.6000 17.1986
v 196.5300 5.6550 17.1986
v 196.5300 5.6389 17.2375
v 196.5300 5.6389 17.2375
v 196.5300 5.6000 17.2536
v 196.5300 5.6000 17.2536
v 196.5300 5.5611 17.2375
v 196.5300 5.5611 17.2375
v 196.5300 5.5450 17.1986
v 196.5300 5.5450 17.1986
v 196.5300 5.5611 17.1597
v 196.5300 5.5611 17.1597
v 196.5300 5.6000 17.1436
v 196.5300 5.6000 17.1436
v 196.5300 5.6389 17.1597
v 196.5300 5.6389 17.1597
v 196.5300 5.6550 17.1986
v 196.7100 5.6000 17.1986
v 196.7100 5.6550 17.1986
v 196.7100 5.6389 17.2375
v 196.7100 5.6389 17.2375
v 196.7100 5.6000 17.2536
v 196.7100 5.6000 17.2536
v 196.7100 5.5611 17.2375
v 196.7100 5.5611 17.2375
v 196.7100 5.5450 17.1986
v 196.7100 5.5450 17.1986
v 196.7100 5.5611 17.1597
v 196.7100 5.5611 17.1597
v 196.7100 5.6000 17.1436
v 196.7100 5.6000 17.1436
v 196.7100 5.6389 17.1597
v 196.7100 5.6389 17.1597
v 196.7100 5.6550 17.1986
v 197.2900 5.6550 17.1986
v 197.4700 5.6550 17.1986
v 197.4700 5.6389 17.2375
v 197.2900 5.6389 17.2375
v 197.2900 5.6389 17.2375
v 197.4700 5.6389 17.2375
v 197.4700 5.6000 17.2536
v 197.2900 5.6000 17.2536
v 197.2900 5.6000 17.2536
v 197.4700 5.6000 17.2536
v 197.4700 5.5611 17.2375
v 197.2900 5.5611 17.2375
v 197.2900 5.5611 17.2375
v 197.4700 5.5611 17.2375
v 197.4700 5.5450 17.1986
v 197.2900 5.5450 17.1986
v 197.2900 5.5450 17.1986
v 197.4700 5.5450 17.1986
v 197.4700 5.5611 17.1597
v 197.2900 5.5611 17.1597
v 197.2900 5.5611 17.1597
v 197.4700 5.5611 17.1597
v 197.4700 5.6000 17.1436
v 197.2900 5.6000 17.1436
v 197.2900 5.6000 17.1436
v 197.4700 5.6000 17.1436
v 197.4700 5.6389 17.1597
v 197.2900 5.6389 17.1597
v 197.2900 5.6389 17.1597
v 197.4700 5.6389 17.1597
v 197.4700 5.6550 17.1986
v 197.2900 5.6550 17.1986
v 197.2900 5.6000 17.1986
v 197.2900 5.6550 17.1986
v 197.2900 5.6389 17.2375
v 197.2900 5.6389 17.2375
v 197.2900 5.6000 17.2536
v 197.2900 5.6000 17.2536
v 197.2900 5.5611 17.2375
v 197.2900 5.5611 17.2375
v 197.2900 5.5450 17.1986
v 197.2900 5.5450 17.1986
v 197.2900 5.5611 17.1597
v 197.2900 5.5611 17.1597
v 197.2900 5.6000 17.1436
v 197.2900 5.6000 17.1436
v 197.2900 5.6389 17.1597
v 197.2900 5.6389 17.1597
v 197.2900 5.6550 17.1986
v 197.4700 5.6000 17.1986
v 197.4700 5.6550 17.1986
v 197.4700 5.6389 17.2375
v 197.4700 5.6389 17.2375
v 197.4700 5.6000 17.2536
v 197.4700 5.6000 17.2536
v 197.4700 5.5611 17.2375
v 197.4700 5.5611 17.2375
v 197.4700 5.5450 17.1986
v 197.4700 5.5450 17.1986
v 197.4700 5.5611 17.1597
v 197.4700 5.5611 17.1597
v 197.4700 5.6000 17.1436
v 197.4700 5.6000 17.1436
v 197.4700 5.6389 17.1597
v 197.4700 5.6389 17.1597
v 197.4700 5.6550 17.1986
v 197.0000 5.6300 17.2486
v 197.0000 5.6300 17.1986
v 197.0260 5.6150 17.1986
v 197.0260 5.6150 17.2486
v 197.0260 5.6150 17.2486
v 197.0260 5.6150 17.1986
v 197.0260 5.5850 17.1986
v 197.0260 5.5850 17.2486
v 197.0260 5.5850 17.2486
v 197.0260 5.5850 17.1986
v 197.0000 5.5700 17.1986
v 197.0000 5.5700 17.2486
v 197.0000 5.5700 17.2486
v 197.0000 5.5700 17.1986
v 196.9740 5.5850 17.1986
v 196.9740 5.5850 17.2486
v 196.9740 5.5850 17.2486
v 196.9740 5.5850 17.1986
v 196.9740 5.6150 17.1986
v 196.9740 5.6150 17.2486
v 196.9740 5.6150 17.2486
v 196.9740 5.6150 17.1986
v 197.0000 5.6300 17.1986
v 197.0000 5.6300 17.2486
v 197.0000 5.6000 17.2486
v 197.0000 5.6300 17.2486
v 197.0260 5.6150 17.2486
v 197.0260 5.6150 17.2486
v 197.0260 5.5850 17.2486
v 197.0260 5.5850 17.2486
v 197.0000 5.5700 17.2486
v 197.0000 5.5700 17.2486
v 196.9740 5.5850 17.2486
v 196.9740 5.5850 17.2486
v 196.9740 5.6150 17.2486
v 196.9740 5.6150 17.2486
v 197.0000 5.6300 17.2486
v 197.0000 5.6000 17.1986
v 197.0000 5.6300 17.1986
v 197.0260 5.6150 17.1986
v 197.0260 5.6150 17.1986
v 197.0260 5.5850 17.1986
v 197.0260 5.5850 17.1986
v 197.0000 5.5700 17.1986
v 197.0000 5.5700 17.1986
v 196.9740 5.5850 17.1986
v 196.9740 5.5850 17.1986
v 196.9740 5.6150 17.1986
v 196.9740 5.6150 17.1986
v 197.0000 5.6300 17.1986
v 2.6500 -6.3750 23.0380
v 3.3500 -6.3750 23.0380
v 3.3500 -6.3875 23.0597
v 2.6500 -6.3875 23.0597
v 2.6500 -6.3875 23.0597
v 3.3500 -6.3875 23.0597
v 3.3500 -6.4125 23.0597
v 2.6500 -6.4125 23.0597
v 2.6500 -6.4125 23.0597
v 3.3500 -6.4125 23.0597
v 3.3500 -6.4250 23.0380
v 2.6500 -6.4250 23.0380
v 2.6500 -6.4250 23.0380
v 3.3500 -6.4250 23.0380
v 3.3500 -6.4125 23.0163
v 2.6500 -6.4125 23.0163
v 2.6500 -6.4125 23.0163
v 3.3500 -6.4125 23.0163
v 3.3500 -6.3875 23.0163
v 2.6500 -6.3875 23.0163
v 2.6500 -6.3875 23.0163
v 3.3500 -6.3875 23.0163
v 3.3500 -6.3750 23.0380
v 2.6500 -6.3750 23.0380
v 2.6500 -6.4000 23.0380
v 2.6500 -6.3750 23.0380
v 2.6500 -6.3875 23.0597
v 2.6500 -6.3875 23.0597
v 2.6500 -6.4125 23.0597
v 2.6500 -6.4125 23.0597
v 2.6500 -6.4250 23.0380
v 2.6500 -6.4250 23.0380
v 2.6500 -6.4125 23.0163
v 2.6500 -6.4125 23.0163
v 2.6500 -6.3875 23.0163
v 2.6500 -6.3875 23.0163
v 2.6500 -6.3750 23.0380
v 3.3500 -6.4000 23.0380
v 3.3500 -6.3750 23.0380
v 3.3500 -6.3875 23.0597
v 3.3500 -6.3875 23.0597
v 3.3500 -6.4125 23.0597
v 3.3500 -6.4125 23.0597
v 3.3500 -6.4250 23.0380
v 3.3500 -6.4250 23.0380
v 3.3500 -6.4125 23.0163
v 3.3500 -6.4125 23.0163
v 3.3500 -6.3875 23.0163
v 3.3500 -6.3875 23.0163
v 3.3500 -6.3750 23.0380
v 2.5300 -6.3450 23.0380
v 2.7100 -6.3450 23.0380
v 2.7100 -6.3611 23.0769
v 2.5300 -6.3611 23.0769
v 2.5300 -6.3611 23.0769
v 2.7100 -6.3611 23.0769
v 2.7100 -6.4000 23.0930
v 2.5300 -6.4000 23.0930
v 2.5300 -6.4000 23.0930
v 2.7100 -6.4000 23.0930
v 2.7100 -6.4389 23.0769
v 2.5300 -6.4389 23.0769
v 2.5300 -6.4389 23.0769
v 2.7100 -6.4389 23.0769
v 2.7100 -6.4550 23.0380
v 2.5300 -6.4550 23.0380
v 2.5300 -6.4550 23.0380
v 2.7100 -6.4550 23.0380
v 2.7100 -6.4389 22.9991
v 2.5300 -6.4389 22.9991
v 2.5300 -6.4389 22.9991
v 2.7100 -6.4389 22.9991
v 2.7100 -6.4000 22.9830
v 2.5300 -6.4000 22.9830
v 2.5300 -6.4000 22.9830
v 2.7100 -6.4000 22.9830
v 2.7100 -6.3611 22.9991
v 2.5300 -6.3611 22.9991
v 2.5300 -6.3611 22.9991
v 2.7100 -6.3611 22.9991
v 2.7100 -6.3450 23.0380
v 2.5300 -6.3450 23.0380
v 2.5300 -6.4000 23.0380
v 2.5300 -6.3450 23.0380
v 2.5300 -6.3611 23.0769
v 2.5300 -6.3611 23.0769
v 2.5300 -6.4000 23.0930
v 2.5300 -6.4000 23.0930
v 2.5300 -6.4389 23.0769
v 2.5300 -6.4389 23.0769
v 2.5300 -6.4550 23.0380
v 2.5300 -6.4550 23.0380
v 2.5300 -6.4389 22.9991
v 2.5300 -6.4389 22.9991
v 2.5300 -6.4000 22.9830
v 2.5300 -6.4000 22.9830
v 2.5300 -6.3611 22.9991
v 2.5300 -6.3611 22.9991
v 2.5300 -6.3450 23.0380
v 2.7100 -6.4000 23.0380
v 2.7100 -6.3450 23.0380
v 2.7100 -6.3611 23.0769
v 2.7100 -6.3611 23.0769
v 2.7100 -6.4000 23.0930
v 2.7100 -6.4000 23.0930
v 2.7100 -6.4389 23.0769
v 2.7100 -6.4389 23.0769
v 2.7100 -6.4550 23.0380
v 2.7100 -6.4550 23.0380
v 2.7100 -6.4389 22.9991
v 2.7100 -6.4389 22.9991
v 2.7100 -6.4000 22.9830
v 2.7100 -6.4000 22.9830
v 2.7100 -6.3611 22.9991
v 2.7100 -6.3611 22.9991
v 2.7100 -6.3450 23.0380
v 3.2900 -6.3450 23.0380
v 3.4700 -6.3450 23.0380
v 3.4700 -6.3611 23.0769
v 3.2900 -6.3611 23.0769
v 3.2900 -6.3611 23.0769
v 3.4700 -6.3611 23.0769
v 3.4700 -6.4000 23.0930
v 3.2900 -6.4000 23.0930
v 3.2900 -6.4000 23.0930
v 3.4700 -6.4000 23.0930
v 3.4700 -6.4389 23.0769
v 3.2900 -6.4389 23.0769
v 3.2900 -6.4389 23.0769
v 3.4700 -6.4389 23.0769
v 3.4700 -6.4550 23.0380
v 3.2900 -6.4550 23.0380
v 3.2900 -6.4550 23.0380
v 3.4700 -6.4550 23.0380
v 3.4700 -6.4389 22.9991
v 3.2900 -6.4389 22.9991
v 3.2900 -6.4389 22.9991
v 3.4700 -6.4389 22.9991
v 3.4700 -6.4000 22.9830
v 3.2900 -6.4000 22.9830
v 3.2900 -6.4000 22.9830
v 3.4700 -6.4000 22.9830
v 3.4700 -6.3611 22.9991
v 3.2900 -6.3611 22.9991
v 3.2900 -6.3611 22.9991
v 3.4700 -6.3611 22.9991
v 3.4700 -6.3450 23.0380
v 3.2900 -6.3450 23.0380
v 3.2900 -6.4000 23.0380
v 3.2900 -6.3450 23.0380
v 3.2900 -6.3611 23.0769
v 3.2900 -6.3611 23.0769
v 3.2900 -6.4000 23.0930
v 3.2900 -6.4000 23.0930
v 3.2900 -6.4389 23.0769
v 3.2900 -6.4389 23.0769
v 3.2900 -6.4550 23.0380
v 3.2900 -6.4550 23.0380
v 3.2900 -6.4389 22.9991
v 3.2900 -6.4389 22.9991
v 3.2900 -6.4000 22.9830
v 3.2900 -6.4000 22.9830
v 3.2900 -6.3611 22.9991
v 3.2900 -6.3611 22.9991
v 3.2900 -6.3450 23.0380
v 3.4700 -6.4000 23.0380
v 3.4700 -6.3450 23.0380
v 3.4700 -6.3611 23.0769
v 3.4700 -6.3611 23.0769
v 3.4700 -6.4000 23.0930
v 3.4700 -6.4000 23.0930
v 3.4700 -6.4389 23.0769
v 3.4700 -6.4389 23.0769
v 3.4700 -6.4550 23.0380
v 3.4700 -6.4550 23.0380
v 3.4700 -6.4389 22.9991
v 3.4700 -6.4389 22.9991
v 3.4700 -6.4000 22.9830
v 3.4700 -6.4000 22.9830
v 3.4700 -6.3611 22.9991
v 3.4700 -6.3611 22.9991
v 3.4700 -6.3450 23.0380
v 3.0000 -6.3700 23.0880
v 3.0000 -6.3700 23.0380
v 3.0260 -6.3850 23.0380
v 3.0260 -6.3850 23.0880
v 3.0260 -6.3850 23.0880
v 3.0260 -6.3850 23.0380
v 3.0260 -6.4150 23.0380
v 3.0260 -6.4150 23.0880
v 3.0260 -6.4150 23.0880
v 3.0260 -6.4150 23.0380
v 3.0000 -6.4300 23.0380
v 3.0000 -6.4300 23.0880
v 3.0000 -6.4300 23.0880
v 3.0000 -6.4300 23.0380
v 2.9740 -6.4150 23.0380
v 2.9740 -6.4150 23.0880
v 2.9740 -6.4150 23.0880
v 2.9740 -6.4150 23.0380
v 2.9740 -6.3850 23.0380
v 2.9740 -6.3850 23.0880
v 2.9740 -6.3850 23.0880
v 2.9740 -6.3850 23.0380
v 3.0000 -6.3700 23.0380
v 3.0000 -6.3700 23.0880
v 3.0000 -6.4000 23.0880
v 3.0000 -6.3700 23.0880
v 3.0260 -6.3850 23.0880
v 3.0260 -6.3850 23.0880
v 3.0260 -6.4150 23.0880
v 3.0260 -6.4150 23.0880
v 3.0000 -6.4300 23.0880
v 3.0000 -6.4300 23.0880
v 2.9740 -6.4150 23.0880
v 2.9740 -6.4150 23.0880
v 2.9740 -6.3850 23.0880
v 2.9740 -6.3850 23.0880
v 3.0000 -6.3700 23.0880
v 3.0000 -6.4000 23.0380
v 3.0000 -6.3700 23.0380
v 3.0260 -6.3850 23.0380
v 3.0260 -6.3850 23.0380
v 3.0260 -6.4150 23.0380
v 3.0260 -6.4150 23.0380
v 3.0000 -6.4300 23.0380
v 3.0000 -6.4300 23.0380
v 2.9740 -6.4150 23.0380
v 2.9740 -6.4150 23.0380
v 2.9740 -6.3850 23.0380
v 2.9740 -6.3850 23.0380
v 3.0000 -6.3700 23.0380
v 196.6500 -6.3750 22.6706
v 197.3500 -6.3750 22.6706
v 197.3500 -6.3875 22.6922
v 196.6500 -6.3875 22.6922
v 196.6500 -6.3875 22.6922
v 197.3500 -6.3875 22.6922
v 197.3500 -6.4125 22.6922
v 196.6500 -6.4125 22.6922
v 196.6500 -6.4125 22.6922
v 197.3500 -6.4125 22.6922
v 197.3500 -6.4250 22.6706
v 196.6500 -6.4250 22.6706
v 196.6500 -6.4250 22.6706
v 197.3500 -6.4250 22.6706
v 197.3500 -6.4125 22.6489
v 196.6500 -6.4125 22.6489
v 196.6500 -6.4125 22.6489
v 197.3500 -6.4125 22.6489
v 197.3500 -6.3875 22.6489
v 196.6500 -6.3875 22.6489
v 196.6500 -6.3875 22.6489
v 197.3500 -6.3875 22.6489
v 197.3500 -6.3750 22.6706
v 196.6500 -6.3750 22.6706
v 196.6500 -6.4000 22.6706
v 196.6500 -6.3750 22.6706
v 196.6500 -6.3875 22.6922
v 196.6500 -6.3875 22.6922
v 196.6500 -6.4125 22.6922
v 196.6500 -6.4125 22.6922
v 196.6500 -6.4250 22.6706
v 196.6500 -6.4250 22.6706
v 196.6500 -6.4125 22.6489
v 196.6500 -6.4125 22.6489
v 196.6500 -6.3875 22.6489
v 196.6500 -6.3875 22.6489
v 196.6500 -6.3750 22.6706
v 197.3500 -6.4000 22.6706
v 197.3500 -6.3750 22.6706
v 197.3500 -6.3875 22.6922
v 197.3500 -6.3875 22.6922
v 197.3500 -6.4125 22.6922
v 197.3500 -6.4125 22.6922
v 197.3500 -6.4250 22.6706
v 197.3500 -6.4250 22.6706
v 197.3500 -6.4125 22.6489
v 197.3500 -6.4125 22.6489
v 197.3500 -6.3875 22.6489
v 197.3500 -6.3875 22.6489
v 197.3500 -6.3750 22.6706
v 196.5300 -6.3450 22.6706
v 196.7100 -6.3450 22.6706
v 196.7100 -6.3611 22.7095
v 196.5300 -6.3611 22.7095
v 196.5300 -6.3611 22.7095
v 196.7100 -6.3611 22.7095
v 196.7100 -6.4000 22.7256
v 196.5300 -6.4000 22.7256
v 196.5300 -6.4000 22.7256
v 196.7100 -6.4000 22.7256
v 196.7100 -6.4389 22.7095
v 196.5300 -6.4389 22.7095
v 196.5300 -6.4389 22.7095
v 196.7100 -6.4389 22.7095
v 196.7100 -6.4550 22.6706
v 196.5300 -6.4550 22.6706
v 196.5300 -6.4550 22.6706
v 196.7100 -6.4550 22.6706
v 196.7100 -6.4389 22.6317
v 196.5300 -6.4389 22.6317
v 196.5300 -6.4389 22.6317
v 196.7100 -6.4389 22.6317
v 196.7100 -6.4000 22.6156
v 196.5300 -6.4000 22.6156
v 196.5300 -6.4000 22.6156
v 196.7100 -6.4000 22.6156
v 196.7100 -6.3611 22.6317
v 196.5300 -6.3611 22.6317
v 196.5300 -6.3611 22.6317
v 196.7100 -6.3611 22.6317
v 196.7100 -6.3450 22.6706
v 196.5300 -6.3450 22.6706
v 196.5300 -6.4000 22.6706
v 196.5300 -6.3450 22.6706
v 196.5300 -6.3611 22.7095
v 196.5300 -6.3611 22.7095
v 196.5300 -6.4000 22.7256
v 196.5300 -6.4000 22.7256
v 196.5300 -6.4389 22.7095
v 196.5300 -6.4389 22.7095
v 196.5300 -6.4550 22.6706
v 196.5300 -6.4550 22.6706
v 196.5300 -6.4389 22.6317
v 196.5300 -6.4389 22.6317
v 196.5300 -6.4000 22.6156
v 196.5300 -6.4000 22.6156
v 196.5300 -6.3611 22.6317
v 196.5300 -6.3611 22.6317
v 196.5300 -6.3450 22.6706
v 196.7100 -6.4000 22.6706
v 196.7100 -6.3450 22.6706
v 196.7100 -6.3611 22.7095
v 196.7100 -6.3611 22.7095
v 196.7100 -6.4000 22.7256
v 196.7100 -6.4000 22.7256
v 196.7100 -6.4389 22.7095
v 196.7100 -6.4389 22.7095
v 196.7100 -6.4550 22.6706
v 196.7100 -6.4550 22.6706
v 196.7100 -6.4389 22.6317
v 196.7100 -6.4389 22.6317
v 196.7100 -6.4000 22.6156
v 196.7100 -6.4000 22.6156
v 196.7100 -6.3611 22.6317
v 196.7100 -6.3611 22.6317
v 196.7100 -6.3450 22.6706
v 197.2900 -6.3450 22.6706
v 197.4700 -6.3450 22.6706
v 197.4700 -6.3611 22.7095
v 197.2900 -6.3611 22.7095
v 197.2900 -6.3611 22.7095
v 197.4700 -6.3611 22.7095
v 197.4700 -6.4000 22.7256
v 197.2900 -6.4000 22.7256
v 197.2900 -6.4000 22.7256
v 197.4700 -6.4000 22.7256
v 197.4700 -6.4389 22.7095
v 197.2900 -6.4389 22.7095
v 197.2900 -6.4389 22.7095
v 197.4700 -6.4389 22.7095
v 197.4700 -6.4550 22.6706
v 197.2900 -6.4550 22.6706
v 197.2900 -6.4550 22.6706
v 197.4700 -6.4550 22.6706
v 197.4700 -6.4389 22.6317
v 197.2900 -6.4389 22.6317
v 197.2900 -6.4389 22.6317
v 197.4700 -6.4389 22.6317
v 197.4700 -6.4000 22.6156
v 197.2900 -6.4000 22.6156
v 197.2900 -6.4000 22.6156
v 197.4700 -6.4000 22.6156
v 197.4700 -6.3611 22.6317
v 197.2900 -6.3611 22.6317
v 197.2900 -6.3611 22.6317
v 197.4700 -6.3611 22.6317
v 197.4700 -6.3450 22.6706
v 197.2900 -6.3450 22.6706
v 197.2900 -6.4000 22.6706
v 197.2900 -6.3450 22.6706
v 197.2900 -6.3611 22.7095
v 197.2900 -6.3611 22.7095
v 197.2900 -6.4000 22.7256
v 197.2900 -6.4000 22.7256
v 197.2900 -6.4389 22.7095
v 197.2900 -6.4389 22.7095
v 197.2900 -6.4550 22.6706
v 197.2900 -6.4550 22.6706
v 197.2900 -6.4389 22.6317
v 197.2900 -6.4389 22.6317
v 197.2900 -6.4000 22.6156
v 197.2900 -6.4000 22.6156
v 197.2900 -6.3611 22.6317
v 197.2900 -6.3611 22.6317
v 197.2900 -6.3450 22.6706
v 197.4700 -6.4000 22.6706
v 197.4700 -6.3450 22.6706
v 197.4700 -6.3611 22.7095
v 197.4700 -6.3611 22.7095
v 197.4700 -6.4000 22.7256
v 197.4700 -6.4000 22.7256
v 197.4700 -6.4389 22.7095
v 197.4700 -6.4389 22.7095
v 197.4700 -6.4550 22.6706
v 197.4700 -6.4550 22.6706
v 197.4700 -6.4389 22.6317
v 197.4700 -6.4389 22.6317
v 197.4700 -6.4000 22.6156
v 197.4700 -6.4000 22.6156
v 197.4700 -6.3611 22.6317
v 197.4700 -6.3611 22.6317
v 197.4700 -6.3450 22.6706
v 197.0000 -6.3700 22.7206
v 197.0000 -6.3700 22.6706
v 197.0260 -6.3850 22.6706
v 197.0260 -6.3850 22.7206
v 197.0260 -6.3850 22.7206
v 197.0260 -6.3850 22.6706
v 197.0260 -6.4150 22.6706
v 197.0260 -6.4150 22.7206
v 197.0260 -6.4150 22.7206
v 197.0260 -6.4150 22.6706
v 197.0000 -6.4300 22.6706
v 197.0000 -6.4300 22.7206
v 197.0000 -6.4300 22.7206
v 197.0000 -6.4300 22.6706
v 196.9740 -6.4150 22.6706
v 196.9740 -6.4150 22.7206
v 196.9740 -6.4150 22.7206
v 196.9740 -6.4150 22.6706
v 196.9740 -6.3850 22.6706
v 196.9740 -6.3850 22.7206
v 196.9740 -6.3850 22.7206
v 196.9740 -6.3850 22.6706
v 197.0000 -6.3700 22.6706
v 197.0000 -6.3700 22.7206
v 197.0000 -6.4000 22.7206
v 197.0000 -6.3700 22.7206
v 197.0260 -6.3850 22.7206
v 197.0260 -6.3850 22.7206
v 197.0260 -6.4150 22.7206
v 197.0260 -6.4150 22.7206
v 197.0000 -6.4300 22.7206
v 197.0000 -6.4300 22.7206
v 196.9740 -6.4150 22.7206
v 196.9740 -6.4150 22.7206
v 196.9740 -6.3850 22.7206
v 196.9740 -6.3850 22.7206
v 197.0000 -6.3700 22.7206
v 197.0000 -6.4000 22.6706
v 197.0000 -6.3700 22.6706
v 197.0260 -6.3850 22.6706
v 197.0260 -6.3850 22.6706
v 197.0260 -6.4150 22.6706
v 197.0260 -6.4150 22.6706
v 197.0000 -6.4300 22.6706
v 197.0000 -6.4300 22.6706
v 196.9740 -6.4150 22.6706
v 196.9740 -6.4150 22.6706
v 196.9740 -6.3850 22.6706
v 196.9740 -6.3850 22.6706
v 197.0000 -6.3700 22.6706
v 2.6500 6.4250 23.0380
v 3.3500 6.4250 23.0380
v 3.3500 6.4125 23.0597
v 2.6500 6.4125 23.0597
v 2.6500 6.4125 23.0597
v 3.3500 6.4125 23.0597
v 3.3500 6.3875 23.0597
v 2.6500 6.3875 23.0597
v 2.6500 6.3875 23.0597
v 3.3500 6.3875 23.0597
v 3.3500 6.3750 23.0380
v 2.6500 6.3750 23.0380
v 2.6500 6.3750 23.0380
v 3.3500 6.3750 23.0380
v 3.3500 6.3875 23.0163
v 2.6500 6.3875 23.0163
v 2.6500 6.3875 23.0163
v 3.3500 6.3875 23.0163
v 3.3500 6.4125 23.0163
v 2.6500 6.4125 23.0163
v 2.6500 6.4125 23.0163
v 3.3500 6.4125 23.0163
v 3.3500 6.4250 23.0380
v 2.6500 6.4250 23.0380
v 2.6500 6.4000 23.0380
v 2.6500 6.4250 23.0380
v 2.6500 6.4125 23.0597
v 2.6500 6.4125 23.0597
v 2.6500 6.3875 23.0597
v 2.6500 6.3875 23.0597
v 2.6500 6.3750 23.0380
v 2.6500 6.3750 23.0380
v 2.6500 6.3875 23.0163
v 2.6500 6.3875 23.0163
v 2.6500 6.4125 23.0163
v 2.6500 6.4125 23.0163
v 2.6500 6.4250 23.0380
v 3.3500 6.4000 23.0380
v 3.3500 6.4250 23.0380
v 3.3500 6.4125 23.0597
v 3.3500 6.4125 23.0597
v 3.3500 6.3875 23.0597
v 3.3500 6.3875 23.0597
v 3.3500 6.3750 23.0380
v 3.3500 6.3750 23.0380
v 3.3500 6.3875 23.0163
v 3.3500 6.3875 23.0163
v 3.3500 6.4125 23.0163
v 3.3500 6.4125 23.0163
v 3.3500 6.4250 23.0380
v 2.5300 6.4550 23.0380
v 2.7100 6.4550 23.0380
v 2.7100 6.4389 23.0769
v 2.5300 6.4389 23.0769
v 2.5300 6.4389 23.0769
v 2.7100 6.4389 23.0769
v 2.7100 6.4000 23.0930
v 2.5300 6.4000 23.0930
v 2.5300 6.4000 23.0930
v 2.7100 6.4000 23.0930
v 2.7100 6.3611 23.0769
v 2.5300 6.3611 23.0769
v 2.5300 6.3611 23.0769
v 2.7100 6.3611 23.0769
v 2.7100 6.3450 23.0380
v 2.5300 6.3450 23.0380
v 2.5300 6.3450 23.0380
v 2.7100 6.3450 23.0380
v 2.7100 6.3611 22.9991
v 2.5300 6.3611 22.9991
v 2.5300 6.3611 22.9991
v 2.7100 6.3611 22.9991
v 2.7100 6.4000 22.9830
v 2.5300 6.4000 22.9830
v 2.5300 6.4000 22.9830
v 2.7100 6.4000 22.9830
v 2.7100 6.4389 22.9991
v 2.5300 6.4389 22.9991
v 2.5300 6.4389 22.9991
v 2.7100 6.4389 22.9991
v 2.7100 6.4550 23.0380
v 2.5300 6.4550 23.0380
v 2.5300 6.4000 23.0380
v 2.5300 6.4550 23.0380
v 2.5300 6.4389 23.0769
v 2.5300 6.4389 23.0769
v 2.5300 6.4000 23.0930
v 2.5300 6.4000 23.0930
v 2.5300 6.3611 23.0769
v 2.5300 6.3611 23.0769
v 2.5300 6.3450 23.0380
v 2.5300 6.3450 23.0380
v 2.5300 6.3611 22.9991
v 2.5300 6.3611 22.9991
v 2.5300 6.4000 22.9830
v 2.5300 6.4000 22.9830
v 2.5300 6.4389 22.9991
v 2.5300 6.4389 22.9991
v 2.5300 6.4550 23.0380
v 2.7100 6.4000 23.0380
v 2.7100 6.4550 23.0380
v 2.7100 6.4389 23.0769
v 2.7100 6.4389 23.0769
v 2.7100 6.4000 23.0930
v 2.7100 6.4000 23.0930
v 2.7100 6.3611 23.0769
v 2.7100 6.3611 23.0769
v 2.7100 6.3450 23.0380
v 2.7100 6.3450 23.0380
v 2.7100 6.3611 22.9991
v 2.7100 6.3611 22.9991
v 2.7100 6.4000 22.9830
v 2.7100 6.4000 22.9830
v 2.7100 6.4389 22.9991
v 2.7100 6.4389 22.9991
v 2.7100 6.4550 23.0380
v 3.2900 6.4550 23.0380
v 3.4700 6.4550 23.0380
v 3.4700 6.4389 23.0769
v 3.2900 6.4389 23.0769
v 3.2900 6.4389 23.0769
v 3.4700 6.4389 23.0769
v 3.4700 6.4000 23.0930
v 3.2900 6.4000 23.0930
v 3.2900 6.4000 23.0930
v 3.4700 6.4000 23.0930
v 3.4700 6.3611 23.0769
v 3.2900 6.3611 23.0769
v 3.2900 6.3611 23.0769
v 3.4700 6.3611 23.0769
v 3.4700 6.3450 23.0380
v 3.2900 6.3450 23.0380
v 3.2900 6.3450 23.0380
v 3.4700 6.3450 23.0380
v 3.4700 6.3611 22.9991
v 3.2900 6.3611 22.9991
v 3.2900 6.3611 22.9991
v 3.4700 6.3611 22.9991
v 3.4700 6.4000 22.9830
v 3.2900 6.4000 22.9830
v 3.2900 6.4000 22.9830
v 3.4700 6.4000 22.9830
v 3.4700 6.4389 22.9991
v 3.2900 6.4389 22.9991
v 3.2900 6.4389 22.9991
v 3.4700 6.4389 22.9991
v 3.4700 6.4550 23.0380
v 3.2900 6.4550 23.0380
v 3.2900 6.4000 23.0380
v 3.2900 6.4550 23.0380
v 3.2900 6.4389 23.0769
v 3.2900 6.4389 23.0769
v 3.2900 6.4000 23.0930
v 3.2900 6.4000 23.0930
v 3.2900 6.3611 23.0769
v 3.2900 6.3611 23.0769
v 3.2900 6.3450 23.0380
v 3.2900 6.3450 23.0380
v 3.2900 6.3611 22.9991
v 3.2900 6.3611 22.9991
v 3.2900 6.4000 22.9830
v 3.2900 6.4000 22.9830
v 3.2900 6.4389 22.9991
v 3.2900 6.4389 22.9991
v 3.2900 6.4550 23.0380
v 3.4700 6.4000 23.0380
v 3.4700 6.4550 23.0380
v 3.4700 6.4389 23.0769
v 3.4700 6.4389 23.0769
v 3.4700 6.4000 23.0930
v 3.4700 6.4000 23.0930
v 3.4700 6.3611 23.0769
v 3.4700 6.3611 23.0769
v 3.4700 6.3450 23.0380
v 3.4700 6.3450 23.0380
v 3.4700 6.3611 22.9991
v 3.4700 6.3611 22.9991
v 3.4700 6.4000 22.9830
v 3.4700 6.4000 22.9830
v 3.4700 6.4389 22.9991
v 3.4700 6.4389 22.9991
v 3.4700 6.4550 23.0380
v 3.0000 6.4300 23.0880
v 3.0000 6.4300 23.0380
v 3.0260 6.4150 23.0380
v 3.0260 6.4150 23.0880
v 3.0260 6.4150 23.0880
v 3.0260 6.4150 23.0380
v 3.0260 6.3850 23.0380
v 3.0260 6.3850 23.0880
v 3.0260 6.3850 23.0880
v 3.0260 6.3850 23.0380
v 3.0000 6.3700 23.0380
v 3.0000 6.3700 23.0880
v 3.0000 6.3700 23.0880
v 3.0000 6.3700 23.0380
v 2.9740 6.3850 23.0380
v 2.9740 6.3850 23.0880
v 2.9740 6.3850 23.0880
v 2.9740 6.3850 23.0380
v 2.9740 6.4150 23.0380
v 2.9740 6.4150 23.0880
v 2.9740 6.4150 23.0880
v 2.9740 6.4150 23.0380
v 3.0000 6.4300 23.0380
v 3.0000 6.4300 23.0880
v 3.0000 6.4000 23.0880
v 3.0000 6.4300 23.0880
v 3.0260 6.4150 23.0880
v 3.0260 6.4150 23.0880
v 3.0260 6.3850 23.0880
v 3.0260 6.3850 23.0880
v 3.0000 6.3700 23.0880
v 3.0000 6.3700 23.0880
v 2.9740 6.3850 23.0880
v 2.9740 6.3850 23.0880
v 2.9740 6.4150 23.0880
v 2.9740 6.4150 23.0880
v 3.0000 6.4300 23.0880
v 3.0000 6.4000 23.0380
v 3.0000 6.4300 23.0380
v 3.0260 6.4150 23.0380
v 3.0260 6.4150 23.0380
v 3.0260 6.3850 23.0380
v 3.0260 6.3850 23.0380
v 3.0000 6.3700 23.0380
v 3.0000 6.3700 23.0380
v 2.9740 6.3850 23.0380
v 2.9740 6.3850 23.0380
v 2.9740 6.4150 23.0380
v 2.9740 6.4150 23.0380
v 3.0000 6.4300 23.0380
v 196.6500 6.4250 22.6706
v 197.3500 6.4250 22.6706
v 197.3500 6.4125 22.6922
v 196.6500 6.4125 22.6922
v 196.6500 6.4125 22.6922
v 197.3500 6.4125 22.6922
v 197.3500 6.3875 22.6922
v 196.6500 6.3875 22.6922
v 196.6500 6.3875 22.6922
v 197.3500 6.3875 22.6922
v 197.3500 6.3750 22.6706
v 196.6500 6.3750 22.6706
v 196.6500 6.3750 22.6706
v 197.3500 6.3750 22.6706
v 197.3500 6.3875 22.6489
v 196.6500 6.3875 22.6489
v 196.6500 6.3875 22.6489
v 197.3500 6.3875 22.6489
v 197.3500 6.4125 22.6489
v 196.6500 6.4125 22.6489
v 196.6500 6.4125 22.6489
v 197.3500 6.4125 22.6489
v 197.3500 6.4250 22.6706
v 196.6500 6.4250 22.6706
v 196.6500 6.4000 22.6706
v 196.6500 6.4250 22.6706
v 196.6500 6.4125 22.6922
v 196.6500 6.4125 22.6922
v 196.6500 6.3875 22.6922
v 196.6500 6.3875 22.6922
v 196.6500 6.3750 22.6706
v 196.6500 6.3750 22.6706
v 196.6500 6.3875 22.6489
v 196.6500 6.3875 22.6489
v 196.6500 6.4125 22.6489
v 196.6500 6.4125 22.6489
v 196.6500 6.4250 22.6706
v 197.3500 6.4000 22.6706
v 197.3500 6.4250 22.6706
v 197.3500 6.4125 22.6922
v 197.3500 6.4125 22.6922
v 197.3500 6.3875 22.6922
v 197.3500 6.3875 22.6922
v 197.3500 6.3750 22.6706
v 197.3500 6.3750 22.6706
v 197.3500 6.3875 22.6489
v 197.3500 6.3875 22.6489
v 197.3500 6.4125 22.6489
v 197.3500 6.4125 22.6489
v 197.3500 6.4250 22.6706
v 196.5300 6.4550 22.6706
v 196.7100 6.4550 22.6706
v 196.7100 6.4389 22.7095
v 196.5300 6.4389 22.7095
v 196.5300 6.4389 22.7095
v 196.7100 6.4389 22.7095
v 196.7100 6.4000 22.7256
v 196.5300 6.4000 22.7256
v 196.5300 6.4000 22.7256
v 196.7100 6.4000 22.7256
v 196.7100 6.3611 22.7095
v 196.5300 6.3611 22.7095
v 196.5300 6.3611 22.7095
v 196.7100 6.3611 22.7095
v 196.7100 6.3450 22.6706
v 196.5300 6.3450 22.6706
v 196.5300 6.3450 22.6706
v 196.7100 6.3450 22.6706
v 196.7100 6.3611 22.6317
v 196.5300 6.3611 22.6317
v 196.5300 6.3611 22.6317
v 196.7100 6.3611 22.6317
v 196.7100 6.4000 22.6156
v 196.5300 6.4000 22.6156
v 196.5300 6.4000 22.6156
v 196.7100 6.4000 22.6156
v 196.7100 6.4389 22.6317
v 196.5300 6.4389 22.6317
v 196.5300 6.4389 22.6317
v 196.7100 6.4389 22.6317
v 196.7100 6.4550 22.6706
v 196.5300 6.4550 22.6706
v 196.5300 6.4000 22.6706
v 196.5300 6.4550 22.6706
v 196.5300 6.4389 22.7095
v 196.5300 6.4389 22.7095
v 196.5300 6.4000 22.7256
v 196.5300 6.4000 22.7256
v 196.5300 6.3611 22.7095
v 196.5300 6.3611 22.7095
v 196.5300 6.3450 22.6706
v 196.5300 6.3450 22.6706
v 196.5300 6.3611 22.6317
v 196.5300 6.3611 22.6317
v 196.5300 6.4000 22.6156
v 196.5300 6.4000 22.6156
v 196.5300 6.4389 22.6317
v 196.5300 6.4389 22.6317
v 196.5300 6.4550 22.6706
v 196.7100 6.4000 22.6706
v 196.7100 6.4550 22.6706
v 196.7100 6.4389 22.7095
v 196.7100 6.4389 22.7095
v 196.7100 6.4000 22.7256
v 196.7100 6.4000 22.7256
v 196.7100 6.3611 22.7095
v 196.7100 6.3611 22.7095
v 196.7100 6.3450 22.6706
v 196.7100 6.3450 22.6706
v 196.7100 6.3611 22.6317
v 196.7100 6.3611 22.6317
v 196.7100 6.4000 22.6156
v 196.7100 6.4000 22.6156
v 196.7100 6.4389 22.6317
v 196.7100 6.4389 22.6317
v 196.7100 6.4550 22.6706
v 197.2900 6.4550 22.6706
v 197.4700 6.4550 22.6706
v 197.4700 6.4389 22.7095
v 197.2900 6.4389 22.7095
v 197.2900 6.4389 22.7095
v 197.4700 6.4389 22.7095
v 197.4700 6.4000 22.7256
v 197.2900 6.4000 22.7256
v 197.2900 6.4000 22.7256
v 197.4700 6.4000 22.7256
v 197.4700 6.3611 22.7095
v 197.2900 6.3611 22.7095
v 197.2900 6.3611 22.7095
v 197.4700 6.3611 22.7095
v 197.4700 6.3450 22.6706
v 197.2900 6.3450 22.6706
v 197.2900 6.3450 22.6706
v 197.4700 6.3450 22.6706
v 197.4700 6.3611 22.6317
v 197.2900 6.3611 22.6317
v 197.2900 6.3611 22.6317
v 197.4700 6.3611 22.6317
v 197.4700 6.4000 22.6156
v 197.2900 6.4000 22.6156
v 197.2900 6.4000 22.6156
v 197.4700 6.4000 22.6156
v 197.4700 6.4389 22.6317
v 197.2900 6.4389 22.6317
v 197.2900 6.4389 22.6317
v 197.4700 6.4389 22.6317
v 197.4700 6.4550 22.6706
v 197.2900 6.4550 22.6706
v 197.2900 6.4000 22.6706
v 197.2900 6.4550 22.6706
v 197.2900 6.4389 22.7095
v 197.2900 6.4389 22.7095
v 197.2900 6.4000 22.7256
v 197.2900 6.4000 22.7256
v 197.2900 6.3611 22.7095
v 197.2900 6.3611 22.7095
v 197.2900 6.3450 22.6706
v 197.2900 6.3450 22.6706
v 197.2900 6.3611 22.6317
v 197.2900 6.3611 22.6317
v 197.2900 6.4000 22.6156
v 197.2900 6.4000 22.6156
v 197.2900 6.4389 22.6317
v 197.2900 6.4389 22.6317
v 197.2900 6.4550 22.6706
v 197.4700 6.4000 22.6706
v 197.4700 6.4550 22.6706
v 197.4700 6.4389 22.7095
v 197.4700 6.4389 22.7095
v 197.4700 6.4000 22.7256
v 197.4700 6.4000 22.7256
v 197.4700 6.3611 22.7095
v 197.4700 6.3611 22.7095
v 197.4700 6.3450 22.6706
v 197.4700 6.3450 22.6706
v 197.4700 6.3611 22.6317
v 197.4700 6.3611 22.6317
v 197.4700 6.4000 22.6156
v 197.4700 6.4000 22.6156
v 197.4700 6.4389 22.6317
v 197.4700 6.4389 22.6317
v 197.4700 6.4550 22.6706
v 197.0000 6.4300 22.7206
v 197.0000 6.4300 22.6706
v 197.0260 6.4150 22.6706
v 197.0260 6.4150 22.7206
v 197.0260 6.4150 22.7206
v 197.0260 6.4150 22.6706
v 197.0260 6.3850 22.6706
v 197.0260 6.3850 22.7206
v 197.0260 6.3850 22.7206
v 197.0260 6.3850 22.6706
v 197.0000 6.3700 22.6706
v 197.0000 6.3700 22.7206
v 197.0000 6.3700 22.7206
v 197.0000 6.3700 22.6706
v 196.9740 6.3850 22.6706
v 196.9740 6.3850 22.7206
v 196.9740 6.3850 22.7206
v 196.9740 6.3850 22.6706
v 196.9740 6.4150 22.6706
v 196.9740 6.4150 22.7206
v 196.9740 6.4150 22.7206
v 196.9740 6.4150 22.6706
v 197.0000 6.4300 22.6706
v 197.0000 6.4300 22.7206
v 197.0000 6.4000 22.7206
v 197.0000 6.4300 22.7206
v 197.0260 6.4150 22.7206
v 197.0260 6.4150 22.7206
v 197.0260 6.3850 22.7206
v 197.0260 6.3850 22.7206
v 197.0000 6.3700 22.7206
v 197.0000 6.3700 22.7206
v 196.9740 6.3850 22.7206
v 196.9740 6.3850 22.7206
v 196.9740 6.4150 22.7206
v 196.9740 6.4150 22.7206
v 197.0000 6.4300 22.7206
v 197.0000 6.4000 22.6706
v 197.0000 6.4300 22.6706
v 197.0260 6.4150 22.6706
v 197.0260 6.4150 22.6706
v 197.0260 6.3850 22.6706
v 197.0260 6.3850 22.6706
v 197.0000 6.3700 22.6706
v 197.0000 6.3700 22.6706
v 196.9740 6.3850 22.6706
v 196.9740 6.3850 22.6706
v 196.9740 6.4150 22.6706
v 196.9740 6.4150 22.6706
v 197.0000 6.4300 22.6706
v 2.6500 -5.1750 28.0420
v 3.3500 -5.1750 28.0420
v 3.3500 -5.1875 28.0637
v 2.6500 -5.1875 28.0637
v 2.6500 -5.1875 28.0637
v 3.3500 -5.1875 28.0637
v 3.3500 -5.2125 28.0637
v 2.6500 -5.2125 28.0637
v 2.6500 -5.2125 28.0637
v 3.3500 -5.2125 28.0637
v 3.3500 -5.2250 28.0420
v 2.6500 -5.2250 28.0420
v 2.6500 -5.2250 28.0420
v 3.3500 -5.2250 28.0420
v 3.3500 -5.2125 28.0203
v 2.6500 -5.2125 28.0203
v 2.6500 -5.2125 28.0203
v 3.3500 -5.2125 28.0203
v 3.3500 -5.1875 28.0203
v 2.6500 -5.1875 28.0203
v 2.6500 -5.1875 28.0203
v 3.3500 -5.1875 28.0203
v 3.3500 -5.1750 28.0420
v 2.6500 -5.1750 28.0420
v 2.6500 -5.2000 28.0420
v 2.6500 -5.1750 28.0420
v 2.6500 -5.1875 28.0637
v 2.6500 -5.1875 28.0637
v 2.6500 -5.2125 28.0637
v 2.6500 -5.2125 28.0637
v 2.6500 -5.2250 28.0420
v 2.6500 -5.2250 28.0420
v 2.6500 -5.2125 28.0203
v 2.6500 -5.2125 28.0203
v 2.6500 -5.1875 28.0203
v 2.6500 -5.1875 28.0203
v 2.6500 -5.1750 28.0420
v 3.3500 -5.2000 28.0420
v 3.3500 -5.1750 28.0420
v 3.3500 -5.1875 28.0637
v 3.3500 -5.1875 28.0637
v 3.3500 -5.2125 28.0637
v 3.3500 -5.2125 28.0637
v 3.3500 -5.2250 28.0420
v 3.3500 -5.2250 28.0420
v 3.3500 -5.2125 28.0203
v 3.3500 -5.2125 28.0203
v 3.3500 -5.1875 28.0203
v 3.3500 -5.1875 28.0203
v 3.3500 -5.1750 28.0420
v 2.5300 -5.1450 28.0420
v 2.7100 -5.1450 28.0420
v 2.7100 -5.1611 28.0809
v 2.5300 -5.1611 28.0809
v 2.5300 -5.1611 28.0809
v 2.7100 -5.1611 28.0809
v 2.7100 -5.2000 28.0970
v 2.5300 -5.2000 28.0970
v 2.5300 -5.2000 28.0970
v 2.7100 -5.2000 28.0970
v 2.7100 -5.2389 28.0809
v 2.5300 -5.2389 28.0809
v 2.5300 -5.2389 28.0809
v 2.7100 -5.2389 28.0809
v 2.7100 -5.2550 28.0420
v 2.5300 -5.2550 28.0420
v 2.5300 -5.2550 28.0420
v 2.7100 -5.2550 28.0420
v 2.7100 -5.2389 28.0031
v 2.5300 -5.2389 28.0031
v 2.5300 -5.2389 28.0031
v 2.7100 -5.2389 28.0031
v 2.7100 -5.2000 27.9870
v 2.5300 -5.2000 27.9870
v 2.5300 -5.2000 27.9870
v 2.7100 -5.2000 27.9870
v 2.7100 -5.1611 28.0031
v 2.5300 -5.1611 28.0031
v 2.5300 -5.1611 28.0031
v 2.7100 -5.1611 28.0031
v 2.7100 -5.1450 28.0420
v 2.5300 -5.1450 28.0420
v 2.5300 -5.2000 28.0420
v 2.5300 -5.1450 28.0420
v 2.5300 -5.1611 28.0809
v 2.5300 -5.1611 28.0809
v 2.5300 -5.2000 28.0970
v 2.5300 -5.2000 28.0970
v 2.5300 -5.2389 28.0809
v 2.5300 -5.2389 28.0809
v 2.5300 -5.2550 28.0420
v 2.5300 -5.2550 28.0420
v 2.5300 -5.2389 28.0031
v 2.5300 -5.2389 28.0031
v 2.5300 -5.2000 27.9870
v 2.5300 -5.2000 27.9870
v 2.5300 -5.1611 28.0031
v 2.5300 -5.1611 28.0031
v 2.5300 -5.1450 28.0420
v 2.7100 -5.2000 28.0420
v 2.7100 -5.1450 28.0420
v 2.7100 -5.1611 28.0809
v 2.7100 -5.1611 28.0809
v 2.7100 -5.2000 28.0970
v 2.7100 -5.2000 28.0970
v 2.7100 -5.2389 28.0809
v 2.7100 -5.2389 28.0809
v 2.7100 -5.2550 28.0420
v 2.7100 -5.2550 28.0420
v 2.7100 -5.2389 28.0031
v 2.7100 -5.2389 28.0031
v 2.7100 -5.2000 27.9870
v 2.7100 -5.2000 27.9870
v 2.7100 -5.1611 28.0031
v 2.7100 -5.1611 28.0031
v 2.7100 -5.1450 28.0420
v 3.2900 -5.1450 28.0420
v 3.4700 -5.1450 28.0420
v 3.4700 -5.1611 28.0809
v 3.2900 -5.1611 28.0809
v 3.2900 -5.1611 28.0809
v 3.4700 -5.1611 28.0809
v 3.4700 -5.2000 28.0970
v 3.2900 -5.2000 28.0970
v 3.2900 -5.2000 28.0970
v 3.4700 -5.2000 28.0970
v 3.4700 -5.2389 28.0809
v 3.2900 -5.2389 28.0809
v 3.2900 -5.2389 28.0809
v 3.4700 -5.2389 28.0809
v 3.4700 -5.2550 28.0420
v 3.2900 -5.2550 28.0420
v 3.2900 -5.2550 28.0420
v 3.4700 -5.2550 28.0420
v 3.4700 -5.2389 28.0031
v 3.2900 -5.2389 28.0031
v 3.2900 -5.2389 28.0031
v 3.4700 -5.2389 28.0031
v 3.4700 -5.2000 27.9870
v 3.2900 -5.2000 27.9870
v 3.2900 -5.2000 27.9870
v 3.4700 -5.2000 27.9870
v 3.4700 -5.1611 28.0031
v 3.2900 -5.1611 28.0031
v 3.2900 -5.1611 28.0031
v 3.4700 -5.1611 28.0031
v 3.4700 -5.1450 28.0420
v 3.2900 -5.1450 28.0420
v 3.2900 -5.2000 28.0420
v 3.2900 -5.1450 28.0420
v 3.2900 -5.1611 28.0809
v 3.2900 -5.1611 28.0809
v 3.2900 -5.2000 28.0970
v 3.2900 -5.2000 28.0970
v 3.2900 -5.2389 28.0809
v 3.2900 -5.2389 28.0809
v 3.2900 -5.2550 28.0420
v 3.2900 -5.2550 28.0420
v 3.2900 -5.2389 28.0031
v 3.2900 -5.2389 28.0031
v 3.2900 -5.2000 27.9870
v 3.2900 -5.2000 27.9870
v 3.2900 -5.1611 28.0031
v 3.2900 -5.1611 28.0031
v 3.2900 -5.1450 28.0420
v 3.4700 -5.2000 28.0420
v 3.4700 -5.1450 28.0420
v 3.4700 -5.1611 28.0809
v 3.4700 -5.1611 28.0809
v 3.4700 -5.2000 28.0970
v 3.4700 -5.2000 28.0970
v 3.4700 -5.2389 28.0809
v 3.4700 -5.2389 28.0809
v 3.4700 -5.2550 28.0420
v 3.4700 -5.2550 28.0420
v 3.4700 -5.2389 28.0031
v 3.4700 -5.2389 28.0031
v 3.4700 -5.2000 27.9870
v 3.4700 -5.2000 27.9870
v 3.4700 -5.1611 28.0031
v 3.4700 -5.1611 28.0031
v 3.4700 -5.1450 28.0420
v 3.0000 -5.1700 28.0920
v 3.0000 -5.1700 28.0420
v 3.0260 -5.1850 28.0420
v 3.0260 -5.1850 28.0920
v 3.0260 -5.1850 28.0920
v 3.0260 -5.1850 28.0420
v 3.0260 -5.2150 28.0420
v 3.0260 -5.2150 28.0920
v 3.0260 -5.2150 28.0920
v 3.0260 -5.2150 28.0420
v 3.0000 -5.2300 28.0420
v 3.0000 -5.2300 28.0920
v 3.0000 -5.2300 28.0920
v 3.0000 -5.2300 28.0420
v 2.9740 -5.2150 28.0420
v 2.9740 -5.2150 28.0920
v 2.9740 -5.2150 28.0920
v 2.9740 -5.2150 28.0420
v 2.9740 -5.1850 28.0420
v 2.9740 -5.1850 28.0920
v 2.9740 -5.1850 28.0920
v 2.9740 -5.1850 28.0420
v 3.0000 -5.1700 28.0420
v 3.0000 -5.1700 28.0920
v 3.0000 -5.2000 28.0920
v 3.0000 -5.1700 28.0920
v 3.0260 -5.1850 28.0920
v 3.0260 -5.1850 28.0920
v 3.0260 -5.2150 28.0920
v 3.0260 -5.2150 28.0920
v 3.0000 -5.2300 28.0920
v 3.0000 -5.2300 28.0920
v 2.9740 -5.2150 28.0920
v 2.9740 -5.2150 28.0920
v 2.9740 -5.1850 28.0920
v 2.9740 -5.1850 28.0920
v 3.0000 -5.1700 28.0920
v 3.0000 -5.2000 28.0420
v 3.0000 -5.1700 28.0420
v 3.0260 -5.1850 28.0420
v 3.0260 -5.1850 28.0420
v 3.0260 -5.2150 28.0420
v 3.0260 -5.2150 28.0420
v 3.0000 -5.2300 28.0420
v 3.0000 -5.2300 28.0420
v 2.9740 -5.2150 28.0420
v 2.9740 -5.2150 28.0420
v 2.9740 -5.1850 28.0420
v 2.9740 -5.1850 28.0420
v 3.0000 -5.1700 28.0420
v 196.6500 -5.1750 27.6746
v 197.3500 -5.1750 27.6746
v 197.3500 -5.1875 27.6962
v 196.6500 -5.1875 27.6962
v 196.6500 -5.1875 27.6962
v 197.3500 -5.1875 27.6962
v 197.3500 -5.2125 27.6962
v 196.6500 -5.2125 27.6962
v 196.6500 -5.2125 27.6962
v 197.3500 -5.2125 27.6962
v 197.3500 -5.2250 27.6746
v 196.6500 -5.2250 27.6746
v 196.6500 -5.2250 27.6746
v 197.3500 -5.2250 27.6746
v 197.3500 -5.2125 27.6529
v 196.6500 -5.2125 27.6529
v 196.6500 -5.2125 27.6529
v 197.3500 -5.2125 27.6529
v 197.3500 -5.1875 27.6529
v 196.6500 -5.1875 27.6529
v 196.6500 -5.1875 27.6529
v 197.3500 -5.1875 27.6529
v 197.3500 -5.1750 27.6746
v 196.6500 -5.1750 27.6746
v 196.6500 -5.2000 27.6746
v 196.6500 -5.1750 27.6746
v 196.6500 -5.1875 27.6962
v 196.6500 -5.1875 27.6962
v 196.6500 -5.2125 27.6962
v 196.6500 -5.2125 27.6962
v 196.6500 -5.2250 27.6746
v 196.6500 -5.2250 27.6746
v 196.6500 -5.2125 27.6529
v 196.6500 -5.2125 27.6529
v 196.6500 -5.1875 27.6529
v 196.6500 -5.1875 27.6529
v 196.6500 -5.1750 27.6746
v 197.3500 -5.2000 27.6746
v 197.3500 -5.1750 27.6746
v 197.3500 -5.1875 27.6962
v 197.3500 -5.1875 27.6962
v 197.3500 -5.2125 27.6962
v 197.3500 -5.2125 27.6962
v 197.3500 -5.2250 27.6746
v 197.3500 -5.2250 27.6746
v 197.3500 -5.2125 27.6529
v 197.3500 -5.2125 27.6529
v 197.3500 -5.1875 27.6529
v 197.3500 -5.1875 27.6529
v 197.3500 -5.1750 27.6746
v 196.5300 -5.1450 27.6746
v 196.7100 -5.1450 27.6746
v 196.7100 -5.1611 27.7135
v 196.5300 -5.1611 27.7135
v 196.5300 -5.1611 27.7135
v 196.7100 -5.1611 27.7135
v 196.7100 -5.2000 27.7296
v 196.5300 -5.2000 27.7296
v 196.5300 -5.2000 27.7296
v 196.7100 -5.2000 27.7296
v 196.7100 -5.2389 27.7135
v 196.5300 -5.2389 27.7135
v 196.5300 -5.2389 27.7135
v 196.7100 -5.2389 27.7135
v 196.7100 -5.2550 27.6746
v 196.5300 -5.2550 27.6746
v 196.5300 -5.2550 27.6746
v 196.7100 -5.2550 27.6746
v 196.7100 -5.2389 27.6357
v 196.5300 -5.2389 27.6357
v 196.5300 -5.2389 27.6357
v 196.7100 -5.2389 27.6357
v 196.7100 -5.2000 27.6196
v 196.5300 -5.2000 27.6196
v 196.5300 -5.2000 27.6196
v 196.7100 -5.2000 27.6196
v 196.7100 -5.1611 27.6357
v 196.5300 -5.1611 27.6357
v 196.5300 -5.1611 27.6357
v 196.7100 -5.1611 27.6357
v 196.7100 -5.1450 27.6746
v 196.5300 -5.1450 27.6746
v 196.5300 -5.2000 27.6746
v 196.5300 -5.1450 27.6746
v 196.5300 -5.1611 27.7135
v 196.5300 -5.1611 27.7135
v 196.5300 -5.2000 27.7296
v 196.5300 -5.2000 27.7296
v 196.5300 -5.2389 27.7135
v 196.5300 -5.2389 27.7135
v 196.5300 -5.2550 27.6746
v 196.5300 -5.2550 27.6746
v 196.5300 -5.2389 27.6357
v 196.5300 -5.2389 27.6357
v 196.5300 -5.2000 27.6196
v 196.5300 -5.2000 27.6196
v 196.5300 -5.1611 27.6357
v 196.5300 -5.1611 27.6357
v 196.5300 -5.1450 27.6746
v 196.7100 -5.2000 27.6746
v 196.7100 -5.1450 27.6746
v 196.7100 -5.1611 27.7135
v 196.7100 -5.1611 27.7135
v 196.7100 -5.2000 27.7296
v 196.7100 -5.2000 27.7296
v 196.7100 -5.2389 27.7135
v 196.7100 -5.2389 27.7135
v 196.7100 -5.2550 27.6746
v 196.7100 -5.2550 27.6746
v 196.7100 -5.2389 27.6357
v 196.7100 -5.2389 27.6357
v 196.7100 -5.2000 27.6196
v 196.7100 -5.2000 27.6196
v 196.7100 -5.1611 27.6357
v 196.7100 -5.1611 27.6357
v 196.7100 -5.1450 27.6746
v 197.2900 -5.1450 27.6746
v 197.4700 -5.1450 27.6746
v 197.4700 -5.1611 27.7135
v 197.2900 -5.1611 27.7135
v 197.2900 -5.1611 27.7135
v 197.4700 -5.1611 27.7135
v 197.4700 -5.2000 27.7296
v 197.2900 -5.2000 27.7296
v 197.2900 -5.2000 27.7296
v 197.4700 -5.2000 27.7296
v 197.4700 -5.2389 27.7135
v 197.2900 -5.2389 27.7135
v 197.2900 -5.2389 27.7135
v 197.4700 -5.2389 27.7135
v 197.4700 -5.2550 27.6746
v 197.2900 -5.2550 27.6746
v 197.2900 -5.2550 27.6746
v 197.4700 -5.2550 27.6746
v 197.4700 -5.2389 27.6357
v 197.2900 -5.2389 27.6357
v 197.2900 -5.2389 27.6357
v 197.4700 -5.2389 27.6357
v 197.4700 -5.2000 27.6196
v 197.2900 -5.2000 27.6196
v 197.2900 -5.2000 27.6196
v 197.4700 -5.2000 27.6196
v 197.4700 -5.1611 27.6357
v 197.2900 -5.1611 27.6357
v 197.2900 -5.1611 27.6357
v 197.4700 -5.1611 27.6357
v 197.4700 -5.1450 27.6746
v 197.2900 -5.1450 27.6746
v 197.2900 -5.2000 27.6746
v 197.2900 -5.1450 27.6746
v 197.2900 -5.1611 27.7135
v 197.2900 -5.1611 27.7135
v 197.2900 -5.2000 27.7296
v 197.2900 -5.2000 27.7296
v 197.2900 -5.2389 27.7135
v 197.2900 -5.2389 27.7135
v 197.2900 -5.2550 27.6746
v 197.2900 -5.2550 27.6746
v 197.2900 -5.2389 27.6357
v 197.2900 -5.2389 27.6357
v 197.2900 -5.2000 27.6196
v 197.2900 -5.2000 27.6196
v 197.2900 -5.1611 27.6357
v 197.2900 -5.1611 27.6357
v 197.2900 -5.1450 27.6746
v 197.4700 -5.2000 27.6746
v 197.4700 -5.1450 27.6746
v 197.4700 -5.1611 27.7135
v 197.4700 -5.1611 27.7135
v 197.4700 -5.2000 27.7296
v 197.4700 -5.2000 27.7296
v 197.4700 -5.2389 27.7135
v 197.4700 -5.2389 27.7135
v 197.4700 -5.2550 27.6746
v 197.4700 -5.2550 27.6746
v 197.4700 -5.2389 27.6357
v 197.4700 -5.2389 27.6357
v 197.4700 -5.2000 27.6196
v 197.4700 -5.2000 27.6196
v 197.4700 -5.1611 27.6357
v 197.4700 -5.1611 27.6357
v 197.4700 -5.1450 27.6746
v 197.0000 -5.1700 27.7246
v 197.0000 -5.1700 27.6746
v 197.0260 -5.1850 27.6746
v 197.0260 -5.1850 27.7246
v 197.0260 -5.1850 27.7246
v 197.0260 -5.1850 27.6746
v 197.0260 -5.2150 27.6746
v 197.0260 -5.2150 27.7246
v 197.0260 -5.2150 27.7246
v 197.0260 -5.2150 27.6746
v 197.0000 -5.2300 27.6746
v 197.0000 -5.2300 27.7246
v 197.0000 -5.2300 27.7246
v 197.0000 -5.2300 27.6746
v 196.9740 -5.2150 27.6746
v 196.9740 -5.2150 27.7246
v 196.9740 -5.2150 27.7246
v 196.9740 -5.2150 27.6746
v 196.9740 -5.1850 27.6746
v 196.9740 -5.1850 27.7246
v 196.9740 -5.1850 27.7246
v 196.9740 -5.1850 27.6746
v 197.0000 -5.1700 27.6746
v 197.0000 -5.1700 27.7246
v 197.0000 -5.2000 27.7246
v 197.0000 -5.1700 27.7246
v 197.0260 -5.1850 27.7246
v 197.0260 -5.1850 27.7246
v 197.0260 -5.2150 27.7246
v 197.0260 -5.2150 27.7246
v 197.0000 -5.2300 27.7246
v 197.0000 -5.2300 27.7246
v 196.9740 -5.2150 27.7246
v 196.9740 -5.2150 27.7246
v 196.9740 -5.1850 27.7246
v 196.9740 -5.1850 27.7246
v 197.0000 -5.1700 27.7246
v 197.0000 -5.2000 27.6746
v 197.0000 -5.1700 27.6746
v 197.0260 -5.1850 27.6746
v 197.0260 -5.1850 27.6746
v 197.0260 -5.2150 27.6746
v 197.0260 -5.2150 27.6746
v 197.0000 -5.2300 27.6746
v 197.0000 -5.2300 27.6746
v 196.9740 -5.2150 27.6746
v 196.9740 -5.2150 27.6746
v 196.9740 -5.1850 27.6746
v 196.9740 -5.1850 27.6746
v 197.0000 -5.1700 27.6746
v 2.6500 5.2250 28.0420
v 3.3500 5.2250 28.0420
v 3.3500 5.2125 28.0637
v 2.6500 5.2125 28.0637
v 2.6500 5.2125 28.0637
v 3.3500 5.2125 28.0637
v 3.3500 5.1875 28.0637
v 2.6500 5.1875 28.0637
v 2.6500 5.1875 28.0637
v 3.3500 5.1875 28.0637
v 3.3500 5.1750 28.0420
v 2.6500 5.1750 28.0420
v 2.6500 5.1750 28.0420
v 3.3500 5.1750 28.0420
v 3.3500 5.1875 28.0203
v 2.6500 5.1875 28.0203
v 2.6500 5.1875 28.0203
v 3.3500 5.1875 28.0203
v 3.3500 5.2125 28.0203
v 2.6500 5.2125 28.0203
v 2.6500 5.2125 28.0203
v 3.3500 5.2125 28.0203
v 3.3500 5.2250 28.0420
v 2.6500 5.2250 28.0420
v 2.6500 5.2000 28.0420
v 2.6500 5.2250 28.0420
v 2.6500 5.2125 28.0637
v 2.6500 5.2125 28.0637
v 2.6500 5.1875 28.0637
v 2.6500 5.1875 28.0637
v 2.6500 5.1750 28.0420
v 2.6500 5.1750 28.0420
v 2.6500 5.1875 28.0203
v 2.6500 5.1875 28.0203
v 2.6500 5.2125 28.0203
v 2.6500 5.2125 28.0203
v 2.6500 5.2250 28.0420
v 3.3500 5.2000 28.0420
v 3.3500 5.2250 28.0420
v 3.3500 5.2125 28.0637
v 3.3500 5.2125 28.0637
v 3.3500 5.1875 28.0637
v 3.3500 5.1875 28.0637
v 3.3500 5.1750 28.0420
v 3.3500 5.1750 28.0420
v 3.3500 5.1875 28.0203
v 3.3500 5.1875 28.0203
v 3.3500 5.2125 28.0203
v 3.3500 5.2125 28.0203
v 3.3500 5.2250 28.0420
v 2.5300 5.2550 28.0420
v 2.7100 5.2550 28.0420
v 2.7100 5.2389 28.0809
v 2.5300 5.2389 28.0809
v 2.5300 5.2389 28.0809
v 2.7100 5.2389 28.0809
v 2.7100 5.2000 28.0970
v 2.5300 5.2000 28.0970
v 2.5300 5.2000 28.0970
v 2.7100 5.2000 28.0970
v 2.7100 5.1611 28.0809
v 2.5300 5.1611 28.0809
v 2.5300 5.1611 28.0809
v 2.7100 5.1611 28.0809
v 2.7100 5.1450 28.0420
v 2.5300 5.1450 28.0420
v 2.5300 5.1450 28.0420
v 2.7100 5.1450 28.0420
v 2.7100 5.1611 28.0031
v 2.5300 5.1611 28.0031
v 2.5300 5.1611 28.0031
v 2.7100 5.1611 28.0031
v 2.7100 5.2000 27.9870
v 2.5300 5.2000 27.9870
v 2.5300 5.2000 27.9870
v 2.7100 5.2000 27.9870
v 2.7100 5.2389 28.0031
v 2.5300 5.2389 28.0031
v 2.5300 5.2389 28.0031
v 2.7100 5.2389 28.0031
v 2.7100 5.2550 28.0420
v 2.5300 5.2550 28.0420
v 2.5300 5.2000 28.0420
v 2.5300 5.2550 28.0420
v 2.5300 5.2389 28.0809
v 2.5300 5.2389 28.0809
v 2.5300 5.2000 28.0970
v 2.5300 5.2000 28.0970
v 2.5300 5.1611 28.0809
v 2.5300 5.1611 28.0809
v 2.5300 5.1450 28.0420
v 2.5300 5.1450 28.0420
v 2.5300 5.1611 28.0031
v 2.5300 5.1611 28.0031
v 2.5300 5.2000 27.9870
v 2.5300 5.2000 27.9870
v 2.5300 5.2389 28.0031
v 2.5300 5.2389 28.0031
v 2.5300 5.2550 28.0420
v 2.7100 5.2000 28.0420
v 2.7100 5.2550 28.0420
v 2.7100 5.2389 28.0809
v 2.7100 5.2389 28.0809
v 2.7100 5.2000 28.0970
v 2.7100 5.2000 28.0970
v 2.7100 5.1611 28.0809
v 2.7100 5.1611 28.0809
v 2.7100 5.1450 28.0420
v 2.7100 5.1450 28.0420
v 2.7100 5.1611 28.0031
v 2.7100 5.1611 28.0031
v 2.7100 5.2000 27.9870
v 2.7100 5.2000 27.9870
v 2.7100 5.2389 28.0031
v 2.7100 5.2389 28.0031
v 2.7100 5.2550 28.0420
v 3.2900 5.2550 28.0420
v 3.4700 5.2550 28.0420
v 3.4700 5.2389 28.0809
v 3.2900 5.2389 28.0809
v 3.2900 5.2389 28.0809
v 3.4700 5.2389 28.0809
v 3.4700 5.2000 28.0970
v 3.2900 5.2000 28.0970
v 3.2900 5.2000 28.0970
v 3.4700 5.2000 28.0970
v 3.4700 5.1611 28.0809
v 3.2900 5.1611 28.0809
v 3.2900 5.1611 28.0809
v 3.4700 5.1611 28.0809
v 3.4700 5.1450 28.0420
v 3.2900 5.1450 28.0420
v 3.2900 5.1450 28.0420
v 3.4700 5.1450 28.0420
v 3.4700 5.1611 28.0031
v 3.2900 5.1611 28.0031
v 3.2900 5.1611 28.0031
v 3.4700 5.1611 28.0031
v 3.4700 5.2000 27.9870
v 3.2900 5.2000 27.9870
v 3.2900 5.2000 27.9870
v 3.4700 5.2000 27.9870
v 3.4700 5.2389 28.0031
v 3.2900 5.2389 28.0031
v 3.2900 5.2389 28.0031
v 3.4700 5.2389 28.0031
v 3.4700 5.2550 28.0420
v 3.2900 5.2550 28.0420
v 3.2900 5.2000 28.0420
v 3.2900 5.2550 28.0420
v 3.2900 5.2389 28.0809
v 3.2900 5.2389 28.0809
v 3.2900 5.2000 28.0970
v 3.2900 5.2000 28.0970
v 3.2900 5.1611 28.0809
v 3.2900 5.1611 28.0809
v 3.2900 5.1450 28.0420
v 3.2900 5.1450 28.0420
v 3.2900 5.1611 28.0031
v 3.2900 5.1611 28.0031
v 3.2900 5.2000 27.9870
v 3.2900 5.2000 27.9870
v 3.2900 5.2389 28.0031
v 3.2900 5.2389 28.0031
v 3.2900 5.2550 28.0420
v 3.4700 5.2000 28.0420
v 3.4700 5.2550 28.0420
v 3.4700 5.2389 28.0809
v 3.4700 5.2389 28.0809
v 3.4700 5.2000 28.0970
v 3.4700 5.2000 28.0970
v 3.4700 5.1611 28.0809
v 3.4700 5.1611 28.0809
v 3.4700 5.1450 28.0420
v 3.4700 5.1450 28.0420
v 3.4700 5.1611 28.0031
v 3.4700 5.1611 28.0031
v 3.4700 5.2000 27.9870
v 3.4700 5.2000 27.9870
v 3.4700 5.2389 28.0031
v 3.4700 5.2389 28.0031
v 3.4700 5.2550 28.0420
v 3.0000 5.2300 28.0920
v 3.0000 5.2300 28.0420
v 3.0260 5.2150 28.0420
v 3.0260 5.2150 28.0920
v 3.0260 5.2150 28.0920
v 3.0260 5.2150 28.0420
v 3.0260 5.1850 28.0420
v 3.0260 5.1850 28.0920
v 3.0260 5.1850 28.0920
v 3.0260 5.1850 28.0420
v 3.0000 5.1700 28.0420
v 3.0000 5.1700 28.0920
v 3.0000 5.1700 28.0920
v 3.0000 5.1700 28.0420
v 2.9740 5.1850 28.0420
v 2.9740 5.1850 28.0920
v 2.9740 5.1850 28.0920
v 2.9740 5.1850 28.0420
v 2.9740 5.2150 28.0420
v 2.9740 5.2150 28.0920
v 2.9740 5.2150 28.0920
v 2.9740 5.2150 28.0420
v 3.0000 5.2300 28.0420
v 3.0000 5.2300 28.0920
v 3.0000 5.2000 28.0920
v 3.0000 5.2300 28.0920
v 3.0260 5.2150 28.0920
v 3.0260 5.2150 28.0920
v 3.0260 5.1850 28.0920
v 3.0260 5.1850 28.0920
v 3.0000 5.1700 28.0920
v 3.0000 5.1700 28.0920
v 2.9740 5.1850 28.0920
v 2.9740 5.1850 28.0920
v 2.9740 5.2150 28.0920
v 2.9740 5.2150 28.0920
v 3.0000 5.2300 28.0920
v 3.0000 5.2000 28.0420
v 3.0000 5.2300 28.0420
v 3.0260 5.2150 28.0420
v 3.0260 5.2150 28.0420
v 3.0260 5.1850 28.0420
v 3.0260 5.1850 28.0420
v 3.0000 5.1700 28.0420
v 3.0000 5.1700 28.0420
v 2.9740 5.1850 28.0420
v 2.9740 5.1850 28.0420
v 2.9740 5.2150 28.0420
v 2.9740 5.2150 28.0420
v 3.0000 5.2300 28.0420
v 196.6500 5.2250 27.6746
v 197.3500 5.2250 27.6746
v 197.3500 5.2125 27.6962
v 196.6500 5.2125 27.6962
v 196.6500 5.2125 27.6962
v 197.3500 5.2125 27.6962
v 197.3500 5.1875 27.6962
v 196.6500 5.1875 27.6962
v 196.6500 5.1875 27.6962
v 197.3500 5.1875 27.6962
v 197.3500 5.1750 27.6746
v 196.6500 5.1750 27.6746
v 196.6500 5.1750 27.6746
v 197.3500 5.1750 27.6746
v 197.3500 5.1875 27.6529
v 196.6500 5.1875 27.6529
v 196.6500 5.1875 27.6529
v 197.3500 5.1875 27.6529
v 197.3500 5.2125 27.6529
v 196.6500 5.2125 27.6529
v 196.6500 5.2125 27.6529
v 197.3500 5.2125 27.6529
v 197.3500 5.2250 27.6746
v 196.6500 5.2250 27.6746
v 196.6500 5.2000 27.6746
v 196.6500 5.2250 27.6746
v 196.6500 5.2125 27.6962
v 196.6500 5.2125 27.6962
v 196.6500 5.1875 27.6962
v 196.6500 5.1875 27.6962
v 196.6500 5.1750 27.6746
v 196.6500 5.1750 27.6746
v 196.6500 5.1875 27.6529
v 196.6500 5.1875 27.6529
v 196.6500 5.2125 27.6529
v 196.6500 5.2125 27.6529
v 196.6500 5.2250 27.6746
v 197.3500 5.2000 27.6746
v 197.3500 5.2250 27.6746
v 197.3500 5.2125 27.6962
v 197.3500 5.2125 27.6962
v 197.3500 5.1875 27.6962
v 197.3500 5.1875 27.6962
v 197.3500 5.1750 27.6746
v 197.3500 5.1750 27.6746
v 197.3500 5.1875 27.6529
v 197.3500 5.1875 27.6529
v 197.3500 5.2125 27.6529
v 197.3500 5.2125 27.6529
v 197.3500 5.2250 27.6746
v 196.5300 5.2550 27.6746
v 196.7100 5.2550 27.6746
v 196.7100 5.2389 27.7135
v 196.5300 5.2389 27.7135
v 196.5300 5.2389 27.7135
v 196.7100 5.2389 27.7135
v 196.7100 5.2000 27.7296
v 196.5300 5.2000 27.7296
v 196.5300 5.2000 27.7296
v 196.7100 5.2000 27.7296
v 196.7100 5.1611 27.7135
v 196.5300 5.1611 27.7135
v 196.5300 5.1611 27.7135
v 196.7100 5.1611 27.7135
v 196.7100 5.1450 27.6746
v 196.5300 5.1450 27.6746
v 196.5300 5.1450 27.6746
v 196.7100 5.1450 27.6746
v 196.7100 5.1611 27.6357
v 196.5300 5.1611 27.6357
v 196.5300 5.1611 27.6357
v 196.7100 5.1611 27.6357
v 196.7100 5.2000 27.6196
v 196.5300 5.2000 27.6196
v 196.5300 5.2000 27.6196
v 196.7100 5.2000 27.6196
v 196.7100 5.2389 27.6357
v 196.5300 5.2389 27.6357
v 196.5300 5.2389 27.6357
v 196.7100 5.2389 27.6357
v 196.7100 5.2550 27.6746
v 196.5300 5.2550 27.6746
v 196.5300 5.2000 27.6746
v 196.5300 5.2550 27.6746
v 196.5300 5.2389 27.7135
v 196.5300 5.2389 27.7135
v 196.5300 5.2000 27.7296
v 196.5300 5.2000 27.7296
v 196.5300 5.1611 27.7135
v 196.5300 5.1611 27.7135
v 196.5300 5.1450 27.6746
v 196.5300 5.1450 27.6746
v 196.5300 5.1611 27.6357
v 196.5300 5.1611 27.6357
v 196.5300 5.2000 27.6196
v 196.5300 5.2000 27.6196
v 196.5300 5.2389 27.6357
v 196.5300 5.2389 27.6357
v 196.5300 5.2550 27.6746
v 196.7100 5.2000 27.6746
v 196.7100 5.2550 27.6746
v 196.7100 5.2389 27.7135
v 196.7100 5.2389 27.7135
v 196.7100 5.2000 27.7296
v 196.7100 5.2000 27.7296
v 196.7100 5.1611 27.7135
v 196.7100 5.1611 27.7135
v 196.7100 5.1450 27.6746
v 196.7100 5.1450 27.6746
v 196.7100 5.1611 27.6357
v 196.7100 5.1611 27.6357
v 196.7100 5.2000 27.6196
v 196.7100 5.2000 27.6196
v 196.7100 5.2389 27.6357
v 196.7100 5.2389 27.6357
v 196.7100 5.2550 27.6746
v 197.2900 5.2550 27.6746
v 197.4700 5.2550 27.6746
v 197.4700 5.2389 27.7135
v 197.2900 5.2389 27.7135
v 197.2900 5.2389 27.7135
v 197.4700 5.2389 27.7135
v 197.4700 5.2000 27.7296
v 197.2900 5.2000 27.7296
v 197.2900 5.2000 27.7296
v 197.4700 5.2000 27.7296
v 197.4700 5.1611 27.7135
v 197.2900 5.1611 27.7135
v 197.2900 5.1611 27.7135
v 197.4700 5.1611 27.7135
v 197.4700 5.1450 27.6746
v 197.2900 5.1450 27.6746
v 197.2900 5.1450 27.6746
v 197.4700 5.1450 27.6746
v 197.4700 5.1611 27.6357
v 197.2900 5.1611 27.6357
v 197.2900 5.1611 27.6357
v 197.4700 5.1611 27.6357
v 197.4700 5.2000 27.6196
v 197.2900 5.2000 27.6196
v 197.2900 5.2000 27.6196
v 197.4700 5.2000 27.6196
v 197.4700 5.2389 27.6357
v 197.2900 5.2389 27.6357
v 197.2900 5.2389 27.6357
v 197.4700 5.2389 27.6357
v 197.4700 5.2550 27.6746
v 197.2900 5.2550 27.6746
v 197.2900 5.2000 27.6746
v 197.2900 5.2550 27.6746
v 197.2900 5.2389 27.7135
v 197.2900 5.2389 27.7135
v 197.2900 5.2000 27.7296
v 197.2900 5.2000 27.7296
v 197.2900 5.1611 27.7135
v 197.2900 5.1611 27.7135
v 197.2900 5.1450 27.6746
v 197.2900 5.1450 27.6746
v 197.2900 5.1611 27.6357
v 197.2900 5.1611 27.6357
v 197.2900 5.2000 27.6196
v 197.2900 5.2000 27.6196
v 197.2900 5.2389 27.6357
v 197.2900 5.2389 27.6357
v 197.2900 5.2550 27.6746
v 197.4700 5.2000 27.6746
v 197.4700 5.2550 27.6746
v 197.4700 5.2389 27.7135
v 197.4700 5.2389 27.7135
v 197.4700 5.2000 27.7296
v 197.4700 5.2000 27.7296
v 197.4700 5.1611 27.7135
v 197.4700 5.1611 27.7135
v 197.4700 5.1450 27.6746
v 197.4700 5.1450 27.6746
v 197.4700 5.1611 27.6357
v 197.4700 5.1611 27.6357
v 197.4700 5.2000 27.6196
v 197.4700 5.2000 27.6196
v 197.4700 5.2389 27.6357
v 197.4700 5.2389 27.6357
v 197.4700 5.2550 27.6746
v 197.0000 5.2300 27.7246
v 197.0000 5.2300 27.6746
v 197.0260 5.2150 27.6746
v 197.0260 5.2150 27.7246
v 197.0260 5.2150 27.7246
v 197.0260 5.2150 27.6746
v 197.0260 5.1850 27.6746
v 197.0260 5.1850 27.7246
v 197.0260 5.1850 27.7246
v 197.0260 5.1850 27.6746
v 197.0000 5.1700 27.6746
v 197.0000 5.1700 27.7246
v 197.0000 5.1700 27.7246
v 197.0000 5.1700 27.6746
v 196.9740 5.1850 27.6746
v 196.9740 5.1850 27.7246
v 196.9740 5.1850 27.7246
v 196.9740 5.1850 27.6746
v 196.9740 5.2150 27.6746
v 196.9740 5.2150 27.7246
v 196.9740 5.2150 27.7246
v 196.9740 5.2150 27.6746
v 197.0000 5.2300 27.6746
v 197.0000 5.2300 27.7246
v 197.0000 5.2000 27.7246
v 197.0000 5.2300 27.7246
v 197.0260 5.2150 27.7246
v 197.0260 5.2150 27.7246
v 197.0260 5.1850 27.7246
v 197.0260 5.1850 27.7246
v 197.0000 5.1700 27.7246
v 197.0000 5.1700 27.7246
v 196.9740 5.1850 27.7246
v 196.9740 5.1850 27.7246
v 196.9740 5.2150 27.7246
v 196.9740 5.2150 27.7246
v 197.0000 5.2300 27.7246
v 197.0000 5.2000 27.6746
v 197.0000 5.2300 27.6746
v 197.0260 5.2150 27.6746
v 197.0260 5.2150 27.6746
v 197.0260 5.1850 27.6746
v 197.0260 5.1850 27.6746
v 197.0000 5.1700 27.6746
v 197.0000 5.1700 27.6746
v 196.9740 5.1850 27.6746
v 196.9740 5.1850 27.6746
v 196.9740 5.2150 27.6746
v 196.9740 5.2150 27.6746
v 197.0000 5.2300 27.6746
vn 0.0000 1.0000 0.0000
vn 0.0000 1.0000 0.0000
vn 0.0000 0.5000 0.8660
vn 0.0000 0.5000 0.8660
vn 0.0000 0.5000 0.8660
vn 0.0000 0.5000 0.8660
vn 0.0000 -0.5000 0.8660
vn 0.0000 -0.5000 0.8660
vn 0.0000 -0.5000 0.8660
vn 0.0000 -0.5000 0.8660
vn 0.0000 -1.0000 0.0000
vn 0.0000 -1.0000 0.0000
vn 0.0000 -1.0000 0.0000
vn 0.0000 -1.0000 0.0000
vn -0.0000 -0.5000 -0.8660
vn -0.0000 -0.5000 -0.8660
vn -0.0000 -0.5000 -0.8660
vn -0.0000 -0.5000 -0.8660
vn 0.0000 0.5000 -0.8660
vn 0.0000 0.5000 -0.8660
vn 0.0000 0.5000 -0.8660
vn 0.0000 0.5000 -0.8660
vn 0.0000 1.0000 0.0000
vn 0.0000 1.0000 0.0000
vn -1.0000 -0.0000 -0.0000
vn 1.0000 0.0000 0.0000
vn 0.0000 1.0000 0.0000
vn 0.0000 1.0000 0.0000
vn 0.0000 0.7071 0.7071
vn 0.0000 0.7071 0.7071
vn 0.0000 0.7071 0.7071
vn 0.0000 0.7071 0.7071
vn 0.0000 0.0000 1.0000
vn 0.0000 0.0000 1.0000
vn 0.0000 0.0000 1.0000
vn 0.0000 0.0000 1.0000
vn 0.0000 -0.7071 0.7071
vn 0.0000 -0.7071 0.7071
vn 0.0000 -0.7071 0.7071
vn 0.0000 -0.7071 0.7071
vn 0.0000 -1.0000 0.0000
vn 0.0000 -1.0000 0.0000
vn 0.0000 -1.0000 0.0000
vn 0.0000 -1.0000 0.0000
vn -0.0000 -0.7071 -0.7071
vn -0.0000 -0.7071 -0.7071
vn -0.0000 -0.7071 -0.7071
vn -0.0000 -0.7071 -0.7071
vn -0.0000 -0.0000 -1.0000
vn -0.0000 -0.0000 -1.0000
vn -0.0000 -0.0000 -1.0000
vn -0.0000 -0.0000 -1.0000
vn 0.0000 0.7071 -0.7071
vn 0.0000 0.7071 -0.7071
vn 0.0000 0.7071 -0.7071
vn 0.0000 0.7071 -0.7071
vn 0.0000 1.0000 0.0000
vn 0.0000 1.0000 0.0000
vn -1.0000 -0.0000 -0.0000
vn 1.0000 0.0000 0.0000
vn 0.0000 1.0000 0.0000
vn 0.0000 1.0000 0.0000
vn 0.0000 0.7071 0.7071
vn 0.0000 0.7071 0.7071
vn 0.0000 0.7071 0.7071
vn 0.0000 0.7071 0.7071
vn 0.0000 0.0000 1.0000
vn 0.0000 0.0000 1.0000
vn 0.0000 0.0000 1.0000
vn 0.0000 0.0000 1.0000
vn 0.0000 -0.7071 0.7071
vn 0.0000 -0.7071 0.7071
vn 0.0000 -0.7071 0.7071
vn 0.0000 -0.7071 0.7071
vn 0.0000 -1.0000 0.0000
vn 0.0000 -1.0000 0.0000
vn 0.0000 -1.0000 0.0000
vn 0.0000 -1.0000 0.0000
vn -0.0000 -0.7071 -0.7071
vn -0.0000 -0.7071 -0.7071
vn -0.0000 -0.7071 -0.7071
vn -0.0000 -0.7071 -0.7071
vn -0.0000 -0.0000 -1.0000
vn -0.0000 -0.0000 -1.0000
vn -0.0000 -0.0000 -1.0000
vn -0.0000 -0.0000 -1.0000
vn 0.0000 0.7071 -0.7071
vn 0.0000 0.7071 -0.7071
vn 0.0000 0.7071 -0.7071
vn 0.0000 0.7071 -0.7071
vn 0.0000 1.0000 0.0000
vn 0.0000 1.0000 0.0000
vn -1.0000 -0.0000 -0.0000
vn 1.0000 0.0000 0.0000
vn 0.0000 1.0000 0.0000
vn 0.0000 1.0000 0.0000
vn 0.8660 0.5000 0.0000
vn 0.8660 0.5000 0.0000
vn 0.8660 0.5000 0.0000
vn 0.8660 0.5000 0.0000
vn 0.8660 -0.5000 0.0000
vn 0.8660 -0.5000 0.0000
vn 0.8660 -0.5000 0.0000
vn 0.8660 -0.5000 0.0000
vn 0.0000 -1.0000 0.0000
vn 0.0000 -1.0000 0.0000
vn 0.0000 -1.0000 0.0000
vn 0.0000 -1.0000 0.0000
vn -0.8660 -0.5000 -0.0000
vn -0.8660 -0.5000 -0.0000
vn -0.8660 -0.5000 -0.0000
vn -0.8660 -0.5000 -0.0000
vn -0.8660 0.5000 0.0000
vn -0.8660 0.5000 0.0000
vn -0.8660 0.5000 0.0000
vn -0.8660 0.5000 0.0000
vn 0.0000 1.0000 0.0000
vn 0.0000 1.0000 0.0000
vn -0.0000 -0.0000 1.0000
vn 0.0000 0.0000 -1.0000
vn 0.0000 1.0000 0.0000
vn 0.0000 1.0000 0.0000
vn 0.0000 0.5000 0.8660
vn 0.0000 0.5000 0.8660
vn 0.0000 0.5000 0.8660
vn 0.0000 0.5000 0.8660
vn 0.0000 -0.5000 0.8660
vn 0.0000 -0.5000 0.8660
vn 0.0000 -0.5000 0.8660
vn 0.0000 -0.5000 0.8660
vn 0.0000 -1.0000 0.0000
vn 0.0000 -1.0000 0.0000
vn 0.0000 -1.0000 0.0000
vn 0.0000 -1.0000 0.0000
vn -0.0000 -0.5000 -0.8660
vn -0.0000 -0.5000 -0.8660
vn -0.0000 -0.5000 -0.8660
vn -0.0000 -0.5000 -0.8660
vn 0.0000 0.5000 -0.8660
vn 0.0000 0.5000 -0.8660
vn 0.0000 0.5000 -0.8660
vn 0.0000 0.5000 -0.8660
vn 0.0000 1.0000 0.0000
vn 0.0000 1.0000 0.0000
vn -1.0000 -0.0000 -0.0000
vn 1.0000 0.0000 0.0000
vn 0.0000 1.0000 0.0000
vn 0.0000 1.0000 0.0000
vn 0.0000 0.7071 0.7071
vn 0.0000 0.7071 0.7071
vn 0.0000 0.7071 0.7071
vn 0.0000 0.7071 0.7071
vn 0.0000 0.0000 1.0000
vn 0.0000 0.0000 1.0000
vn 0.0000 0.0000 1.0000
vn 0.0000 0.0000 1.0000
vn 0.0000 -0.7071 0.7071
vn 0.0000 -0.7071 0.7071
vn 0.0000 -0.7071 0.7071
vn 0.0000 -0.7071 0.7071
vn 0.0000 -1.0000 0.0000
vn 0.0000 -1.0000 0.0000
vn 0.0000 -1.0000 0.0000
vn 0.0000 -1.0000 0.0000
vn -0.0000 -0.7071 -0.7071
vn -0.0000 -0.7071 -0.7071
vn -0.0000 -0.7071 -0.7071
vn -0.0000 -0.7071 -0.7071
vn -0.0000 -0.0000 -1.0000
vn -0.0000 -0.0000 -1.0000
vn -0.0000 -0.0000 -1.0000
vn -0.0000 -0.0000 -1.0000
vn 0.0000 0.7071 -0.7071
vn 0.0000 0.7071 -0.7071
vn 0.0000 0.7071 -0.7071
vn 0.0000 0.7071 -0.7071
vn 0.0000 1.0000 0.0000
vn 0.0000 1.0000 0.0000
vn -1.0000 -0.0000 -0.0000
vn 1.0000 0.0000 0.0000
vn 0.0000 1.0000 0.0000
vn 0.0000 1.0000 0.0000
vn 0.0000 0.7071 0.7071
vn 0.0000 0.7071 0.7071
vn 0.0000 0.7071 0.7071
vn 0.0000 0.7071 0.7071
vn 0.0000 0.0000 1.0000
vn 0.0000 0.0000 1.0000
vn 0.0000 0.0000 1.0000
vn 0.0000 0.0000 1.0000
vn 0.0000 -0.7071 0.7071
vn 0.0000 -0.7071 0.7071
vn 0.0000 -0.7071 0.7071
vn 0.0000 -0.7071 0.7071
vn 0.0000 -1.0000 0.0000
vn 0.0000 -1.0000 0.0000
vn 0.0000 -1.0000 0.0000
vn 0.0000 -1.0000 0.0000
vn -0.0000 -0.7071 -0.7071
vn -0.0000 -0.7071 -0.7071
vn -0.0000 -0.7071 -0.7071
vn -0.0000 -0.7071 -0.7071
vn -0.0000 -0.0000 -1.0000
vn -0.0000 -0.0000 -1.0000
vn -0.0000 -0.0000 -1.0000
vn -0.0000 -0.0000 -1.0000
vn 0.0000 0.7071 -0.7071
vn 0.0000 0.7071 -0.7071
vn 0.0000 0.7071 -0.7071
vn 0.0000 0.7071 -0.7071
vn 0.0000 1.0000 0.0000
vn 0.0000 1.0000 0.0000
vn -1.0000 -0.0000 -0.0000
vn 1.0000 0.0000 0.0000
vn 0.0000 1.0000 0.0000
vn 0.0000 1.0000 0.0000
vn 0.8660 0.5000 0.0000
vn 0.8660 0.5000 0.0000
vn 0.8660 0.5000 0.0000
vn 0.8660 0.5000 0.0000
vn 0.8660 -0.5000 0.0000
vn 0.8660 -0.5000 0.0000
vn 0.8660 -0.5000 0.0000
vn 0.8660 -0.5000 0.0000
vn 0.0000 -1.0000 0.0000
vn 0.0000 -1.0000 0.0000
vn 0.0000 -1.0000 0.0000
vn 0.0000 -1.0000 0.0000
vn -0.8660 -0.5000 -0.0000
vn -0.8660 -0.5000 -0.0000
vn -0.8660 -0.5000 -0.0000
vn -0.8660 -0.5000 -0.0000
vn -0.8660 0.5000 0.0000
vn -0.8660 0.5000 0.0000
vn -0.8660 0.5000 0.0000
vn -0.8660 0.5000 0.0000
vn 0.0000 1.0000 0.0000
vn 0.0000 1.0000 0.0000
vn -0.0000 -0.0000 1.0000
vn 0.0000 0.0000 -1.0000
vn 0.0000 1.0000 0.0000
vn 0.0000 1.0000 0.0000
vn 0.0000 0.5000 0.8660
vn 0.0000 0.5000 0.8660
vn 0.0000 0.5000 0.8660
vn 0.0000 0.5000 0.8660
vn 0.0000 -0.5000 0.8660
vn 0.0000 -0.5000 0.8660
vn 0.0000 -0.5000 0.8660
vn 0.0000 -0.5000 0.8660
vn 0.0000 -1.0000 0.0000
vn 0.0000 -1.0000 0.0000
vn 0.0000 -1.0000 0.0000
vn 0.0000 -1.0000 0.0000
vn -0.0000 -0.5000 -0.8660
vn -0.0000 -0.5000 -0.8660
vn -0.0000 -0.5000 -0.8660
vn -0.0000 -0.5000 -0.8660
vn 0.0000 0.5000 -0.8660
vn 0.0000 0.5000 -0.8660
vn 0.0000 0.5000 -0.8660
vn 0.0000 0.5000 -0.8660
vn 0.0000 1.0000 0.0000
vn 0.0000 1.0000 0.0000
vn -1.0000 -0.0000 -0.0000
vn 1.0000 0.0000 0.0000
vn 0.0000 1.0000 0.0000
vn 0.0000 1.0000 0.0000
vn 0.0000 0.7071 0.7071
vn 0.0000 0.7071 0.7071
vn 0.0000 0.7071 0.7071
vn 0.0000 0.7071 0.7071
vn 0.0000 0.0000 1.0000
vn 0.0000 0.0000 1.0000
vn 0.0000 0.0000 1.0000
vn 0.0000 0.0000 1.0000
vn 0.0000 -0.7071 0.7071
vn 0.0000 -0.7071 0.7071
vn 0.0000 -0.7071 0.7071
vn 0.0000 -0.7071 0.7071
vn 0.0000 -1.0000 0.0000
vn 0.0000 -1.0000 0.0000
vn 0.0000 -1.0000 0.0000
vn 0.0000 -1.0000 0.0000
vn -0.0000 -0.7071 -0.7071
vn -0.0000 -0.7071 -0.7071
vn -0.0000 -0.7071 -0.7071
vn -0.0000 -0.7071 -0.7071
vn -0.0000 -0.0000 -1.0000
vn -0.0000 -0.0000 -1.0000
vn -0.0000 -0.0000 -1.0000
vn -0.0000 -0.0000 -1.0000
vn 0.0000 0.7071 -0.7071
vn 0.0000 0.7071 -0.7071
vn 0.0000 0.7071 -0.7071
vn 0.0000 0.7071 -0.7071
vn 0.0000 1.0000 0.0000
vn 0.0000 1.0000 0.0000
vn -1.0000 -0.0000 -0.0000
vn 1.0000 0.0000 0.0000
vn 0.0000 1.0000 0.0000
vn 0.0000 1.0000 0.0000
vn 0.0000 0.7071 0.7071
vn 0.0000 0.7071 0.7071
vn 0.0000 0.7071 0.7071
vn 0.0000 0.7071 0.7071
vn 0.0000 0.0000 1.0000
vn 0.0000 0.0000 1.0000
vn 0.0000 0.0000 1.0000
vn 0.0000 0.0000 1.0000
vn 0.0000 -0.7071 0.7071
vn 0.0000 -0.7071 0.7071
vn 0.0000 -0.7071 0.7071
vn 0.0000 -0.7071 0.7071
vn 0.0000 -1.0000 0.0000
vn 0.0000 -1.0000 0.0000
vn 0.0000 -1.0000 0.0000
vn 0.0000 -1.0000 0.0000
vn -0.0000 -0.7071 -0.7071
vn -0.0000 -0.7071 -0.7071
vn -0.0000 -0.7071 -0.7071
vn -0.0000 -0.7071 -0.7071
vn -0.0000 -0.0000 -1.0000
vn -0.0000 -0.0000 -1.0000
vn -0.0000 -0.0000 -1.0000
vn -0.0000 -0.0000 -1.0000
vn 0.0000 0.7071 -0.7071
vn 0.0000 0.7071 -0.7071
vn 0.0000 0.7071 -0.7071
vn 0.0000 0.7071 -0.7071
vn 0.0000 1.0000 0.0000
vn 0.0000 1.0000 0.0000
vn -1.0000 -0.0000 -0.0000
vn 1.0000 0.0000 0.0000
vn 0.0000 1.0000 0.0000
vn 0.0000 1.0000 0.0000
vn 0.8660 0.5000 0.0000
vn 0.8660 0.5000 0.0000
vn 0.8660 0.5000 0.0000
vn 0.8660 0.5000 0.0000
vn 0.8660 -0.5000 0.0000
vn 0.8660 -0.5000 0.0000
vn 0.8660 -0.5000 0.0000
vn 0.8660 -0.5000 0.0000
vn 0.0000 -1.0000 0.0000
vn 0.0000 -1.0000 0.0000
vn 0.0000 -1.0000 0.0000
vn 0.0000 -1.0000 0.0000
vn -0.8660 -0.5000 -0.0000
vn -0.8660 -0.5000 -0.0000
vn -0.8660 -0.5000 -0.0000
vn -0.8660 -0.5000 -0.0000
vn -0.8660 0.5000 0.0000
vn -0.8660 0.5000 0.0000
vn -0.8660 0.5000 0.0000
vn -0.8660 0.5000 0.0000
vn 0.0000 1.0000 0.0000
vn 0.0000 1.0000 0.0000
vn -0.0000 -0.0000 1.0000
vn 0.0000 0.0000 -1.0000
vn 0.0000 1.0000 0.0000
vn 0.0000 1.0000 0.0000
vn 0.0000 0.5000 0.8660
vn 0.0000 0.5000 0.8660
vn 0.0000 0.5000 0.8660
vn 0.0000 0.5000 0.8660
vn 0.0000 -0.5000 0.8660
vn 0.0000 -0.5000 0.8660
vn 0.0000 -0.5000 0.8660
vn 0.0000 -0.5000 0.8660
vn 0.0000 -1.0000 0.0000
vn 0.0000 -1.0000 0.0000
vn 0.0000 -1.0000 0.0000
vn 0.0000 -1.0000 0.0000
vn -0.0000 -0.5000 -0.8660
vn -0.0000 -0.5000 -0.8660
vn -0.0000 -0.5000 -0.8660
vn -0.0000 -0.5000 -0.8660
vn 0.0000 0.5000 -0.8660
vn 0.0000 0.5000 -0.8660
vn 0.0000 0.5000 -0.8660
vn 0.0000 0.5000 -0.8660
vn 0.0000 1.0000 0.0000
vn 0.0000 1.0000 0.0000
vn -1.0000 -0.0000 -0.0000
vn 1.0000 0.0000 0.0000
vn 0.0000 1.0000 0.0000
vn 0.0000 1.0000 0.0000
vn 0.0000 0.7071 0.7071
vn 0.0000 0.7071 0.7071
vn 0.0000 0.7071 0.7071
vn 0.0000 0.7071 0.7071
vn 0.0000 0.0000 1.0000
vn 0.0000 0.0000 1.0000
vn 0.0000 0.0000 1.0000
vn 0.0000 0.0000 1.0000
vn 0.0000 -0.7071 0.7071
vn 0.0000 -0.7071 0.7071
vn 0.0000 -0.7071 0.7071
vn 0.0000 -0.7071 0.7071
vn 0.0000 -1.0000 0.0000
vn 0.0000 -1.0000 0.0000
vn 0.0000 -1.0000 0.0000
vn 0.0000 -1.0000 0.0000
vn -0.0000 -0.7071 -0.7071
vn -0.0000 -0.7071 -0.7071
vn -0.0000 -0.7071 -0.7071
vn -0.0000 -0.7071 -0.7071
vn -0.0000 -0.0000 -1.0000
vn -0.0000 -0.0000 -1.0000
vn -0.0000 -0.0000 -1.0000
vn -0.0000 -0.0000 -1.0000
vn 0.0000 0.7071 -0.7071
vn 0.0000 0.7071 -0.7071
vn 0.0000 0.7071 -0.7071
vn 0.0000 0.7071 -0.7071
vn 0.0000 1.0000 0.0000
vn 0.0000 1.0000 0.0000
vn -1.0000 -0.0000 -0.0000
vn 1.0000 0.0000 0.0000
vn 0.0000 1.0000 0.0000
vn 0.0000 1.0000 0.0000
vn 0.0000 0.7071 0.7071
vn 0.0000 0.7071 0.7071
vn 0.0000 0.7071 0.7071
vn 0.0000 0.7071 0.7071
vn 0.0000 0.0000 1.0000
vn 0.0000 0.0000 1.0000
vn 0.0000 0.0000 1.0000
vn 0.0000 0.0000 1.0000
vn 0.0000 -0.7071 0.7071
vn 0.0000 -0.7071 0.7071
vn 0.0000 -0.7071 0.7071
vn 0.0000 -0.7071 0.7071
vn 0.0000 -1.0000 0.0000
vn 0.0000 -1.0000 0.0000
vn 0.0000 -1.0000 0.0000
vn 0.0000 -1.0000 0.0000
vn -0.0000 -0.7071 -0.7071
vn -0.0000 -0.7071 -0.7071
vn -0.0000 -0.7071 -0.7071
vn -0.0000 -0.7071 -0.7071
vn -0.0000 -0.0000 -1.0000
vn -0.0000 -0.0000 -1.0000
vn -0.0000 -0.0000 -1.0000
vn -0.0000 -0.0000 -1.0000
vn 0.0000 0.7071 -0.7071
vn 0.0000 0.7071 -0.7071
vn 0.0000 0.7071 -0.7071
vn 0.0000 0.7071 -0.7071
vn 0.0000 1.0000 0.0000
vn 0.0000 1.0000 0.0000
vn -1.0000 -0.0000 -0.0000
vn 1.0000 0.0000 0.0000
vn 0.0000 1.0000 0.0000
vn 0.0000 1.0000 0.0000
vn 0.8660 0.5000 0.0000
vn 0.8660 0.5000 0.0000
vn 0.8660 0.5000 0.0000
vn 0.8660 0.5000 0.0000
vn 0.8660 -0.5000 0.0000
vn 0.8660 -0.5000 0.0000
vn 0.8660 -0.5000 0.0000
vn 0.8660 -0.5000 0.0000
vn 0.0000 -1.0000 0.0000
vn 0.0000 -1.0000 0.0000
vn 0.0000 -1.0000 0.0000
vn 0.0000 -1.0000 0.0000
vn -0.8660 -0.5000 -0.0000
vn -0.8660 -0.5000 -0.0000
vn -0.8660 -0.5000 -0.0000
vn -0.8660 -0.5000 -0.0000
vn -0.8660 0.5000 0.0000
vn -0.8660 0.5000 0.0000
vn -0.8660 0.5000 0.0000
vn -0.8660 0.5000 0.0000
vn 0.0000 1.0000 0.0000
vn 0.0000 1.0000 0.0000
vn -0.0000 -0.0000 1.0000
vn 0.0000 0.0000 -1.0000
vn 0.0000 1.0000 0.0000
vn 0.0000 1.0000 0.0000
vn 0.0000 0.5000 0.8660
vn 0.0000 0.5000 0.8660
vn 0.0000 0.5000 0.8660
vn 0.0000 0.5000 0.8660
vn 0.0000 -0.5000 0.8660
vn 0.0000 -0.5000 0.8660
vn 0.0000 -0.5000 0.8660
vn 0.0000 -0.5000 0.8660
vn 0.0000 -1.0000 0.0000
vn 0.0000 -1.0000 0.0000
vn 0.0000 -1.0000 0.0000
vn 0.0000 -1.0000 0.0000
vn -0.0000 -0.5000 -0.8660
vn -0.0000 -0.5000 -0.8660
vn -0.0000 -0.5000 -0.8660
vn -0.0000 -0.5000 -0.8660
vn 0.0000 0.5000 -0.8660
vn 0.0000 0.5000 -0.8660
vn 0.0000 0.5000 -0.8660
vn 0.0000 0.5000 -0.8660
vn 0.0000 1.0000 0.0000
vn 0.0000 1.0000 0.0000
vn -1.0000 -0.0000 -0.0000
vn 1.0000 0.0000 0.0000
vn 0.0000 1.0000 0.0000
vn 0.0000 1.0000 0.0000
vn 0.0000 0.7071 0.7071
vn 0.0000 0.7071 0.7071
vn 0.0000 0.7071 0.7071
vn 0.0000 0.7071 0.7071
vn 0.0000 0.0000 1.0000
vn 0.0000 0.0000 1.0000
vn 0.0000 0.0000 1.0000
vn 0.0000 0.0000 1.0000
vn 0.0000 -0.7071 0.7071
vn 0.0000 -0.7071 0.7071
vn 0.0000 -0.7071 0.7071
vn 0.0000 -0.7071 0.7071
vn 0.0000 -1.0000 0.0000
vn 0.0000 -1.0000 0.0000
vn 0.0000 -1.0000 0.0000
vn 0.0000 -1.0000 0.0000
vn -0.0000 -0.7071 -0.7071
vn -0.0000 -0.7071 -0.7071
vn -0.0000 -0.7071 -0.7071
vn -0.0000 -0.7071 -0.7071
vn -0.0000 -0.0000 -1.0000
vn -0.0000 -0.0000 -1.0000
vn -0.0000 -0.0000 -1.0000
vn -0.0000 -0.0000 -1.0000
vn 0.0000 0.7071 -0.7071
vn 0.0000 0.7071 -0.7071
vn 0.0000 0.7071 -0.7071
vn 0.0000 0.7071 -0.7071
vn 0.0000 1.0000 0.0000
vn 0.0000 1.0000 0.0000
vn -1.0000 -0.0000 -0.0000
vn 1.0000 0.0000 0.0000
vn 0.0000 1.0000 0.0000
vn 0.0000 1.0000 0.0000
vn 0.0000 0.7071 0.7071
vn 0.0000 0.7071 0.7071
vn 0.0000 0.7071 0.7071
vn 0.0000 0.7071 0.7071
vn 0.0000 0.0000 1.0000
vn 0.0000 0.0000 1.0000
vn 0.0000 0.0000 1.0000
vn 0.0000 0.0000 1.0000
vn 0.0000 -0.7071 0.7071
vn 0.0000 -0.7071 0.7071
vn 0.0000 -0.7071 0.7071
vn 0.0000 -0.7071 0.7071
vn 0.0000 -1.0000 0.0000
vn 0.0000 -1.0000 0.0000
vn 0.0000 -1.0000 0.0000
vn 0.0000 -1.0000 0.0000
vn -0.0000 -0.7071 -0.7071
vn -0.0000 -0.7071 -0.7071
vn -0.0000 -0.7071 -0.7071
vn -0.0000 -0.7071 -0.7071
vn -0.0000 -0.0000 -1.0000
vn -0.0000 -0.0000 -1.0000
vn -0.0000 -0.0000 -1.0000
vn -0.0000 -0.0000 -1.0000
vn 0.0000 0.7071 -0.7071
vn 0.0000 0.7071 -0.7071
vn 0.0000 0.7071 -0.7071
vn 0.0000 0.7071 -0.7071
vn 0.0000 1.0000 0.0000
vn 0.0000 1.0000 0.0000
vn -1.0000 -0.0000 -0.0000
vn 1.0000 0.0000 0.0000
vn 0.0000 1.0000 0.0000
vn 0.0000 1.0000 0.0000
vn 0.8660 0.5000 0.0000
vn 0.8660 0.5000 0.0000
vn 0.8660 0.5000 0.0000
vn 0.8660 0.5000 0.0000
vn 0.8660 -0.5000 0.0000
vn 0.8660 -0.5000 0.0000
vn 0.8660 -0.5000 0.0000
vn 0.8660 -0.5000 0.0000
vn 0.0000 -1.0000 0.0000
vn 0.0000 -1.0000 0.0000
vn 0.0000 -1.0000 0.0000
vn 0.0000 -1.0000 0.0000
vn -0.8660 -0.5000 -0.0000
vn -0.8660 -0.5000 -0.0000
vn -0.8660 -0.5000 -0.0000
vn -0.8660 -0.5000 -0.0000
vn -0.8660 0.5000 0.0000
vn -0.8660 0.5000 0.0000
vn -0.8660 0.5000 0.0000
vn -0.8660 0.5000 0.0000
vn 0.0000 1.0000 0.0000
vn 0.0000 1.0000 0.0000
vn -0.0000 -0.0000 1.0000
vn 0.0000 0.0000 -1.0000
vn 0.0000 1.0000 0.0000
vn 0.0000 1.0000 0.0000
vn 0.0000 0.5000 0.8660
vn 0.0000 0.5000 0.8660
vn 0.0000 0.5000 0.8660
vn 0.0000 0.5000 0.8660
vn 0.0000 -0.5000 0.8660
vn 0.0000 -0.5000 0.8660
vn 0.0000 -0.5000 0.8660
vn 0.0000 -0.5000 0.8660
vn 0.0000 -1.0000 0.0000
vn 0.0000 -1.0000 0.0000
vn 0.0000 -1.0000 0.0000
vn 0.0000 -1.0000 0.0000
vn -0.0000 -0.5000 -0.8660
vn -0.0000 -0.5000 -0.8660
vn -0.0000 -0.5000 -0.8660
vn -0.0000 -0.5000 -0.8660
vn 0.0000 0.5000 -0.8660
vn 0.0000 0.5000 -0.8660
vn 0.0000 0.5000 -0.8660
vn 0.0000 0.5000 -0.8660
vn 0.0000 1.0000 0.0000
vn 0.0000 1.0000 0.0000
vn -1.0000 -0.0000 -0.0000
vn 1.0000 0.0000 0.0000
vn 0.0000 1.0000 0.0000
vn 0.0000 1.0000 0.0000
vn 0.0000 0.7071 0.7071
vn 0.0000 0.7071 0.7071
vn 0.0000 0.7071 0.7071
vn 0.0000 0.7071 0.7071
vn 0.0000 0.0000 1.0000
vn 0.0000 0.0000 1.0000
vn 0.0000 0.0000 1.0000
vn 0.0000 0.0000 1.0000
vn 0.0000 -0.7071 0.7071
vn 0.0000 -0.7071 0.7071
vn 0.0000 -0.7071 0.7071
vn 0.0000 -0.7071 0.7071
vn 0.0000 -1.0000 0.0000
vn 0.0000 -1.0000 0.0000
vn 0.0000 -1.0000 0.0000
vn 0.0000 -1.0000 0.0000
vn -0.0000 -0.7071 -0.7071
vn -0.0000 -0.7071 -0.7071
vn -0.0000 -0.7071 -0.7071
vn -0.0000 -0.7071 -0.7071
vn -0.0000 -0.0000 -1.0000
vn -0.0000 -0.0000 -1.0000
vn -0.0000 -0.0000 -1.0000
vn -0.0000 -0.0000 -1.0000
vn 0.0000 0.7071 -0.7071
vn 0.0000 0.7071 -0.7071
vn 0.0000 0.7071 -0.7071
vn 0.0000 0.7071 -0.7071
vn 0.0000 1.0000 0.0000
vn 0.0000 1.0000 0.0000
vn -1.0000 -0.0000 -0.0000
vn 1.0000 0.0000 0.0000
vn 0.0000 1.0000 0.0000
vn 0.0000 1.0000 0.0000
vn 0.0000 0.7071 0.7071
vn 0.0000 0.7071 0.7071
vn 0.0000 0.7071 0.7071
vn 0.0000 0.7071 0.7071
vn 0.0000 0.0000 1.0000
vn 0.0000 0.0000 1.0000
vn 0.0000 0.0000 1.0000
vn 0.0000 0.0000 1.0000
vn 0.0000 -0.7071 0.7071
vn 0.0000 -0.7071 0.7071
vn 0.0000 -0.7071 0.7071
vn 0.0000 -0.7071 0.7071
vn 0.0000 -1.0000 0.0000
vn 0.0000 -1.0000 0.0000
vn 0.0000 -1.0000 0.0000
vn 0.0000 -1.0000 0.0000
vn -0.0000 -0.7071 -0.7071
vn -0.0000 -0.7071 -0.7071
vn -0.0000 -0.7071 -0.7071
vn -0.0000 -0.7071 -0.7071
vn -0.0000 -0.0000 -1.0000
vn -0.0000 -0.0000 -1.0000
vn -0.0000 -0.0000 -1.0000
vn -0.0000 -0.0000 -1.0000
vn 0.0000 0.7071 -0.7071
vn 0.0000 0.7071 -0.7071
vn 0.0000 0.7071 -0.7071
vn 0.0000 0.7071 -0.7071
vn 0.0000 1.0000 0.0000
vn 0.0000 1.0000 0.0000
vn -1.0000 -0.0000 -0.0000
vn 1.0000 0.0000 0.0000
vn 0.0000 1.0000 0.0000
vn 0.0000 1.0000 0.0000
vn 0.8660 0.5000 0.0000
vn 0.8660 0.5000 0.0000
vn 0.8660 0.5000 0.0000
vn 0.8660 0.5000 0.0000
vn 0.8660 -0.5000 0.0000
vn 0.8660 -0.5000 0.0000
vn 0.8660 -0.5000 0.0000
vn 0.8660 -0.5000 0.0000
vn 0.0000 -1.0000 0.0000
vn 0.0000 -1.0000 0.0000
vn 0.0000 -1.0000 0.0000
vn 0.0000 -1.0000 0.0000
vn -0.8660 -0.5000 -0.0000
vn -0.8660 -0.5000 -0.0000
vn -0.8660 -0.5000 -0.0000
vn -0.8660 -0.5000 -0.0000
vn -0.8660 0.5000 0.0000
vn -0.8660 0.5000 0.0000
vn -0.8660 0.5000 0.0000
vn -0.8660 0.5000 0.0000
vn 0.0000 1.0000 0.0000
vn 0.0000 1.0000 0.0000
vn -0.0000 -0.0000 1.0000
vn 0.0000 0.0000 -1.0000
vn 0.0000 1.0000 0.0000
vn 0.0000 1.0000 0.0000
vn 0.0000 0.5000 0.8660
vn 0.0000 0.5000 0.8660
vn 0.0000 0.5000 0.8660
vn 0.0000 0.5000 0.8660
vn 0.0000 -0.5000 0.8660
vn 0.0000 -0.5000 0.8660
vn 0.0000 -0.5000 0.8660
vn 0.0000 -0.5000 0.8660
vn 0.0000 -1.0000 0.0000
vn 0.0000 -1.0000 0.0000
vn 0.0000 -1.0000 0.0000
vn 0.0000 -1.0000 0.0000
vn -0.0000 -0.5000 -0.8660
vn -0.0000 -0.5000 -0.8660
vn -0.0000 -0.5000 -0.8660
vn -0.0000 -0.5000 -0.8660
vn 0.0000 0.5000 -0.8660
vn 0.0000 0.5000 -0.8660
vn 0.0000 0.5000 -0.8660
vn 0.0000 0.5000 -0.8660
vn 0.0000 1.0000 0.0000
vn 0.0000 1.0000 0.0000
vn -1.0000 -0.0000 -0.0000
vn 1.0000 0.0000 0.0000
vn 0.0000 1.0000 0.0000
vn 0.0000 1.0000 0.0000
vn 0.0000 0.7071 0.7071
vn 0.0000 0.7071 0.7071
vn 0.0000 0.7071 0.7071
vn 0.0000 0.7071 0.7071
vn 0.0000 0.0000 1.0000
vn 0.0000 0.0000 1.0000
vn 0.0000 0.0000 1.0000
vn 0.0000 0.0000 1.0000
vn 0.0000 -0.7071 0.7071
vn 0.0000 -0.7071 0.7071
vn 0.0000 -0.7071 0.7071
vn 0.0000 -0.7071 0.7071
vn 0.0000 -1.0000 0.0000
vn 0.0000 -1.0000 0.0000
vn 0.0000 -1.0000 0.0000
vn 0.0000 -1.0000 0.0000
vn -0.0000 -0.7071 -0.7071
vn -0.0000 -0.7071 -0.7071
vn -0.0000 -0.7071 -0.7071
vn -0.0000 -0.7071 -0.7071
vn -0.0000 -0.0000 -1.0000
vn -0.0000 -0.0000 -1.0000
vn -0.0000 -0.0000 -1.0000
vn -0.0000 -0.0000 -1.0000
vn 0.0000 0.7071 -0.7071
vn 0.0000 0.7071 -0.7071
vn 0.0000 0.7071 -0.7071
vn 0.0000 0.7071 -0.7071
vn 0.0000 1.0000 0.0000
vn 0.0000 1.0000 0.0000
vn -1.0000 -0.0000 -0.0000
vn 1.0000 0.0000 0.0000
vn 0.0000 1.0000 0.0000
vn 0.0000 1.0000 0.0000
vn 0.0000 0.7071 0.7071
vn 0.0000 0.7071 0.7071
vn 0.0000 0.7071 0.7071
vn 0.0000 0.7071 0.7071
vn 0.0000 0.0000 1.0000
vn 0.0000 0.0000 1.0000
vn 0.0000 0.0000 1.0000
vn 0.0000 0.0000 1.0000
vn 0.0000 -0.7071 0.7071
vn 0.0000 -0.7071 0.7071
vn 0.0000 -0.7071 0.7071
vn 0.0000 -0.7071 0.7071
vn 0.0000 -1.0000 0.0000
vn 0.0000 -1.0000 0.0000
vn 0.0000 -1.0000 0.0000
vn 0.0000 -1.0000 0.0000
vn -0.0000 -0.7071 -0.7071
vn -0.0000 -0.7071 -0.7071
vn -0.0000 -0.7071 -0.7071
vn -0.0000 -0.7071 -0.7071
vn -0.0000 -0.0000 -1.0000
vn -0.0000 -0.0000 -1.0000
vn -0.0000 -0.0000 -1.0000
vn -0.0000 -0.0000 -1.0000
vn 0.0000 0.7071 -0.7071
vn 0.0000 0.7071 -0.7071
vn 0.0000 0.7071 -0.7071
vn 0.0000 0.7071 -0.7071
vn 0.0000 1.0000 0.0000
vn 0.0000 1.0000 0.0000
vn -1.0000 -0.0000 -0.0000
vn 1.0000 0.0000 0.0000
vn 0.0000 1.0000 0.0000
vn 0.0000 1.0000 0.0000
vn 0.8660 0.5000 0.0000
vn 0.8660 0.5000 0.0000
vn 0.8660 0.5000 0.0000
vn 0.8660 0.5000 0.0000
vn 0.8660 -0.5000 0.0000
vn 0.8660 -0.5000 0.0000
vn 0.8660 -0.5000 0.0000
vn 0.8660 -0.5000 0.0000
vn 0.0000 -1.0000 0.0000
vn 0.0000 -1.0000 0.0000
vn 0.0000 -1.0000 0.0000
vn 0.0000 -1.0000 0.0000
vn -0.8660 -0.5000 -0.0000
vn -0.8660 -0.5000 -0.0000
vn -0.8660 -0.5000 -0.0000
vn -0.8660 -0.5000 -0.0000
vn -0.8660 0.5000 0.0000
vn -0.8660 0.5000 0.0000
vn -0.8660 0.5000 0.0000
vn -0.8660 0.5000 0.0000
vn 0.0000 1.0000 0.0000
vn 0.0000 1.0000 0.0000
vn -0.0000 -0.0000 1.0000
vn 0.0000 0.0000 -1.0000
vn 0.0000 1.0000 0.0000
vn 0.0000 1.0000 0.0000
vn 0.0000 0.5000 0.8660
vn 0.0000 0.5000 0.8660
vn 0.0000 0.5000 0.8660
vn 0.0000 0.5000 0.8660
vn 0.0000 -0.5000 0.8660
vn 0.0000 -0.5000 0.8660
vn 0.0000 -0.5000 0.8660
vn 0.0000 -0.5000 0.8660
vn 0.0000 -1.0000 0.0000
vn 0.0000 -1.0000 0.0000
vn 0.0000 -1.0000 0.0000
vn 0.0000 -1.0000 0.0000
vn -0.0000 -0.5000 -0.8660
vn -0.0000 -0.5000 -0.8660
vn -0.0000 -0.5000 -0.8660
vn -0.0000 -0.5000 -0.8660
vn 0.0000 0.5000 -0.8660
vn 0.0000 0.5000 -0.8660
vn 0.0000 0.5000 -0.8660
vn 0.0000 0.5000 -0.8660
vn 0.0000 1.0000 0.0000
vn 0.0000 1.0000 0.0000
vn -1.0000 -0.0000 -0.0000
vn 1.0000 0.0000 0.0000
vn 0.0000 1.0000 0.0000
vn 0.0000 1.0000 0.0000
vn 0.0000 0.7071 0.7071
vn 0.0000 0.7071 0.7071
vn 0.0000 0.7071 0.7071
vn 0.0000 0.7071 0.7071
vn 0.0000 0.0000 1.0000
vn 0.0000 0.0000 1.0000
vn 0.0000 0.0000 1.0000
vn 0.0000 0.0000 1.0000
vn 0.0000 -0.7071 0.7071
vn 0.0000 -0.7071 0.7071
vn 0.0000 -0.7071 0.7071
vn 0.0000 -0.7071 0.7071
vn 0.0000 -1.0000 0.0000
vn 0.0000 -1.0000 0.0000
vn 0.0000 -1.0000 0.0000
vn 0.0000 -1.0000 0.0000
vn -0.0000 -0.7071 -0.7071
vn -0.0000 -0.7071 -0.7071
vn -0.0000 -0.7071 -0.7071
vn -0.0000 -0.7071 -0.7071
vn -0.0000 -0.0000 -1.0000
vn -0.0000 -0.0000 -1.0000
vn -0.0000 -0.0000 -1.0000
vn -0.0000 -0.0000 -1.0000
vn 0.0000 0.7071 -0.7071
vn 0.0000 0.7071 -0.7071
vn 0.0000 0.7071 -0.7071
vn 0.0000 0.7071 -0.7071
vn 0.0000 1.0000 0.0000
vn 0.0000 1.0000 0.0000
vn -1.0000 -0.0000 -0.0000
vn 1.0000 0.0000 0.0000
vn 0.0000 1.0000 0.0000
vn 0.0000 1.0000 0.0000
vn 0.0000 0.7071 0.7071
vn 0.0000 0.7071 0.7071
vn 0.0000 0.7071 0.7071
vn 0.0000 0.7071 0.7071
vn 0.0000 0.0000 1.0000
vn 0.0000 0.0000 1.0000
vn 0.0000 0.0000 1.0000
vn 0.0000 0.0000 1.0000
vn 0.0000 -0.7071 0.7071
vn 0.0000 -0.7071 0.7071
vn 0.0000 -0.7071 0.7071
vn 0.0000 -0.7071 0.7071
vn 0.0000 -1.0000 0.0000
vn 0.0000 -1.0000 0.0000
vn 0.0000 -1.0000 0.0000
vn 0.0000 -1.0000 0.0000
vn -0.0000 -0.7071 -0.7071
vn -0.0000 -0.7071 -0.7071
vn -0.0000 -0.7071 -0.7071
vn -0.0000 -0.7071 -0.7071
vn -0.0000 -0.0000 -1.0000
vn -0.0000 -0.0000 -1.0000
vn -0.0000 -0.0000 -1.0000
vn -0.0000 -0.0000 -1.0000
vn 0.0000 0.7071 -0.7071
vn 0.0000 0.7071 -0.7071
vn 0.0000 0.7071 -0.7071
vn 0.0000 0.7071 -0.7071
vn 0.0000 1.0000 0.0000
vn 0.0000 1.0000 0.0000
vn -1.0000 -0.0000 -0.0000
vn 1.0000 0.0000 0.0000
vn 0.0000 1.0000 0.0000
vn 0.0000 1.0000 0.0000
vn 0.8660 0.5000 0.0000
vn 0.8660 0.5000 0.0000
vn 0.8660 0.5000 0.0000
vn 0.8660 0.5000 0.0000
vn 0.8660 -0.5000 0.0000
vn 0.8660 -0.5000 0.0000
vn 0.8660 -0.5000 0.0000
vn 0.8660 -0.5000 0.0000
vn 0.0000 -1.0000 0.0000
vn 0.0000 -1.0000 0.0000
vn 0.0000 -1.0000 0.0000
vn 0.0000 -1.0000 0.0000
vn -0.8660 -0.5000 -0.0000
vn -0.8660 -0.5000 -0.0000
vn -0.8660 -0.5000 -0.0000
vn -0.8660 -0.5000 -0.0000
vn -0.8660 0.5000 0.0000
vn -0.8660 0.5000 0.0000
vn -0.8660 0.5000 0.0000
vn -0.8660 0.5000 0.0000
vn 0.0000 1.0000 0.0000
vn 0.0000 1.0000 0.0000
vn -0.0000 -0.0000 1.0000
vn 0.0000 0.0000 -1.0000
vn 0.0000 1.0000 0.0000
vn 0.0000 1.0000 0.0000
vn 0.0000 0.5000 0.8660
vn 0.0000 0.5000 0.8660
vn 0.0000 0.5000 0.8660
vn 0.0000 0.5000 0.8660
vn 0.0000 -0.5000 0.8660
vn 0.0000 -0.5000 0.8660
vn 0.0000 -0.5000 0.8660
vn 0.0000 -0.5000 0.8660
vn 0.0000 -1.0000 0.0000
vn 0.0000 -1.0000 0.0000
vn 0.0000 -1.0000 0.0000
vn 0.0000 -1.0000 0.0000
vn -0.0000 -0.5000 -0.8660
vn -0.0000 -0.5000 -0.8660
vn -0.0000 -0.5000 -0.8660
vn -0.0000 -0.5000 -0.8660
vn 0.0000 0.5000 -0.8660
vn 0.0000 0.5000 -0.8660
vn 0.0000 0.5000 -0.8660
vn 0.0000 0.5000 -0.8660
vn 0.0000 1.0000 0.0000
vn 0.0000 1.0000 0.0000
vn -1.0000 -0.0000 -0.0000
vn 1.0000 0.0000 0.0000
vn 0.0000 1.0000 0.0000
vn 0.0000 1.0000 0.0000
vn 0.0000 0.7071 0.7071
vn 0.0000 0.7071 0.7071
vn 0.0000 0.7071 0.7071
vn 0.0000 0.7071 0.7071
vn 0.0000 0.0000 1.0000
vn 0.0000 0.0000 1.0000
vn 0.0000 0.0000 1.0000
vn 0.0000 0.0000 1.0000
vn 0.0000 -0.7071 0.7071
vn 0.0000 -0.7071 0.7071
vn 0.0000 -0.7071 0.7071
vn 0.0000 -0.7071 0.7071
vn 0.0000 -1.0000 0.0000
vn 0.0000 -1.0000 0.0000
vn 0.0000 -1.0000 0.0000
vn 0.0000 -1.0000 0.0000
vn -0.0000 -0.7071 -0.7071
vn -0.0000 -0.7071 -0.7071
vn -0.0000 -0.7071 -0.7071
vn -0.0000 -0.7071 -0.7071
vn -0.0000 -0.0000 -1.0000
vn -0.0000 -0.0000 -1.0000
vn -0.0000 -0.0000 -1.0000
vn -0.0000 -0.0000 -1.0000
vn 0.0000 0.7071 -0.7071
vn 0.0000 0.7071 -0.7071
vn 0.0000 0.7071 -0.7071
vn 0.0000 0.7071 -0.7071
vn 0.0000 1.0000 0.0000
vn 0.0000 1.0000 0.0000
vn -1.0000 -0.0000 -0.0000
vn 1.0000 0.0000 0.0000
vn 0.0000 1.0000 0.0000
vn 0.0000 1.0000 0.0000
vn 0.0000 0.7071 0.7071
vn 0.0000 0.7071 0.7071
vn 0.0000 0.7071 0.7071
vn 0.0000 0.7071 0.7071
vn 0.0000 0.0000 1.0000
vn 0.0000 0.0000 1.0000
vn 0.0000 0.0000 1.0000
vn 0.0000 0.0000 1.0000
vn 0.0000 -0.7071 0.7071
vn 0.0000 -0.7071 0.7071
vn 0.0000 -0.7071 0.7071
vn 0.0000 -0.7071 0.7071
vn 0.0000 -1.0000 0.0000
vn 0.0000 -1.0000 0.0000
vn 0.0000 -1.0000 0.0000
vn 0.0000 -1.0000 0.0000
vn -0.0000 -0.7071 -0.7071
vn -0.0000 -0.7071 -0.7071
vn -0.0000 -0.7071 -0.7071
vn -0.0000 -0.7071 -0.7071
vn -0.0000 -0.0000 -1.0000
vn -0.0000 -0.0000 -1.0000
vn -0.0000 -0.0000 -1.0000
vn -0.0000 -0.0000 -1.0000
vn 0.0000 0.7071 -0.7071
vn 0.0000 0.7071 -0.7071
vn 0.0000 0.7071 -0.7071
vn 0.0000 0.7071 -0.7071
vn 0.0000 1.0000 0.0000
vn 0.0000 1.0000 0.0000
vn -1.0000 -0.0000 -0.0000
vn 1.0000 0.0000 0.0000
vn 0.0000 1.0000 0.0000
vn 0.0000 1.0000 0.0000
vn 0.8660 0.5000 0.0000
vn 0.8660 0.5000 0.0000
vn 0.8660 0.5000 0.0000
vn 0.8660 0.5000 0.0000
vn 0.8660 -0.5000 0.0000
vn 0.8660 -0.5000 0.0000
vn 0.8660 -0.5000 0.0000
vn 0.8660 -0.5000 0.0000
vn 0.0000 -1.0000 0.0000
vn 0.0000 -1.0000 0.0000
vn 0.0000 -1.0000 0.0000
vn 0.0000 -1.0000 0.0000
vn -0.8660 -0.5000 -0.0000
vn -0.8660 -0.5000 -0.0000
vn -0.8660 -0.5000 -0.0000
vn -0.8660 -0.5000 -0.0000
vn -0.8660 0.5000 0.0000
vn -0.8660 0.5000 0.0000
vn -0.8660 0.5000 0.0000
vn -0.8660 0.5000 0.0000
vn 0.0000 1.0000 0.0000
vn 0.0000 1.0000 0.0000
vn -0.0000 -0.0000 1.0000
vn 0.0000 0.0000 -1.0000
vn 0.0000 1.0000 0.0000
vn 0.0000 1.0000 0.0000
vn 0.0000 0.5000 0.8660
vn 0.0000 0.5000 0.8660
vn 0.0000 0.5000 0.8660
vn 0.0000 0.5000 0.8660
vn 0.0000 -0.5000 0.8660
vn 0.0000 -0.5000 0.8660
vn 0.0000 -0.5000 0.8660
vn 0.0000 -0.5000 0.8660
vn 0.0000 -1.0000 0.0000
vn 0.0000 -1.0000 0.0000
vn 0.0000 -1.0000 0.0000
vn 0.0000 -1.0000 0.0000
vn -0.0000 -0.5000 -0.8660
vn -0.0000 -0.5000 -0.8660
vn -0.0000 -0.5000 -0.8660
vn -0.0000 -0.5000 -0.8660
vn 0.0000 0.5000 -0.8660
vn 0.0000 0.5000 -0.8660
vn 0.0000 0.5000 -0.8660
vn 0.0000 0.5000 -0.8660
vn 0.0000 1.0000 0.0000
vn 0.0000 1.0000 0.0000
vn -1.0000 -0.0000 -0.0000
vn 1.0000 0.0000 0.0000
vn 0.0000 1.0000 0.0000
vn 0.0000 1.0000 0.0000
vn 0.0000 0.7071 0.7071
vn 0.0000 0.7071 0.7071
vn 0.0000 0.7071 0.7071
vn 0.0000 0.7071 0.7071
vn 0.0000 0.0000 1.0000
vn 0.0000 0.0000 1.0000
vn 0.0000 0.0000 1.0000
vn 0.0000 0.0000 1.0000
vn 0.0000 -0.7071 0.7071
vn 0.0000 -0.7071 0.7071
vn 0.0000 -0.7071 0.7071
vn 0.0000 -0.7071 0.7071
vn 0.0000 -1.0000 0.0000
vn 0.0000 -1.0000 0.0000
vn 0.0000 -1.0000 0.0000
vn 0.0000 -1.0000 0.0000
vn -0.0000 -0.7071 -0.7071
vn -0.0000 -0.7071 -0.7071
vn -0.0000 -0.7071 -0.7071
vn -0.0000 -0.7071 -0.7071
vn -0.0000 -0.0000 -1.0000
vn -0.0000 -0.0000 -1.0000
vn -0.0000 -0.0000 -1.0000
vn -0.0000 -0.0000 -1.0000
vn 0.0000 0.7071 -0.7071
vn 0.0000 0.7071 -0.7071
vn 0.0000 0.7071 -0.7071
vn 0.0000 0.7071 -0.7071
vn 0.0000 1.0000 0.0000
vn 0.0000 1.0000 0.0000
vn -1.0000 -0.0000 -0.0000
vn 1.0000 0.0000 0.0000
vn 0.0000 1.0000 0.0000
vn 0.0000 1.0000 0.0000
vn 0.0000 0.7071 0.7071
vn 0.0000 0.7071 0.7071
vn 0.0000 0.7071 0.7071
vn 0.0000 0.7071 0.7071
vn 0.0000 0.0000 1.0000
vn 0.0000 0.0000 1.0000
vn 0.0000 0.0000 1.0000
vn 0.0000 0.0000 1.0000
vn 0.0000 -0.7071 0.7071
vn 0.0000 -0.7071 0.7071
vn 0.0000 -0.7071 0.7071
vn 0.0000 -0.7071 0.7071
vn 0.0000 -1.0000 0.0000
vn 0.0000 -1.0000 0.0000
vn 0.0000 -1.0000 0.0000
vn 0.0000 -1.0000 0.0000
vn -0.0000 -0.7071 -0.7071
vn -0.0000 -0.7071 -0.7071
vn -0.0000 -0.7071 -0.7071
vn -0.0000 -0.7071 -0.7071
vn -0.0000 -0.0000 -1.0000
vn -0.0000 -0.0000 -1.0000
vn -0.0000 -0.0000 -1.0000
vn -0.0000 -0.0000 -1.0000
vn 0.0000 0.7071 -0.7071
vn 0.0000 0.7071 -0.7071
vn 0.0000 0.7071 -0.7071
vn 0.0000 0.7071 -0.7071
vn 0.0000 1.0000 0.0000
vn 0.0000 1.0000 0.0000
vn -1.0000 -0.0000 -0.0000
vn 1.0000 0.0000 0.0000
vn 0.0000 1.0000 0.0000
vn 0.0000 1.0000 0.0000
vn 0.8660 0.5000 0.0000
vn 0.8660 0.5000 0.0000
vn 0.8660 0.5000 0.0000
vn 0.8660 0.5000 0.0000
vn 0.8660 -0.5000 0.0000
vn 0.8660 -0.5000 0.0000
vn 0.8660 -0.5000 0.0000
vn 0.8660 -0.5000 0.0000
vn 0.0000 -1.0000 0.0000
vn 0.0000 -1.0000 0.0000
vn 0.0000 -1.0000 0.0000
vn 0.0000 -1.0000 0.0000
vn -0.8660 -0.5000 -0.0000
vn -0.8660 -0.5000 -0.0000
vn -0.8660 -0.5000 -0.0000
vn -0.8660 -0.5000 -0.0000
vn -0.8660 0.5000 0.0000
vn -0.8660 0.5000 0.0000
vn -0.8660 0.5000 0.0000
vn -0.8660 0.5000 0.0000
vn 0.0000 1.0000 0.0000
vn 0.0000 1.0000 0.0000
vn -0.0000 -0.0000 1.0000
vn 0.0000 0.0000 -1.0000
vn 0.0000 1.0000 0.0000
vn 0.0000 1.0000 0.0000
vn 0.0000 0.5000 0.8660
vn 0.0000 0.5000 0.8660
vn 0.0000 0.5000 0.8660
vn 0.0000 0.5000 0.8660
vn 0.0000 -0.5000 0.8660
vn 0.0000 -0.5000 0.8660
vn 0.0000 -0.5000 0.8660
vn 0.0000 -0.5000 0.8660
vn 0.0000 -1.0000 0.0000
vn 0.0000 -1.0000 0.0000
vn 0.0000 -1.0000 0.0000
vn 0.0000 -1.0000 0.0000
vn -0.0000 -0.5000 -0.8660
vn -0.0000 -0.5000 -0.8660
vn -0.0000 -0.5000 -0.8660
vn -0.0000 -0.5000 -0.8660
vn 0.0000 0.5000 -0.8660
vn 0.0000 0.5000 -0.8660
vn 0.0000 0.5000 -0.8660
vn 0.0000 0.5000 -0.8660
vn 0.0000 1.0000 0.0000
vn 0.0000 1.0000 0.0000
vn -1.0000 -0.0000 -0.0000
vn 1.0000 0.0000 0.0000
vn 0.0000 1.0000 0.0000
vn 0.0000 1.0000 0.0000
vn 0.0000 0.7071 0.7071
vn 0.0000 0.7071 0.7071
vn 0.0000 0.7071 0.7071
vn 0.0000 0.7071 0.7071
vn 0.0000 0.0000 1.0000
vn 0.0000 0.0000 1.0000
vn 0.0000 0.0000 1.0000
vn 0.0000 0.0000 1.0000
vn 0.0000 -0.7071 0.7071
vn 0.0000 -0.7071 0.7071
vn 0.0000 -0.7071 0.7071
vn 0.0000 -0.7071 0.7071
vn 0.0000 -1.0000 0.0000
vn 0.0000 -1.0000 0.0000
vn 0.0000 -1.0000 0.0000
vn 0.0000 -1.0000 0.0000
vn -0.0000 -0.7071 -0.7071
vn -0.0000 -0.7071 -0.7071
vn -0.0000 -0.7071 -0.7071
vn -0.0000 -0.7071 -0.7071
vn -0.0000 -0.0000 -1.0000
vn -0.0000 -0.0000 -1.0000
vn -0.0000 -0.0000 -1.0000
vn -0.0000 -0.0000 -1.0000
vn 0.0000 0.7071 -0.7071
vn 0.0000 0.7071 -0.7071
vn 0.0000 0.7071 -0.7071
vn 0.0000 0.7071 -0.7071
vn 0.0000 1.0000 0.0000
vn 0.0000 1.0000 0.0000
vn -1.0000 -0.0000 -0.0000
vn 1.0000 0.0000 0.0000
vn 0.0000 1.0000 0.0000
vn 0.0000 1.0000 0.0000
vn 0.0000 0.7071 0.7071
vn 0.0000 0.7071 0.7071
vn 0.0000 0.7071 0.7071
vn 0.0000 0.7071 0.7071
vn 0.0000 0.0000 1.0000
vn 0.0000 0.0000 1.0000
vn 0.0000 0.0000 1.0000
vn 0.0000 0.0000 1.0000
vn 0.0000 -0.7071 0.7071
vn 0.0000 -0.7071 0.7071
vn 0.0000 -0.7071 0.7071
vn 0.0000 -0.7071 0.7071
vn 0.0000 -1.0000 0.0000
vn 0.0000 -1.0000 0.0000
vn 0.0000 -1.0000 0.0000
vn 0.0000 -1.0000 0.0000
vn -0.0000 -0.7071 -0.7071
vn -0.0000 -0.7071 -0.7071
vn -0.0000 -0.7071 -0.7071
vn -0.0000 -0.7071 -0.7071
vn -0.0000 -0.0000 -1.0000
vn -0.0000 -0.0000 -1.0000
vn -0.0000 -0.0000 -1.0000
vn -0.0000 -0.0000 -1.0000
vn 0.0000 0.7071 -0.7071
vn 0.0000 0.7071 -0.7071
vn 0.0000 0.7071 -0.7071
vn 0.0000 0.7071 -0.7071
vn 0.0000 1.0000 0.0000
vn 0.0000 1.0000 0.0000
vn -1.0000 -0.0000 -0.0000
vn 1.0000 0.0000 0.0000
vn 0.0000 1.0000 0.0000
vn 0.0000 1.0000 0.0000
vn 0.8660 0.5000 0.0000
vn 0.8660 0.5000 0.0000
vn 0.8660 0.5000 0.0000
vn 0.8660 0.5000 0.0000
vn 0.8660 -0.5000 0.0000
vn 0.8660 -0.5000 0.0000
vn 0.8660 -0.5000 0.0000
vn 0.8660 -0.5000 0.0000
vn 0.0000 -1.0000 0.0000
vn 0.0000 -1.0000 0.0000
vn 0.0000 -1.0000 0.0000
vn 0.0000 -1.0000 0.0000
vn -0.8660 -0.5000 -0.0000
vn -0.8660 -0.5000 -0.0000
vn -0.8660 -0.5000 -0.0000
vn -0.8660 -0.5000 -0.0000
vn -0.8660 0.5000 0.0000
vn -0.8660 0.5000 0.0000
vn -0.8660 0.5000 0.0000
vn -0.8660 0.5000 0.0000
vn 0.0000 1.0000 0.0000
vn 0.0000 1.0000 0.0000
vn -0.0000 -0.0000 1.0000
vn 0.0000 0.0000 -1.0000
vn 0.0000 1.0000 0.0000
vn 0.0000 1.0000 0.0000
vn 0.0000 0.5000 0.8660
vn 0.0000 0.5000 0.8660
vn 0.0000 0.5000 0.8660
vn 0.0000 0.5000 0.8660
vn 0.0000 -0.5000 0.8660
vn 0.0000 -0.5000 0.8660
vn 0.0000 -0.5000 0.8660
vn 0.0000 -0.5000 0.8660
vn 0.0000 -1.0000 0.0000
vn 0.0000 -1.0000 0.0000
vn 0.0000 -1.0000 0.0000
vn 0.0000 -1.0000 0.0000
vn -0.0000 -0.5000 -0.8660
vn -0.0000 -0.5000 -0.8660
vn -0.0000 -0.5000 -0.8660
vn -0.0000 -0.5000 -0.8660
vn 0.0000 0.5000 -0.8660
vn 0.0000 0.5000 -0.8660
vn 0.0000 0.5000 -0.8660
vn 0.0000 0.5000 -0.8660
vn 0.0000 1.0000 0.0000
vn 0.0000 1.0000 0.0000
vn -1.0000 -0.0000 -0.0000
vn 1.0000 0.0000 0.0000
vn 0.0000 1.0000 0.0000
vn 0.0000 1.0000 0.0000
vn 0.0000 0.7071 0.7071
vn 0.0000 0.7071 0.7071
vn 0.0000 0.7071 0.7071
vn 0.0000 0.7071 0.7071
vn 0.0000 0.0000 1.0000
vn 0.0000 0.0000 1.0000
vn 0.0000 0.0000 1.0000
vn 0.0000 0.0000 1.0000
vn 0.0000 -0.7071 0.7071
vn 0.0000 -0.7071 0.7071
vn 0.0000 -0.7071 0.7071
vn 0.0000 -0.7071 0.7071
vn 0.0000 -1.0000 0.0000
vn 0.0000 -1.0000 0.0000
vn 0.0000 -1.0000 0.0000
vn 0.0000 -1.0000 0.0000
vn -0.0000 -0.7071 -0.7071
vn -0.0000 -0.7071 -0.7071
vn -0.0000 -0.7071 -0.7071
vn -0.0000 -0.7071 -0.7071
vn -0.0000 -0.0000 -1.0000
vn -0.0000 -0.0000 -1.0000
vn -0.0000 -0.0000 -1.0000
vn -0.0000 -0.0000 -1.0000
vn 0.0000 0.7071 -0.7071
vn 0.0000 0.7071 -0.7071
vn 0.0000 0.7071 -0.7071
vn 0.0000 0.7071 -0.7071
vn 0.0000 1.0000 0.0000
vn 0.0000 1.0000 0.0000
vn -1.0000 -0.0000 -0.0000
vn 1.0000 0.0000 0.0000
vn 0.0000 1.0000 0.0000
vn 0.0000 1.0000 0.0000
vn 0.0000 0.7071 0.7071
vn 0.0000 0.7071 0.7071
vn 0.0000 0.7071 0.7071
vn 0.0000 0.7071 0.7071
vn 0.0000 0.0000 1.0000
vn 0.0000 0.0000 1.0000
vn 0.0000 0.0000 1.0000
vn 0.0000 0.0000 1.0000
vn 0.0000 -0.7071 0.7071
vn 0.0000 -0.7071 0.7071
vn 0.0000 -0.7071 0.7071
vn 0.0000 -0.7071 0.7071
vn 0.0000 -1.0000 0.0000
vn 0.0000 -1.0000 0.0000
vn 0.0000 -1.0000 0.0000
vn 0.0000 -1.0000 0.0000
vn -0.0000 -0.7071 -0.7071
vn -0.0000 -0.7071 -0.7071
vn -0.0000 -0.7071 -0.7071
vn -0.0000 -0.7071 -0.7071
vn -0.0000 -0.0000 -1.0000
vn -0.0000 -0.0000 -1.0000
vn -0.0000 -0.0000 -1.0000
vn -0.0000 -0.0000 -1.0000
vn 0.0000 0.7071 -0.7071
vn 0.0000 0.7071 -0.7071
vn 0.0000 0.7071 -0.7071
vn 0.0000 0.7071 -0.7071
vn 0.0000 1.0000 0.0000
vn 0.0000 1.0000 0.0000
vn -1.0000 -0.0000 -0.0000
vn 1.0000 0.0000 0.0000
vn 0.0000 1.0000 0.0000
vn 0.0000 1.0000 0.0000
vn 0.8660 0.5000 0.0000
vn 0.8660 0.5000 0.0000
vn 0.8660 0.5000 0.0000
vn 0.8660 0.5000 0.0000
vn 0.8660 -0.5000 0.0000
vn 0.8660 -0.5000 0.0000
vn 0.8660 -0.5000 0.0000
vn 0.8660 -0.5000 0.0000
vn 0.0000 -1.0000 0.0000
vn 0.0000 -1.0000 0.0000
vn 0.0000 -1.0000 0.0000
vn 0.0000 -1.0000 0.0000
vn -0.8660 -0.5000 -0.0000
vn -0.8660 -0.5000 -0.0000
vn -0.8660 -0.5000 -0.0000
vn -0.8660 -0.5000 -0.0000
vn -0.8660 0.5000 0.0000
vn -0.8660 0.5000 0.0000
vn -0.8660 0.5000 0.0000
vn -0.8660 0.5000 0.0000
vn 0.0000 1.0000 0.0000
vn 0.0000 1.0000 0.0000
vn -0.0000 -0.0000 1.0000
vn 0.0000 0.0000 -1.0000
f 1//1 2//2 3//3
f 1//1 3//3 4//4
f 5//5 6//6 7//7
f 5//5 7//7 8//8
f 9//9 10//10 11//11
f 9//9 11//11 12//12
f 13//13 14//14 15//15
f 13//13 15//15 16//16
f 17//17 18//18 19//19
f 17//17 19//19 20//20
f 21//21 22//22 23//23
f 21//21 23//23 24//24
f 25//25 26//25 27//25
f 25//25 28//25 29//25
f 25//25 30//25 31//25
f 25//25 32//25 33//25
f 25//25 34//25 35//25
f 25//25 36//25 37//25
f 38//26 39//26 40//26
f 38//26 41//26 42//26
f 38//26 43//26 44//26
f 38//26 45//26 46//26
f 38//26 47//26 48//26
f 38//26 49//26 50//26
f 51//27 52//28 53//29
f 51//27 53//29 54//30
f 55//31 56//32 57//33
f 55//31 57//33 58//34
f 59//35 60//36 61//37
f 59//35 61//37 62//38
f 63//39 64//40 65//41
f 63//39 65//41 66//42
f 67//43 68//44 69//45
f 67//43 69//45 70//46
f 71//47 72//48 73//49
f 71//47 73//49 74//50
f 75//51 76//52 77//53
f 75//51 77//53 78//54
f 79//55 80//56 81//57
f 79//55 81//57 82//58
f 83//59 84//59 85//59
f 83//59 86//59 87//59
f 83//59 88//59 89//59
f 83//59 90//59 91//59
f 83//59 92//59 93//59
f 83//59 94//59 95//59
f 83//59 96//59 97//59
f 83//59 98//59 99//59
f 100//60 101//60 102//60
f 100//60 103//60 104//60
f 100//60 105//60 106//60
f 100//60 107//60 108//60
f 100//60 109//60 110//60
f 100//60 111//60 112//60
f 100//60 113//60 114//60
f 100//60 115//60 116//60
f 117//61 118//62 119//63
f 117//61 119//63 120//64
f 121//65 122//66 123//67
f 121//65 123//67 124//68
f 125//69 126//70 127//71
f 125//69 127//71 128//72
f 129//73 130//74 131//75
f 129//73 131//75 132//76
f 133//77 134//78 135//79
f 133//77 135//79 136//80
f 137//81 138//82 139//83
f 137//81 139//83 140//84
f 141//85 142//86 143//87
f 141//85 143//87 144//88
f 145//89 146//90 147//91
f 145//89 147//91 148//92
f 149//93 150//93 151//93
f 149//93 152//93 153//93
f 149//93 154//93 155//93
f 149//93 156//93 157//93
f 149//93 158//93 159//93
f 149//93 160//93 161//93
f 149//93 162//93 163//93
f 149//93 164//93 165//93
f 166//94 167//94 168//94
f 166//94 169//94 170//94
f 166//94 171//94 172//94
f 166//94 173//94 174//94
f 166//94 175//94 176//94
f 166//94 177//94 178//94
f 166//94 179//94 180//94
f 166//94 181//94 182//94
f 183//95 184//96 185//97
f 183//95 185//97 186//98
f 187//99 188//100 189//101
f 187//99 189//101 190//102
f 191//103 192//104 193//105
f 191//103 193//105 194//106
f 195//107 196//108 197//109
f 195//107 197//109 198//110
f 199//111 200//112 201//113
f 199//111 201//113 202//114
f 203//115 204//116 205//117
f 203//115 205//117 206//118
f 207//119 208//119 209//119
f 207//119 210//119 211//119
f 207//119 212//119 213//119
f 207//119 214//119 215//119
f 207//119 216//119 217//119
f 207//119 218//119 219//119
f 220//120 221//120 222//120
f 220//120 223//120 224//120
f 220//120 225//120 226//120
f 220//120 227//120 228//120
f 220//120 229//120 230//120
f 220//120 231//120 232//120
f 233//121 234//122 235//123
f 233//121 235//123 236//124
f 237//125 238//126 239//127
f 237//125 239//127 240//128
f 241//129 242//130 243//131
f 241//129 243//131 244//132
f 245//133 246//134 247//135
f 245//133 247//135 248//136
f 249//137 250//138 251//139
f 249//137 251//139 252//140
f 253//141 254//142 255//143
f 253//141 255//143 256//144
f 257//145 258//145 259//145
f 257//145 260//145 261//145
f 257//145 262//145 263//145
f 257//145 264//145 265//145
f 257//145 266//145 267//145
f 257//145 268//145 269//145
f 270//146 271//146 272//146
f 270//146 273//146 274//146
f 270//146 275//146 276//146
f 270//146 277//146 278//146
f 270//146 279//146 280//146
f 270//146 281//146 282//146
f 283//147 284//148 285//149
f 283//147 285//149 286//150
f 287//151 288//152 289//153
f 287//151 289//153 290//154
f 291//155 292//156 293//157
f 291//155 293//157 294//158
f 295//159 296//160 297//161
f 295//159 297//161 298//162
f 299//163 300//164 301//165
f 299//163 301//165 302//166
f 303//167 304//168 305//169
f 303//167 305//169 306//170
f 307//171 308//172 309//173
f 307//171 309//173 310//174
f 311//175 312//176 313//177
f 311//175 313//177 314//178
f 315//179 316//179 317//179
f 315//179 318//179 319//179
f 315//179 320//179 321//179
f 315//179 322//179 323//179
f 315//179 324//179 325//179
f 315//179 326//179 327//179
f 315//179 328//179 329//179
f 315//179 330//179 331//179
f 332//180 333//180 334//180
f 332//180 335//180 336//180
f 332//180 337//180 338//180
f 332//180 339//180 340//180
f 332//180 341//180 342//180
f 332//180 343//180 344//180
f 332//180 345//180 346//180
f 332//180 347//180 348//180
f 349//181 350//182 351//183
f 349//181 351//183 352//184
f 353//185 354//186 355//187
f 353//185 355//187 356//188
f 357//189 358//190 359//191
f 357//189 359//191 360//192
f 361//193 362//194 363//195
f 361//193 363//195 364//196
f 365//197 366//198 367//199
f 365//197 367//199 368//200
f 369//201 370//202 371//203
f 369//201 371//203 372//204
f 373//205 374//206 375//207
f 373//205 375//207 376//208
f 377//209 378//210 379//211
f 377//209 379//211 380//212
f 381//213 382//213 383//213
f 381//213 384//213 385//213
f 381//213 386//213 387//213
f 381//213 388//213 389//213
f 381//213 390//213 391//213
f 381//213 392//213 393//213
f 381//213 394//213 395//213
f 381//213 396//213 397//213
f 398//214 399//214 400//214
f 398//214 401//214 402//214
f 398//214 403//214 404//214
f 398//214 405//214 406//214
f 398//214 407//214 408//214
f 398//214 409//214 410//214
f 398//214 411//214 412//214
f 398//214 413//214 414//214
f 415//215 416//216 417//217
f 415//215 417//217 418//218
f 419//219 420//220 421//221
f 419//219 421//221 422//222
f 423//223 424//224 425//225
f 423//223 425//225 426//226
f 427//227 428//228 429//229
f 427//227 429//229 430//230
f 431//231 432//232 433//233
f 431//231 433//233 434//234
f 435//235 436//236 437//237
f 435//235 437//237 438//238
f 439//239 440//239 441//239
f 439//239 442//239 443//239
f 439//239 444//239 445//239
f 439//239 446//239 447//239
f 439//239 448//239 449//239
f 439//239 450//239 451//239
f 452//240 453//240 454//240
f 452//240 455//240 456//240
f 452//240 457//240 458//240
f 452//240 459//240 460//240
f 452//240 461//240 462//240
f 452//240 463//240 464//240
f 465//241 466//242 467//243
f 465//241 467//243 468//244
f 469//245 470//246 471//247
f 469//245 471//247 472//248
f 473//249 474//250 475//251
f 473//249 475//251 476//252
f 477//253 478//254 479//255
f 477//253 479//255 480//256
f 481//257 482//258 483//259
f 481//257 483//259 484//260
f 485//261 486//262 487//263
f 485//261 487//263 488//264
f 489//265 490//265 491//265
f 489//265 492//265 493//265
f 489//265 494//265 495//265
f 489//265 496//265 497//265
f 489//265 498//265 499//265
f 489//265 500//265 501//265
f 502//266 503//266 504//266
f 502//266 505//266 506//266
f 502//266 507//266 508//266
f 502//266 509//266 510//266
f 502//266 511//266 512//266
f 502//266 513//266 514//266
f 515//267 516//268 517//269
f 515//267 517//269 518//270
f 519//271 520//272 521//273
f 519//271 521//273 522//274
f 523//275 524//276 525//277
f 523//275 525//277 526//278
f 527//279 528//280 529//281
f 527//279 529//281 530//282
f 531//283 532//284 533//285
f 531//283 533//285 534//286
f 535//287 536//288 537//289
f 535//287 537//289 538//290
f 539//291 540//292 541//293
f 539//291 541//293 542//294
f 543//295 544//296 545//297
f 543//295 545//297 546//298
f 547//299 548//299 549//299
f 547//299 550//299 551//299
f 547//299 552//299 553//299
f 547//299 554//299 555//299
f 547//299 556//299 557//299
f 547//299 558//299 559//299
f 547//299 560//299 561//299
f 547//299 562//299 563//299
f 564//300 565//300 566//300
f 564//300 567//300 568//300
f 564//300 569//300 570//300
f 564//300 571//300 572//300
f 564//300 573//300 574//300
f 564//300 575//300 576//300
f 564//300 577//300 578//300
f 564//300 579//300 580//300
f 581//301 582//302 583//303
f 581//301 583//303 584//304
f 585//305 586//306 587//307
f 585//305 587//307 588//308
f 589//309 590//310 591//311
f 589//309 591//311 592//312
f 593//313 594//314 595//315
f 593//313 595//315 596//316
f 597//317 598//318 599//319
f 597//317 599//319 600//320
f 601//321 602//322 603//323
f 601//321 603//323 604//324
f 605//325 606//326 607//327
f 605//325 607//327 608//328
f 609//329 610//330 611//331
f 609//329 611//331 612//332
f 613//333 614//333 615//333
f 613//333 616//333 617//333
f 613//333 618//333 619//333
f 613//333 620//333 621//333
f 613//333 622//333 623//333
f 613//333 624//333 625//333
f 613//333 626//333 627//333
f 613//333 628//333 629//333
f 630//334 631//334 632//334
f 630//334 633//334 634//334
f 630//334 635//334 636//334
f 630//334 637//334 638//334
f 630//334 639//334 640//334
f 630//334 641//334 642//334
f 630//334 643//334 644//334
f 630//334 645//334 646//334
f 647//335 648//336 649//337
f 647//335 649//337 650//338
f 651//339 652//340 653//341
f 651//339 653//341 654//342
f 655//343 656//344 657//345
f 655//343 657//345 658//346
f 659//347 660//348 661//349
f 659//347 661//349 662//350
f 663//351 664//352 665//353
f 663//351 665//353 666//354
f 667//355 668//356 669//357
f 667//355 669//357 670//358
f 671//359 672//359 673//359
f 671//359 674//359 675//359
f 671//359 676//359 677//359
f 671//359 678//359 679//359
f 671//359 680//359 681//359
f 671//359 682//359 683//359
f 684//360 685//360 686//360
f 684//360 687//360 688//360
f 684//360 689//360 690//360
f 684//360 691//360 692//360
f 684//360 693//360 694//360
f 684//360 695//360 696//360
f 697//361 698//362 699//363
f 697//361 699//363 700//364
f 701//365 702//366 703//367
f 701//365 703//367 704//368
f 705//369 706//370 707//371
f 705//369 707//371 708//372
f 709//373 710//374 711//375
f 709//373 711//375 712//376
f 713//377 714//378 715//379
f 713//377 715//379 716//380
f 717//381 718//382 719//383
f 717//381 719//383 720//384
f 721//385 722//385 723//385
f 721//385 724//385 725//385
f 721//385 726//385 727//385
f 721//385 728//385 729//385
f 721//385 730//385 731//385
f 721//385 732//385 733//385
f 734//386 735//386 736//386
f 734//386 737//386 738//386
f 734//386 739//386 740//386
f 734//386 741//386 742//386
f 734//386 743//386 744//386
f 734//386 745//386 746//386
f 747//387 748//388 749//389
f 747//387 749//389 750//390
f 751//391 752//392 753//393
f 751//391 753//393 754//394
f 755//395 756//396 757//397
f 755//395 757//397 758//398
f 759//399 760//400 761//401
f 759//399 761//401 762//402
f 763//403 764//404 765//405
f 763//403 765//405 766//406
f 767//407 768//408 769//409
f 767//407 769//409 770//410
f 771//411 772//412 773//413
f 771//411 773//413 774//414
f 775//415 776//416 777//417
f 775//415 777//417 778//418
f 779//419 780//419 781//419
f 779//419 782//419 783//419
f 779//419 784//419 785//419
f 779//419 786//419 787//419
f 779//419 788//419 789//419
f 779//419 790//419 791//419
f 779//419 792//419 793//419
f 779//419 794//419 795//419
f 796//420 797//420 798//420
f 796//420 799//420 800//420
f 796//420 801//420 802//420
f 796//420 803//420 804//420
f 796//420 805//420 806//420
f 796//420 807//420 808//420
f 796//420 809//420 810//420
f 796//420 811//420 812//420
f 813//421 814//422 815//423
f 813//421 815//423 816//424
f 817//425 818//426 819//427
f 817//425 819//427 820//428
f 821//429 822//430 823//431
f 821//429 823//431 824//432
f 825//433 826//434 827//435
f 825//433 827//435 828//436
f 829//437 830//438 831//439
f 829//437 831//439 832//440
f 833//441 834//442 835//443
f 833//441 835//443 836//444
f 837//445 838//446 839//447
f 837//445 839//447 840//448
f 841//449 842//450 843//451
f 841//449 843//451 844//452
f 845//453 846//453 847//453
f 845//453 848//453 849//453
f 845//453 850//453 851//453
f 845//453 852//453 853//453
f 845//453 854//453 855//453
f 845//453 856//453 857//453
f 845//453 858//453 859//453
f 845//453 860//453 861//453
f 862//454 863//454 864//454
f 862//454 865//454 866//454
f 862//454 867//454 868//454
f 862//454 869//454 870//454
f 862//454 871//454 872//454
f 862//454 873//454 874//454
f 862//454 875//454 876//454
f 862//454 877//454 878//454
f 879//455 880//456 881//457
f 879//455 881//457 882//458
f 883//459 884//460 885//461
f 883//459 885//461 886//462
f 887//463 888//464 889//465
f 887//463 889//465 890//466
f 891//467 892//468 893//469
f 891//467 893//469 894//470
f 895//471 896//472 897//473
f 895//471 897//473 898//474
f 899//475 900//476 901//477
f 899//475 901//477 902//478
f 903//479 904//479 905//479
f 903//479 906//479 907//479
f 903//479 908//479 909//479
f 903//479 910//479 911//479
f 903//479 912//479 913//479
f 903//479 914//479 915//479
f 916//480 917//480 918//480
f 916//480 919//480 920//480
f 916//480 921//480 922//480
f 916//480 923//480 924//480
f 916//480 925//480 926//480
f 916//480 927//480 928//480
f 929//481 930//482 931//483
f 929//481 931//483 932//484
f 933//485 934//486 935//487
f 933//485 935//487 936//488
f 937//489 938//490 939//491
f 937//489 939//491 940//492
f 941//493 942//494 943//495
f 941//493 943//495 944//496
f 945//497 946//498 947//499
f 945//497 947//499 948//500
f 949//501 950//502 951//503
f 949//501 951//503 952//504
f 953//505 954//505 955//505
f 953//505 956//505 957//505
f 953//505 958//505 959//505
f 953//505 960//505 961//505
f 953//505 962//505 963//505
f 953//505 964//505 965//505
f 966//506 967//506 968//506
f 966//506 969//506 970//506
f 966//506 971//506 972//506
f 966//506 973//506 974//506
f 966//506 975//506 976//506
f 966//506 977//506 978//506
f 979//507 980//508 981//509
f 979//507 981//509 982//510
f 983//511 984//512 985//513
f 983//511 985//513 986//514
f 987//515 988//516 989//517
f 987//515 989//517 990//518
f 991//519 992//520 993//521
f 991//519 993//521 994//522
f 995//523 996//524 997//525
f 995//523 997//525 998//526
f 999//527 1000//528 1001//529
f 999//527 1001//529 1002//530
f 1003//531 1004//532 1005//533
f 1003//531 1005//533 1006//534
f 1007//535 1008//536 1009//537
f 1007//535 1009//537 1010//538
f 1011//539 1012//539 1013//539
f 1011//539 1014//539 1015//539
f 1011//539 1016//539 1017//539
f 1011//539 1018//539 1019//539
f 1011//539 1020//539 1021//539
f 1011//539 1022//539 1023//539
f 1011//539 1024//539 1025//539
f 1011//539 1026//539 1027//539
f 1028//540 1029//540 1030//540
f 1028//540 1031//540 1032//540
f 1028//540 1033//540 1034//540
f 1028//540 1035//540 1036//540
f 1028//540 1037//540 1038//540
f 1028//540 1039//540 1040//540
f 1028//540 1041//540 1042//540
f 1028//540 1043//540 1044//540
f 1045//541 1046//542 1047//543
f 1045//541 1047//543 1048//544
f 1049//545 1050//546 1051//547
f 1049//545 1051//547 1052//548
f 1053//549 1054//550 1055//551
f 1053//549 1055//551 1056//552
f 1057//553 1058//554 1059//555
f 1057//553 1059//555 1060//556
f 1061//557 1062//558 1063//559
f 1061//557 1063//559 1064//560
f 1065//561 1066//562 1067//563
f 1065//561 1067//563 1068//564
f 1069//565 1070//566 1071//567
f 1069//565 1071//567 1072//568
f 1073//569 1074//570 1075//571
f 1073//569 1075//571 1076//572
f 1077//573 1078//573 1079//573
f 1077//573 1080//573 1081//573
f 1077//573 1082//573 1083//573
f 1077//573 1084//573 1085//573
f 1077//573 1086//573 1087//573
f 1077//573 1088//573 1089//573
f 1077//573 1090//573 1091//573
f 1077//573 1092//573 1093//573
f 1094//574 1095//574 1096//574
f 1094//574 1097//574 1098//574
f 1094//574 1099//574 1100//574
f 1094//574 1101//574 1102//574
f 1094//574 1103//574 1104//574
f 1094//574 1105//574 1106//574
f 1094//574 1107//574 1108//574
f 1094//574 1109//574 1110//574
f 1111//575 1112//576 1113//577
f 1111//575 1113//577 1114//578
f 1115//579 1116//580 1117//581
f 1115//579 1117//581 1118//582
f 1119//583 1120//584 1121//585
f 1119//583 1121//585 1122//586
f 1123//587 1124//588 1125//589
f 1123//587 1125//589 1126//590
f 1127//591 1128//592 1129//593
f 1127//591 1129//593 1130//594
f 1131//595 1132//596 1133//597
f 1131//595 1133//597 1134//598
f 1135//599 1136//599 1137//599
f 1135//599 1138//599 1139//599
f 1135//599 1140//599 1141//599
f 1135//599 1142//599 1143//599
f 1135//599 1144//599 1145//599
f 1135//599 1146//599 1147//599
f 1148//600 1149//600 1150//600
f 1148//600 1151//600 1152//600
f 1148//600 1153//600 1154//600
f 1148//600 1155//600 1156//600
f 1148//600 1157//600 1158//600
f 1148//600 1159//600 1160//600
f 1161//601 1162//602 1163//603
f 1161//601 1163//603 1164//604
f 1165//605 1166//606 1167//607
f 1165//605 1167//607 1168//608
f 1169//609 1170//610 1171//611
f 1169//609 1171//611 1172//612
f 1173//613 1174//614 1175//615
f 1173//613 1175//615 1176//616
f 1177//617 1178//618 1179//619
f 1177//617 1179//619 1180//620
f 1181//621 1182//622 1183//623
f 1181//621 1183//623 1184//624
f 1185//625 1186//625 1187//625
f 1185//625 1188//625 1189//625
f 1185//625 1190//625 1191//625
f 1185//625 1192//625 1193//625
f 1185//625 1194//625 1195//625
f 1185//625 1196//625 1197//625
f 1198//626 1199//626 1200//626
f 1198//626 1201//626 1202//626
f 1198//626 1203//626 1204//626
f 1198//626 1205//626 1206//626
f 1198//626 1207//626 1208//626
f 1198//626 1209//626 1210//626
f 1211//627 1212//628 1213//629
f 1211//627 1213//629 1214//630
f 1215//631 1216//632 1217//633
f 1215//631 1217//633 1218//634
f 1219//635 1220//636 1221//637
f 1219//635 1221//637 1222//638
f 1223//639 1224//640 1225//641
f 1223//639 1225//641 1226//642
f 1227//643 1228//644 1229//645
f 1227//643 1229//645 1230//646
f 1231//647 1232//648 1233//649
f 1231//647 1233//649 1234//650
f 1235//651 1236//652 1237//653
f 1235//651 1237//653 1238//654
f 1239//655 1240//656 1241//657
f 1239//655 1241//657 1242//658
f 1243//659 1244//659 1245//659
f 1243//659 1246//659 1247//659
f 1243//659 1248//659 1249//659
f 1243//659 1250//659 1251//659
f 1243//659 1252//659 1253//659
f 1243//659 1254//659 1255//659
f 1243//659 1256//659 1257//659
f 1243//659 1258//659 1259//659
f 1260//660 1261//660 1262//660
f 1260//660 1263//660 1264//660
f 1260//660 1265//660 1266//660
f 1260//660 1267//660 1268//660
f 1260//660 1269//660 1270//660
f 1260//660 1271//660 1272//660
f 1260//660 1273//660 1274//660
f 1260//660 1275//660 1276//660
f 1277//661 1278//662 1279//663
f 1277//661 1279//663 1280//664
f 1281//665 1282//666 1283//667
f 1281//665 1283//667 1284//668
f 1285//669 1286//670 1287//671
f 1285//669 1287//671 1288//672
f 1289//673 1290//674 1291//675
f 1289//673 1291//675 1292//676
f 1293//677 1294//678 1295//679
f 1293//677 1295//679 1296//680
f 1297//681 1298//682 1299//683
f 1297//681 1299//683 1300//684
f 1301//685 1302//686 1303//687
f 1301//685 1303//687 1304//688
f 1305//689 1306//690 1307//691
f 1305//689 1307//691 1308//692
f 1309//693 1310//693 1311//693
f 1309//693 1312//693 1313//693
f 1309//693 1314//693 1315//693
f 1309//693 1316//693 1317//693
f 1309//693 1318//693 1319//693
f 1309//693 1320//693 1321//693
f 1309//693 1322//693 1323//693
f 1309//693 1324//693 1325//693
f 1326//694 1327//694 1328//694
f 1326//694 1329//694 1330//694
f 1326//694 1331//694 1332//694
f 1326//694 1333//694 1334//694
f 1326//694 1335//694 1336//694
f 1326//694 1337//694 1338//694
f 1326//694 1339//694 1340//694
f 1326//694 1341//694 1342//694
f 1343//695 1344//696 1345//697
f 1343//695 1345//697 1346//698
f 1347//699 1348//700 1349//701
f 1347//699 1349//701 1350//702
f 1351//703 1352//704 1353//705
f 1351//703 1353//705 1354//706
f 1355//707 1356//708 1357//709
f 1355//707 1357//709 1358//710
f 1359//711 1360//712 1361//713
f 1359//711 1361//713 1362//714
f 1363//715 1364//716 1365//717
f 1363//715 1365//717 1366//718
f 1367//719 1368//719 1369//719
f 1367//719 1370//719 1371//719
f 1367//719 1372//719 1373//719
f 1367//719 1374//719 1375//719
f 1367//719 1376//719 1377//719
f 1367//719 1378//719 1379//719
f 1380//720 1381//720 1382//720
f 1380//720 1383//720 1384//720
f 1380//720 1385//720 1386//720
f 1380//720 1387//720 1388//720
f 1380//720 1389//720 1390//720
f 1380//720 1391//720 1392//720
f 1393//721 1394//722 1395//723
f 1393//721 1395//723 1396//724
f 1397//725 1398//726 1399//727
f 1397//725 1399//727 1400//728
f 1401//729 1402//730 1403//731
f 1401//729 1403//731 1404//732
f 1405//733 1406//734 1407//735
f 1405//733 1407//735 1408//736
f 1409//737 1410//738 1411//739
f 1409//737 1411//739 1412//740
f 1413//741 1414//742 1415//743
f 1413//741 1415//743 1416//744
f 1417//745 1418//745 1419//745
f 1417//745 1420//745 1421//745
f 1417//745 1422//745 1423//745
f 1417//745 1424//745 1425//745
f 1417//745 1426//745 1427//745
f 1417//745 1428//745 1429//745
f 1430//746 1431//746 1432//746
f 1430//746 1433//746 1434//746
f 1430//746 1435//746 1436//746
f 1430//746 1437//746 1438//746
f 1430//746 1439//746 1440//746
f 1430//746 1441//746 1442//746
f 1443//747 1444//748 1445//749
f 1443//747 1445//749 1446//750
f 1447//751 1448//752 1449//753
f 1447//751 1449//753 1450//754
f 1451//755 1452//756 1453//757
f 1451//755 1453//757 1454//758
f 1455//759 1456//760 1457//761
f 1455//759 1457//761 1458//762
f 1459//763 1460//764 1461//765
f 1459//763 1461//765 1462//766
f 1463//767 1464//768 1465//769
f 1463//767 1465//769 1466//770
f 1467//771 1468//772 1469//773
f 1467//771 1469//773 1470//774
f 1471//775 1472//776 1473//777
f 1471//775 1473//777 1474//778
f 1475//779 1476//779 1477//779
f 1475//779 1478//779 1479//779
f 1475//779 1480//779 1481//779
f 1475//779 1482//779 1483//779
f 1475//779 1484//779 1485//779
f 1475//779 1486//779 1487//779
f 1475//779 1488//779 1489//779
f 1475//779 1490//779 1491//779
f 1492//780 1493//780 1494//780
f 1492//780 1495//780 1496//780
f 1492//780 1497//780 1498//780
f 1492//780 1499//780 1500//780
f 1492//780 1501//780 1502//780
f 1492//780 1503//780 1504//780
f 1492//780 1505//780 1506//780
f 1492//780 1507//780 1508//780
f 1509//781 1510//782 1511//783
f 1509//781 1511//783 1512//784
f 1513//785 1514//786 1515//787
f 1513//785 1515//787 1516//788
f 1517//789 1518//790 1519//791
f 1517//789 1519//791 1520//792
f 1521//793 1522//794 1523//795
f 1521//793 1523//795 1524//796
f 1525//797 1526//798 1527//799
f 1525//797 1527//799 1528//800
f 1529//801 1530//802 1531//803
f 1529//801 1531//803 1532//804
f 1533//805 1534//806 1535//807
f 1533//805 1535//807 1536//808
f 1537//809 1538//810 1539//811
f 1537//809 1539//811 1540//812
f 1541//813 1542//813 1543//813
f 1541//813 1544//813 1545//813
f 1541//813 1546//813 1547//813
f 1541//813 1548//813 1549//813
f 1541//813 1550//813 1551//813
f 1541//813 1552//813 1553//813
f 1541//813 1554//813 1555//813
f 1541//813 1556//813 1557//813
f 1558//814 1559//814 1560//814
f 1558//814 1561//814 1562//814
f 1558//814 1563//814 1564//814
f 1558//814 1565//814 1566//814
f 1558//814 1567//814 1568//814
f 1558//814 1569//814 1570//814
f 1558//814 1571//814 1572//814
f 1558//814 1573//814 1574//814
f 1575//815 1576//816 1577//817
f 1575//815 1577//817 1578//818
f 1579//819 1580//820 1581//821
f 1579//819 1581//821 1582//822
f 1583//823 1584//824 1585//825
f 1583//823 1585//825 1586//826
f 1587//827 1588//828 1589//829
f 1587//827 1589//829 1590//830
f 1591//831 1592//832 1593//833
f 1591//831 1593//833 1594//834
f 1595//835 1596//836 1597//837
f 1595//835 1597//837 1598//838
f 1599//839 1600//839 1601//839
f 1599//839 1602//839 1603//839
f 1599//839 1604//839 1605//839
f 1599//839 1606//839 1607//839
f 1599//839 1608//839 1609//839
f 1599//839 1610//839 1611//839
f 1612//840 1613//840 1614//840
f 1612//840 1615//840 1616//840
f 1612//840 1617//840 1618//840
f 1612//840 1619//840 1620//840
f 1612//840 1621//840 1622//840
f 1612//840 1623//840 1624//840
f 1625//841 1626//842 1627//843
f 1625//841 1627//843 1628//844
f 1629//845 1630//846 1631//847
f 1629//845 1631//847 1632//848
f 1633//849 1634//850 1635//851
f 1633//849 1635//851 1636//852
f 1637//853 1638//854 1639//855
f 1637//853 1639//855 1640//856
f 1641//857 1642//858 1643//859
f 1641//857 1643//859 1644//860
f 1645//861 1646//862 1647//863
f 1645//861 1647//863 1648//864
f 1649//865 1650//865 1651//865
f 1649//865 1652//865 1653//865
f 1649//865 1654//865 1655//865
f 1649//865 1656//865 1657//865
f 1649//865 1658//865 1659//865
f 1649//865 1660//865 1661//865
f 1662//866 1663//866 1664//866
f 1662//866 1665//866 1666//866
f 1662//866 1667//866 1668//866
f 1662//866 1669//866 1670//866
f 1662//866 1671//866 1672//866
f 1662//866 1673//866 1674//866
f 1675//867 1676//868 1677//869
f 1675//867 1677//869 1678//870
f 1679//871 1680//872 1681//873
f 1679//871 1681//873 1682//874
f 1683//875 1684//876 1685//877
f 1683//875 1685//877 1686//878
f 1687//879 1688//880 1689//881
f 1687//879 1689//881 1690//882
f 1691//883 1692//884 1693//885
f 1691//883 1693//885 1694//886
f 1695//887 1696//888 1697//889
f 1695//887 1697//889 1698//890
f 1699//891 1700//892 1701//893
f 1699//891 1701//893 1702//894
f 1703//895 1704//896 1705//897
f 1703//895 1705//897 1706//898
f 1707//899 1708//899 1709//899
f 1707//899 1710//899 1711//899
f 1707//899 1712//899 1713//899
f 1707//899 1714//899 1715//899
f 1707//899 1716//899 1717//899
f 1707//899 1718//899 1719//899
f 1707//899 1720//899 1721//899
f 1707//899 1722//899 1723//899
f 1724//900 1725//900 1726//900
f 1724//900 1727//900 1728//900
f 1724//900 1729//900 1730//900
f 1724//900 1731//900 1732//900
f 1724//900 1733//900 1734//900
f 1724//900 1735//900 1736//900
f 1724//900 1737//900 1738//900
f 1724//900 1739//900 1740//900
f 1741//901 1742//902 1743//903
f 1741//901 1743//903 1744//904
f 1745//905 1746//906 1747//907
f 1745//905 1747//907 1748//908
f 1749//909 1750//910 1751//911
f 1749//909 1751//911 1752//912
f 1753//913 1754//914 1755//915
f 1753//913 1755//915 1756//916
f 1757//917 1758//918 1759//919
f 1757//917 1759//919 1760//920
f 1761//921 1762//922 1763//923
f 1761//921 1763//923 1764//924
f 1765//925 1766//926 1767//927
f 1765//925 1767//927 1768//928
f 1769//929 1770//930 1771//931
f 1769//929 1771//931 1772//932
f 1773//933 1774//933 1775//933
f 1773//933 1776//933 1777//933
f 1773//933 1778//933 1779//933
f 1773//933 1780//933 1781//933
f 1773//933 1782//933 1783//933
f 1773//933 1784//933 1785//933
f 1773//933 1786//933 1787//933
f 1773//933 1788//933 1789//933
f 1790//934 1791//934 1792//934
f 1790//934 1793//934 1794//934
f 1790//934 1795//934 1796//934
f 1790//934 1797//934 1798//934
f 1790//934 1799//934 1800//934
f 1790//934 1801//934 1802//934
f 1790//934 1803//934 1804//934
f 1790//934 1805//934 1806//934
f 1807//935 1808//936 1809//937
f 1807//935 1809//937 1810//938
f 1811//939 1812//940 1813//941
f 1811//939 1813//941 1814//942
f 1815//943 1816//944 1817//945
f 1815//943 1817//945 1818//946
f 1819//947 1820//948 1821//949
f 1819//947 1821//949 1822//950
f 1823//951 1824//952 1825//953
f 1823//951 1825//953 1826//954
f 1827//955 1828//956 1829//957
f 1827//955 1829//957 1830//958
f 1831//959 1832//959 1833//959
f 1831//959 1834//959 1835//959
f 1831//959 1836//959 1837//959
f 1831//959 1838//959 1839//959
f 1831//959 1840//959 1841//959
f 1831//959 1842//959 1843//959
f 1844//960 1845//960 1846//960
f 1844//960 1847//960 1848//960
f 1844//960 1849//960 1850//960
f 1844//960 1851//960 1852//960
f 1844//960 1853//960 1854//960
f 1844//960 1855//960 1856//960
f 1857//961 1858//962 1859//963
f 1857//961 1859//963 1860//964
f 1861//965 1862//966 1863//967
f 1861//965 1863//967 1864//968
f 1865//969 1866//970 1867//971
f 1865//969 1867//971 1868//972
f 1869//973 1870//974 1871//975
f 1869//973 1871//975 1872//976
f 1873//977 1874//978 1875//979
f 1873//977 1875//979 1876//980
f 1877//981 1878//982 1879//983
f 1877//981 1879//983 1880//984
f 1881//985 1882//985 1883//985
f 1881//985 1884//985 1885//985
f 1881//985 1886//985 1887//985
f 1881//985 1888//985 1889//985
f 1881//985 1890//985 1891//985
f 1881//985 1892//985 1893//985
f 1894//986 1895//986 1896//986
f 1894//986 1897//986 1898//986
f 1894//986 1899//986 1900//986
f 1894//986 1901//986 1902//986
f 1894//986 1903//986 1904//986
f 1894//986 1905//986 1906//986
f 1907//987 1908//988 1909//989
f 1907//987 1909//989 1910//990
f 1911//991 1912//992 1913//993
f 1911//991 1913//993 1914//994
f 1915//995 1916//996 1917//997
f 1915//995 1917//997 1918//998
f 1919//999 1920//1000 1921//1001
f 1919//999 1921//1001 1922//1002
f 1923//1003 1924//1004 1925//1005
f 1923//1003 1925//1005 1926//1006
f 1927//1007 1928//1008 1929//1009
f 1927//1007 1929//1009 1930//1010
f 1931//1011 1932//1012 1933//1013
f 1931//1011 1933//1013 1934//1014
f 1935//1015 1936//1016 1937//1017
f 1935//1015 1937//1017 1938//1018
f 1939//1019 1940//1019 1941//1019
f 1939//1019 1942//1019 1943//1019
f 1939//1019 1944//1019 1945//1019
f 1939//1019 1946//1019 1947//1019
f 1939//1019 1948//1019 1949//1019
f 1939//1019 1950//1019 1951//1019
f 1939//1019 1952//1019 1953//1019
f 1939//1019 1954//1019 1955//1019
f 1956//1020 1957//1020 1958//1020
f 1956//1020 1959//1020 1960//1020
f 1956//1020 1961//1020 1962//1020
f 1956//1020 1963//1020 1964//1020
f 1956//1020 1965//1020 1966//1020
f 1956//1020 1967//1020 1968//1020
f 1956//1020 1969//1020 1970//1020
f 1956//1020 1971//1020 1972//1020
f 1973//1021 1974//1022 1975//1023
f 1973//1021 1975//1023 1976//1024
f 1977//1025 1978//1026 1979//1027
f 1977//1025 1979//1027 1980//1028
f 1981//1029 1982//1030 1983//1031
f 1981//1029 1983//1031 1984//1032
f 1985//1033 1986//1034 1987//1035
f 1985//1033 1987//1035 1988//1036
f 1989//1037 1990//1038 1991//1039
f 1989//1037 1991//1039 1992//1040
f 1993//1041 1994//1042 1995//1043
f 1993//1041 1995//1043 1996//1044
f 1997//1045 1998//1046 1999//1047
f 1997//1045 1999//1047 2000//1048
f 2001//1049 2002//1050 2003//1051
f 2001//1049 2003//1051 2004//1052
f 2005//1053 2006//1053 2007//1053
f 2005//1053 2008//1053 2009//1053
f 2005//1053 2010//1053 2011//1053
f 2005//1053 2012//1053 2013//1053
f 2005//1053 2014//1053 2015//1053
f 2005//1053 2016//1053 2017//1053
f 2005//1053 2018//1053 2019//1053
f 2005//1053 2020//1053 2021//1053
f 2022//1054 2023//1054 2024//1054
f 2022//1054 2025//1054 2026//1054
f 2022//1054 2027//1054 2028//1054
f 2022//1054 2029//1054 2030//1054
f 2022//1054 2031//1054 2032//1054
f 2022//1054 2033//1054 2034//1054
f 2022//1054 2035//1054 2036//1054
f 2022//1054 2037//1054 2038//1054
f 2039//1055 2040//1056 2041//1057
f 2039//1055 2041//1057 2042//1058
f 2043//1059 2044//1060 2045//1061
f 2043//1059 2045//1061 2046//1062
f 2047//1063 2048//1064 2049//1065
f 2047//1063 2049//1065 2050//1066
f 2051//1067 2052//1068 2053//1069
f 2051//1067 2053//1069 2054//1070
f 2055//1071 2056//1072 2057//1073
f 2055//1071 2057//1073 2058//1074
f 2059//1075 2060//1076 2061//1077
f 2059//1075 2061//1077 2062//1078
f 2063//1079 2064//1079 2065//1079
f 2063//1079 2066//1079 2067//1079
f 2063//1079 2068//1079 2069//1079
f 2063//1079 2070//1079 2071//1079
f 2063//1079 2072//1079 2073//1079
f 2063//1079 2074//1079 2075//1079
f 2076//1080 2077//1080 2078//1080
f 2076//1080 2079//1080 2080//1080
f 2076//1080 2081//1080 2082//1080
f 2076//1080 2083//1080 2084//1080
f 2076//1080 2085//1080 2086//1080
f 2076//1080 2087//1080 2088//1080
f 2089//1081 2090//1082 2091//1083
f 2089//1081 2091//1083 2092//1084
f 2093//1085 2094//1086 2095//1087
f 2093//1085 2095//1087 2096//1088
f 2097//1089 2098//1090 2099//1091
f 2097//1089 2099//1091 2100//1092
f 2101//1093 2102//1094 2103//1095
f 2101//1093 2103//1095 2104//1096
f 2105//1097 2106//1098 2107//1099
f 2105//1097 2107//1099 2108//1100
f 2109//1101 2110//1102 2111//1103
f 2109//1101 2111//1103 2112//1104
f 2113//1105 2114//1105 2115//1105
f 2113//1105 2116//1105 2117//1105
f 2113//1105 2118//1105 2119//1105
f 2113//1105 2120//1105 2121//1105
f 2113//1105 2122//1105 2123//1105
f 2113//1105 2124//1105 2125//1105
f 2126//1106 2127//1106 2128//1106
f 2126//1106 2129//1106 2130//1106
f 2126//1106 2131//1106 2132//1106
f 2126//1106 2133//1106 2134//1106
f 2126//1106 2135//1106 2136//1106
f 2126//1106 2137//1106 2138//1106
f 2139//1107 2140//1108 2141//1109
f 2139//1107 2141//1109 2142//1110
f 2143//1111 2144//1112 2145//1113
f 2143//1111 2145//1113 2146//1114
f 2147//1115 2148//1116 2149//1117
f 2147//1115 2149//1117 2150//1118
f 2151//1119 2152//1120 2153//1121
f 2151//1119 2153//1121 2154//1122
f 2155//1123 2156//1124 2157//1125
f 2155//1123 2157//1125 2158//1126
f 2159//1127 2160//1128 2161//1129
f 2159//1127 2161//1129 2162//1130
f 2163//1131 2164//1132 2165//1133
f 2163//1131 2165//1133 2166//1134
f 2167//1135 2168//1136 2169//1137
f 2167//1135 2169//1137 2170//1138
f 2171//1139 2172//1139 2173//1139
f 2171//1139 2174//1139 2175//1139
f 2171//1139 2176//1139 2177//1139
f 2171//1139 2178//1139 2179//1139
f 2171//1139 2180//1139 2181//1139
f 2171//1139 2182//1139 2183//1139
f 2171//1139 2184//1139 2185//1139
f 2171//1139 2186//1139 2187//1139
f 2188//1140 2189//1140 2190//1140
f 2188//1140 2191//1140 2192//1140
f 2188//1140 2193//1140 2194//1140
f 2188//1140 2195//1140 2196//1140
f 2188//1140 2197//1140 2198//1140
f 2188//1140 2199//1140 2200//1140
f 2188//1140 2201//1140 2202//1140
f 2188//1140 2203//1140 2204//1140
f 2205//1141 2206//1142 2207//1143
f 2205//1141 2207//1143 2208//1144
f 2209//1145 2210//1146 2211//1147
f 2209//1145 2211//1147 2212//1148
f 2213//1149 2214//1150 2215//1151
f 2213//1149 2215//1151 2216//1152
f 2217//1153 2218//1154 2219//1155
f 2217//1153 2219//1155 2220//1156
f 2221//1157 2222//1158 2223//1159
f 2221//1157 2223//1159 2224//1160
f 2225//1161 2226//1162 2227//1163
f 2225//1161 2227//1163 2228//1164
f 2229//1165 2230//1166 2231//1167
f 2229//1165 2231//1167 2232//1168
f 2233//1169 2234//1170 2235//1171
f 2233//1169 2235//1171 2236//1172
f 2237//1173 2238//1173 2239//1173
f 2237//1173 2240//1173 2241//1173
f 2237//1173 2242//1173 2243//1173
f 2237//1173 2244//1173 2245//1173
f 2237//1173 2246//1173 2247//1173
f 2237//1173 2248//1173 2249//1173
f 2237//1173 2250//1173 2251//1173
f 2237//1173 2252//1173 2253//1173
f 2254//1174 2255//1174 2256//1174
f 2254//1174 2257//1174 2258//1174
f 2254//1174 2259//1174 2260//1174
f 2254//1174 2261//1174 2262//1174
f 2254//1174 2263//1174 2264//1174
f 2254//1174 2265//1174 2266//1174
f 2254//1174 2267//1174 2268//1174
f 2254//1174 2269//1174 2270//1174
f 2271//1175 2272//1176 2273//1177
f 2271//1175 2273//1177 2274//1178
f 2275//1179 2276//1180 2277//1181
f 2275//1179 2277//1181 2278//1182
f 2279//1183 2280//1184 2281//1185
f 2279//1183 2281//1185 2282//1186
f 2283//1187 2284//1188 2285//1189
f 2283//1187 2285//1189 2286//1190
f 2287//1191 2288//1192 2289//1193
f 2287//1191 2289//1193 2290//1194
f 2291//1195 2292//1196 2293//1197
f 2291//1195 2293//1197 2294//1198
f 2295//1199 2296//1199 2297//1199
f 2295//1199 2298//1199 2299//1199
f 2295//1199 2300//1199 2301//1199
f 2295//1199 2302//1199 2303//1199
f 2295//1199 2304//1199 2305//1199
f 2295//1199 2306//1199 2307//1199
f 2308//1200 2309//1200 2310//1200
f 2308//1200 2311//1200 2312//1200
f 2308//1200 2313//1200 2314//1200
f 2308//1200 2315//1200 2316//1200
f 2308//1200 2317//1200 2318//1200
f 2308//1200 2319//1200 2320//1200
f 2321//1201 2322//1202 2323//1203
f 2321//1201 2323//1203 2324//1204
f 2325//1205 2326//1206 2327//1207
f 2325//1205 2327//1207 2328//1208
f 2329//1209 2330//1210 2331//1211
f 2329//1209 2331//1211 2332//1212
f 2333//1213 2334//1214 2335//1215
f 2333//1213 2335//1215 2336//1216
f 2337//1217 2338//1218 2339//1219
f 2337//1217 2339//1219 2340//1220
f 2341//1221 2342//1222 2343//1223
f 2341//1221 2343//1223 2344//1224
f 2345//1225 2346//1225 2347//1225
f 2345//1225 2348//1225 2349//1225
f 2345//1225 2350//1225 2351//1225
f 2345//1225 2352//1225 2353//1225
f 2345//1225 2354//1225 2355//1225
f 2345//1225 2356//1225 2357//1225
f 2358//1226 2359//1226 2360//1226
f 2358//1226 2361//1226 2362//1226
f 2358//1226 2363//1226 2364//1226
f 2358//1226 2365//1226 2366//1226
f 2358//1226 2367//1226 2368//1226
f 2358//1226 2369//1226 2370//1226
f 2371//1227 2372//1228 2373//1229
f 2371//1227 2373//1229 2374//1230
f 2375//1231 2376//1232 2377//1233
f 2375//1231 2377//1233 2378//1234
f 2379//1235 2380//1236 2381//1237
f 2379//1235 2381//1237 2382//1238
f 2383//1239 2384//1240 2385//1241
f 2383//1239 2385//1241 2386//1242
f 2387//1243 2388//1244 2389//1245
f 2387//1243 2389//1245 2390//1246
f 2391//1247 2392//1248 2393//1249
f 2391//1247 2393//1249 2394//1250
f 2395//1251 2396//1252 2397//1253
f 2395//1251 2397//1253 2398//1254
f 2399//1255 2400//1256 2401//1257
f 2399//1255 2401//1257 2402//1258
f 2403//1259 2404//1259 2405//1259
f 2403//1259 2406//1259 2407//1259
f 2403//1259 2408//1259 2409//1259
f 2403//1259 2410//1259 2411//1259
f 2403//1259 2412//1259 2413//1259
f 2403//1259 2414//1259 2415//1259
f 2403//1259 2416//1259 2417//1259
f 2403//1259 2418//1259 2419//1259
f 2420//1260 2421//1260 2422//1260
f 2420//1260 2423//1260 2424//1260
f 2420//1260 2425//1260 2426//1260
f 2420//1260 2427//1260 2428//1260
f 2420//1260 2429//1260 2430//1260
f 2420//1260 2431//1260 2432//1260
f 2420//1260 2433//1260 2434//1260
f 2420//1260 2435//1260 2436//1260
f 2437//1261 2438//1262 2439//1263
f 2437//1261 2439//1263 2440//1264
f 2441//1265 2442//1266 2443//1267
f 2441//1265 2443//1267 2444//1268
f 2445//1269 2446//1270 2447//1271
f 2445//1269 2447//1271 2448//1272
f 2449//1273 2450//1274 2451//1275
f 2449//1273 2451//1275 2452//1276
f 2453//1277 2454//1278 2455//1279
f 2453//1277 2455//1279 2456//1280
f 2457//1281 2458//1282 2459//1283
f 2457//1281 2459//1283 2460//1284
f 2461//1285 2462//1286 2463//1287
f 2461//1285 2463//1287 2464//1288
f 2465//1289 2466//1290 2467//1291
f 2465//1289 2467//1291 2468//1292
f 2469//1293 2470//1293 2471//1293
f 2469//1293 2472//1293 2473//1293
f 2469//1293 2474//1293 2475//1293
f 2469//1293 2476//1293 2477//1293
f 2469//1293 2478//1293 2479//1293
f 2469//1293 2480//1293 2481//1293
f 2469//1293 2482//1293 2483//1293
f 2469//1293 2484//1293 2485//1293
f 2486//1294 2487//1294 2488//1294
f 2486//1294 2489//1294 2490//1294
f 2486//1294 2491//1294 2492//1294
f 2486//1294 2493//1294 2494//1294
f 2486//1294 2495//1294 2496//1294
f 2486//1294 2497//1294 2498//1294
f 2486//1294 2499//1294 2500//1294
f 2486//1294 2501//1294 2502//1294
f 2503//1295 2504//1296 2505//1297
f 2503//1295 2505//1297 2506//1298
f 2507//1299 2508//1300 2509//1301
f 2507//1299 2509//1301 2510//1302
f 2511//1303 2512//1304 2513//1305
f 2511//1303 2513//1305 2514//1306
f 2515//1307 2516//1308 2517//1309
f 2515//1307 2517//1309 2518//1310
f 2519//1311 2520//1312 2521//1313
f 2519//1311 2521//1313 2522//1314
f 2523//1315 2524//1316 2525//1317
f 2523//1315 2525//1317 2526//1318
f 2527//1319 2528//1319 2529//1319
f 2527//1319 2530//1319 2531//1319
f 2527//1319 2532//1319 2533//1319
f 2527//1319 2534//1319 2535//1319
f 2527//1319 2536//1319 2537//1319
f 2527//1319 2538//1319 2539//1319
f 2540//1320 2541//1320 2542//1320
f 2540//1320 2543//1320 2544//1320
f 2540//1320 2545//1320 2546//1320
f 2540//1320 2547//1320 2548//1320
f 2540//1320 2549//1320 2550//1320
f 2540//1320 2551//1320 2552//1320
f 2553//1321 2554//1322 2555//1323
f 2553//1321 2555//1323 2556//1324
f 2557//1325 2558//1326 2559//1327
f 2557//1325 2559//1327 2560//1328
f 2561//1329 2562//1330 2563//1331
f 2561//1329 2563//1331 2564//1332
f 2565//1333 2566//1334 2567//1335
f 2565//1333 2567//1335 2568//1336
f 2569//1337 2570//1338 2571//1339
f 2569//1337 2571//1339 2572//1340
f 2573//1341 2574//1342 2575//1343
f 2573//1341 2575//1343 2576//1344
f 2577//1345 2578//1345 2579//1345
f 2577//1345 2580//1345 2581//1345
f 2577//1345 2582//1345 2583//1345
f 2577//1345 2584//1345 2585//1345
f 2577//1345 2586//1345 2587//1345
f 2577//1345 2588//1345 2589//1345
f 2590//1346 2591//1346 2592//1346
f 2590//1346 2593//1346 2594//1346
f 2590//1346 2595//1346 2596//1346
f 2590//1346 2597//1346 2598//1346
f 2590//1346 2599//1346 2600//1346
f 2590//1346 2601//1346 2602//1346
f 2603//1347 2604//1348 2605//1349
f 2603//1347 2605//1349 2606//1350
f 2607//1351 2608//1352 2609//1353
f 2607//1351 2609//1353 2610//1354
f 2611//1355 2612//1356 2613//1357
f 2611//1355 2613//1357 2614//1358
f 2615//1359 2616//1360 2617//1361
f 2615//1359 2617//1361 2618//1362
f 2619//1363 2620//1364 2621//1365
f 2619//1363 2621//1365 2622//1366
f 2623//1367 2624//1368 2625//1369
f 2623//1367 2625//1369 2626//1370
f 2627//1371 2628//1372 2629//1373
f 2627//1371 2629//1373 2630//1374
f 2631//1375 2632//1376 2633//1377
f 2631//1375 2633//1377 2634//1378
f 2635//1379 2636//1379 2637//1379
f 2635//1379 2638//1379 2639//1379
f 2635//1379 2640//1379 2641//1379
f 2635//1379 2642//1379 2643//1379
f 2635//1379 2644//1379 2645//1379
f 2635//1379 2646//1379 2647//1379
f 2635//1379 2648//1379 2649//1379
f 2635//1379 2650//1379 2651//1379
f 2652//1380 2653//1380 2654//1380
f 2652//1380 2655//1380 2656//1380
f 2652//1380 2657//1380 2658//1380
f 2652//1380 2659//1380 2660//1380
f 2652//1380 2661//1380 2662//1380
f 2652//1380 2663//1380 2664//1380
f 2652//1380 2665//1380 2666//1380
f 2652//1380 2667//1380 2668//1380
f 2669//1381 2670//1382 2671//1383
f 2669//1381 2671//1383 2672//1384
f 2673//1385 2674//1386 2675//1387
f 2673//1385 2675//1387 2676//1388
f 2677//1389 2678//1390 2679//1391
f 2677//1389 2679//1391 2680//1392
f 2681//1393 2682//1394 2683//1395
f 2681//1393 2683//1395 2684//1396
f 2685//1397 2686//1398 2687//1399
f 2685//1397 2687//1399 2688//1400
f 2689//1401 2690//1402 2691//1403
f 2689//1401 2691//1403 2692//1404
f 2693//1405 2694//1406 2695//1407
f 2693//1405 2695//1407 2696//1408
f 2697//1409 2698//1410 2699//1411
f 2697//1409 2699//1411 2700//1412
f 2701//1413 2702//1413 2703//1413
f 2701//1413 2704//1413 2705//1413
f 2701//1413 2706//1413 2707//1413
f 2701//1413 2708//1413 2709//1413
f 2701//1413 2710//1413 2711//1413
f 2701//1413 2712//1413 2713//1413
f 2701//1413 2714//1413 2715//1413
f 2701//1413 2716//1413 2717//1413
f 2718//1414 2719//1414 2720//1414
f 2718//1414 2721//1414 2722//1414
f 2718//1414 2723//1414 2724//1414
f 2718//1414 2725//1414 2726//1414
f 2718//1414 2727//1414 2728//1414
f 2718//1414 2729//1414 2730//1414
f 2718//1414 2731//1414 2732//1414
f 2718//1414 2733//1414 2734//1414
f 2735//1415 2736//1416 2737//1417
f 2735//1415 2737//1417 2738//1418
f 2739//1419 2740//1420 2741//1421
f 2739//1419 2741//1421 2742//1422
f 2743//1423 2744//1424 2745//1425
f 2743//1423 2745//1425 2746//1426
f 2747//1427 2748//1428 2749//1429
f 2747//1427 2749//1429 2750//1430
f 2751//1431 2752//1432 2753//1433
f 2751//1431 2753//1433 2754//1434
f 2755//1435 2756//1436 2757//1437
f 2755//1435 2757//1437 2758//1438
f 2759//1439 2760//1439 2761//1439
f 2759//1439 2762//1439 2763//1439
f 2759//1439 2764//1439 2765//1439
f 2759//1439 2766//1439 2767//1439
f 2759//1439 2768//1439 2769//1439
f 2759//1439 2770//1439 2771//1439
f 2772//1440 2773//1440 2774//1440
f 2772//1440 2775//1440 2776//1440
f 2772//1440 2777//1440 2778//1440
f 2772//1440 2779//1440 2780//1440
f 2772//1440 2781//1440 2782//1440
f 2772//1440 2783//1440 2784//1440
