# earthwires
# generated for a 36 m 220 kV double-circuit tower, 200 m span, 4.5 m sag
# 2356 vertices, 1176 triangles
# generated by tools/gen_powerline.py -- do not hand-edit
o earthwires
v 0.0000 -2.1930 36.0000
v 4.1667 -2.1930 35.7135
v 4.1671 -2.1965 35.7195
v 0.0004 -2.1965 36.0060
v 0.0004 -2.1965 36.0060
v 4.1671 -2.1965 35.7195
v 4.1671 -2.2035 35.7195
v 0.0004 -2.2035 36.0060
v 0.0004 -2.2035 36.0060
v 4.1671 -2.2035 35.7195
v 4.1667 -2.2070 35.7135
v 0.0000 -2.2070 36.0000
v 0.0000 -2.2070 36.0000
v 4.1667 -2.2070 35.7135
v 4.1663 -2.2035 35.7074
v -0.0004 -2.2035 35.9940
v -0.0004 -2.2035 35.9940
v 4.1663 -2.2035 35.7074
v 4.1663 -2.1965 35.7074
v -0.0004 -2.1965 35.9940
v -0.0004 -2.1965 35.9940
v 4.1663 -2.1965 35.7074
v 4.1667 -2.1930 35.7135
v 0.0000 -2.1930 36.0000
v 4.1667 -2.1930 35.7135
v 8.3333 -2.1930 35.4392
v 8.3337 -2.1965 35.4452
v 4.1671 -2.1965 35.7195
v 4.1671 -2.1965 35.7195
v 8.3337 -2.1965 35.4452
v 8.3337 -2.2035 35.4452
v 4.1671 -2.2035 35.7195
v 4.1671 -2.2035 35.7195
v 8.3337 -2.2035 35.4452
v 8.3333 -2.2070 35.4392
v 4.1667 -2.2070 35.7135
v 4.1667 -2.2070 35.7135
v 8.3333 -2.2070 35.4392
v 8.3329 -2.2035 35.4331
v 4.1663 -2.2035 35.7074
v 4.1663 -2.2035 35.7074
v 8.3329 -2.2035 35.4331
v 8.3329 -2.1965 35.4331
v 4.1663 -2.1965 35.7074
v 4.1663 -2.1965 35.7074
v 8.3329 -2.1965 35.4331
v 8.3333 -2.1930 35.4392
v 4.1667 -2.1930 35.7135
v 8.3333 -2.1930 35.4392
v 12.5000 -2.1930 35.1771
v 12.5004 -2.1965 35.1831
v 8.3337 -2.1965 35.4452
v 8.3337 -2.1965 35.4452
v 12.5004 -2.1965 35.1831
v 12.5004 -2.2035 35.1831
v 8.3337 -2.2035 35.4452
v 8.3337 -2.2035 35.4452
v 12.5004 -2.2035 35.1831
v 12.5000 -2.2070 35.1771
v 8.3333 -2.2070 35.4392
v 8.3333 -2.2070 35.4392
v 12.5000 -2.2070 35.1771
v 12.4996 -2.2035 35.1710
v 8.3329 -2.2035 35.4331
v 8.3329 -2.2035 35.4331
v 12.4996 -2.2035 35.1710
v 12.4996 -2.1965 35.1710
v 8.3329 -2.1965 35.4331
v 8.3329 -2.1965 35.4331
v 12.4996 -2.1965 35.1710
v 12.5000 -2.1930 35.1771
v 8.3333 -2.1930 35.4392
v 12.5000 -2.1930 35.1771
v 16.6667 -2.1930 34.9272
v 16.6670 -2.1965 34.9332
v 12.5004 -2.1965 35.1831
v 12.5004 -2.1965 35.1831
v 16.6670 -2.1965 34.9332
v 16.6670 -2.2035 34.9332
v 12.5004 -2.2035 35.1831
v 12.5004 -2.2035 35.1831
v 16.6670 -2.2035 34.9332
v 16.6667 -2.2070 34.9272
v 12.5000 -2.2070 35.1771
v 12.5000 -2.2070 35.1771
v 16.6667 -2.2070 34.9272
v 16.6663 -2.2035 34.9211
v 12.4996 -2.2035 35.1710
v 12.4996 -2.2035 35.1710
v 16.6663 -2.2035 34.9211
v 16.6663 -2.1965 34.9211
v 12.4996 -2.1965 35.1710
v 12.4996 -2.1965 35.1710
v 16.6663 -2.1965 34.9211
v 16.6667 -2.1930 34.9272
v 12.5000 -2.1930 35.1771
v 16.6667 -2.1930 34.9272
v 20.8333 -2.1930 34.6895
v 20.8337 -2.1965 34.6956
v 16.6670 -2.1965 34.9332
v 16.6670 -2.1965 34.9332
v 20.8337 -2.1965 34.6956
v 20.8337 -2.2035 34.6956
v 16.6670 -2.2035 34.9332
v 16.6670 -2.2035 34.9332
v 20.8337 -2.2035 34.6956
v 20.8333 -2.2070 34.6895
v 16.6667 -2.2070 34.9272
v 16.6667 -2.2070 34.9272
v 20.8333 -2.2070 34.6895
v 20.8330 -2.2035 34.6835
v 16.6663 -2.2035 34.9211
v 16.6663 -2.2035 34.9211
v 20.8330 -2.2035 34.6835
v 20.8330 -2.1965 34.6835
v 16.6663 -2.1965 34.9211
v 16.6663 -2.1965 34.9211
v 20.8330 -2.1965 34.6835
v 20.8333 -2.1930 34.6895
v 16.6667 -2.1930 34.9272
v 20.8333 -2.1930 34.6895
v 25.0000 -2.1930 34.4640
v 25.0003 -2.1965 34.4701
v 20.8337 -2.1965 34.6956
v 20.8337 -2.1965 34.6956
v 25.0003 -2.1965 34.4701
v 25.0003 -2.2035 34.4701
v 20.8337 -2.2035 34.6956
v 20.8337 -2.2035 34.6956
v 25.0003 -2.2035 34.4701
v 25.0000 -2.2070 34.4640
v 20.8333 -2.2070 34.6895
v 20.8333 -2.2070 34.6895
v 25.0000 -2.2070 34.4640
v 24.9997 -2.2035 34.4580
v 20.8330 -2.2035 34.6835
v 20.8330 -2.2035 34.6835
v 24.9997 -2.2035 34.4580
v 24.9997 -2.1965 34.4580
v 20.8330 -2.1965 34.6835
v 20.8330 -2.1965 34.6835
v 24.9997 -2.1965 34.4580
v 25.0000 -2.1930 34.4640
v 20.8333 -2.1930 34.6895
v 25.0000 -2.1930 34.4640
v 29.1667 -2.1930 34.2507
v 29.1670 -2.1965 34.2568
v 25.0003 -2.1965 34.4701
v 25.0003 -2.1965 34.4701
v 29.1670 -2.1965 34.2568
v 29.1670 -2.2035 34.2568
v 25.0003 -2.2035 34.4701
v 25.0003 -2.2035 34.4701
v 29.1670 -2.2035 34.2568
v 29.1667 -2.2070 34.2507
v 25.0000 -2.2070 34.4640
v 25.0000 -2.2070 34.4640
v 29.1667 -2.2070 34.2507
v 29.1664 -2.2035 34.2447
v 24.9997 -2.2035 34.4580
v 24.9997 -2.2035 34.4580
v 29.1664 -2.2035 34.2447
v 29.1664 -2.1965 34.2447
v 24.9997 -2.1965 34.4580
v 24.9997 -2.1965 34.4580
v 29.1664 -2.1965 34.2447
v 29.1667 -2.1930 34.2507
v 25.0000 -2.1930 34.4640
v 29.1667 -2.1930 34.2507
v 33.3333 -2.1930 34.0496
v 33.3336 -2.1965 34.0557
v 29.1670 -2.1965 34.2568
v 29.1670 -2.1965 34.2568
v 33.3336 -2.1965 34.0557
v 33.3336 -2.2035 34.0557
v 29.1670 -2.2035 34.2568
v 29.1670 -2.2035 34.2568
v 33.3336 -2.2035 34.0557
v 33.3333 -2.2070 34.0496
v 29.1667 -2.2070 34.2507
v 29.1667 -2.2070 34.2507
v 33.3333 -2.2070 34.0496
v 33.3330 -2.2035 34.0436
v 29.1664 -2.2035 34.2447
v 29.1664 -2.2035 34.2447
v 33.3330 -2.2035 34.0436
v 33.3330 -2.1965 34.0436
v 29.1664 -2.1965 34.2447
v 29.1664 -2.1965 34.2447
v 33.3330 -2.1965 34.0436
v 33.3333 -2.1930 34.0496
v 29.1667 -2.1930 34.2507
v 33.3333 -2.1930 34.0496
v 37.5000 -2.1930 33.8608
v 37.5003 -2.1965 33.8668
v 33.3336 -2.1965 34.0557
v 33.3336 -2.1965 34.0557
v 37.5003 -2.1965 33.8668
v 37.5003 -2.2035 33.8668
v 33.3336 -2.2035 34.0557
v 33.3336 -2.2035 34.0557
v 37.5003 -2.2035 33.8668
v 37.5000 -2.2070 33.8608
v 33.3333 -2.2070 34.0496
v 33.3333 -2.2070 34.0496
v 37.5000 -2.2070 33.8608
v 37.4997 -2.2035 33.8547
v 33.3330 -2.2035 34.0436
v 33.3330 -2.2035 34.0436
v 37.4997 -2.2035 33.8547
v 37.4997 -2.1965 33.8547
v 33.3330 -2.1965 34.0436
v 33.3330 -2.1965 34.0436
v 37.4997 -2.1965 33.8547
v 37.5000 -2.1930 33.8608
v 33.3333 -2.1930 34.0496
v 37.5000 -2.1930 33.8608
v 41.6667 -2.1930 33.6841
v 41.6669 -2.1965 33.6901
v 37.5003 -2.1965 33.8668
v 37.5003 -2.1965 33.8668
v 41.6669 -2.1965 33.6901
v 41.6669 -2.2035 33.6901
v 37.5003 -2.2035 33.8668
v 37.5003 -2.2035 33.8668
v 41.6669 -2.2035 33.6901
v 41.6667 -2.2070 33.6841
v 37.5000 -2.2070 33.8608
v 37.5000 -2.2070 33.8608
v 41.6667 -2.2070 33.6841
v 41.6664 -2.2035 33.6780
v 37.4997 -2.2035 33.8547
v 37.4997 -2.2035 33.8547
v 41.6664 -2.2035 33.6780
v 41.6664 -2.1965 33.6780
v 37.4997 -2.1965 33.8547
v 37.4997 -2.1965 33.8547
v 41.6664 -2.1965 33.6780
v 41.6667 -2.1930 33.6841
v 37.5000 -2.1930 33.8608
v 41.6667 -2.1930 33.6841
v 45.8333 -2.1930 33.5195
v 45.8336 -2.1965 33.5256
v 41.6669 -2.1965 33.6901
v 41.6669 -2.1965 33.6901
v 45.8336 -2.1965 33.5256
v 45.8336 -2.2035 33.5256
v 41.6669 -2.2035 33.6901
v 41.6669 -2.2035 33.6901
v 45.8336 -2.2035 33.5256
v 45.8333 -2.2070 33.5195
v 41.6667 -2.2070 33.6841
v 41.6667 -2.2070 33.6841
v 45.8333 -2.2070 33.5195
v 45.8331 -2.2035 33.5135
v 41.6664 -2.2035 33.6780
v 41.6664 -2.2035 33.6780
v 45.8331 -2.2035 33.5135
v 45.8331 -2.1965 33.5135
v 41.6664 -2.1965 33.6780
v 41.6664 -2.1965 33.6780
v 45.8331 -2.1965 33.5135
v 45.8333 -2.1930 33.5195
v 41.6667 -2.1930 33.6841
v 45.8333 -2.1930 33.5195
v 50.0000 -2.1930 33.3672
v 50.0002 -2.1965 33.3733
v 45.8336 -2.1965 33.5256
v 45.8336 -2.1965 33.5256
v 50.0002 -2.1965 33.3733
v 50.0002 -2.2035 33.3733
v 45.8336 -2.2035 33.5256
v 45.8336 -2.2035 33.5256
v 50.0002 -2.2035 33.3733
v 50.0000 -2.2070 33.3672
v 45.8333 -2.2070 33.5195
v 45.8333 -2.2070 33.5195
v 50.0000 -2.2070 33.3672
v 49.9998 -2.2035 33.3612
v 45.8331 -2.2035 33.5135
v 45.8331 -2.2035 33.5135
v 49.9998 -2.2035 33.3612
v 49.9998 -2.1965 33.3612
v 45.8331 -2.1965 33.5135
v 45.8331 -2.1965 33.5135
v 49.9998 -2.1965 33.3612
v 50.0000 -2.1930 33.3672
v 45.8333 -2.1930 33.5195
v 50.0000 -2.1930 33.3672
v 54.1667 -2.1930 33.2271
v 54.1669 -2.1965 33.2332
v 50.0002 -2.1965 33.3733
v 50.0002 -2.1965 33.3733
v 54.1669 -2.1965 33.2332
v 54.1669 -2.2035 33.2332
v 50.0002 -2.2035 33.3733
v 50.0002 -2.2035 33.3733
v 54.1669 -2.2035 33.2332
v 54.1667 -2.2070 33.2271
v 50.0000 -2.2070 33.3672
v 50.0000 -2.2070 33.3672
v 54.1667 -2.2070 33.2271
v 54.1665 -2.2035 33.2210
v 49.9998 -2.2035 33.3612
v 49.9998 -2.2035 33.3612
v 54.1665 -2.2035 33.2210
v 54.1665 -2.1965 33.2210
v 49.9998 -2.1965 33.3612
v 49.9998 -2.1965 33.3612
v 54.1665 -2.1965 33.2210
v 54.1667 -2.1930 33.2271
v 50.0000 -2.1930 33.3672
v 54.1667 -2.1930 33.2271
v 58.3333 -2.1930 33.0992
v 58.3335 -2.1965 33.1052
v 54.1669 -2.1965 33.2332
v 54.1669 -2.1965 33.2332
v 58.3335 -2.1965 33.1052
v 58.3335 -2.2035 33.1052
v 54.1669 -2.2035 33.2332
v 54.1669 -2.2035 33.2332
v 58.3335 -2.2035 33.1052
v 58.3333 -2.2070 33.0992
v 54.1667 -2.2070 33.2271
v 54.1667 -2.2070 33.2271
v 58.3333 -2.2070 33.0992
v 58.3332 -2.2035 33.0931
v 54.1665 -2.2035 33.2210
v 54.1665 -2.2035 33.2210
v 58.3332 -2.2035 33.0931
v 58.3332 -2.1965 33.0931
v 54.1665 -2.1965 33.2210
v 54.1665 -2.1965 33.2210
v 58.3332 -2.1965 33.0931
v 58.3333 -2.1930 33.0992
v 54.1667 -2.1930 33.2271
v 58.3333 -2.1930 33.0992
v 62.5000 -2.1930 32.9834
v 62.5002 -2.1965 32.9895
v 58.3335 -2.1965 33.1052
v 58.3335 -2.1965 33.1052
v 62.5002 -2.1965 32.9895
v 62.5002 -2.2035 32.9895
v 58.3335 -2.2035 33.1052
v 58.3335 -2.2035 33.1052
v 62.5002 -2.2035 32.9895
v 62.5000 -2.2070 32.9834
v 58.3333 -2.2070 33.0992
v 58.3333 -2.2070 33.0992
v 62.5000 -2.2070 32.9834
v 62.4998 -2.2035 32.9774
v 58.3332 -2.2035 33.0931
v 58.3332 -2.2035 33.0931
v 62.4998 -2.2035 32.9774
v 62.4998 -2.1965 32.9774
v 58.3332 -2.1965 33.0931
v 58.3332 -2.1965 33.0931
v 62.4998 -2.1965 32.9774
v 62.5000 -2.1930 32.9834
v 58.3333 -2.1930 33.0992
v 62.5000 -2.1930 32.9834
v 66.6667 -2.1930 32.8799
v 66.6668 -2.1965 32.8859
v 62.5002 -2.1965 32.9895
v 62.5002 -2.1965 32.9895
v 66.6668 -2.1965 32.8859
v 66.6668 -2.2035 32.8859
v 62.5002 -2.2035 32.9895
v 62.5002 -2.2035 32.9895
v 66.6668 -2.2035 32.8859
v 66.6667 -2.2070 32.8799
v 62.5000 -2.2070 32.9834
v 62.5000 -2.2070 32.9834
v 66.6667 -2.2070 32.8799
v 66.6665 -2.2035 32.8738
v 62.4998 -2.2035 32.9774
v 62.4998 -2.2035 32.9774
v 66.6665 -2.2035 32.8738
v 66.6665 -2.1965 32.8738
v 62.4998 -2.1965 32.9774
v 62.4998 -2.1965 32.9774
v 66.6665 -2.1965 32.8738
v 66.6667 -2.1930 32.8799
v 62.5000 -2.1930 32.9834
v 66.6667 -2.1930 32.8799
v 70.8333 -2.1930 32.7885
v 70.8335 -2.1965 32.7945
v 66.6668 -2.1965 32.8859
v 66.6668 -2.1965 32.8859
v 70.8335 -2.1965 32.7945
v 70.8335 -2.2035 32.7945
v 66.6668 -2.2035 32.8859
v 66.6668 -2.2035 32.8859
v 70.8335 -2.2035 32.7945
v 70.8333 -2.2070 32.7885
v 66.6667 -2.2070 32.8799
v 66.6667 -2.2070 32.8799
v 70.8333 -2.2070 32.7885
v 70.8332 -2.2035 32.7824
v 66.6665 -2.2035 32.8738
v 66.6665 -2.2035 32.8738
v 70.8332 -2.2035 32.7824
v 70.8332 -2.1965 32.7824
v 66.6665 -2.1965 32.8738
v 66.6665 -2.1965 32.8738
v 70.8332 -2.1965 32.7824
v 70.8333 -2.1930 32.7885
v 66.6667 -2.1930 32.8799
v 70.8333 -2.1930 32.7885
v 75.0000 -2.1930 32.7093
v 75.0001 -2.1965 32.7154
v 70.8335 -2.1965 32.7945
v 70.8335 -2.1965 32.7945
v 75.0001 -2.1965 32.7154
v 75.0001 -2.2035 32.7154
v 70.8335 -2.2035 32.7945
v 70.8335 -2.2035 32.7945
v 75.0001 -2.2035 32.7154
v 75.0000 -2.2070 32.7093
v 70.8333 -2.2070 32.7885
v 70.8333 -2.2070 32.7885
v 75.0000 -2.2070 32.7093
v 74.9999 -2.2035 32.7032
v 70.8332 -2.2035 32.7824
v 70.8332 -2.2035 32.7824
v 74.9999 -2.2035 32.7032
v 74.9999 -2.1965 32.7032
v 70.8332 -2.1965 32.7824
v 70.8332 -2.1965 32.7824
v 74.9999 -2.1965 32.7032
v 75.0000 -2.1930 32.7093
v 70.8333 -2.1930 32.7885
v 75.0000 -2.1930 32.7093
v 79.1667 -2.1930 32.6423
v 79.1668 -2.1965 32.6483
v 75.0001 -2.1965 32.7154
v 75.0001 -2.1965 32.7154
v 79.1668 -2.1965 32.6483
v 79.1668 -2.2035 32.6483
v 75.0001 -2.2035 32.7154
v 75.0001 -2.2035 32.7154
v 79.1668 -2.2035 32.6483
v 79.1667 -2.2070 32.6423
v 75.0000 -2.2070 32.7093
v 75.0000 -2.2070 32.7093
v 79.1667 -2.2070 32.6423
v 79.1666 -2.2035 32.6362
v 74.9999 -2.2035 32.7032
v 74.9999 -2.2035 32.7032
v 79.1666 -2.2035 32.6362
v 79.1666 -2.1965 32.6362
v 74.9999 -2.1965 32.7032
v 74.9999 -2.1965 32.7032
v 79.1666 -2.1965 32.6362
v 79.1667 -2.1930 32.6423
v 75.0000 -2.1930 32.7093
v 79.1667 -2.1930 32.6423
v 83.3333 -2.1930 32.5875
v 83.3334 -2.1965 32.5935
v 79.1668 -2.1965 32.6483
v 79.1668 -2.1965 32.6483
v 83.3334 -2.1965 32.5935
v 83.3334 -2.2035 32.5935
v 79.1668 -2.2035 32.6483
v 79.1668 -2.2035 32.6483
v 83.3334 -2.2035 32.5935
v 83.3333 -2.2070 32.5875
v 79.1667 -2.2070 32.6423
v 79.1667 -2.2070 32.6423
v 83.3333 -2.2070 32.5875
v 83.3333 -2.2035 32.5814
v 79.1666 -2.2035 32.6362
v 79.1666 -2.2035 32.6362
v 83.3333 -2.2035 32.5814
v 83.3333 -2.1965 32.5814
v 79.1666 -2.1965 32.6362
v 79.1666 -2.1965 32.6362
v 83.3333 -2.1965 32.5814
v 83.3333 -2.1930 32.5875
v 79.1667 -2.1930 32.6423
v 83.3333 -2.1930 32.5875
v 87.5000 -2.1930 32.5448
v 87.5001 -2.1965 32.5509
v 83.3334 -2.1965 32.5935
v 83.3334 -2.1965 32.5935
v 87.5001 -2.1965 32.5509
v 87.5001 -2.2035 32.5509
v 83.3334 -2.2035 32.5935
v 83.3334 -2.2035 32.5935
v 87.5001 -2.2035 32.5509
v 87.5000 -2.2070 32.5448
v 83.3333 -2.2070 32.5875
v 83.3333 -2.2070 32.5875
v 87.5000 -2.2070 32.5448
v 87.4999 -2.2035 32.5388
v 83.3333 -2.2035 32.5814
v 83.3333 -2.2035 32.5814
v 87.4999 -2.2035 32.5388
v 87.4999 -2.1965 32.5388
v 83.3333 -2.1965 32.5814
v 83.3333 -2.1965 32.5814
v 87.4999 -2.1965 32.5388
v 87.5000 -2.1930 32.5448
v 83.3333 -2.1930 32.5875
v 87.5000 -2.1930 32.5448
v 91.6667 -2.1930 32.5144
v 91.6667 -2.1965 32.5204
v 87.5001 -2.1965 32.5509
v 87.5001 -2.1965 32.5509
v 91.6667 -2.1965 32.5204
v 91.6667 -2.2035 32.5204
v 87.5001 -2.2035 32.5509
v 87.5001 -2.2035 32.5509
v 91.6667 -2.2035 32.5204
v 91.6667 -2.2070 32.5144
v 87.5000 -2.2070 32.5448
v 87.5000 -2.2070 32.5448
v 91.6667 -2.2070 32.5144
v 91.6666 -2.2035 32.5083
v 87.4999 -2.2035 32.5388
v 87.4999 -2.2035 32.5388
v 91.6666 -2.2035 32.5083
v 91.6666 -2.1965 32.5083
v 87.4999 -2.1965 32.5388
v 87.4999 -2.1965 32.5388
v 91.6666 -2.1965 32.5083
v 91.6667 -2.1930 32.5144
v 87.5000 -2.1930 32.5448
v 91.6667 -2.1930 32.5144
v 95.8333 -2.1930 32.4961
v 95.8334 -2.1965 32.5022
v 91.6667 -2.1965 32.5204
v 91.6667 -2.1965 32.5204
v 95.8334 -2.1965 32.5022
v 95.8334 -2.2035 32.5022
v 91.6667 -2.2035 32.5204
v 91.6667 -2.2035 32.5204
v 95.8334 -2.2035 32.5022
v 95.8333 -2.2070 32.4961
v 91.6667 -2.2070 32.5144
v 91.6667 -2.2070 32.5144
v 95.8333 -2.2070 32.4961
v 95.8333 -2.2035 32.4900
v 91.6666 -2.2035 32.5083
v 91.6666 -2.2035 32.5083
v 95.8333 -2.2035 32.4900
v 95.8333 -2.1965 32.4900
v 91.6666 -2.1965 32.5083
v 91.6666 -2.1965 32.5083
v 95.8333 -2.1965 32.4900
v 95.8333 -2.1930 32.4961
v 91.6667 -2.1930 32.5144
v 95.8333 -2.1930 32.4961
v 100.0000 -2.1930 32.4900
v 100.0000 -2.1965 32.4961
v 95.8334 -2.1965 32.5022
v 95.8334 -2.1965 32.5022
v 100.0000 -2.1965 32.4961
v 100.0000 -2.2035 32.4961
v 95.8334 -2.2035 32.5022
v 95.8334 -2.2035 32.5022
v 100.0000 -2.2035 32.4961
v 100.0000 -2.2070 32.4900
v 95.8333 -2.2070 32.4961
v 95.8333 -2.2070 32.4961
v 100.0000 -2.2070 32.4900
v 100.0000 -2.2035 32.4839
v 95.8333 -2.2035 32.4900
v 95.8333 -2.2035 32.4900
v 100.0000 -2.2035 32.4839
v 100.0000 -2.1965 32.4839
v 95.8333 -2.1965 32.4900
v 95.8333 -2.1965 32.4900
v 100.0000 -2.1965 32.4839
v 100.0000 -2.1930 32.4900
v 95.8333 -2.1930 32.4961
v 100.0000 -2.1930 32.4900
v 104.1667 -2.1930 32.4961
v 104.1666 -2.1965 32.5022
v 100.0000 -2.1965 32.4961
v 100.0000 -2.1965 32.4961
v 104.1666 -2.1965 32.5022
v 104.1666 -2.2035 32.5022
v 100.0000 -2.2035 32.4961
v 100.0000 -2.2035 32.4961
v 104.1666 -2.2035 32.5022
v 104.1667 -2.2070 32.4961
v 100.0000 -2.2070 32.4900
v 100.0000 -2.2070 32.4900
v 104.1667 -2.2070 32.4961
v 104.1667 -2.2035 32.4900
v 100.0000 -2.2035 32.4839
v 100.0000 -2.2035 32.4839
v 104.1667 -2.2035 32.4900
v 104.1667 -2.1965 32.4900
v 100.0000 -2.1965 32.4839
v 100.0000 -2.1965 32.4839
v 104.1667 -2.1965 32.4900
v 104.1667 -2.1930 32.4961
v 100.0000 -2.1930 32.4900
v 104.1667 -2.1930 32.4961
v 108.3333 -2.1930 32.5144
v 108.3333 -2.1965 32.5204
v 104.1666 -2.1965 32.5022
v 104.1666 -2.1965 32.5022
v 108.3333 -2.1965 32.5204
v 108.3333 -2.2035 32.5204
v 104.1666 -2.2035 32.5022
v 104.1666 -2.2035 32.5022
v 108.3333 -2.2035 32.5204
v 108.3333 -2.2070 32.5144
v 104.1667 -2.2070 32.4961
v 104.1667 -2.2070 32.4961
v 108.3333 -2.2070 32.5144
v 108.3334 -2.2035 32.5083
v 104.1667 -2.2035 32.4900
v 104.1667 -2.2035 32.4900
v 108.3334 -2.2035 32.5083
v 108.3334 -2.1965 32.5083
v 104.1667 -2.1965 32.4900
v 104.1667 -2.1965 32.4900
v 108.3334 -2.1965 32.5083
v 108.3333 -2.1930 32.5144
v 104.1667 -2.1930 32.4961
v 108.3333 -2.1930 32.5144
v 112.5000 -2.1930 32.5448
v 112.4999 -2.1965 32.5509
v 108.3333 -2.1965 32.5204
v 108.3333 -2.1965 32.5204
v 112.4999 -2.1965 32.5509
v 112.4999 -2.2035 32.5509
v 108.3333 -2.2035 32.5204
v 108.3333 -2.2035 32.5204
v 112.4999 -2.2035 32.5509
v 112.5000 -2.2070 32.5448
v 108.3333 -2.2070 32.5144
v 108.3333 -2.2070 32.5144
v 112.5000 -2.2070 32.5448
v 112.5001 -2.2035 32.5388
v 108.3334 -2.2035 32.5083
v 108.3334 -2.2035 32.5083
v 112.5001 -2.2035 32.5388
v 112.5001 -2.1965 32.5388
v 108.3334 -2.1965 32.5083
v 108.3334 -2.1965 32.5083
v 112.5001 -2.1965 32.5388
v 112.5000 -2.1930 32.5448
v 108.3333 -2.1930 32.5144
v 112.5000 -2.1930 32.5448
v 116.6667 -2.1930 32.5875
v 116.6666 -2.1965 32.5935
v 112.4999 -2.1965 32.5509
v 112.4999 -2.1965 32.5509
v 116.6666 -2.1965 32.5935
v 116.6666 -2.2035 32.5935
v 112.4999 -2.2035 32.5509
v 112.4999 -2.2035 32.5509
v 116.6666 -2.2035 32.5935
v 116.6667 -2.2070 32.5875
v 112.5000 -2.2070 32.5448
v 112.5000 -2.2070 32.5448
v 116.6667 -2.2070 32.5875
v 116.6667 -2.2035 32.5814
v 112.5001 -2.2035 32.5388
v 112.5001 -2.2035 32.5388
v 116.6667 -2.2035 32.5814
v 116.6667 -2.1965 32.5814
v 112.5001 -2.1965 32.5388
v 112.5001 -2.1965 32.5388
v 116.6667 -2.1965 32.5814
v 116.6667 -2.1930 32.5875
v 112.5000 -2.1930 32.5448
v 116.6667 -2.1930 32.5875
v 120.8333 -2.1930 32.6423
v 120.8332 -2.1965 32.6483
v 116.6666 -2.1965 32.5935
v 116.6666 -2.1965 32.5935
v 120.8332 -2.1965 32.6483
v 120.8332 -2.2035 32.6483
v 116.6666 -2.2035 32.5935
v 116.6666 -2.2035 32.5935
v 120.8332 -2.2035 32.6483
v 120.8333 -2.2070 32.6423
v 116.6667 -2.2070 32.5875
v 116.6667 -2.2070 32.5875
v 120.8333 -2.2070 32.6423
v 120.8334 -2.2035 32.6362
v 116.6667 -2.2035 32.5814
v 116.6667 -2.2035 32.5814
v 120.8334 -2.2035 32.6362
v 120.8334 -2.1965 32.6362
v 116.6667 -2.1965 32.5814
v 116.6667 -2.1965 32.5814
v 120.8334 -2.1965 32.6362
v 120.8333 -2.1930 32.6423
v 116.6667 -2.1930 32.5875
v 120.8333 -2.1930 32.6423
v 125.0000 -2.1930 32.7093
v 124.9999 -2.1965 32.7154
v 120.8332 -2.1965 32.6483
v 120.8332 -2.1965 32.6483
v 124.9999 -2.1965 32.7154
v 124.9999 -2.2035 32.7154
v 120.8332 -2.2035 32.6483
v 120.8332 -2.2035 32.6483
v 124.9999 -2.2035 32.7154
v 125.0000 -2.2070 32.7093
v 120.8333 -2.2070 32.6423
v 120.8333 -2.2070 32.6423
v 125.0000 -2.2070 32.7093
v 125.0001 -2.2035 32.7032
v 120.8334 -2.2035 32.6362
v 120.8334 -2.2035 32.6362
v 125.0001 -2.2035 32.7032
v 125.0001 -2.1965 32.7032
v 120.8334 -2.1965 32.6362
v 120.8334 -2.1965 32.6362
v 125.0001 -2.1965 32.7032
v 125.0000 -2.1930 32.7093
v 120.8333 -2.1930 32.6423
v 125.0000 -2.1930 32.7093
v 129.1667 -2.1930 32.7885
v 129.1665 -2.1965 32.7945
v 124.9999 -2.1965 32.7154
v 124.9999 -2.1965 32.7154
v 129.1665 -2.1965 32.7945
v 129.1665 -2.2035 32.7945
v 124.9999 -2.2035 32.7154
v 124.9999 -2.2035 32.7154
v 129.1665 -2.2035 32.7945
v 129.1667 -2.2070 32.7885
v 125.0000 -2.2070 32.7093
v 125.0000 -2.2070 32.7093
v 129.1667 -2.2070 32.7885
v 129.1668 -2.2035 32.7824
v 125.0001 -2.2035 32.7032
v 125.0001 -2.2035 32.7032
v 129.1668 -2.2035 32.7824
v 129.1668 -2.1965 32.7824
v 125.0001 -2.1965 32.7032
v 125.0001 -2.1965 32.7032
v 129.1668 -2.1965 32.7824
v 129.1667 -2.1930 32.7885
v 125.0000 -2.1930 32.7093
v 129.1667 -2.1930 32.7885
v 133.3333 -2.1930 32.8799
v 133.3332 -2.1965 32.8859
v 129.1665 -2.1965 32.7945
v 129.1665 -2.1965 32.7945
v 133.3332 -2.1965 32.8859
v 133.3332 -2.2035 32.8859
v 129.1665 -2.2035 32.7945
v 129.1665 -2.2035 32.7945
v 133.3332 -2.2035 32.8859
v 133.3333 -2.2070 32.8799
v 129.1667 -2.2070 32.7885
v 129.1667 -2.2070 32.7885
v 133.3333 -2.2070 32.8799
v 133.3335 -2.2035 32.8738
v 129.1668 -2.2035 32.7824
v 129.1668 -2.2035 32.7824
v 133.3335 -2.2035 32.8738
v 133.3335 -2.1965 32.8738
v 129.1668 -2.1965 32.7824
v 129.1668 -2.1965 32.7824
v 133.3335 -2.1965 32.8738
v 133.3333 -2.1930 32.8799
v 129.1667 -2.1930 32.7885
v 133.3333 -2.1930 32.8799
v 137.5000 -2.1930 32.9834
v 137.4998 -2.1965 32.9895
v 133.3332 -2.1965 32.8859
v 133.3332 -2.1965 32.8859
v 137.4998 -2.1965 32.9895
v 137.4998 -2.2035 32.9895
v 133.3332 -2.2035 32.8859
v 133.3332 -2.2035 32.8859
v 137.4998 -2.2035 32.9895
v 137.5000 -2.2070 32.9834
v 133.3333 -2.2070 32.8799
v 133.3333 -2.2070 32.8799
v 137.5000 -2.2070 32.9834
v 137.5002 -2.2035 32.9774
v 133.3335 -2.2035 32.8738
v 133.3335 -2.2035 32.8738
v 137.5002 -2.2035 32.9774
v 137.5002 -2.1965 32.9774
v 133.3335 -2.1965 32.8738
v 133.3335 -2.1965 32.8738
v 137.5002 -2.1965 32.9774
v 137.5000 -2.1930 32.9834
v 133.3333 -2.1930 32.8799
v 137.5000 -2.1930 32.9834
v 141.6667 -2.1930 33.0992
v 141.6665 -2.1965 33.1052
v 137.4998 -2.1965 32.9895
v 137.4998 -2.1965 32.9895
v 141.6665 -2.1965 33.1052
v 141.6665 -2.2035 33.1052
v 137.4998 -2.2035 32.9895
v 137.4998 -2.2035 32.9895
v 141.6665 -2.2035 33.1052
v 141.6667 -2.2070 33.0992
v 137.5000 -2.2070 32.9834
v 137.5000 -2.2070 32.9834
v 141.6667 -2.2070 33.0992
v 141.6668 -2.2035 33.0931
v 137.5002 -2.2035 32.9774
v 137.5002 -2.2035 32.9774
v 141.6668 -2.2035 33.0931
v 141.6668 -2.1965 33.0931
v 137.5002 -2.1965 32.9774
v 137.5002 -2.1965 32.9774
v 141.6668 -2.1965 33.0931
v 141.6667 -2.1930 33.0992
v 137.5000 -2.1930 32.9834
v 141.6667 -2.1930 33.0992
v 145.8333 -2.1930 33.2271
v 145.8331 -2.1965 33.2332
v 141.6665 -2.1965 33.1052
v 141.6665 -2.1965 33.1052
v 145.8331 -2.1965 33.2332
v 145.8331 -2.2035 33.2332
v 141.6665 -2.2035 33.1052
v 141.6665 -2.2035 33.1052
v 145.8331 -2.2035 33.2332
v 145.8333 -2.2070 33.2271
v 141.6667 -2.2070 33.0992
v 141.6667 -2.2070 33.0992
v 145.8333 -2.2070 33.2271
v 145.8335 -2.2035 33.2210
v 141.6668 -2.2035 33.0931
v 141.6668 -2.2035 33.0931
v 145.8335 -2.2035 33.2210
v 145.8335 -2.1965 33.2210
v 141.6668 -2.1965 33.0931
v 141.6668 -2.1965 33.0931
v 145.8335 -2.1965 33.2210
v 145.8333 -2.1930 33.2271
v 141.6667 -2.1930 33.0992
v 145.8333 -2.1930 33.2271
v 150.0000 -2.1930 33.3672
v 149.9998 -2.1965 33.3733
v 145.8331 -2.1965 33.2332
v 145.8331 -2.1965 33.2332
v 149.9998 -2.1965 33.3733
v 149.9998 -2.2035 33.3733
v 145.8331 -2.2035 33.2332
v 145.8331 -2.2035 33.2332
v 149.9998 -2.2035 33.3733
v 150.0000 -2.2070 33.3672
v 145.8333 -2.2070 33.2271
v 145.8333 -2.2070 33.2271
v 150.0000 -2.2070 33.3672
v 150.0002 -2.2035 33.3612
v 145.8335 -2.2035 33.2210
v 145.8335 -2.2035 33.2210
v 150.0002 -2.2035 33.3612
v 150.0002 -2.1965 33.3612
v 145.8335 -2.1965 33.2210
v 145.8335 -2.1965 33.2210
v 150.0002 -2.1965 33.3612
v 150.0000 -2.1930 33.3672
v 145.8333 -2.1930 33.2271
v 150.0000 -2.1930 33.3672
v 154.1667 -2.1930 33.5195
v 154.1664 -2.1965 33.5256
v 149.9998 -2.1965 33.3733
v 149.9998 -2.1965 33.3733
v 154.1664 -2.1965 33.5256
v 154.1664 -2.2035 33.5256
v 149.9998 -2.2035 33.3733
v 149.9998 -2.2035 33.3733
v 154.1664 -2.2035 33.5256
v 154.1667 -2.2070 33.5195
v 150.0000 -2.2070 33.3672
v 150.0000 -2.2070 33.3672
v 154.1667 -2.2070 33.5195
v 154.1669 -2.2035 33.5135
v 150.0002 -2.2035 33.3612
v 150.0002 -2.2035 33.3612
v 154.1669 -2.2035 33.5135
v 154.1669 -2.1965 33.5135
v 150.0002 -2.1965 33.3612
v 150.0002 -2.1965 33.3612
v 154.1669 -2.1965 33.5135
v 154.1667 -2.1930 33.5195
v 150.0000 -2.1930 33.3672
v 154.1667 -2.1930 33.5195
v 158.3333 -2.1930 33.6841
v 158.3331 -2.1965 33.6901
v 154.1664 -2.1965 33.5256
v 154.1664 -2.1965 33.5256
v 158.3331 -2.1965 33.6901
v 158.3331 -2.2035 33.6901
v 154.1664 -2.2035 33.5256
v 154.1664 -2.2035 33.5256
v 158.3331 -2.2035 33.6901
v 158.3333 -2.2070 33.6841
v 154.1667 -2.2070 33.5195
v 154.1667 -2.2070 33.5195
v 158.3333 -2.2070 33.6841
v 158.3336 -2.2035 33.6780
v 154.1669 -2.2035 33.5135
v 154.1669 -2.2035 33.5135
v 158.3336 -2.2035 33.6780
v 158.3336 -2.1965 33.6780
v 154.1669 -2.1965 33.5135
v 154.1669 -2.1965 33.5135
v 158.3336 -2.1965 33.6780
v 158.3333 -2.1930 33.6841
v 154.1667 -2.1930 33.5195
v 158.3333 -2.1930 33.6841
v 162.5000 -2.1930 33.8608
v 162.4997 -2.1965 33.8668
v 158.3331 -2.1965 33.6901
v 158.3331 -2.1965 33.6901
v 162.4997 -2.1965 33.8668
v 162.4997 -2.2035 33.8668
v 158.3331 -2.2035 33.6901
v 158.3331 -2.2035 33.6901
v 162.4997 -2.2035 33.8668
v 162.5000 -2.2070 33.8608
v 158.3333 -2.2070 33.6841
v 158.3333 -2.2070 33.6841
v 162.5000 -2.2070 33.8608
v 162.5003 -2.2035 33.8547
v 158.3336 -2.2035 33.6780
v 158.3336 -2.2035 33.6780
v 162.5003 -2.2035 33.8547
v 162.5003 -2.1965 33.8547
v 158.3336 -2.1965 33.6780
v 158.3336 -2.1965 33.6780
v 162.5003 -2.1965 33.8547
v 162.5000 -2.1930 33.8608
v 158.3333 -2.1930 33.6841
v 162.5000 -2.1930 33.8608
v 166.6667 -2.1930 34.0496
v 166.6664 -2.1965 34.0557
v 162.4997 -2.1965 33.8668
v 162.4997 -2.1965 33.8668
v 166.6664 -2.1965 34.0557
v 166.6664 -2.2035 34.0557
v 162.4997 -2.2035 33.8668
v 162.4997 -2.2035 33.8668
v 166.6664 -2.2035 34.0557
v 166.6667 -2.2070 34.0496
v 162.5000 -2.2070 33.8608
v 162.5000 -2.2070 33.8608
v 166.6667 -2.2070 34.0496
v 166.6670 -2.2035 34.0436
v 162.5003 -2.2035 33.8547
v 162.5003 -2.2035 33.8547
v 166.6670 -2.2035 34.0436
v 166.6670 -2.1965 34.0436
v 162.5003 -2.1965 33.8547
v 162.5003 -2.1965 33.8547
v 166.6670 -2.1965 34.0436
v 166.6667 -2.1930 34.0496
v 162.5000 -2.1930 33.8608
v 166.6667 -2.1930 34.0496
v 170.8333 -2.1930 34.2507
v 170.8330 -2.1965 34.2568
v 166.6664 -2.1965 34.0557
v 166.6664 -2.1965 34.0557
v 170.8330 -2.1965 34.2568
v 170.8330 -2.2035 34.2568
v 166.6664 -2.2035 34.0557
v 166.6664 -2.2035 34.0557
v 170.8330 -2.2035 34.2568
v 170.8333 -2.2070 34.2507
v 166.6667 -2.2070 34.0496
v 166.6667 -2.2070 34.0496
v 170.8333 -2.2070 34.2507
v 170.8336 -2.2035 34.2447
v 166.6670 -2.2035 34.0436
v 166.6670 -2.2035 34.0436
v 170.8336 -2.2035 34.2447
v 170.8336 -2.1965 34.2447
v 166.6670 -2.1965 34.0436
v 166.6670 -2.1965 34.0436
v 170.8336 -2.1965 34.2447
v 170.8333 -2.1930 34.2507
v 166.6667 -2.1930 34.0496
v 170.8333 -2.1930 34.2507
v 175.0000 -2.1930 34.4640
v 174.9997 -2.1965 34.4701
v 170.8330 -2.1965 34.2568
v 170.8330 -2.1965 34.2568
v 174.9997 -2.1965 34.4701
v 174.9997 -2.2035 34.4701
v 170.8330 -2.2035 34.2568
v 170.8330 -2.2035 34.2568
v 174.9997 -2.2035 34.4701
v 175.0000 -2.2070 34.4640
v 170.8333 -2.2070 34.2507
v 170.8333 -2.2070 34.2507
v 175.0000 -2.2070 34.4640
v 175.0003 -2.2035 34.4580
v 170.8336 -2.2035 34.2447
v 170.8336 -2.2035 34.2447
v 175.0003 -2.2035 34.4580
v 175.0003 -2.1965 34.4580
v 170.8336 -2.1965 34.2447
v 170.8336 -2.1965 34.2447
v 175.0003 -2.1965 34.4580
v 175.0000 -2.1930 34.4640
v 170.8333 -2.1930 34.2507
v 175.0000 -2.1930 34.4640
v 179.1667 -2.1930 34.6895
v 179.1663 -2.1965 34.6956
v 174.9997 -2.1965 34.4701
v 174.9997 -2.1965 34.4701
v 179.1663 -2.1965 34.6956
v 179.1663 -2.2035 34.6956
v 174.9997 -2.2035 34.4701
v 174.9997 -2.2035 34.4701
v 179.1663 -2.2035 34.6956
v 179.1667 -2.2070 34.6895
v 175.0000 -2.2070 34.4640
v 175.0000 -2.2070 34.4640
v 179.1667 -2.2070 34.6895
v 179.1670 -2.2035 34.6835
v 175.0003 -2.2035 34.4580
v 175.0003 -2.2035 34.4580
v 179.1670 -2.2035 34.6835
v 179.1670 -2.1965 34.6835
v 175.0003 -2.1965 34.4580
v 175.0003 -2.1965 34.4580
v 179.1670 -2.1965 34.6835
v 179.1667 -2.1930 34.6895
v 175.0000 -2.1930 34.4640
v 179.1667 -2.1930 34.6895
v 183.3333 -2.1930 34.9272
v 183.3330 -2.1965 34.9332
v 179.1663 -2.1965 34.6956
v 179.1663 -2.1965 34.6956
v 183.3330 -2.1965 34.9332
v 183.3330 -2.2035 34.9332
v 179.1663 -2.2035 34.6956
v 179.1663 -2.2035 34.6956
v 183.3330 -2.2035 34.9332
v 183.3333 -2.2070 34.9272
v 179.1667 -2.2070 34.6895
v 179.1667 -2.2070 34.6895
v 183.3333 -2.2070 34.9272
v 183.3337 -2.2035 34.9211
v 179.1670 -2.2035 34.6835
v 179.1670 -2.2035 34.6835
v 183.3337 -2.2035 34.9211
v 183.3337 -2.1965 34.9211
v 179.1670 -2.1965 34.6835
v 179.1670 -2.1965 34.6835
v 183.3337 -2.1965 34.9211
v 183.3333 -2.1930 34.9272
v 179.1667 -2.1930 34.6895
v 183.3333 -2.1930 34.9272
v 187.5000 -2.1930 35.1771
v 187.4996 -2.1965 35.1831
v 183.3330 -2.1965 34.9332
v 183.3330 -2.1965 34.9332
v 187.4996 -2.1965 35.1831
v 187.4996 -2.2035 35.1831
v 183.3330 -2.2035 34.9332
v 183.3330 -2.2035 34.9332
v 187.4996 -2.2035 35.1831
v 187.5000 -2.2070 35.1771
v 183.3333 -2.2070 34.9272
v 183.3333 -2.2070 34.9272
v 187.5000 -2.2070 35.1771
v 187.5004 -2.2035 35.1710
v 183.3337 -2.2035 34.9211
v 183.3337 -2.2035 34.9211
v 187.5004 -2.2035 35.1710
v 187.5004 -2.1965 35.1710
v 183.3337 -2.1965 34.9211
v 183.3337 -2.1965 34.9211
v 187.5004 -2.1965 35.1710
v 187.5000 -2.1930 35.1771
v 183.3333 -2.1930 34.9272
v 187.5000 -2.1930 35.1771
v 191.6667 -2.1930 35.4392
v 191.6663 -2.1965 35.4452
v 187.4996 -2.1965 35.1831
v 187.4996 -2.1965 35.1831
v 191.6663 -2.1965 35.4452
v 191.6663 -2.2035 35.4452
v 187.4996 -2.2035 35.1831
v 187.4996 -2.2035 35.1831
v 191.6663 -2.2035 35.4452
v 191.6667 -2.2070 35.4392
v 187.5000 -2.2070 35.1771
v 187.5000 -2.2070 35.1771
v 191.6667 -2.2070 35.4392
v 191.6671 -2.2035 35.4331
v 187.5004 -2.2035 35.1710
v 187.5004 -2.2035 35.1710
v 191.6671 -2.2035 35.4331
v 191.6671 -2.1965 35.4331
v 187.5004 -2.1965 35.1710
v 187.5004 -2.1965 35.1710
v 191.6671 -2.1965 35.4331
v 191.6667 -2.1930 35.4392
v 187.5000 -2.1930 35.1771
v 191.6667 -2.1930 35.4392
v 195.8333 -2.1930 35.7135
v 195.8329 -2.1965 35.7195
v 191.6663 -2.1965 35.4452
v 191.6663 -2.1965 35.4452
v 195.8329 -2.1965 35.7195
v 195.8329 -2.2035 35.7195
v 191.6663 -2.2035 35.4452
v 191.6663 -2.2035 35.4452
v 195.8329 -2.2035 35.7195
v 195.8333 -2.2070 35.7135
v 191.6667 -2.2070 35.4392
v 191.6667 -2.2070 35.4392
v 195.8333 -2.2070 35.7135
v 195.8337 -2.2035 35.7074
v 191.6671 -2.2035 35.4331
v 191.6671 -2.2035 35.4331
v 195.8337 -2.2035 35.7074
v 195.8337 -2.1965 35.7074
v 191.6671 -2.1965 35.4331
v 191.6671 -2.1965 35.4331
v 195.8337 -2.1965 35.7074
v 195.8333 -2.1930 35.7135
v 191.6667 -2.1930 35.4392
v 195.8333 -2.1930 35.7135
v 200.0000 -2.1930 36.0000
v 199.9996 -2.1965 36.0060
v 195.8329 -2.1965 35.7195
v 195.8329 -2.1965 35.7195
v 199.9996 -2.1965 36.0060
v 199.9996 -2.2035 36.0060
v 195.8329 -2.2035 35.7195
v 195.8329 -2.2035 35.7195
v 199.9996 -2.2035 36.0060
v 200.0000 -2.2070 36.0000
v 195.8333 -2.2070 35.7135
v 195.8333 -2.2070 35.7135
v 200.0000 -2.2070 36.0000
v 200.0004 -2.2035 35.9940
v 195.8337 -2.2035 35.7074
v 195.8337 -2.2035 35.7074
v 200.0004 -2.2035 35.9940
v 200.0004 -2.1965 35.9940
v 195.8337 -2.1965 35.7074
v 195.8337 -2.1965 35.7074
v 200.0004 -2.1965 35.9940
v 200.0000 -2.1930 36.0000
v 195.8333 -2.1930 35.7135
v 0.0000 -2.2000 36.0000
v 0.0000 -2.1930 36.0000
v 0.0004 -2.1965 36.0060
v 0.0004 -2.1965 36.0060
v 0.0004 -2.2035 36.0060
v 0.0004 -2.2035 36.0060
v 0.0000 -2.2070 36.0000
v 0.0000 -2.2070 36.0000
v -0.0004 -2.2035 35.9940
v -0.0004 -2.2035 35.9940
v -0.0004 -2.1965 35.9940
v -0.0004 -2.1965 35.9940
v 0.0000 -2.1930 36.0000
v 200.0000 -2.2000 36.0000
v 200.0000 -2.1930 36.0000
v 199.9996 -2.1965 36.0060
v 199.9996 -2.1965 36.0060
v 199.9996 -2.2035 36.0060
v 199.9996 -2.2035 36.0060
v 200.0000 -2.2070 36.0000
v 200.0000 -2.2070 36.0000
v 200.0004 -2.2035 35.9940
v 200.0004 -2.2035 35.9940
v 200.0004 -2.1965 35.9940
v 200.0004 -2.1965 35.9940
v 200.0000 -2.1930 36.0000
v 0.0000 2.2070 36.0000
v 4.1667 2.2070 35.7135
v 4.1671 2.2035 35.7195
v 0.0004 2.2035 36.0060
v 0.0004 2.2035 36.0060
v 4.1671 2.2035 35.7195
v 4.1671 2.1965 35.7195
v 0.0004 2.1965 36.0060
v 0.0004 2.1965 36.0060
v 4.1671 2.1965 35.7195
v 4.1667 2.1930 35.7135
v 0.0000 2.1930 36.0000
v 0.0000 2.1930 36.0000
v 4.1667 2.1930 35.7135
v 4.1663 2.1965 35.7074
v -0.0004 2.1965 35.9940
v -0.0004 2.1965 35.9940
v 4.1663 2.1965 35.7074
v 4.1663 2.2035 35.7074
v -0.0004 2.2035 35.9940
v -0.0004 2.2035 35.9940
v 4.1663 2.2035 35.7074
v 4.1667 2.2070 35.7135
v 0.0000 2.2070 36.0000
v 4.1667 2.2070 35.7135
v 8.3333 2.2070 35.4392
v 8.3337 2.2035 35.4452
v 4.1671 2.2035 35.7195
v 4.1671 2.2035 35.7195
v 8.3337 2.2035 35.4452
v 8.3337 2.1965 35.4452
v 4.1671 2.1965 35.7195
v 4.1671 2.1965 35.7195
v 8.3337 2.1965 35.4452
v 8.3333 2.1930 35.4392
v 4.1667 2.1930 35.7135
v 4.1667 2.1930 35.7135
v 8.3333 2.1930 35.4392
v 8.3329 2.1965 35.4331
v 4.1663 2.1965 35.7074
v 4.1663 2.1965 35.7074
v 8.3329 2.1965 35.4331
v 8.3329 2.2035 35.4331
v 4.1663 2.2035 35.7074
v 4.1663 2.2035 35.7074
v 8.3329 2.2035 35.4331
v 8.3333 2.2070 35.4392
v 4.1667 2.2070 35.7135
v 8.3333 2.2070 35.4392
v 12.5000 2.2070 35.1771
v 12.5004 2.2035 35.1831
v 8.3337 2.2035 35.4452
v 8.3337 2.2035 35.4452
v 12.5004 2.2035 35.1831
v 12.5004 2.1965 35.1831
v 8.3337 2.1965 35.4452
v 8.3337 2.1965 35.4452
v 12.5004 2.1965 35.1831
v 12.5000 2.1930 35.1771
v 8.3333 2.1930 35.4392
v 8.3333 2.1930 35.4392
v 12.5000 2.1930 35.1771
v 12.4996 2.1965 35.1710
v 8.3329 2.1965 35.4331
v 8.3329 2.1965 35.4331
v 12.4996 2.1965 35.1710
v 12.4996 2.2035 35.1710
v 8.3329 2.2035 35.4331
v 8.3329 2.2035 35.4331
v 12.4996 2.2035 35.1710
v 12.5000 2.2070 35.1771
v 8.3333 2.2070 35.4392
v 12.5000 2.2070 35.1771
v 16.6667 2.2070 34.9272
v 16.6670 2.2035 34.9332
v 12.5004 2.2035 35.1831
v 12.5004 2.2035 35.1831
v 16.6670 2.2035 34.9332
v 16.6670 2.1965 34.9332
v 12.5004 2.1965 35.1831
v 12.5004 2.1965 35.1831
v 16.6670 2.1965 34.9332
v 16.6667 2.1930 34.9272
v 12.5000 2.1930 35.1771
v 12.5000 2.1930 35.1771
v 16.6667 2.1930 34.9272
v 16.6663 2.1965 34.9211
v 12.4996 2.1965 35.1710
v 12.4996 2.1965 35.1710
v 16.6663 2.1965 34.9211
v 16.6663 2.2035 34.9211
v 12.4996 2.2035 35.1710
v 12.4996 2.2035 35.1710
v 16.6663 2.2035 34.9211
v 16.6667 2.2070 34.9272
v 12.5000 2.2070 35.1771
v 16.6667 2.2070 34.9272
v 20.8333 2.2070 34.6895
v 20.8337 2.2035 34.6956
v 16.6670 2.2035 34.9332
v 16.6670 2.2035 34.9332
v 20.8337 2.2035 34.6956
v 20.8337 2.1965 34.6956
v 16.6670 2.1965 34.9332
v 16.6670 2.1965 34.9332
v 20.8337 2.1965 34.6956
v 20.8333 2.1930 34.6895
v 16.6667 2.1930 34.9272
v 16.6667 2.1930 34.9272
v 20.8333 2.1930 34.6895
v 20.8330 2.1965 34.6835
v 16.6663 2.1965 34.9211
v 16.6663 2.1965 34.9211
v 20.8330 2.1965 34.6835
v 20.8330 2.2035 34.6835
v 16.6663 2.2035 34.9211
v 16.6663 2.2035 34.9211
v 20.8330 2.2035 34.6835
v 20.8333 2.2070 34.6895
v 16.6667 2.2070 34.9272
v 20.8333 2.2070 34.6895
v 25.0000 2.2070 34.4640
v 25.0003 2.2035 34.4701
v 20.8337 2.2035 34.6956
v 20.8337 2.2035 34.6956
v 25.0003 2.2035 34.4701
v 25.0003 2.1965 34.4701
v 20.8337 2.1965 34.6956
v 20.8337 2.1965 34.6956
v 25.0003 2.1965 34.4701
v 25.0000 2.1930 34.4640
v 20.8333 2.1930 34.6895
v 20.8333 2.1930 34.6895
v 25.0000 2.1930 34.4640
v 24.9997 2.1965 34.4580
v 20.8330 2.1965 34.6835
v 20.8330 2.1965 34.6835
v 24.9997 2.1965 34.4580
v 24.9997 2.2035 34.4580
v 20.8330 2.2035 34.6835
v 20.8330 2.2035 34.6835
v 24.9997 2.2035 34.4580
v 25.0000 2.2070 34.4640
v 20.8333 2.2070 34.6895
v 25.0000 2.2070 34.4640
v 29.1667 2.2070 34.2507
v 29.1670 2.2035 34.2568
v 25.0003 2.2035 34.4701
v 25.0003 2.2035 34.4701
v 29.1670 2.2035 34.2568
v 29.1670 2.1965 34.2568
v 25.0003 2.1965 34.4701
v 25.0003 2.1965 34.4701
v 29.1670 2.1965 34.2568
v 29.1667 2.1930 34.2507
v 25.0000 2.1930 34.4640
v 25.0000 2.1930 34.4640
v 29.1667 2.1930 34.2507
v 29.1664 2.1965 34.2447
v 24.9997 2.1965 34.4580
v 24.9997 2.1965 34.4580
v 29.1664 2.1965 34.2447
v 29.1664 2.2035 34.2447
v 24.9997 2.2035 34.4580
v 24.9997 2.2035 34.4580
v 29.1664 2.2035 34.2447
v 29.1667 2.2070 34.2507
v 25.0000 2.2070 34.4640
v 29.1667 2.2070 34.2507
v 33.3333 2.2070 34.0496
v 33.3336 2.2035 34.0557
v 29.1670 2.2035 34.2568
v 29.1670 2.2035 34.2568
v 33.3336 2.2035 34.0557
v 33.3336 2.1965 34.0557
v 29.1670 2.1965 34.2568
v 29.1670 2.1965 34.2568
v 33.3336 2.1965 34.0557
v 33.3333 2.1930 34.0496
v 29.1667 2.1930 34.2507
v 29.1667 2.1930 34.2507
v 33.3333 2.1930 34.0496
v 33.3330 2.1965 34.0436
v 29.1664 2.1965 34.2447
v 29.1664 2.1965 34.2447
v 33.3330 2.1965 34.0436
v 33.3330 2.2035 34.0436
v 29.1664 2.2035 34.2447
v 29.1664 2.2035 34.2447
v 33.3330 2.2035 34.0436
v 33.3333 2.2070 34.0496
v 29.1667 2.2070 34.2507
v 33.3333 2.2070 34.0496
v 37.5000 2.2070 33.8608
v 37.5003 2.2035 33.8668
v 33.3336 2.2035 34.0557
v 33.3336 2.2035 34.0557
v 37.5003 2.2035 33.8668
v 37.5003 2.1965 33.8668
v 33.3336 2.1965 34.0557
v 33.3336 2.1965 34.0557
v 37.5003 2.1965 33.8668
v 37.5000 2.1930 33.8608
v 33.3333 2.1930 34.0496
v 33.3333 2.1930 34.0496
v 37.5000 2.1930 33.8608
v 37.4997 2.1965 33.8547
v 33.3330 2.1965 34.0436
v 33.3330 2.1965 34.0436
v 37.4997 2.1965 33.8547
v 37.4997 2.2035 33.8547
v 33.3330 2.2035 34.0436
v 33.3330 2.2035 34.0436
v 37.4997 2.2035 33.8547
v 37.5000 2.2070 33.8608
v 33.3333 2.2070 34.0496
v 37.5000 2.2070 33.8608
v 41.6667 2.2070 33.6841
v 41.6669 2.2035 33.6901
v 37.5003 2.2035 33.8668
v 37.5003 2.2035 33.8668
v 41.6669 2.2035 33.6901
v 41.6669 2.1965 33.6901
v 37.5003 2.1965 33.8668
v 37.5003 2.1965 33.8668
v 41.6669 2.1965 33.6901
v 41.6667 2.1930 33.6841
v 37.5000 2.1930 33.8608
v 37.5000 2.1930 33.8608
v 41.6667 2.1930 33.6841
v 41.6664 2.1965 33.6780
v 37.4997 2.1965 33.8547
v 37.4997 2.1965 33.8547
v 41.6664 2.1965 33.6780
v 41.6664 2.2035 33.6780
v 37.4997 2.2035 33.8547
v 37.4997 2.2035 33.8547
v 41.6664 2.2035 33.6780
v 41.6667 2.2070 33.6841
v 37.5000 2.2070 33.8608
v 41.6667 2.2070 33.6841
v 45.8333 2.2070 33.5195
v 45.8336 2.2035 33.5256
v 41.6669 2.2035 33.6901
v 41.6669 2.2035 33.6901
v 45.8336 2.2035 33.5256
v 45.8336 2.1965 33.5256
v 41.6669 2.1965 33.6901
v 41.6669 2.1965 33.6901
v 45.8336 2.1965 33.5256
v 45.8333 2.1930 33.5195
v 41.6667 2.1930 33.6841
v 41.6667 2.1930 33.6841
v 45.8333 2.1930 33.5195
v 45.8331 2.1965 33.5135
v 41.6664 2.1965 33.6780
v 41.6664 2.1965 33.6780
v 45.8331 2.1965 33.5135
v 45.8331 2.2035 33.5135
v 41.6664 2.2035 33.6780
v 41.6664 2.2035 33.6780
v 45.8331 2.2035 33.5135
v 45.8333 2.2070 33.5195
v 41.6667 2.2070 33.6841
v 45.8333 2.2070 33.5195
v 50.0000 2.2070 33.3672
v 50.0002 2.2035 33.3733
v 45.8336 2.2035 33.5256
v 45.8336 2.2035 33.5256
v 50.0002 2.2035 33.3733
v 50.0002 2.1965 33.3733
v 45.8336 2.1965 33.5256
v 45.8336 2.1965 33.5256
v 50.0002 2.1965 33.3733
v 50.0000 2.1930 33.3672
v 45.8333 2.1930 33.5195
v 45.8333 2.1930 33.5195
v 50.0000 2.1930 33.3672
v 49.9998 2.1965 33.3612
v 45.8331 2.1965 33.5135
v 45.8331 2.1965 33.5135
v 49.9998 2.1965 33.3612
v 49.9998 2.2035 33.3612
v 45.8331 2.2035 33.5135
v 45.8331 2.2035 33.5135
v 49.9998 2.2035 33.3612
v 50.0000 2.2070 33.3672
v 45.8333 2.2070 33.5195
v 50.0000 2.2070 33.3672
v 54.1667 2.2070 33.2271
v 54.1669 2.2035 33.2332
v 50.0002 2.2035 33.3733
v 50.0002 2.2035 33.3733
v 54.1669 2.2035 33.2332
v 54.1669 2.1965 33.2332
v 50.0002 2.1965 33.3733
v 50.0002 2.1965 33.3733
v 54.1669 2.1965 33.2332
v 54.1667 2.1930 33.2271
v 50.0000 2.1930 33.3672
v 50.0000 2.1930 33.3672
v 54.1667 2.1930 33.2271
v 54.1665 2.1965 33.2210
v 49.9998 2.1965 33.3612
v 49.9998 2.1965 33.3612
v 54.1665 2.1965 33.2210
v 54.1665 2.2035 33.2210
v 49.9998 2.2035 33.3612
v 49.9998 2.2035 33.3612
v 54.1665 2.2035 33.2210
v 54.1667 2.2070 33.2271
v 50.0000 2.2070 33.3672
v 54.1667 2.2070 33.2271
v 58.3333 2.2070 33.0992
v 58.3335 2.2035 33.1052
v 54.1669 2.2035 33.2332
v 54.1669 2.2035 33.2332
v 58.3335 2.2035 33.1052
v 58.3335 2.1965 33.1052
v 54.1669 2.1965 33.2332
v 54.1669 2.1965 33.2332
v 58.3335 2.1965 33.1052
v 58.3333 2.1930 33.0992
v 54.1667 2.1930 33.2271
v 54.1667 2.1930 33.2271
v 58.3333 2.1930 33.0992
v 58.3332 2.1965 33.0931
v 54.1665 2.1965 33.2210
v 54.1665 2.1965 33.2210
v 58.3332 2.1965 33.0931
v 58.3332 2.2035 33.0931
v 54.1665 2.2035 33.2210
v 54.1665 2.2035 33.2210
v 58.3332 2.2035 33.0931
v 58.3333 2.2070 33.0992
v 54.1667 2.2070 33.2271
v 58.3333 2.2070 33.0992
v 62.5000 2.2070 32.9834
v 62.5002 2.2035 32.9895
v 58.3335 2.2035 33.1052
v 58.3335 2.2035 33.1052
v 62.5002 2.2035 32.9895
v 62.5002 2.1965 32.9895
v 58.3335 2.1965 33.1052
v 58.3335 2.1965 33.1052
v 62.5002 2.1965 32.9895
v 62.5000 2.1930 32.9834
v 58.3333 2.1930 33.0992
v 58.3333 2.1930 33.0992
v 62.5000 2.1930 32.9834
v 62.4998 2.1965 32.9774
v 58.3332 2.1965 33.0931
v 58.3332 2.1965 33.0931
v 62.4998 2.1965 32.9774
v 62.4998 2.2035 32.9774
v 58.3332 2.2035 33.0931
v 58.3332 2.2035 33.0931
v 62.4998 2.2035 32.9774
v 62.5000 2.2070 32.9834
v 58.3333 2.2070 33.0992
v 62.5000 2.2070 32.9834
v 66.6667 2.2070 32.8799
v 66.6668 2.2035 32.8859
v 62.5002 2.2035 32.9895
v 62.5002 2.2035 32.9895
v 66.6668 2.2035 32.8859
v 66.6668 2.1965 32.8859
v 62.5002 2.1965 32.9895
v 62.5002 2.1965 32.9895
v 66.6668 2.1965 32.8859
v 66.6667 2.1930 32.8799
v 62.5000 2.1930 32.9834
v 62.5000 2.1930 32.9834
v 66.6667 2.1930 32.8799
v 66.6665 2.1965 32.8738
v 62.4998 2.1965 32.9774
v 62.4998 2.1965 32.9774
v 66.6665 2.1965 32.8738
v 66.6665 2.2035 32.8738
v 62.4998 2.2035 32.9774
v 62.4998 2.2035 32.9774
v 66.6665 2.2035 32.8738
v 66.6667 2.2070 32.8799
v 62.5000 2.2070 32.9834
v 66.6667 2.2070 32.8799
v 70.8333 2.2070 32.7885
v 70.8335 2.2035 32.7945
v 66.6668 2.2035 32.8859
v 66.6668 2.2035 32.8859
v 70.8335 2.2035 32.7945
v 70.8335 2.1965 32.7945
v 66.6668 2.1965 32.8859
v 66.6668 2.1965 32.8859
v 70.8335 2.1965 32.7945
v 70.8333 2.1930 32.7885
v 66.6667 2.1930 32.8799
v 66.6667 2.1930 32.8799
v 70.8333 2.1930 32.7885
v 70.8332 2.1965 32.7824
v 66.6665 2.1965 32.8738
v 66.6665 2.1965 32.8738
v 70.8332 2.1965 32.7824
v 70.8332 2.2035 32.7824
v 66.6665 2.2035 32.8738
v 66.6665 2.2035 32.8738
v 70.8332 2.2035 32.7824
v 70.8333 2.2070 32.7885
v 66.6667 2.2070 32.8799
v 70.8333 2.2070 32.7885
v 75.0000 2.2070 32.7093
v 75.0001 2.2035 32.7154
v 70.8335 2.2035 32.7945
v 70.8335 2.2035 32.7945
v 75.0001 2.2035 32.7154
v 75.0001 2.1965 32.7154
v 70.8335 2.1965 32.7945
v 70.8335 2.1965 32.7945
v 75.0001 2.1965 32.7154
v 75.0000 2.1930 32.7093
v 70.8333 2.1930 32.7885
v 70.8333 2.1930 32.7885
v 75.0000 2.1930 32.7093
v 74.9999 2.1965 32.7032
v 70.8332 2.1965 32.7824
v 70.8332 2.1965 32.7824
v 74.9999 2.1965 32.7032
v 74.9999 2.2035 32.7032
v 70.8332 2.2035 32.7824
v 70.8332 2.2035 32.7824
v 74.9999 2.2035 32.7032
v 75.0000 2.2070 32.7093
v 70.8333 2.2070 32.7885
v 75.0000 2.2070 32.7093
v 79.1667 2.2070 32.6423
v 79.1668 2.2035 32.6483
v 75.0001 2.2035 32.7154
v 75.0001 2.2035 32.7154
v 79.1668 2.2035 32.6483
v 79.1668 2.1965 32.6483
v 75.0001 2.1965 32.7154
v 75.0001 2.1965 32.7154
v 79.1668 2.1965 32.6483
v 79.1667 2.1930 32.6423
v 75.0000 2.1930 32.7093
v 75.0000 2.1930 32.7093
v 79.1667 2.1930 32.6423
v 79.1666 2.1965 32.6362
v 74.9999 2.1965 32.7032
v 74.9999 2.1965 32.7032
v 79.1666 2.1965 32.6362
v 79.1666 2.2035 32.6362
v 74.9999 2.2035 32.7032
v 74.9999 2.2035 32.7032
v 79.1666 2.2035 32.6362
v 79.1667 2.2070 32.6423
v 75.0000 2.2070 32.7093
v 79.1667 2.2070 32.6423
v 83.3333 2.2070 32.5875
v 83.3334 2.2035 32.5935
v 79.1668 2.2035 32.6483
v 79.1668 2.2035 32.6483
v 83.3334 2.2035 32.5935
v 83.3334 2.1965 32.5935
v 79.1668 2.1965 32.6483
v 79.1668 2.1965 32.6483
v 83.3334 2.1965 32.5935
v 83.3333 2.1930 32.5875
v 79.1667 2.1930 32.6423
v 79.1667 2.1930 32.6423
v 83.3333 2.1930 32.5875
v 83.3333 2.1965 32.5814
v 79.1666 2.1965 32.6362
v 79.1666 2.1965 32.6362
v 83.3333 2.1965 32.5814
v 83.3333 2.2035 32.5814
v 79.1666 2.2035 32.6362
v 79.1666 2.2035 32.6362
v 83.3333 2.2035 32.5814
v 83.3333 2.2070 32.5875
v 79.1667 2.2070 32.6423
v 83.3333 2.2070 32.5875
v 87.5000 2.2070 32.5448
v 87.5001 2.2035 32.5509
v 83.3334 2.2035 32.5935
v 83.3334 2.2035 32.5935
v 87.5001 2.2035 32.5509
v 87.5001 2.1965 32.5509
v 83.3334 2.1965 32.5935
v 83.3334 2.1965 32.5935
v 87.5001 2.1965 32.5509
v 87.5000 2.1930 32.5448
v 83.3333 2.1930 32.5875
v 83.3333 2.1930 32.5875
v 87.5000 2.1930 32.5448
v 87.4999 2.1965 32.5388
v 83.3333 2.1965 32.5814
v 83.3333 2.1965 32.5814
v 87.4999 2.1965 32.5388
v 87.4999 2.2035 32.5388
v 83.3333 2.2035 32.5814
v 83.3333 2.2035 32.5814
v 87.4999 2.2035 32.5388
v 87.5000 2.2070 32.5448
v 83.3333 2.2070 32.5875
v 87.5000 2.2070 32.5448
v 91.6667 2.2070 32.5144
v 91.6667 2.2035 32.5204
v 87.5001 2.2035 32.5509
v 87.5001 2.2035 32.5509
v 91.6667 2.2035 32.5204
v 91.6667 2.1965 32.5204
v 87.5001 2.1965 32.5509
v 87.5001 2.1965 32.5509
v 91.6667 2.1965 32.5204
v 91.6667 2.1930 32.5144
v 87.5000 2.1930 32.5448
v 87.5000 2.1930 32.5448
v 91.6667 2.1930 32.5144
v 91.6666 2.1965 32.5083
v 87.4999 2.1965 32.5388
v 87.4999 2.1965 32.5388
v 91.6666 2.1965 32.5083
v 91.6666 2.2035 32.5083
v 87.4999 2.2035 32.5388
v 87.4999 2.2035 32.5388
v 91.6666 2.2035 32.5083
v 91.6667 2.2070 32.5144
v 87.5000 2.2070 32.5448
v 91.6667 2.2070 32.5144
v 95.8333 2.2070 32.4961
v 95.8334 2.2035 32.5022
v 91.6667 2.2035 32.5204
v 91.6667 2.2035 32.5204
v 95.8334 2.2035 32.5022
v 95.8334 2.1965 32.5022
v 91.6667 2.1965 32.5204
v 91.6667 2.1965 32.5204
v 95.8334 2.1965 32.5022
v 95.8333 2.1930 32.4961
v 91.6667 2.1930 32.5144
v 91.6667 2.1930 32.5144
v 95.8333 2.1930 32.4961
v 95.8333 2.1965 32.4900
v 91.6666 2.1965 32.5083
v 91.6666 2.1965 32.5083
v 95.8333 2.1965 32.4900
v 95.8333 2.2035 32.4900
v 91.6666 2.2035 32.5083
v 91.6666 2.2035 32.5083
v 95.8333 2.2035 32.4900
v 95.8333 2.2070 32.4961
v 91.6667 2.2070 32.5144
v 95.8333 2.2070 32.4961
v 100.0000 2.2070 32.4900
v 100.0000 2.2035 32.4961
v 95.8334 2.2035 32.5022
v 95.8334 2.2035 32.5022
v 100.0000 2.2035 32.4961
v 100.0000 2.1965 32.4961
v 95.8334 2.1965 32.5022
v 95.8334 2.1965 32.5022
v 100.0000 2.1965 32.4961
v 100.0000 2.1930 32.4900
v 95.8333 2.1930 32.4961
v 95.8333 2.1930 32.4961
v 100.0000 2.1930 32.4900
v 100.0000 2.1965 32.4839
v 95.8333 2.1965 32.4900
v 95.8333 2.1965 32.4900
v 100.0000 2.1965 32.4839
v 100.0000 2.2035 32.4839
v 95.8333 2.2035 32.4900
v 95.8333 2.2035 32.4900
v 100.0000 2.2035 32.4839
v 100.0000 2.2070 32.4900
v 95.8333 2.2070 32.4961
v 100.0000 2.2070 32.4900
v 104.1667 2.2070 32.4961
v 104.1666 2.2035 32.5022
v 100.0000 2.2035 32.4961
v 100.0000 2.2035 32.4961
v 104.1666 2.2035 32.5022
v 104.1666 2.1965 32.5022
v 100.0000 2.1965 32.4961
v 100.0000 2.1965 32.4961
v 104.1666 2.1965 32.5022
v 104.1667 2.1930 32.4961
v 100.0000 2.1930 32.4900
v 100.0000 2.1930 32.4900
v 104.1667 2.1930 32.4961
v 104.1667 2.1965 32.4900
v 100.0000 2.1965 32.4839
v 100.0000 2.1965 32.4839
v 104.1667 2.1965 32.4900
v 104.1667 2.2035 32.4900
v 100.0000 2.2035 32.4839
v 100.0000 2.2035 32.4839
v 104.1667 2.2035 32.4900
v 104.1667 2.2070 32.4961
v 100.0000 2.2070 32.4900
v 104.1667 2.2070 32.4961
v 108.3333 2.2070 32.5144
v 108.3333 2.2035 32.5204
v 104.1666 2.2035 32.5022
v 104.1666 2.2035 32.5022
v 108.3333 2.2035 32.5204
v 108.3333 2.1965 32.5204
v 104.1666 2.1965 32.5022
v 104.1666 2.1965 32.5022
v 108.3333 2.1965 32.5204
v 108.3333 2.1930 32.5144
v 104.1667 2.1930 32.4961
v 104.1667 2.1930 32.4961
v 108.3333 2.1930 32.5144
v 108.3334 2.1965 32.5083
v 104.1667 2.1965 32.4900
v 104.1667 2.1965 32.4900
v 108.3334 2.1965 32.5083
v 108.3334 2.2035 32.5083
v 104.1667 2.2035 32.4900
v 104.1667 2.2035 32.4900
v 108.3334 2.2035 32.5083
v 108.3333 2.2070 32.5144
v 104.1667 2.2070 32.4961
v 108.3333 2.2070 32.5144
v 112.5000 2.2070 32.5448
v 112.4999 2.2035 32.5509
v 108.3333 2.2035 32.5204
v 108.3333 2.2035 32.5204
v 112.4999 2.2035 32.5509
v 112.4999 2.1965 32.5509
v 108.3333 2.1965 32.5204
v 108.3333 2.1965 32.5204
v 112.4999 2.1965 32.5509
v 112.5000 2.1930 32.5448
v 108.3333 2.1930 32.5144
v 108.3333 2.1930 32.5144
v 112.5000 2.1930 32.5448
v 112.5001 2.1965 32.5388
v 108.3334 2.1965 32.5083
v 108.3334 2.1965 32.5083
v 112.5001 2.1965 32.5388
v 112.5001 2.2035 32.5388
v 108.3334 2.2035 32.5083
v 108.3334 2.2035 32.5083
v 112.5001 2.2035 32.5388
v 112.5000 2.2070 32.5448
v 108.3333 2.2070 32.5144
v 112.5000 2.2070 32.5448
v 116.6667 2.2070 32.5875
v 116.6666 2.2035 32.5935
v 112.4999 2.2035 32.5509
v 112.4999 2.2035 32.5509
v 116.6666 2.2035 32.5935
v 116.6666 2.1965 32.5935
v 112.4999 2.1965 32.5509
v 112.4999 2.1965 32.5509
v 116.6666 2.1965 32.5935
v 116.6667 2.1930 32.5875
v 112.5000 2.1930 32.5448
v 112.5000 2.1930 32.5448
v 116.6667 2.1930 32.5875
v 116.6667 2.1965 32.5814
v 112.5001 2.1965 32.5388
v 112.5001 2.1965 32.5388
v 116.6667 2.1965 32.5814
v 116.6667 2.2035 32.5814
v 112.5001 2.2035 32.5388
v 112.5001 2.2035 32.5388
v 116.6667 2.2035 32.5814
v 116.6667 2.2070 32.5875
v 112.5000 2.2070 32.5448
v 116.6667 2.2070 32.5875
v 120.8333 2.2070 32.6423
v 120.8332 2.2035 32.6483
v 116.6666 2.2035 32.5935
v 116.6666 2.2035 32.5935
v 120.8332 2.2035 32.6483
v 120.8332 2.1965 32.6483
v 116.6666 2.1965 32.5935
v 116.6666 2.1965 32.5935
v 120.8332 2.1965 32.6483
v 120.8333 2.1930 32.6423
v 116.6667 2.1930 32.5875
v 116.6667 2.1930 32.5875
v 120.8333 2.1930 32.6423
v 120.8334 2.1965 32.6362
v 116.6667 2.1965 32.5814
v 116.6667 2.1965 32.5814
v 120.8334 2.1965 32.6362
v 120.8334 2.2035 32.6362
v 116.6667 2.2035 32.5814
v 116.6667 2.2035 32.5814
v 120.8334 2.2035 32.6362
v 120.8333 2.2070 32.6423
v 116.6667 2.2070 32.5875
v 120.8333 2.2070 32.6423
v 125.0000 2.2070 32.7093
v 124.9999 2.2035 32.7154
v 120.8332 2.2035 32.6483
v 120.8332 2.2035 32.6483
v 124.9999 2.2035 32.7154
v 124.9999 2.1965 32.7154
v 120.8332 2.1965 32.6483
v 120.8332 2.1965 32.6483
v 124.9999 2.1965 32.7154
v 125.0000 2.1930 32.7093
v 120.8333 2.1930 32.6423
v 120.8333 2.1930 32.6423
v 125.0000 2.1930 32.7093
v 125.0001 2.1965 32.7032
v 120.8334 2.1965 32.6362
v 120.8334 2.1965 32.6362
v 125.0001 2.1965 32.7032
v 125.0001 2.2035 32.7032
v 120.8334 2.2035 32.6362
v 120.8334 2.2035 32.6362
v 125.0001 2.2035 32.7032
v 125.0000 2.2070 32.7093
v 120.8333 2.2070 32.6423
v 125.0000 2.2070 32.7093
v 129.1667 2.2070 32.7885
v 129.1665 2.2035 32.7945
v 124.9999 2.2035 32.7154
v 124.9999 2.2035 32.7154
v 129.1665 2.2035 32.7945
v 129.1665 2.1965 32.7945
v 124.9999 2.1965 32.7154
v 124.9999 2.1965 32.7154
v 129.1665 2.1965 32.7945
v 129.1667 2.1930 32.7885
v 125.0000 2.1930 32.7093
v 125.0000 2.1930 32.7093
v 129.1667 2.1930 32.7885
v 129.1668 2.1965 32.7824
v 125.0001 2.1965 32.7032
v 125.0001 2.1965 32.7032
v 129.1668 2.1965 32.7824
v 129.1668 2.2035 32.7824
v 125.0001 2.2035 32.7032
v 125.0001 2.2035 32.7032
v 129.1668 2.2035 32.7824
v 129.1667 2.2070 32.7885
v 125.0000 2.2070 32.7093
v 129.1667 2.2070 32.7885
v 133.3333 2.2070 32.8799
v 133.3332 2.2035 32.8859
v 129.1665 2.2035 32.7945
v 129.1665 2.2035 32.7945
v 133.3332 2.2035 32.8859
v 133.3332 2.1965 32.8859
v 129.1665 2.1965 32.7945
v 129.1665 2.1965 32.7945
v 133.3332 2.1965 32.8859
v 133.3333 2.1930 32.8799
v 129.1667 2.1930 32.7885
v 129.1667 2.1930 32.7885
v 133.3333 2.1930 32.8799
v 133.3335 2.1965 32.8738
v 129.1668 2.1965 32.7824
v 129.1668 2.1965 32.7824
v 133.3335 2.1965 32.8738
v 133.3335 2.2035 32.8738
v 129.1668 2.2035 32.7824
v 129.1668 2.2035 32.7824
v 133.3335 2.2035 32.8738
v 133.3333 2.2070 32.8799
v 129.1667 2.2070 32.7885
v 133.3333 2.2070 32.8799
v 137.5000 2.2070 32.9834
v 137.4998 2.2035 32.9895
v 133.3332 2.2035 32.8859
v 133.3332 2.2035 32.8859
v 137.4998 2.2035 32.9895
v 137.4998 2.1965 32.9895
v 133.3332 2.1965 32.8859
v 133.3332 2.1965 32.8859
v 137.4998 2.1965 32.9895
v 137.5000 2.1930 32.9834
v 133.3333 2.1930 32.8799
v 133.3333 2.1930 32.8799
v 137.5000 2.1930 32.9834
v 137.5002 2.1965 32.9774
v 133.3335 2.1965 32.8738
v 133.3335 2.1965 32.8738
v 137.5002 2.1965 32.9774
v 137.5002 2.2035 32.9774
v 133.3335 2.2035 32.8738
v 133.3335 2.2035 32.8738
v 137.5002 2.2035 32.9774
v 137.5000 2.2070 32.9834
v 133.3333 2.2070 32.8799
v 137.5000 2.2070 32.9834
v 141.6667 2.2070 33.0992
v 141.6665 2.2035 33.1052
v 137.4998 2.2035 32.9895
v 137.4998 2.2035 32.9895
v 141.6665 2.2035 33.1052
v 141.6665 2.1965 33.1052
v 137.4998 2.1965 32.9895
v 137.4998 2.1965 32.9895
v 141.6665 2.1965 33.1052
v 141.6667 2.1930 33.0992
v 137.5000 2.1930 32.9834
v 137.5000 2.1930 32.9834
v 141.6667 2.1930 33.0992
v 141.6668 2.1965 33.0931
v 137.5002 2.1965 32.9774
v 137.5002 2.1965 32.9774
v 141.6668 2.1965 33.0931
v 141.6668 2.2035 33.0931
v 137.5002 2.2035 32.9774
v 137.5002 2.2035 32.9774
v 141.6668 2.2035 33.0931
v 141.6667 2.2070 33.0992
v 137.5000 2.2070 32.9834
v 141.6667 2.2070 33.0992
v 145.8333 2.2070 33.2271
v 145.8331 2.2035 33.2332
v 141.6665 2.2035 33.1052
v 141.6665 2.2035 33.1052
v 145.8331 2.2035 33.2332
v 145.8331 2.1965 33.2332
v 141.6665 2.1965 33.1052
v 141.6665 2.1965 33.1052
v 145.8331 2.1965 33.2332
v 145.8333 2.1930 33.2271
v 141.6667 2.1930 33.0992
v 141.6667 2.1930 33.0992
v 145.8333 2.1930 33.2271
v 145.8335 2.1965 33.2210
v 141.6668 2.1965 33.0931
v 141.6668 2.1965 33.0931
v 145.8335 2.1965 33.2210
v 145.8335 2.2035 33.2210
v 141.6668 2.2035 33.0931
v 141.6668 2.2035 33.0931
v 145.8335 2.2035 33.2210
v 145.8333 2.2070 33.2271
v 141.6667 2.2070 33.0992
v 145.8333 2.2070 33.2271
v 150.0000 2.2070 33.3672
v 149.9998 2.2035 33.3733
v 145.8331 2.2035 33.2332
v 145.8331 2.2035 33.2332
v 149.9998 2.2035 33.3733
v 149.9998 2.1965 33.3733
v 145.8331 2.1965 33.2332
v 145.8331 2.1965 33.2332
v 149.9998 2.1965 33.3733
v 150.0000 2.1930 33.3672
v 145.8333 2.1930 33.2271
v 145.8333 2.1930 33.2271
v 150.0000 2.1930 33.3672
v 150.0002 2.1965 33.3612
v 145.8335 2.1965 33.2210
v 145.8335 2.1965 33.2210
v 150.0002 2.1965 33.3612
v 150.0002 2.2035 33.3612
v 145.8335 2.2035 33.2210
v 145.8335 2.2035 33.2210
v 150.0002 2.2035 33.3612
v 150.0000 2.2070 33.3672
v 145.8333 2.2070 33.2271
v 150.0000 2.2070 33.3672
v 154.1667 2.2070 33.5195
v 154.1664 2.2035 33.5256
v 149.9998 2.2035 33.3733
v 149.9998 2.2035 33.3733
v 154.1664 2.2035 33.5256
v 154.1664 2.1965 33.5256
v 149.9998 2.1965 33.3733
v 149.9998 2.1965 33.3733
v 154.1664 2.1965 33.5256
v 154.1667 2.1930 33.5195
v 150.0000 2.1930 33.3672
v 150.0000 2.1930 33.3672
v 154.1667 2.1930 33.5195
v 154.1669 2.1965 33.5135
v 150.0002 2.1965 33.3612
v 150.0002 2.1965 33.3612
v 154.1669 2.1965 33.5135
v 154.1669 2.2035 33.5135
v 150.0002 2.2035 33.3612
v 150.0002 2.2035 33.3612
v 154.1669 2.2035 33.5135
v 154.1667 2.2070 33.5195
v 150.0000 2.2070 33.3672
v 154.1667 2.2070 33.5195
v 158.3333 2.2070 33.6841
v 158.3331 2.2035 33.6901
v 154.1664 2.2035 33.5256
v 154.1664 2.2035 33.5256
v 158.3331 2.2035 33.6901
v 158.3331 2.1965 33.6901
v 154.1664 2.1965 33.5256
v 154.1664 2.1965 33.5256
v 158.3331 2.1965 33.6901
v 158.3333 2.1930 33.6841
v 154.1667 2.1930 33.5195
v 154.1667 2.1930 33.5195
v 158.3333 2.1930 33.6841
v 158.3336 2.1965 33.6780
v 154.1669 2.1965 33.5135
v 154.1669 2.1965 33.5135
v 158.3336 2.1965 33.6780
v 158.3336 2.2035 33.6780
v 154.1669 2.2035 33.5135
v 154.1669 2.2035 33.5135
v 158.3336 2.2035 33.6780
v 158.3333 2.2070 33.6841
v 154.1667 2.2070 33.5195
v 158.3333 2.2070 33.6841
v 162.5000 2.2070 33.8608
v 162.4997 2.2035 33.8668
v 158.3331 2.2035 33.6901
v 158.3331 2.2035 33.6901
v 162.4997 2.2035 33.8668
v 162.4997 2.1965 33.8668
v 158.3331 2.1965 33.6901
v 158.3331 2.1965 33.6901
v 162.4997 2.1965 33.8668
v 162.5000 2.1930 33.8608
v 158.3333 2.1930 33.6841
v 158.3333 2.1930 33.6841
v 162.5000 2.1930 33.8608
v 162.5003 2.1965 33.8547
v 158.3336 2.1965 33.6780
v 158.3336 2.1965 33.6780
v 162.5003 2.1965 33.8547
v 162.5003 2.2035 33.8547
v 158.3336 2.2035 33.6780
v 158.3336 2.2035 33.6780
v 162.5003 2.2035 33.8547
v 162.5000 2.2070 33.8608
v 158.3333 2.2070 33.6841
v 162.5000 2.2070 33.8608
v 166.6667 2.2070 34.0496
v 166.6664 2.2035 34.0557
v 162.4997 2.2035 33.8668
v 162.4997 2.2035 33.8668
v 166.6664 2.2035 34.0557
v 166.6664 2.1965 34.0557
v 162.4997 2.1965 33.8668
v 162.4997 2.1965 33.8668
v 166.6664 2.1965 34.0557
v 166.6667 2.1930 34.0496
v 162.5000 2.1930 33.8608
v 162.5000 2.1930 33.8608
v 166.6667 2.1930 34.0496
v 166.6670 2.1965 34.0436
v 162.5003 2.1965 33.8547
v 162.5003 2.1965 33.8547
v 166.6670 2.1965 34.0436
v 166.6670 2.2035 34.0436
v 162.5003 2.2035 33.8547
v 162.5003 2.2035 33.8547
v 166.6670 2.2035 34.0436
v 166.6667 2.2070 34.0496
v 162.5000 2.2070 33.8608
v 166.6667 2.2070 34.0496
v 170.8333 2.2070 34.2507
v 170.8330 2.2035 34.2568
v 166.6664 2.2035 34.0557
v 166.6664 2.2035 34.0557
v 170.8330 2.2035 34.2568
v 170.8330 2.1965 34.2568
v 166.6664 2.1965 34.0557
v 166.6664 2.1965 34.0557
v 170.8330 2.1965 34.2568
v 170.8333 2.1930 34.2507
v 166.6667 2.1930 34.0496
v 166.6667 2.1930 34.0496
v 170.8333 2.1930 34.2507
v 170.8336 2.1965 34.2447
v 166.6670 2.1965 34.0436
v 166.6670 2.1965 34.0436
v 170.8336 2.1965 34.2447
v 170.8336 2.2035 34.2447
v 166.6670 2.2035 34.0436
v 166.6670 2.2035 34.0436
v 170.8336 2.2035 34.2447
v 170.8333 2.2070 34.2507
v 166.6667 2.2070 34.0496
v 170.8333 2.2070 34.2507
v 175.0000 2.2070 34.4640
v 174.9997 2.2035 34.4701
v 170.8330 2.2035 34.2568
v 170.8330 2.2035 34.2568
v 174.9997 2.2035 34.4701
v 174.9997 2.1965 34.4701
v 170.8330 2.1965 34.2568
v 170.8330 2.1965 34.2568
v 174.9997 2.1965 34.4701
v 175.0000 2.1930 34.4640
v 170.8333 2.1930 34.2507
v 170.8333 2.1930 34.2507
v 175.0000 2.1930 34.4640
v 175.0003 2.1965 34.4580
v 170.8336 2.1965 34.2447
v 170.8336 2.1965 34.2447
v 175.0003 2.1965 34.4580
v 175.0003 2.2035 34.4580
v 170.8336 2.2035 34.2447
v 170.8336 2.2035 34.2447
v 175.0003 2.2035 34.4580
v 175.0000 2.2070 34.4640
v 170.8333 2.2070 34.2507
v 175.0000 2.2070 34.4640
v 179.1667 2.2070 34.6895
v 179.1663 2.2035 34.6956
v 174.9997 2.2035 34.4701
v 174.9997 2.2035 34.4701
v 179.1663 2.2035 34.6956
v 179.1663 2.1965 34.6956
v 174.9997 2.1965 34.4701
v 174.9997 2.1965 34.4701
v 179.1663 2.1965 34.6956
v 179.1667 2.1930 34.6895
v 175.0000 2.1930 34.4640
v 175.0000 2.1930 34.4640
v 179.1667 2.1930 34.6895
v 179.1670 2.1965 34.6835
v 175.0003 2.1965 34.4580
v 175.0003 2.1965 34.4580
v 179.1670 2.1965 34.6835
v 179.1670 2.2035 34.6835
v 175.0003 2.2035 34.4580
v 175.0003 2.2035 34.4580
v 179.1670 2.2035 34.6835
v 179.1667 2.2070 34.6895
v 175.0000 2.2070 34.4640
v 179.1667 2.2070 34.6895
v 183.3333 2.2070 34.9272
v 183.3330 2.2035 34.9332
v 179.1663 2.2035 34.6956
v 179.1663 2.2035 34.6956
v 183.3330 2.2035 34.9332
v 183.3330 2.1965 34.9332
v 179.1663 2.1965 34.6956
v 179.1663 2.1965 34.6956
v 183.3330 2.1965 34.9332
v 183.3333 2.1930 34.9272
v 179.1667 2.1930 34.6895
v 179.1667 2.1930 34.6895
v 183.3333 2.1930 34.9272
v 183.3337 2.1965 34.9211
v 179.1670 2.1965 34.6835
v 179.1670 2.1965 34.6835
v 183.3337 2.1965 34.9211
v 183.3337 2.2035 34.9211
v 179.1670 2.2035 34.6835
v 179.1670 2.2035 34.6835
v 183.3337 2.2035 34.9211
v 183.3333 2.2070 34.9272
v 179.1667 2.2070 34.6895
v 183.3333 2.2070 34.9272
v 187.5000 2.2070 35.1771
v 187.4996 2.2035 35.1831
v 183.3330 2.2035 34.9332
v 183.3330 2.2035 34.9332
v 187.4996 2.2035 35.1831
v 187.4996 2.1965 35.1831
v 183.3330 2.1965 34.9332
v 183.3330 2.1965 34.9332
v 187.4996 2.1965 35.1831
v 187.5000 2.1930 35.1771
v 183.3333 2.1930 34.9272
v 183.3333 2.1930 34.9272
v 187.5000 2.1930 35.1771
v 187.5004 2.1965 35.1710
v 183.3337 2.1965 34.9211
v 183.3337 2.1965 34.9211
v 187.5004 2.1965 35.1710
v 187.5004 2.2035 35.1710
v 183.3337 2.2035 34.9211
v 183.3337 2.2035 34.9211
v 187.5004 2.2035 35.1710
v 187.5000 2.2070 35.1771
v 183.3333 2.2070 34.9272
v 187.5000 2.2070 35.1771
v 191.6667 2.2070 35.4392
v 191.6663 2.2035 35.4452
v 187.4996 2.2035 35.1831
v 187.4996 2.2035 35.1831
v 191.6663 2.2035 35.4452
v 191.6663 2.1965 35.4452
v 187.4996 2.1965 35.1831
v 187.4996 2.1965 35.1831
v 191.6663 2.1965 35.4452
v 191.6667 2.1930 35.4392
v 187.5000 2.1930 35.1771
v 187.5000 2.1930 35.1771
v 191.6667 2.1930 35.4392
v 191.6671 2.1965 35.4331
v 187.5004 2.1965 35.1710
v 187.5004 2.1965 35.1710
v 191.6671 2.1965 35.4331
v 191.6671 2.2035 35.4331
v 187.5004 2.2035 35.1710
v 187.5004 2.2035 35.1710
v 191.6671 2.2035 35.4331
v 191.6667 2.2070 35.4392
v 187.5000 2.2070 35.1771
v 191.6667 2.2070 35.4392
v 195.8333 2.2070 35.7135
v 195.8329 2.2035 35.7195
v 191.6663 2.2035 35.4452
v 191.6663 2.2035 35.4452
v 195.8329 2.2035 35.7195
v 195.8329 2.1965 35.7195
v 191.6663 2.1965 35.4452
v 191.6663 2.1965 35.4452
v 195.8329 2.1965 35.7195
v 195.8333 2.1930 35.7135
v 191.6667 2.1930 35.4392
v 191.6667 2.1930 35.4392
v 195.8333 2.1930 35.7135
v 195.8337 2.1965 35.7074
v 191.6671 2.1965 35.4331
v 191.6671 2.1965 35.4331
v 195.8337 2.1965 35.7074
v 195.8337 2.2035 35.7074
v 191.6671 2.2035 35.4331
v 191.6671 2.2035 35.4331
v 195.8337 2.2035 35.7074
v 195.8333 2.2070 35.7135
v 191.6667 2.2070 35.4392
v 195.8333 2.2070 35.7135
v 200.0000 2.2070 36.0000
v 199.9996 2.2035 36.0060
v 195.8329 2.2035 35.7195
v 195.8329 2.2035 35.7195
v 199.9996 2.2035 36.0060
v 199.9996 2.1965 36.0060
v 195.8329 2.1965 35.7195
v 195.8329 2.1965 35.7195
v 199.9996 2.1965 36.0060
v 200.0000 2.1930 36.0000
v 195.8333 2.1930 35.7135
v 195.8333 2.1930 35.7135
v 200.0000 2.1930 36.0000
v 200.0004 2.1965 35.9940
v 195.8337 2.1965 35.7074
v 195.8337 2.1965 35.7074
v 200.0004 2.1965 35.9940
v 200.0004 2.2035 35.9940
v 195.8337 2.2035 35.7074
v 195.8337 2.2035 35.7074
v 200.0004 2.2035 35.9940
v 200.0000 2.2070 36.0000
v 195.8333 2.2070 35.7135
v 0.0000 2.2000 36.0000
v 0.0000 2.2070 36.0000
v 0.0004 2.2035 36.0060
v 0.0004 2.2035 36.0060
v 0.0004 2.1965 36.0060
v 0.0004 2.1965 36.0060
v 0.0000 2.1930 36.0000
v 0.0000 2.1930 36.0000
v -0.0004 2.1965 35.9940
v -0.0004 2.1965 35.9940
v -0.0004 2.2035 35.9940
v -0.0004 2.2035 35.9940
v 0.0000 2.2070 36.0000
v 200.0000 2.2000 36.0000
v 200.0000 2.2070 36.0000
v 199.9996 2.2035 36.0060
v 199.9996 2.2035 36.0060
v 199.9996 2.1965 36.0060
v 199.9996 2.1965 36.0060
v 200.0000 2.1930 36.0000
v 200.0000 2.1930 36.0000
v 200.0004 2.1965 35.9940
v 200.0004 2.1965 35.9940
v 200.0004 2.2035 35.9940
v 200.0004 2.2035 35.9940
v 200.0000 2.2070 36.0000
vn 0.0000 1.0000 0.0000
vn 0.0000 1.0000 0.0000
vn 0.0582 0.5000 0.8641
vn 0.0594 0.5000 0.8640
vn 0.0594 0.5000 0.8640
vn 0.0582 0.5000 0.8641
vn 0.0582 -0.5000 0.8641
vn 0.0594 -0.5000 0.8640
vn 0.0594 -0.5000 0.8640
vn 0.0582 -0.5000 0.8641
vn 0.0000 -1.0000 0.0000
vn 0.0000 -1.0000 0.0000
vn 0.0000 -1.0000 0.0000
vn 0.0000 -1.0000 0.0000
vn -0.0582 -0.5000 -0.8641
vn -0.0594 -0.5000 -0.8640
vn -0.0594 -0.5000 -0.8640
vn -0.0582 -0.5000 -0.8641
vn -0.0582 0.5000 -0.8641
vn -0.0594 0.5000 -0.8640
vn -0.0594 0.5000 -0.8640
vn -0.0582 0.5000 -0.8641
vn 0.0000 1.0000 0.0000
vn 0.0000 1.0000 0.0000
vn 0.0000 1.0000 0.0000
vn 0.0000 1.0000 0.0000
vn 0.0556 0.5000 0.8642
vn 0.0582 0.5000 0.8641
vn 0.0582 0.5000 0.8641
vn 0.0556 0.5000 0.8642
vn 0.0556 -0.5000 0.8642
vn 0.0582 -0.5000 0.8641
vn 0.0582 -0.5000 0.8641
vn 0.0556 -0.5000 0.8642
vn 0.0000 -1.0000 0.0000
vn 0.0000 -1.0000 0.0000
vn 0.0000 -1.0000 0.0000
vn 0.0000 -1.0000 0.0000
vn -0.0556 -0.5000 -0.8642
vn -0.0582 -0.5000 -0.8641
vn -0.0582 -0.5000 -0.8641
vn -0.0556 -0.5000 -0.8642
vn -0.0556 0.5000 -0.8642
vn -0.0582 0.5000 -0.8641
vn -0.0582 0.5000 -0.8641
vn -0.0556 0.5000 -0.8642
vn 0.0000 1.0000 0.0000
vn 0.0000 1.0000 0.0000
vn 0.0000 1.0000 0.0000
vn 0.0000 1.0000 0.0000
vn 0.0531 0.5000 0.8644
vn 0.0556 0.5000 0.8642
vn 0.0556 0.5000 0.8642
vn 0.0531 0.5000 0.8644
vn 0.0531 -0.5000 0.8644
vn 0.0556 -0.5000 0.8642
vn 0.0556 -0.5000 0.8642
vn 0.0531 -0.5000 0.8644
vn 0.0000 -1.0000 0.0000
vn 0.0000 -1.0000 0.0000
vn 0.0000 -1.0000 0.0000
vn 0.0000 -1.0000 0.0000
vn -0.0531 -0.5000 -0.8644
vn -0.0556 -0.5000 -0.8642
vn -0.0556 -0.5000 -0.8642
vn -0.0531 -0.5000 -0.8644
vn -0.0531 0.5000 -0.8644
vn -0.0556 0.5000 -0.8642
vn -0.0556 0.5000 -0.8642
vn -0.0531 0.5000 -0.8644
vn 0.0000 1.0000 0.0000
vn 0.0000 1.0000 0.0000
vn 0.0000 1.0000 0.0000
vn 0.0000 1.0000 0.0000
vn 0.0506 0.5000 0.8645
vn 0.0531 0.5000 0.8644
vn 0.0531 0.5000 0.8644
vn 0.0506 0.5000 0.8645
vn 0.0506 -0.5000 0.8645
vn 0.0531 -0.5000 0.8644
vn 0.0531 -0.5000 0.8644
vn 0.0506 -0.5000 0.8645
vn 0.0000 -1.0000 0.0000
vn 0.0000 -1.0000 0.0000
vn 0.0000 -1.0000 0.0000
vn 0.0000 -1.0000 0.0000
vn -0.0506 -0.5000 -0.8645
vn -0.0531 -0.5000 -0.8644
vn -0.0531 -0.5000 -0.8644
vn -0.0506 -0.5000 -0.8645
vn -0.0506 0.5000 -0.8645
vn -0.0531 0.5000 -0.8644
vn -0.0531 0.5000 -0.8644
vn -0.0506 0.5000 -0.8645
vn 0.0000 1.0000 0.0000
vn 0.0000 1.0000 0.0000
vn 0.0000 1.0000 0.0000
vn 0.0000 1.0000 0.0000
vn 0.0481 0.5000 0.8647
vn 0.0506 0.5000 0.8645
vn 0.0506 0.5000 0.8645
vn 0.0481 0.5000 0.8647
vn 0.0481 -0.5000 0.8647
vn 0.0506 -0.5000 0.8645
vn 0.0506 -0.5000 0.8645
vn 0.0481 -0.5000 0.8647
vn 0.0000 -1.0000 0.0000
vn 0.0000 -1.0000 0.0000
vn 0.0000 -1.0000 0.0000
vn 0.0000 -1.0000 0.0000
vn -0.0481 -0.5000 -0.8647
vn -0.0506 -0.5000 -0.8645
vn -0.0506 -0.5000 -0.8645
vn -0.0481 -0.5000 -0.8647
vn -0.0481 0.5000 -0.8647
vn -0.0506 0.5000 -0.8645
vn -0.0506 0.5000 -0.8645
vn -0.0481 0.5000 -0.8647
vn 0.0000 1.0000 0.0000
vn 0.0000 1.0000 0.0000
vn 0.0000 1.0000 0.0000
vn 0.0000 1.0000 0.0000
vn 0.0455 0.5000 0.8648
vn 0.0481 0.5000 0.8647
vn 0.0481 0.5000 0.8647
vn 0.0455 0.5000 0.8648
vn 0.0455 -0.5000 0.8648
vn 0.0481 -0.5000 0.8647
vn 0.0481 -0.5000 0.8647
vn 0.0455 -0.5000 0.8648
vn 0.0000 -1.0000 0.0000
vn 0.0000 -1.0000 0.0000
vn 0.0000 -1.0000 0.0000
vn 0.0000 -1.0000 0.0000
vn -0.0455 -0.5000 -0.8648
vn -0.0481 -0.5000 -0.8647
vn -0.0481 -0.5000 -0.8647
vn -0.0455 -0.5000 -0.8648
vn -0.0455 0.5000 -0.8648
vn -0.0481 0.5000 -0.8647
vn -0.0481 0.5000 -0.8647
vn -0.0455 0.5000 -0.8648
vn 0.0000 1.0000 0.0000
vn 0.0000 1.0000 0.0000
vn 0.0000 1.0000 0.0000
vn 0.0000 1.0000 0.0000
vn 0.0430 0.5000 0.8650
vn 0.0455 0.5000 0.8648
vn 0.0455 0.5000 0.8648
vn 0.0430 0.5000 0.8650
vn 0.0430 -0.5000 0.8650
vn 0.0455 -0.5000 0.8648
vn 0.0455 -0.5000 0.8648
vn 0.0430 -0.5000 0.8650
vn 0.0000 -1.0000 0.0000
vn 0.0000 -1.0000 0.0000
vn 0.0000 -1.0000 0.0000
vn 0.0000 -1.0000 0.0000
vn -0.0430 -0.5000 -0.8650
vn -0.0455 -0.5000 -0.8648
vn -0.0455 -0.5000 -0.8648
vn -0.0430 -0.5000 -0.8650
vn -0.0430 0.5000 -0.8650
vn -0.0455 0.5000 -0.8648
vn -0.0455 0.5000 -0.8648
vn -0.0430 0.5000 -0.8650
vn 0.0000 1.0000 0.0000
vn 0.0000 1.0000 0.0000
vn 0.0000 1.0000 0.0000
vn 0.0000 1.0000 0.0000
vn 0.0405 0.5000 0.8651
vn 0.0430 0.5000 0.8650
vn 0.0430 0.5000 0.8650
vn 0.0405 0.5000 0.8651
vn 0.0405 -0.5000 0.8651
vn 0.0430 -0.5000 0.8650
vn 0.0430 -0.5000 0.8650
vn 0.0405 -0.5000 0.8651
vn 0.0000 -1.0000 0.0000
vn 0.0000 -1.0000 0.0000
vn 0.0000 -1.0000 0.0000
vn 0.0000 -1.0000 0.0000
vn -0.0405 -0.5000 -0.8651
vn -0.0430 -0.5000 -0.8650
vn -0.0430 -0.5000 -0.8650
vn -0.0405 -0.5000 -0.8651
vn -0.0405 0.5000 -0.8651
vn -0.0430 0.5000 -0.8650
vn -0.0430 0.5000 -0.8650
vn -0.0405 0.5000 -0.8651
vn 0.0000 1.0000 0.0000
vn 0.0000 1.0000 0.0000
vn 0.0000 1.0000 0.0000
vn 0.0000 1.0000 0.0000
vn 0.0380 0.5000 0.8652
vn 0.0405 0.5000 0.8651
vn 0.0405 0.5000 0.8651
vn 0.0380 0.5000 0.8652
vn 0.0380 -0.5000 0.8652
vn 0.0405 -0.5000 0.8651
vn 0.0405 -0.5000 0.8651
vn 0.0380 -0.5000 0.8652
vn 0.0000 -1.0000 0.0000
vn 0.0000 -1.0000 0.0000
vn 0.0000 -1.0000 0.0000
vn 0.0000 -1.0000 0.0000
vn -0.0380 -0.5000 -0.8652
vn -0.0405 -0.5000 -0.8651
vn -0.0405 -0.5000 -0.8651
vn -0.0380 -0.5000 -0.8652
vn -0.0380 0.5000 -0.8652
vn -0.0405 0.5000 -0.8651
vn -0.0405 0.5000 -0.8651
vn -0.0380 0.5000 -0.8652
vn 0.0000 1.0000 0.0000
vn 0.0000 1.0000 0.0000
vn 0.0000 1.0000 0.0000
vn 0.0000 1.0000 0.0000
vn 0.0354 0.5000 0.8653
vn 0.0380 0.5000 0.8652
vn 0.0380 0.5000 0.8652
vn 0.0354 0.5000 0.8653
vn 0.0354 -0.5000 0.8653
vn 0.0380 -0.5000 0.8652
vn 0.0380 -0.5000 0.8652
vn 0.0354 -0.5000 0.8653
vn 0.0000 -1.0000 0.0000
vn 0.0000 -1.0000 0.0000
vn 0.0000 -1.0000 0.0000
vn 0.0000 -1.0000 0.0000
vn -0.0354 -0.5000 -0.8653
vn -0.0380 -0.5000 -0.8652
vn -0.0380 -0.5000 -0.8652
vn -0.0354 -0.5000 -0.8653
vn -0.0354 0.5000 -0.8653
vn -0.0380 0.5000 -0.8652
vn -0.0380 0.5000 -0.8652
vn -0.0354 0.5000 -0.8653
vn 0.0000 1.0000 0.0000
vn 0.0000 1.0000 0.0000
vn 0.0000 1.0000 0.0000
vn 0.0000 1.0000 0.0000
vn 0.0329 0.5000 0.8654
vn 0.0354 0.5000 0.8653
vn 0.0354 0.5000 0.8653
vn 0.0329 0.5000 0.8654
vn 0.0329 -0.5000 0.8654
vn 0.0354 -0.5000 0.8653
vn 0.0354 -0.5000 0.8653
vn 0.0329 -0.5000 0.8654
vn 0.0000 -1.0000 0.0000
vn 0.0000 -1.0000 0.0000
vn 0.0000 -1.0000 0.0000
vn 0.0000 -1.0000 0.0000
vn -0.0329 -0.5000 -0.8654
vn -0.0354 -0.5000 -0.8653
vn -0.0354 -0.5000 -0.8653
vn -0.0329 -0.5000 -0.8654
vn -0.0329 0.5000 -0.8654
vn -0.0354 0.5000 -0.8653
vn -0.0354 0.5000 -0.8653
vn -0.0329 0.5000 -0.8654
vn 0.0000 1.0000 0.0000
vn 0.0000 1.0000 0.0000
vn 0.0000 1.0000 0.0000
vn 0.0000 1.0000 0.0000
vn 0.0304 0.5000 0.8655
vn 0.0329 0.5000 0.8654
vn 0.0329 0.5000 0.8654
vn 0.0304 0.5000 0.8655
vn 0.0304 -0.5000 0.8655
vn 0.0329 -0.5000 0.8654
vn 0.0329 -0.5000 0.8654
vn 0.0304 -0.5000 0.8655
vn 0.0000 -1.0000 0.0000
vn 0.0000 -1.0000 0.0000
vn 0.0000 -1.0000 0.0000
vn 0.0000 -1.0000 0.0000
vn -0.0304 -0.5000 -0.8655
vn -0.0329 -0.5000 -0.8654
vn -0.0329 -0.5000 -0.8654
vn -0.0304 -0.5000 -0.8655
vn -0.0304 0.5000 -0.8655
vn -0.0329 0.5000 -0.8654
vn -0.0329 0.5000 -0.8654
vn -0.0304 0.5000 -0.8655
vn 0.0000 1.0000 0.0000
vn 0.0000 1.0000 0.0000
vn 0.0000 1.0000 0.0000
vn 0.0000 1.0000 0.0000
vn 0.0278 0.5000 0.8656
vn 0.0304 0.5000 0.8655
vn 0.0304 0.5000 0.8655
vn 0.0278 0.5000 0.8656
vn 0.0278 -0.5000 0.8656
vn 0.0304 -0.5000 0.8655
vn 0.0304 -0.5000 0.8655
vn 0.0278 -0.5000 0.8656
vn 0.0000 -1.0000 0.0000
vn 0.0000 -1.0000 0.0000
vn 0.0000 -1.0000 0.0000
vn 0.0000 -1.0000 0.0000
vn -0.0278 -0.5000 -0.8656
vn -0.0304 -0.5000 -0.8655
vn -0.0304 -0.5000 -0.8655
vn -0.0278 -0.5000 -0.8656
vn -0.0278 0.5000 -0.8656
vn -0.0304 0.5000 -0.8655
vn -0.0304 0.5000 -0.8655
vn -0.0278 0.5000 -0.8656
vn 0.0000 1.0000 0.0000
vn 0.0000 1.0000 0.0000
vn 0.0000 1.0000 0.0000
vn 0.0000 1.0000 0.0000
vn 0.0253 0.5000 0.8657
vn 0.0278 0.5000 0.8656
vn 0.0278 0.5000 0.8656
vn 0.0253 0.5000 0.8657
vn 0.0253 -0.5000 0.8657
vn 0.0278 -0.5000 0.8656
vn 0.0278 -0.5000 0.8656
vn 0.0253 -0.5000 0.8657
vn 0.0000 -1.0000 0.0000
vn 0.0000 -1.0000 0.0000
vn 0.0000 -1.0000 0.0000
vn 0.0000 -1.0000 0.0000
vn -0.0253 -0.5000 -0.8657
vn -0.0278 -0.5000 -0.8656
vn -0.0278 -0.5000 -0.8656
vn -0.0253 -0.5000 -0.8657
vn -0.0253 0.5000 -0.8657
vn -0.0278 0.5000 -0.8656
vn -0.0278 0.5000 -0.8656
vn -0.0253 0.5000 -0.8657
vn 0.0000 1.0000 0.0000
vn 0.0000 1.0000 0.0000
vn 0.0000 1.0000 0.0000
vn 0.0000 1.0000 0.0000
vn 0.0228 0.5000 0.8657
vn 0.0253 0.5000 0.8657
vn 0.0253 0.5000 0.8657
vn 0.0228 0.5000 0.8657
vn 0.0228 -0.5000 0.8657
vn 0.0253 -0.5000 0.8657
vn 0.0253 -0.5000 0.8657
vn 0.0228 -0.5000 0.8657
vn 0.0000 -1.0000 0.0000
vn 0.0000 -1.0000 0.0000
vn 0.0000 -1.0000 0.0000
vn 0.0000 -1.0000 0.0000
vn -0.0228 -0.5000 -0.8657
vn -0.0253 -0.5000 -0.8657
vn -0.0253 -0.5000 -0.8657
vn -0.0228 -0.5000 -0.8657
vn -0.0228 0.5000 -0.8657
vn -0.0253 0.5000 -0.8657
vn -0.0253 0.5000 -0.8657
vn -0.0228 0.5000 -0.8657
vn 0.0000 1.0000 0.0000
vn 0.0000 1.0000 0.0000
vn 0.0000 1.0000 0.0000
vn 0.0000 1.0000 0.0000
vn 0.0203 0.5000 0.8658
vn 0.0228 0.5000 0.8657
vn 0.0228 0.5000 0.8657
vn 0.0203 0.5000 0.8658
vn 0.0203 -0.5000 0.8658
vn 0.0228 -0.5000 0.8657
vn 0.0228 -0.5000 0.8657
vn 0.0203 -0.5000 0.8658
vn 0.0000 -1.0000 0.0000
vn 0.0000 -1.0000 0.0000
vn 0.0000 -1.0000 0.0000
vn 0.0000 -1.0000 0.0000
vn -0.0203 -0.5000 -0.8658
vn -0.0228 -0.5000 -0.8657
vn -0.0228 -0.5000 -0.8657
vn -0.0203 -0.5000 -0.8658
vn -0.0203 0.5000 -0.8658
vn -0.0228 0.5000 -0.8657
vn -0.0228 0.5000 -0.8657
vn -0.0203 0.5000 -0.8658
vn 0.0000 1.0000 0.0000
vn 0.0000 1.0000 0.0000
vn 0.0000 1.0000 0.0000
vn 0.0000 1.0000 0.0000
vn 0.0177 0.5000 0.8658
vn 0.0203 0.5000 0.8658
vn 0.0203 0.5000 0.8658
vn 0.0177 0.5000 0.8658
vn 0.0177 -0.5000 0.8658
vn 0.0203 -0.5000 0.8658
vn 0.0203 -0.5000 0.8658
vn 0.0177 -0.5000 0.8658
vn 0.0000 -1.0000 0.0000
vn 0.0000 -1.0000 0.0000
vn 0.0000 -1.0000 0.0000
vn 0.0000 -1.0000 0.0000
vn -0.0177 -0.5000 -0.8658
vn -0.0203 -0.5000 -0.8658
vn -0.0203 -0.5000 -0.8658
vn -0.0177 -0.5000 -0.8658
vn -0.0177 0.5000 -0.8658
vn -0.0203 0.5000 -0.8658
vn -0.0203 0.5000 -0.8658
vn -0.0177 0.5000 -0.8658
vn 0.0000 1.0000 0.0000
vn 0.0000 1.0000 0.0000
vn 0.0000 1.0000 0.0000
vn 0.0000 1.0000 0.0000
vn 0.0152 0.5000 0.8659
vn 0.0177 0.5000 0.8658
vn 0.0177 0.5000 0.8658
vn 0.0152 0.5000 0.8659
vn 0.0152 -0.5000 0.8659
vn 0.0177 -0.5000 0.8658
vn 0.0177 -0.5000 0.8658
vn 0.0152 -0.5000 0.8659
vn 0.0000 -1.0000 0.0000
vn 0.0000 -1.0000 0.0000
vn 0.0000 -1.0000 0.0000
vn 0.0000 -1.0000 0.0000
vn -0.0152 -0.5000 -0.8659
vn -0.0177 -0.5000 -0.8658
vn -0.0177 -0.5000 -0.8658
vn -0.0152 -0.5000 -0.8659
vn -0.0152 0.5000 -0.8659
vn -0.0177 0.5000 -0.8658
vn -0.0177 0.5000 -0.8658
vn -0.0152 0.5000 -0.8659
vn 0.0000 1.0000 0.0000
vn 0.0000 1.0000 0.0000
vn 0.0000 1.0000 0.0000
vn 0.0000 1.0000 0.0000
vn 0.0127 0.5000 0.8659
vn 0.0152 0.5000 0.8659
vn 0.0152 0.5000 0.8659
vn 0.0127 0.5000 0.8659
vn 0.0127 -0.5000 0.8659
vn 0.0152 -0.5000 0.8659
vn 0.0152 -0.5000 0.8659
vn 0.0127 -0.5000 0.8659
vn 0.0000 -1.0000 0.0000
vn 0.0000 -1.0000 0.0000
vn 0.0000 -1.0000 0.0000
vn 0.0000 -1.0000 0.0000
vn -0.0127 -0.5000 -0.8659
vn -0.0152 -0.5000 -0.8659
vn -0.0152 -0.5000 -0.8659
vn -0.0127 -0.5000 -0.8659
vn -0.0127 0.5000 -0.8659
vn -0.0152 0.5000 -0.8659
vn -0.0152 0.5000 -0.8659
vn -0.0127 0.5000 -0.8659
vn 0.0000 1.0000 0.0000
vn 0.0000 1.0000 0.0000
vn 0.0000 1.0000 0.0000
vn 0.0000 1.0000 0.0000
vn 0.0101 0.5000 0.8660
vn 0.0127 0.5000 0.8659
vn 0.0127 0.5000 0.8659
vn 0.0101 0.5000 0.8660
vn 0.0101 -0.5000 0.8660
vn 0.0127 -0.5000 0.8659
vn 0.0127 -0.5000 0.8659
vn 0.0101 -0.5000 0.8660
vn 0.0000 -1.0000 0.0000
vn 0.0000 -1.0000 0.0000
vn 0.0000 -1.0000 0.0000
vn 0.0000 -1.0000 0.0000
vn -0.0101 -0.5000 -0.8660
vn -0.0127 -0.5000 -0.8659
vn -0.0127 -0.5000 -0.8659
vn -0.0101 -0.5000 -0.8660
vn -0.0101 0.5000 -0.8660
vn -0.0127 0.5000 -0.8659
vn -0.0127 0.5000 -0.8659
vn -0.0101 0.5000 -0.8660
vn 0.0000 1.0000 0.0000
vn 0.0000 1.0000 0.0000
vn 0.0000 1.0000 0.0000
vn 0.0000 1.0000 0.0000
vn 0.0076 0.5000 0.8660
vn 0.0101 0.5000 0.8660
vn 0.0101 0.5000 0.8660
vn 0.0076 0.5000 0.8660
vn 0.0076 -0.5000 0.8660
vn 0.0101 -0.5000 0.8660
vn 0.0101 -0.5000 0.8660
vn 0.0076 -0.5000 0.8660
vn 0.0000 -1.0000 0.0000
vn 0.0000 -1.0000 0.0000
vn 0.0000 -1.0000 0.0000
vn 0.0000 -1.0000 0.0000
vn -0.0076 -0.5000 -0.8660
vn -0.0101 -0.5000 -0.8660
vn -0.0101 -0.5000 -0.8660
vn -0.0076 -0.5000 -0.8660
vn -0.0076 0.5000 -0.8660
vn -0.0101 0.5000 -0.8660
vn -0.0101 0.5000 -0.8660
vn -0.0076 0.5000 -0.8660
vn 0.0000 1.0000 0.0000
vn 0.0000 1.0000 0.0000
vn 0.0000 1.0000 0.0000
vn 0.0000 1.0000 0.0000
vn 0.0051 0.5000 0.8660
vn 0.0076 0.5000 0.8660
vn 0.0076 0.5000 0.8660
vn 0.0051 0.5000 0.8660
vn 0.0051 -0.5000 0.8660
vn 0.0076 -0.5000 0.8660
vn 0.0076 -0.5000 0.8660
vn 0.0051 -0.5000 0.8660
vn 0.0000 -1.0000 0.0000
vn 0.0000 -1.0000 0.0000
vn 0.0000 -1.0000 0.0000
vn 0.0000 -1.0000 0.0000
vn -0.0051 -0.5000 -0.8660
vn -0.0076 -0.5000 -0.8660
vn -0.0076 -0.5000 -0.8660
vn -0.0051 -0.5000 -0.8660
vn -0.0051 0.5000 -0.8660
vn -0.0076 0.5000 -0.8660
vn -0.0076 0.5000 -0.8660
vn -0.0051 0.5000 -0.8660
vn 0.0000 1.0000 0.0000
vn 0.0000 1.0000 0.0000
vn 0.0000 1.0000 0.0000
vn 0.0000 1.0000 0.0000
vn 0.0025 0.5000 0.8660
vn 0.0051 0.5000 0.8660
vn 0.0051 0.5000 0.8660
vn 0.0025 0.5000 0.8660
vn 0.0025 -0.5000 0.8660
vn 0.0051 -0.5000 0.8660
vn 0.0051 -0.5000 0.8660
vn 0.0025 -0.5000 0.8660
vn 0.0000 -1.0000 0.0000
vn 0.0000 -1.0000 0.0000
vn 0.0000 -1.0000 0.0000
vn 0.0000 -1.0000 0.0000
vn -0.0025 -0.5000 -0.8660
vn -0.0051 -0.5000 -0.8660
vn -0.0051 -0.5000 -0.8660
vn -0.0025 -0.5000 -0.8660
vn -0.0025 0.5000 -0.8660
vn -0.0051 0.5000 -0.8660
vn -0.0051 0.5000 -0.8660
vn -0.0025 0.5000 -0.8660
vn 0.0000 1.0000 0.0000
vn 0.0000 1.0000 0.0000
vn 0.0000 1.0000 0.0000
vn 0.0000 1.0000 0.0000
vn 0.0000 0.5000 0.8660
vn 0.0025 0.5000 0.8660
vn 0.0025 0.5000 0.8660
vn 0.0000 0.5000 0.8660
vn 0.0000 -0.5000 0.8660
vn 0.0025 -0.5000 0.8660
vn 0.0025 -0.5000 0.8660
vn 0.0000 -0.5000 0.8660
vn 0.0000 -1.0000 0.0000
vn 0.0000 -1.0000 0.0000
vn 0.0000 -1.0000 0.0000
vn 0.0000 -1.0000 0.0000
vn 0.0000 -0.5000 -0.8660
vn -0.0025 -0.5000 -0.8660
vn -0.0025 -0.5000 -0.8660
vn 0.0000 -0.5000 -0.8660
vn -0.0000 0.5000 -0.8660
vn -0.0025 0.5000 -0.8660
vn -0.0025 0.5000 -0.8660
vn -0.0000 0.5000 -0.8660
vn 0.0000 1.0000 0.0000
vn 0.0000 1.0000 0.0000
vn 0.0000 1.0000 0.0000
vn -0.0000 1.0000 0.0000
vn -0.0025 0.5000 0.8660
vn 0.0000 0.5000 0.8660
vn 0.0000 0.5000 0.8660
vn -0.0025 0.5000 0.8660
vn -0.0025 -0.5000 0.8660
vn 0.0000 -0.5000 0.8660
vn 0.0000 -0.5000 0.8660
vn -0.0025 -0.5000 0.8660
vn -0.0000 -1.0000 0.0000
vn 0.0000 -1.0000 0.0000
vn 0.0000 -1.0000 0.0000
vn -0.0000 -1.0000 0.0000
vn 0.0025 -0.5000 -0.8660
vn 0.0000 -0.5000 -0.8660
vn 0.0000 -0.5000 -0.8660
vn 0.0025 -0.5000 -0.8660
vn 0.0025 0.5000 -0.8660
vn -0.0000 0.5000 -0.8660
vn -0.0000 0.5000 -0.8660
vn 0.0025 0.5000 -0.8660
vn -0.0000 1.0000 0.0000
vn 0.0000 1.0000 0.0000
vn -0.0000 1.0000 0.0000
vn -0.0000 1.0000 0.0000
vn -0.0051 0.5000 0.8660
vn -0.0025 0.5000 0.8660
vn -0.0025 0.5000 0.8660
vn -0.0051 0.5000 0.8660
vn -0.0051 -0.5000 0.8660
vn -0.0025 -0.5000 0.8660
vn -0.0025 -0.5000 0.8660
vn -0.0051 -0.5000 0.8660
vn -0.0000 -1.0000 0.0000
vn -0.0000 -1.0000 0.0000
vn -0.0000 -1.0000 0.0000
vn -0.0000 -1.0000 0.0000
vn 0.0051 -0.5000 -0.8660
vn 0.0025 -0.5000 -0.8660
vn 0.0025 -0.5000 -0.8660
vn 0.0051 -0.5000 -0.8660
vn 0.0051 0.5000 -0.8660
vn 0.0025 0.5000 -0.8660
vn 0.0025 0.5000 -0.8660
vn 0.0051 0.5000 -0.8660
vn -0.0000 1.0000 0.0000
vn -0.0000 1.0000 0.0000
vn -0.0000 1.0000 0.0000
vn -0.0000 1.0000 0.0000
vn -0.0076 0.5000 0.8660
vn -0.0051 0.5000 0.8660
vn -0.0051 0.5000 0.8660
vn -0.0076 0.5000 0.8660
vn -0.0076 -0.5000 0.8660
vn -0.0051 -0.5000 0.8660
vn -0.0051 -0.5000 0.8660
vn -0.0076 -0.5000 0.8660
vn -0.0000 -1.0000 0.0000
vn -0.0000 -1.0000 0.0000
vn -0.0000 -1.0000 0.0000
vn -0.0000 -1.0000 0.0000
vn 0.0076 -0.5000 -0.8660
vn 0.0051 -0.5000 -0.8660
vn 0.0051 -0.5000 -0.8660
vn 0.0076 -0.5000 -0.8660
vn 0.0076 0.5000 -0.8660
vn 0.0051 0.5000 -0.8660
vn 0.0051 0.5000 -0.8660
vn 0.0076 0.5000 -0.8660
vn -0.0000 1.0000 0.0000
vn -0.0000 1.0000 0.0000
vn -0.0000 1.0000 0.0000
vn -0.0000 1.0000 0.0000
vn -0.0101 0.5000 0.8660
vn -0.0076 0.5000 0.8660
vn -0.0076 0.5000 0.8660
vn -0.0101 0.5000 0.8660
vn -0.0101 -0.5000 0.8660
vn -0.0076 -0.5000 0.8660
vn -0.0076 -0.5000 0.8660
vn -0.0101 -0.5000 0.8660
vn -0.0000 -1.0000 0.0000
vn -0.0000 -1.0000 0.0000
vn -0.0000 -1.0000 0.0000
vn -0.0000 -1.0000 0.0000
vn 0.0101 -0.5000 -0.8660
vn 0.0076 -0.5000 -0.8660
vn 0.0076 -0.5000 -0.8660
vn 0.0101 -0.5000 -0.8660
vn 0.0101 0.5000 -0.8660
vn 0.0076 0.5000 -0.8660
vn 0.0076 0.5000 -0.8660
vn 0.0101 0.5000 -0.8660
vn -0.0000 1.0000 0.0000
vn -0.0000 1.0000 0.0000
vn -0.0000 1.0000 0.0000
vn -0.0000 1.0000 0.0000
vn -0.0127 0.5000 0.8659
vn -0.0101 0.5000 0.8660
vn -0.0101 0.5000 0.8660
vn -0.0127 0.5000 0.8659
vn -0.0127 -0.5000 0.8659
vn -0.0101 -0.5000 0.8660
vn -0.0101 -0.5000 0.8660
vn -0.0127 -0.5000 0.8659
vn -0.0000 -1.0000 0.0000
vn -0.0000 -1.0000 0.0000
vn -0.0000 -1.0000 0.0000
vn -0.0000 -1.0000 0.0000
vn 0.0127 -0.5000 -0.8659
vn 0.0101 -0.5000 -0.8660
vn 0.0101 -0.5000 -0.8660
vn 0.0127 -0.5000 -0.8659
vn 0.0127 0.5000 -0.8659
vn 0.0101 0.5000 -0.8660
vn 0.0101 0.5000 -0.8660
vn 0.0127 0.5000 -0.8659
vn -0.0000 1.0000 0.0000
vn -0.0000 1.0000 0.0000
vn -0.0000 1.0000 0.0000
vn -0.0000 1.0000 0.0000
vn -0.0152 0.5000 0.8659
vn -0.0127 0.5000 0.8659
vn -0.0127 0.5000 0.8659
vn -0.0152 0.5000 0.8659
vn -0.0152 -0.5000 0.8659
vn -0.0127 -0.5000 0.8659
vn -0.0127 -0.5000 0.8659
vn -0.0152 -0.5000 0.8659
vn -0.0000 -1.0000 0.0000
vn -0.0000 -1.0000 0.0000
vn -0.0000 -1.0000 0.0000
vn -0.0000 -1.0000 0.0000
vn 0.0152 -0.5000 -0.8659
vn 0.0127 -0.5000 -0.8659
vn 0.0127 -0.5000 -0.8659
vn 0.0152 -0.5000 -0.8659
vn 0.0152 0.5000 -0.8659
vn 0.0127 0.5000 -0.8659
vn 0.0127 0.5000 -0.8659
vn 0.0152 0.5000 -0.8659
vn -0.0000 1.0000 0.0000
vn -0.0000 1.0000 0.0000
vn -0.0000 1.0000 0.0000
vn -0.0000 1.0000 0.0000
vn -0.0177 0.5000 0.8658
vn -0.0152 0.5000 0.8659
vn -0.0152 0.5000 0.8659
vn -0.0177 0.5000 0.8658
vn -0.0177 -0.5000 0.8658
vn -0.0152 -0.5000 0.8659
vn -0.0152 -0.5000 0.8659
vn -0.0177 -0.5000 0.8658
vn -0.0000 -1.0000 0.0000
vn -0.0000 -1.0000 0.0000
vn -0.0000 -1.0000 0.0000
vn -0.0000 -1.0000 0.0000
vn 0.0177 -0.5000 -0.8658
vn 0.0152 -0.5000 -0.8659
vn 0.0152 -0.5000 -0.8659
vn 0.0177 -0.5000 -0.8658
vn 0.0177 0.5000 -0.8658
vn 0.0152 0.5000 -0.8659
vn 0.0152 0.5000 -0.8659
vn 0.0177 0.5000 -0.8658
vn -0.0000 1.0000 0.0000
vn -0.0000 1.0000 0.0000
vn -0.0000 1.0000 0.0000
vn -0.0000 1.0000 0.0000
vn -0.0203 0.5000 0.8658
vn -0.0177 0.5000 0.8658
vn -0.0177 0.5000 0.8658
vn -0.0203 0.5000 0.8658
vn -0.0203 -0.5000 0.8658
vn -0.0177 -0.5000 0.8658
vn -0.0177 -0.5000 0.8658
vn -0.0203 -0.5000 0.8658
vn -0.0000 -1.0000 0.0000
vn -0.0000 -1.0000 0.0000
vn -0.0000 -1.0000 0.0000
vn -0.0000 -1.0000 0.0000
vn 0.0203 -0.5000 -0.8658
vn 0.0177 -0.5000 -0.8658
vn 0.0177 -0.5000 -0.8658
vn 0.0203 -0.5000 -0.8658
vn 0.0203 0.5000 -0.8658
vn 0.0177 0.5000 -0.8658
vn 0.0177 0.5000 -0.8658
vn 0.0203 0.5000 -0.8658
vn -0.0000 1.0000 0.0000
vn -0.0000 1.0000 0.0000
vn -0.0000 1.0000 0.0000
vn -0.0000 1.0000 0.0000
vn -0.0228 0.5000 0.8657
vn -0.0203 0.5000 0.8658
vn -0.0203 0.5000 0.8658
vn -0.0228 0.5000 0.8657
vn -0.0228 -0.5000 0.8657
vn -0.0203 -0.5000 0.8658
vn -0.0203 -0.5000 0.8658
vn -0.0228 -0.5000 0.8657
vn -0.0000 -1.0000 0.0000
vn -0.0000 -1.0000 0.0000
vn -0.0000 -1.0000 0.0000
vn -0.0000 -1.0000 0.0000
vn 0.0228 -0.5000 -0.8657
vn 0.0203 -0.5000 -0.8658
vn 0.0203 -0.5000 -0.8658
vn 0.0228 -0.5000 -0.8657
vn 0.0228 0.5000 -0.8657
vn 0.0203 0.5000 -0.8658
vn 0.0203 0.5000 -0.8658
vn 0.0228 0.5000 -0.8657
vn -0.0000 1.0000 0.0000
vn -0.0000 1.0000 0.0000
vn -0.0000 1.0000 0.0000
vn -0.0000 1.0000 0.0000
vn -0.0253 0.5000 0.8657
vn -0.0228 0.5000 0.8657
vn -0.0228 0.5000 0.8657
vn -0.0253 0.5000 0.8657
vn -0.0253 -0.5000 0.8657
vn -0.0228 -0.5000 0.8657
vn -0.0228 -0.5000 0.8657
vn -0.0253 -0.5000 0.8657
vn -0.0000 -1.0000 0.0000
vn -0.0000 -1.0000 0.0000
vn -0.0000 -1.0000 0.0000
vn -0.0000 -1.0000 0.0000
vn 0.0253 -0.5000 -0.8657
vn 0.0228 -0.5000 -0.8657
vn 0.0228 -0.5000 -0.8657
vn 0.0253 -0.5000 -0.8657
vn 0.0253 0.5000 -0.8657
vn 0.0228 0.5000 -0.8657
vn 0.0228 0.5000 -0.8657
vn 0.0253 0.5000 -0.8657
vn -0.0000 1.0000 0.0000
vn -0.0000 1.0000 0.0000
vn -0.0000 1.0000 0.0000
vn -0.0000 1.0000 0.0000
vn -0.0278 0.5000 0.8656
vn -0.0253 0.5000 0.8657
vn -0.0253 0.5000 0.8657
vn -0.0278 0.5000 0.8656
vn -0.0278 -0.5000 0.8656
vn -0.0253 -0.5000 0.8657
vn -0.0253 -0.5000 0.8657
vn -0.0278 -0.5000 0.8656
vn -0.0000 -1.0000 0.0000
vn -0.0000 -1.0000 0.0000
vn -0.0000 -1.0000 0.0000
vn -0.0000 -1.0000 0.0000
vn 0.0278 -0.5000 -0.8656
vn 0.0253 -0.5000 -0.8657
vn 0.0253 -0.5000 -0.8657
vn 0.0278 -0.5000 -0.8656
vn 0.0278 0.5000 -0.8656
vn 0.0253 0.5000 -0.8657
vn 0.0253 0.5000 -0.8657
vn 0.0278 0.5000 -0.8656
vn -0.0000 1.0000 0.0000
vn -0.0000 1.0000 0.0000
vn -0.0000 1.0000 0.0000
vn -0.0000 1.0000 0.0000
vn -0.0304 0.5000 0.8655
vn -0.0278 0.5000 0.8656
vn -0.0278 0.5000 0.8656
vn -0.0304 0.5000 0.8655
vn -0.0304 -0.5000 0.8655
vn -0.0278 -0.5000 0.8656
vn -0.0278 -0.5000 0.8656
vn -0.0304 -0.5000 0.8655
vn -0.0000 -1.0000 0.0000
vn -0.0000 -1.0000 0.0000
vn -0.0000 -1.0000 0.0000
vn -0.0000 -1.0000 0.0000
vn 0.0304 -0.5000 -0.8655
vn 0.0278 -0.5000 -0.8656
vn 0.0278 -0.5000 -0.8656
vn 0.0304 -0.5000 -0.8655
vn 0.0304 0.5000 -0.8655
vn 0.0278 0.5000 -0.8656
vn 0.0278 0.5000 -0.8656
vn 0.0304 0.5000 -0.8655
vn -0.0000 1.0000 0.0000
vn -0.0000 1.0000 0.0000
vn -0.0000 1.0000 0.0000
vn -0.0000 1.0000 0.0000
vn -0.0329 0.5000 0.8654
vn -0.0304 0.5000 0.8655
vn -0.0304 0.5000 0.8655
vn -0.0329 0.5000 0.8654
vn -0.0329 -0.5000 0.8654
vn -0.0304 -0.5000 0.8655
vn -0.0304 -0.5000 0.8655
vn -0.0329 -0.5000 0.8654
vn -0.0000 -1.0000 0.0000
vn -0.0000 -1.0000 0.0000
vn -0.0000 -1.0000 0.0000
vn -0.0000 -1.0000 0.0000
vn 0.0329 -0.5000 -0.8654
vn 0.0304 -0.5000 -0.8655
vn 0.0304 -0.5000 -0.8655
vn 0.0329 -0.5000 -0.8654
vn 0.0329 0.5000 -0.8654
vn 0.0304 0.5000 -0.8655
vn 0.0304 0.5000 -0.8655
vn 0.0329 0.5000 -0.8654
vn -0.0000 1.0000 0.0000
vn -0.0000 1.0000 0.0000
vn -0.0000 1.0000 0.0000
vn -0.0000 1.0000 0.0000
vn -0.0354 0.5000 0.8653
vn -0.0329 0.5000 0.8654
vn -0.0329 0.5000 0.8654
vn -0.0354 0.5000 0.8653
vn -0.0354 -0.5000 0.8653
vn -0.0329 -0.5000 0.8654
vn -0.0329 -0.5000 0.8654
vn -0.0354 -0.5000 0.8653
vn -0.0000 -1.0000 0.0000
vn -0.0000 -1.0000 0.0000
vn -0.0000 -1.0000 0.0000
vn -0.0000 -1.0000 0.0000
vn 0.0354 -0.5000 -0.8653
vn 0.0329 -0.5000 -0.8654
vn 0.0329 -0.5000 -0.8654
vn 0.0354 -0.5000 -0.8653
vn 0.0354 0.5000 -0.8653
vn 0.0329 0.5000 -0.8654
vn 0.0329 0.5000 -0.8654
vn 0.0354 0.5000 -0.8653
vn -0.0000 1.0000 0.0000
vn -0.0000 1.0000 0.0000
vn -0.0000 1.0000 0.0000
vn -0.0000 1.0000 0.0000
vn -0.0380 0.5000 0.8652
vn -0.0354 0.5000 0.8653
vn -0.0354 0.5000 0.8653
vn -0.0380 0.5000 0.8652
vn -0.0380 -0.5000 0.8652
vn -0.0354 -0.5000 0.8653
vn -0.0354 -0.5000 0.8653
vn -0.0380 -0.5000 0.8652
vn -0.0000 -1.0000 0.0000
vn -0.0000 -1.0000 0.0000
vn -0.0000 -1.0000 0.0000
vn -0.0000 -1.0000 0.0000
vn 0.0380 -0.5000 -0.8652
vn 0.0354 -0.5000 -0.8653
vn 0.0354 -0.5000 -0.8653
vn 0.0380 -0.5000 -0.8652
vn 0.0380 0.5000 -0.8652
vn 0.0354 0.5000 -0.8653
vn 0.0354 0.5000 -0.8653
vn 0.0380 0.5000 -0.8652
vn -0.0000 1.0000 0.0000
vn -0.0000 1.0000 0.0000
vn -0.0000 1.0000 0.0000
vn -0.0000 1.0000 0.0000
vn -0.0405 0.5000 0.8651
vn -0.0380 0.5000 0.8652
vn -0.0380 0.5000 0.8652
vn -0.0405 0.5000 0.8651
vn -0.0405 -0.5000 0.8651
vn -0.0380 -0.5000 0.8652
vn -0.0380 -0.5000 0.8652
vn -0.0405 -0.5000 0.8651
vn -0.0000 -1.0000 0.0000
vn -0.0000 -1.0000 0.0000
vn -0.0000 -1.0000 0.0000
vn -0.0000 -1.0000 0.0000
vn 0.0405 -0.5000 -0.8651
vn 0.0380 -0.5000 -0.8652
vn 0.0380 -0.5000 -0.8652
vn 0.0405 -0.5000 -0.8651
vn 0.0405 0.5000 -0.8651
vn 0.0380 0.5000 -0.8652
vn 0.0380 0.5000 -0.8652
vn 0.0405 0.5000 -0.8651
vn -0.0000 1.0000 0.0000
vn -0.0000 1.0000 0.0000
vn -0.0000 1.0000 0.0000
vn -0.0000 1.0000 0.0000
vn -0.0430 0.5000 0.8650
vn -0.0405 0.5000 0.8651
vn -0.0405 0.5000 0.8651
vn -0.0430 0.5000 0.8650
vn -0.0430 -0.5000 0.8650
vn -0.0405 -0.5000 0.8651
vn -0.0405 -0.5000 0.8651
vn -0.0430 -0.5000 0.8650
vn -0.0000 -1.0000 0.0000
vn -0.0000 -1.0000 0.0000
vn -0.0000 -1.0000 0.0000
vn -0.0000 -1.0000 0.0000
vn 0.0430 -0.5000 -0.8650
vn 0.0405 -0.5000 -0.8651
vn 0.0405 -0.5000 -0.8651
vn 0.0430 -0.5000 -0.8650
vn 0.0430 0.5000 -0.8650
vn 0.0405 0.5000 -0.8651
vn 0.0405 0.5000 -0.8651
vn 0.0430 0.5000 -0.8650
vn -0.0000 1.0000 0.0000
vn -0.0000 1.0000 0.0000
vn -0.0000 1.0000 0.0000
vn -0.0000 1.0000 0.0000
vn -0.0455 0.5000 0.8648
vn -0.0430 0.5000 0.8650
vn -0.0430 0.5000 0.8650
vn -0.0455 0.5000 0.8648
vn -0.0455 -0.5000 0.8648
vn -0.0430 -0.5000 0.8650
vn -0.0430 -0.5000 0.8650
vn -0.0455 -0.5000 0.8648
vn -0.0000 -1.0000 0.0000
vn -0.0000 -1.0000 0.0000
vn -0.0000 -1.0000 0.0000
vn -0.0000 -1.0000 0.0000
vn 0.0455 -0.5000 -0.8648
vn 0.0430 -0.5000 -0.8650
vn 0.0430 -0.5000 -0.8650
vn 0.0455 -0.5000 -0.8648
vn 0.0455 0.5000 -0.8648
vn 0.0430 0.5000 -0.8650
vn 0.0430 0.5000 -0.8650
vn 0.0455 0.5000 -0.8648
vn -0.0000 1.0000 0.0000
vn -0.0000 1.0000 0.0000
vn -0.0000 1.0000 0.0000
vn -0.0000 1.0000 0.0000
vn -0.0481 0.5000 0.8647
vn -0.0455 0.5000 0.8648
vn -0.0455 0.5000 0.8648
vn -0.0481 0.5000 0.8647
vn -0.0481 -0.5000 0.8647
vn -0.0455 -0.5000 0.8648
vn -0.0455 -0.5000 0.8648
vn -0.0481 -0.5000 0.8647
vn -0.0000 -1.0000 0.0000
vn -0.0000 -1.0000 0.0000
vn -0.0000 -1.0000 0.0000
vn -0.0000 -1.0000 0.0000
vn 0.0481 -0.5000 -0.8647
vn 0.0455 -0.5000 -0.8648
vn 0.0455 -0.5000 -0.8648
vn 0.0481 -0.5000 -0.8647
vn 0.0481 0.5000 -0.8647
vn 0.0455 0.5000 -0.8648
vn 0.0455 0.5000 -0.8648
vn 0.0481 0.5000 -0.8647
vn -0.0000 1.0000 0.0000
vn -0.0000 1.0000 0.0000
vn -0.0000 1.0000 0.0000
vn -0.0000 1.0000 0.0000
vn -0.0506 0.5000 0.8645
vn -0.0481 0.5000 0.8647
vn -0.0481 0.5000 0.8647
vn -0.0506 0.5000 0.8645
vn -0.0506 -0.5000 0.8645
vn -0.0481 -0.5000 0.8647
vn -0.0481 -0.5000 0.8647
vn -0.0506 -0.5000 0.8645
vn -0.0000 -1.0000 0.0000
vn -0.0000 -1.0000 0.0000
vn -0.0000 -1.0000 0.0000
vn -0.0000 -1.0000 0.0000
vn 0.0506 -0.5000 -0.8645
vn 0.0481 -0.5000 -0.8647
vn 0.0481 -0.5000 -0.8647
vn 0.0506 -0.5000 -0.8645
vn 0.0506 0.5000 -0.8645
vn 0.0481 0.5000 -0.8647
vn 0.0481 0.5000 -0.8647
vn 0.0506 0.5000 -0.8645
vn -0.0000 1.0000 0.0000
vn -0.0000 1.0000 0.0000
vn -0.0000 1.0000 0.0000
vn -0.0000 1.0000 0.0000
vn -0.0531 0.5000 0.8644
vn -0.0506 0.5000 0.8645
vn -0.0506 0.5000 0.8645
vn -0.0531 0.5000 0.8644
vn -0.0531 -0.5000 0.8644
vn -0.0506 -0.5000 0.8645
vn -0.0506 -0.5000 0.8645
vn -0.0531 -0.5000 0.8644
vn -0.0000 -1.0000 0.0000
vn -0.0000 -1.0000 0.0000
vn -0.0000 -1.0000 0.0000
vn -0.0000 -1.0000 0.0000
vn 0.0531 -0.5000 -0.8644
vn 0.0506 -0.5000 -0.8645
vn 0.0506 -0.5000 -0.8645
vn 0.0531 -0.5000 -0.8644
vn 0.0531 0.5000 -0.8644
vn 0.0506 0.5000 -0.8645
vn 0.0506 0.5000 -0.8645
vn 0.0531 0.5000 -0.8644
vn -0.0000 1.0000 0.0000
vn -0.0000 1.0000 0.0000
vn -0.0000 1.0000 0.0000
vn -0.0000 1.0000 0.0000
vn -0.0556 0.5000 0.8642
vn -0.0531 0.5000 0.8644
vn -0.0531 0.5000 0.8644
vn -0.0556 0.5000 0.8642
vn -0.0556 -0.5000 0.8642
vn -0.0531 -0.5000 0.8644
vn -0.0531 -0.5000 0.8644
vn -0.0556 -0.5000 0.8642
vn -0.0000 -1.0000 0.0000
vn -0.0000 -1.0000 0.0000
vn -0.0000 -1.0000 0.0000
vn -0.0000 -1.0000 0.0000
vn 0.0556 -0.5000 -0.8642
vn 0.0531 -0.5000 -0.8644
vn 0.0531 -0.5000 -0.8644
vn 0.0556 -0.5000 -0.8642
vn 0.0556 0.5000 -0.8642
vn 0.0531 0.5000 -0.8644
vn 0.0531 0.5000 -0.8644
vn 0.0556 0.5000 -0.8642
vn -0.0000 1.0000 0.0000
vn -0.0000 1.0000 0.0000
vn -0.0000 1.0000 0.0000
vn -0.0000 1.0000 0.0000
vn -0.0582 0.5000 0.8641
vn -0.0556 0.5000 0.8642
vn -0.0556 0.5000 0.8642
vn -0.0582 0.5000 0.8641
vn -0.0582 -0.5000 0.8641
vn -0.0556 -0.5000 0.8642
vn -0.0556 -0.5000 0.8642
vn -0.0582 -0.5000 0.8641
vn -0.0000 -1.0000 0.0000
vn -0.0000 -1.0000 0.0000
vn -0.0000 -1.0000 0.0000
vn -0.0000 -1.0000 0.0000
vn 0.0582 -0.5000 -0.8641
vn 0.0556 -0.5000 -0.8642
vn 0.0556 -0.5000 -0.8642
vn 0.0582 -0.5000 -0.8641
vn 0.0582 0.5000 -0.8641
vn 0.0556 0.5000 -0.8642
vn 0.0556 0.5000 -0.8642
vn 0.0582 0.5000 -0.8641
vn -0.0000 1.0000 0.0000
vn -0.0000 1.0000 0.0000
vn -0.0000 1.0000 0.0000
vn -0.0000 1.0000 0.0000
vn -0.0594 0.5000 0.8640
vn -0.0582 0.5000 0.8641
vn -0.0582 0.5000 0.8641
vn -0.0594 0.5000 0.8640
vn -0.0594 -0.5000 0.8640
vn -0.0582 -0.5000 0.8641
vn -0.0582 -0.5000 0.8641
vn -0.0594 -0.5000 0.8640
vn -0.0000 -1.0000 0.0000
vn -0.0000 -1.0000 0.0000
vn -0.0000 -1.0000 0.0000
vn -0.0000 -1.0000 0.0000
vn 0.0594 -0.5000 -0.8640
vn 0.0582 -0.5000 -0.8641
vn 0.0582 -0.5000 -0.8641
vn 0.0594 -0.5000 -0.8640
vn 0.0594 0.5000 -0.8640
vn 0.0582 0.5000 -0.8641
vn 0.0582 0.5000 -0.8641
vn 0.0594 0.5000 -0.8640
vn -0.0000 1.0000 0.0000
vn -0.0000 1.0000 0.0000
vn -0.9976 -0.0000 0.0686
vn 0.9976 0.0000 0.0686
vn 0.0000 1.0000 0.0000
vn 0.0000 1.0000 0.0000
vn 0.0582 0.5000 0.8641
vn 0.0594 0.5000 0.8640
vn 0.0594 0.5000 0.8640
vn 0.0582 0.5000 0.8641
vn 0.0582 -0.5000 0.8641
vn 0.0594 -0.5000 0.8640
vn 0.0594 -0.5000 0.8640
vn 0.0582 -0.5000 0.8641
vn 0.0000 -1.0000 0.0000
vn 0.0000 -1.0000 0.0000
vn 0.0000 -1.0000 0.0000
vn 0.0000 -1.0000 0.0000
vn -0.0582 -0.5000 -0.8641
vn -0.0594 -0.5000 -0.8640
vn -0.0594 -0.5000 -0.8640
vn -0.0582 -0.5000 -0.8641
vn -0.0582 0.5000 -0.8641
vn -0.0594 0.5000 -0.8640
vn -0.0594 0.5000 -0.8640
vn -0.0582 0.5000 -0.8641
vn 0.0000 1.0000 0.0000
vn 0.0000 1.0000 0.0000
vn 0.0000 1.0000 0.0000
vn 0.0000 1.0000 0.0000
vn 0.0556 0.5000 0.8642
vn 0.0582 0.5000 0.8641
vn 0.0582 0.5000 0.8641
vn 0.0556 0.5000 0.8642
vn 0.0556 -0.5000 0.8642
vn 0.0582 -0.5000 0.8641
vn 0.0582 -0.5000 0.8641
vn 0.0556 -0.5000 0.8642
vn 0.0000 -1.0000 0.0000
vn 0.0000 -1.0000 0.0000
vn 0.0000 -1.0000 0.0000
vn 0.0000 -1.0000 0.0000
vn -0.0556 -0.5000 -0.8642
vn -0.0582 -0.5000 -0.8641
vn -0.0582 -0.5000 -0.8641
vn -0.0556 -0.5000 -0.8642
vn -0.0556 0.5000 -0.8642
vn -0.0582 0.5000 -0.8641
vn -0.0582 0.5000 -0.8641
vn -0.0556 0.5000 -0.8642
vn 0.0000 1.0000 0.0000
vn 0.0000 1.0000 0.0000
vn 0.0000 1.0000 0.0000
vn 0.0000 1.0000 0.0000
vn 0.0531 0.5000 0.8644
vn 0.0556 0.5000 0.8642
vn 0.0556 0.5000 0.8642
vn 0.0531 0.5000 0.8644
vn 0.0531 -0.5000 0.8644
vn 0.0556 -0.5000 0.8642
vn 0.0556 -0.5000 0.8642
vn 0.0531 -0.5000 0.8644
vn 0.0000 -1.0000 0.0000
vn 0.0000 -1.0000 0.0000
vn 0.0000 -1.0000 0.0000
vn 0.0000 -1.0000 0.0000
vn -0.0531 -0.5000 -0.8644
vn -0.0556 -0.5000 -0.8642
vn -0.0556 -0.5000 -0.8642
vn -0.0531 -0.5000 -0.8644
vn -0.0531 0.5000 -0.8644
vn -0.0556 0.5000 -0.8642
vn -0.0556 0.5000 -0.8642
vn -0.0531 0.5000 -0.8644
vn 0.0000 1.0000 0.0000
vn 0.0000 1.0000 0.0000
vn 0.0000 1.0000 0.0000
vn 0.0000 1.0000 0.0000
vn 0.0506 0.5000 0.8645
vn 0.0531 0.5000 0.8644
vn 0.0531 0.5000 0.8644
vn 0.0506 0.5000 0.8645
vn 0.0506 -0.5000 0.8645
vn 0.0531 -0.5000 0.8644
vn 0.0531 -0.5000 0.8644
vn 0.0506 -0.5000 0.8645
vn 0.0000 -1.0000 0.0000
vn 0.0000 -1.0000 0.0000
vn 0.0000 -1.0000 0.0000
vn 0.0000 -1.0000 0.0000
vn -0.0506 -0.5000 -0.8645
vn -0.0531 -0.5000 -0.8644
vn -0.0531 -0.5000 -0.8644
vn -0.0506 -0.5000 -0.8645
vn -0.0506 0.5000 -0.8645
vn -0.0531 0.5000 -0.8644
vn -0.0531 0.5000 -0.8644
vn -0.0506 0.5000 -0.8645
vn 0.0000 1.0000 0.0000
vn 0.0000 1.0000 0.0000
vn 0.0000 1.0000 0.0000
vn 0.0000 1.0000 0.0000
vn 0.0481 0.5000 0.8647
vn 0.0506 0.5000 0.8645
vn 0.0506 0.5000 0.8645
vn 0.0481 0.5000 0.8647
vn 0.0481 -0.5000 0.8647
vn 0.0506 -0.5000 0.8645
vn 0.0506 -0.5000 0.8645
vn 0.0481 -0.5000 0.8647
vn 0.0000 -1.0000 0.0000
vn 0.0000 -1.0000 0.0000
vn 0.0000 -1.0000 0.0000
vn 0.0000 -1.0000 0.0000
vn -0.0481 -0.5000 -0.8647
vn -0.0506 -0.5000 -0.8645
vn -0.0506 -0.5000 -0.8645
vn -0.0481 -0.5000 -0.8647
vn -0.0481 0.5000 -0.8647
vn -0.0506 0.5000 -0.8645
vn -0.0506 0.5000 -0.8645
vn -0.0481 0.5000 -0.8647
vn 0.0000 1.0000 0.0000
vn 0.0000 1.0000 0.0000
vn 0.0000 1.0000 0.0000
vn 0.0000 1.0000 0.0000
vn 0.0455 0.5000 0.8648
vn 0.0481 0.5000 0.8647
vn 0.0481 0.5000 0.8647
vn 0.0455 0.5000 0.8648
vn 0.0455 -0.5000 0.8648
vn 0.0481 -0.5000 0.8647
vn 0.0481 -0.5000 0.8647
vn 0.0455 -0.5000 0.8648
vn 0.0000 -1.0000 0.0000
vn 0.0000 -1.0000 0.0000
vn 0.0000 -1.0000 0.0000
vn 0.0000 -1.0000 0.0000
vn -0.0455 -0.5000 -0.8648
vn -0.0481 -0.5000 -0.8647
vn -0.0481 -0.5000 -0.8647
vn -0.0455 -0.5000 -0.8648
vn -0.0455 0.5000 -0.8648
vn -0.0481 0.5000 -0.8647
vn -0.0481 0.5000 -0.8647
vn -0.0455 0.5000 -0.8648
vn 0.0000 1.0000 0.0000
vn 0.0000 1.0000 0.0000
vn 0.0000 1.0000 0.0000
vn 0.0000 1.0000 0.0000
vn 0.0430 0.5000 0.8650
vn 0.0455 0.5000 0.8648
vn 0.0455 0.5000 0.8648
vn 0.0430 0.5000 0.8650
vn 0.0430 -0.5000 0.8650
vn 0.0455 -0.5000 0.8648
vn 0.0455 -0.5000 0.8648
vn 0.0430 -0.5000 0.8650
vn 0.0000 -1.0000 0.0000
vn 0.0000 -1.0000 0.0000
vn 0.0000 -1.0000 0.0000
vn 0.0000 -1.0000 0.0000
vn -0.0430 -0.5000 -0.8650
vn -0.0455 -0.5000 -0.8648
vn -0.0455 -0.5000 -0.8648
vn -0.0430 -0.5000 -0.8650
vn -0.0430 0.5000 -0.8650
vn -0.0455 0.5000 -0.8648
vn -0.0455 0.5000 -0.8648
vn -0.0430 0.5000 -0.8650
vn 0.0000 1.0000 0.0000
vn 0.0000 1.0000 0.0000
vn 0.0000 1.0000 0.0000
vn 0.0000 1.0000 0.0000
vn 0.0405 0.5000 0.8651
vn 0.0430 0.5000 0.8650
vn 0.0430 0.5000 0.8650
vn 0.0405 0.5000 0.8651
vn 0.0405 -0.5000 0.8651
vn 0.0430 -0.5000 0.8650
vn 0.0430 -0.5000 0.8650
vn 0.0405 -0.5000 0.8651
vn 0.0000 -1.0000 0.0000
vn 0.0000 -1.0000 0.0000
vn 0.0000 -1.0000 0.0000
vn 0.0000 -1.0000 0.0000
vn -0.0405 -0.5000 -0.8651
vn -0.0430 -0.5000 -0.8650
vn -0.0430 -0.5000 -0.8650
vn -0.0405 -0.5000 -0.8651
vn -0.0405 0.5000 -0.8651
vn -0.0430 0.5000 -0.8650
vn -0.0430 0.5000 -0.8650
vn -0.0405 0.5000 -0.8651
vn 0.0000 1.0000 0.0000
vn 0.0000 1.0000 0.0000
vn 0.0000 1.0000 0.0000
vn 0.0000 1.0000 0.0000
vn 0.0380 0.5000 0.8652
vn 0.0405 0.5000 0.8651
vn 0.0405 0.5000 0.8651
vn 0.0380 0.5000 0.8652
vn 0.0380 -0.5000 0.8652
vn 0.0405 -0.5000 0.8651
vn 0.0405 -0.5000 0.8651
vn 0.0380 -0.5000 0.8652
vn 0.0000 -1.0000 0.0000
vn 0.0000 -1.0000 0.0000
vn 0.0000 -1.0000 0.0000
vn 0.0000 -1.0000 0.0000
vn -0.0380 -0.5000 -0.8652
vn -0.0405 -0.5000 -0.8651
vn -0.0405 -0.5000 -0.8651
vn -0.0380 -0.5000 -0.8652
vn -0.0380 0.5000 -0.8652
vn -0.0405 0.5000 -0.8651
vn -0.0405 0.5000 -0.8651
vn -0.0380 0.5000 -0.8652
vn 0.0000 1.0000 0.0000
vn 0.0000 1.0000 0.0000
vn 0.0000 1.0000 0.0000
vn 0.0000 1.0000 0.0000
vn 0.0354 0.5000 0.8653
vn 0.0380 0.5000 0.8652
vn 0.0380 0.5000 0.8652
vn 0.0354 0.5000 0.8653
vn 0.0354 -0.5000 0.8653
vn 0.0380 -0.5000 0.8652
vn 0.0380 -0.5000 0.8652
vn 0.0354 -0.5000 0.8653
vn 0.0000 -1.0000 0.0000
vn 0.0000 -1.0000 0.0000
vn 0.0000 -1.0000 0.0000
vn 0.0000 -1.0000 0.0000
vn -0.0354 -0.5000 -0.8653
vn -0.0380 -0.5000 -0.8652
vn -0.0380 -0.5000 -0.8652
vn -0.0354 -0.5000 -0.8653
vn -0.0354 0.5000 -0.8653
vn -0.0380 0.5000 -0.8652
vn -0.0380 0.5000 -0.8652
vn -0.0354 0.5000 -0.8653
vn 0.0000 1.0000 0.0000
vn 0.0000 1.0000 0.0000
vn 0.0000 1.0000 0.0000
vn 0.0000 1.0000 0.0000
vn 0.0329 0.5000 0.8654
vn 0.0354 0.5000 0.8653
vn 0.0354 0.5000 0.8653
vn 0.0329 0.5000 0.8654
vn 0.0329 -0.5000 0.8654
vn 0.0354 -0.5000 0.8653
vn 0.0354 -0.5000 0.8653
vn 0.0329 -0.5000 0.8654
vn 0.0000 -1.0000 0.0000
vn 0.0000 -1.0000 0.0000
vn 0.0000 -1.0000 0.0000
vn 0.0000 -1.0000 0.0000
vn -0.0329 -0.5000 -0.8654
vn -0.0354 -0.5000 -0.8653
vn -0.0354 -0.5000 -0.8653
vn -0.0329 -0.5000 -0.8654
vn -0.0329 0.5000 -0.8654
vn -0.0354 0.5000 -0.8653
vn -0.0354 0.5000 -0.8653
vn -0.0329 0.5000 -0.8654
vn 0.0000 1.0000 0.0000
vn 0.0000 1.0000 0.0000
vn 0.0000 1.0000 0.0000
vn 0.0000 1.0000 0.0000
vn 0.0304 0.5000 0.8655
vn 0.0329 0.5000 0.8654
vn 0.0329 0.5000 0.8654
vn 0.0304 0.5000 0.8655
vn 0.0304 -0.5000 0.8655
vn 0.0329 -0.5000 0.8654
vn 0.0329 -0.5000 0.8654
vn 0.0304 -0.5000 0.8655
vn 0.0000 -1.0000 0.0000
vn 0.0000 -1.0000 0.0000
vn 0.0000 -1.0000 0.0000
vn 0.0000 -1.0000 0.0000
vn -0.0304 -0.5000 -0.8655
vn -0.0329 -0.5000 -0.8654
vn -0.0329 -0.5000 -0.8654
vn -0.0304 -0.5000 -0.8655
vn -0.0304 0.5000 -0.8655
vn -0.0329 0.5000 -0.8654
vn -0.0329 0.5000 -0.8654
vn -0.0304 0.5000 -0.8655
vn 0.0000 1.0000 0.0000
vn 0.0000 1.0000 0.0000
vn 0.0000 1.0000 0.0000
vn 0.0000 1.0000 0.0000
vn 0.0278 0.5000 0.8656
vn 0.0304 0.5000 0.8655
vn 0.0304 0.5000 0.8655
vn 0.0278 0.5000 0.8656
vn 0.0278 -0.5000 0.8656
vn 0.0304 -0.5000 0.8655
vn 0.0304 -0.5000 0.8655
vn 0.0278 -0.5000 0.8656
vn 0.0000 -1.0000 0.0000
vn 0.0000 -1.0000 0.0000
vn 0.0000 -1.0000 0.0000
vn 0.0000 -1.0000 0.0000
vn -0.0278 -0.5000 -0.8656
vn -0.0304 -0.5000 -0.8655
vn -0.0304 -0.5000 -0.8655
vn -0.0278 -0.5000 -0.8656
vn -0.0278 0.5000 -0.8656
vn -0.0304 0.5000 -0.8655
vn -0.0304 0.5000 -0.8655
vn -0.0278 0.5000 -0.8656
vn 0.0000 1.0000 0.0000
vn 0.0000 1.0000 0.0000
vn 0.0000 1.0000 0.0000
vn 0.0000 1.0000 0.0000
vn 0.0253 0.5000 0.8657
vn 0.0278 0.5000 0.8656
vn 0.0278 0.5000 0.8656
vn 0.0253 0.5000 0.8657
vn 0.0253 -0.5000 0.8657
vn 0.0278 -0.5000 0.8656
vn 0.0278 -0.5000 0.8656
vn 0.0253 -0.5000 0.8657
vn 0.0000 -1.0000 0.0000
vn 0.0000 -1.0000 0.0000
vn 0.0000 -1.0000 0.0000
vn 0.0000 -1.0000 0.0000
vn -0.0253 -0.5000 -0.8657
vn -0.0278 -0.5000 -0.8656
vn -0.0278 -0.5000 -0.8656
vn -0.0253 -0.5000 -0.8657
vn -0.0253 0.5000 -0.8657
vn -0.0278 0.5000 -0.8656
vn -0.0278 0.5000 -0.8656
vn -0.0253 0.5000 -0.8657
vn 0.0000 1.0000 0.0000
vn 0.0000 1.0000 0.0000
vn 0.0000 1.0000 0.0000
vn 0.0000 1.0000 0.0000
vn 0.0228 0.5000 0.8657
vn 0.0253 0.5000 0.8657
vn 0.0253 0.5000 0.8657
vn 0.0228 0.5000 0.8657
vn 0.0228 -0.5000 0.8657
vn 0.0253 -0.5000 0.8657
vn 0.0253 -0.5000 0.8657
vn 0.0228 -0.5000 0.8657
vn 0.0000 -1.0000 0.0000
vn 0.0000 -1.0000 0.0000
vn 0.0000 -1.0000 0.0000
vn 0.0000 -1.0000 0.0000
vn -0.0228 -0.5000 -0.8657
vn -0.0253 -0.5000 -0.8657
vn -0.0253 -0.5000 -0.8657
vn -0.0228 -0.5000 -0.8657
vn -0.0228 0.5000 -0.8657
vn -0.0253 0.5000 -0.8657
vn -0.0253 0.5000 -0.8657
vn -0.0228 0.5000 -0.8657
vn 0.0000 1.0000 0.0000
vn 0.0000 1.0000 0.0000
vn 0.0000 1.0000 0.0000
vn 0.0000 1.0000 0.0000
vn 0.0203 0.5000 0.8658
vn 0.0228 0.5000 0.8657
vn 0.0228 0.5000 0.8657
vn 0.0203 0.5000 0.8658
vn 0.0203 -0.5000 0.8658
vn 0.0228 -0.5000 0.8657
vn 0.0228 -0.5000 0.8657
vn 0.0203 -0.5000 0.8658
vn 0.0000 -1.0000 0.0000
vn 0.0000 -1.0000 0.0000
vn 0.0000 -1.0000 0.0000
vn 0.0000 -1.0000 0.0000
vn -0.0203 -0.5000 -0.8658
vn -0.0228 -0.5000 -0.8657
vn -0.0228 -0.5000 -0.8657
vn -0.0203 -0.5000 -0.8658
vn -0.0203 0.5000 -0.8658
vn -0.0228 0.5000 -0.8657
vn -0.0228 0.5000 -0.8657
vn -0.0203 0.5000 -0.8658
vn 0.0000 1.0000 0.0000
vn 0.0000 1.0000 0.0000
vn 0.0000 1.0000 0.0000
vn 0.0000 1.0000 0.0000
vn 0.0177 0.5000 0.8658
vn 0.0203 0.5000 0.8658
vn 0.0203 0.5000 0.8658
vn 0.0177 0.5000 0.8658
vn 0.0177 -0.5000 0.8658
vn 0.0203 -0.5000 0.8658
vn 0.0203 -0.5000 0.8658
vn 0.0177 -0.5000 0.8658
vn 0.0000 -1.0000 0.0000
vn 0.0000 -1.0000 0.0000
vn 0.0000 -1.0000 0.0000
vn 0.0000 -1.0000 0.0000
vn -0.0177 -0.5000 -0.8658
vn -0.0203 -0.5000 -0.8658
vn -0.0203 -0.5000 -0.8658
vn -0.0177 -0.5000 -0.8658
vn -0.0177 0.5000 -0.8658
vn -0.0203 0.5000 -0.8658
vn -0.0203 0.5000 -0.8658
vn -0.0177 0.5000 -0.8658
vn 0.0000 1.0000 0.0000
vn 0.0000 1.0000 0.0000
vn 0.0000 1.0000 0.0000
vn 0.0000 1.0000 0.0000
vn 0.0152 0.5000 0.8659
vn 0.0177 0.5000 0.8658
vn 0.0177 0.5000 0.8658
vn 0.0152 0.5000 0.8659
vn 0.0152 -0.5000 0.8659
vn 0.0177 -0.5000 0.8658
vn 0.0177 -0.5000 0.8658
vn 0.0152 -0.5000 0.8659
vn 0.0000 -1.0000 0.0000
vn 0.0000 -1.0000 0.0000
vn 0.0000 -1.0000 0.0000
vn 0.0000 -1.0000 0.0000
vn -0.0152 -0.5000 -0.8659
vn -0.0177 -0.5000 -0.8658
vn -0.0177 -0.5000 -0.8658
vn -0.0152 -0.5000 -0.8659
vn -0.0152 0.5000 -0.8659
vn -0.0177 0.5000 -0.8658
vn -0.0177 0.5000 -0.8658
vn -0.0152 0.5000 -0.8659
vn 0.0000 1.0000 0.0000
vn 0.0000 1.0000 0.0000
vn 0.0000 1.0000 0.0000
vn 0.0000 1.0000 0.0000
vn 0.0127 0.5000 0.8659
vn 0.0152 0.5000 0.8659
vn 0.0152 0.5000 0.8659
vn 0.0127 0.5000 0.8659
vn 0.0127 -0.5000 0.8659
vn 0.0152 -0.5000 0.8659
vn 0.0152 -0.5000 0.8659
vn 0.0127 -0.5000 0.8659
vn 0.0000 -1.0000 0.0000
vn 0.0000 -1.0000 0.0000
vn 0.0000 -1.0000 0.0000
vn 0.0000 -1.0000 0.0000
vn -0.0127 -0.5000 -0.8659
vn -0.0152 -0.5000 -0.8659
vn -0.0152 -0.5000 -0.8659
vn -0.0127 -0.5000 -0.8659
vn -0.0127 0.5000 -0.8659
vn -0.0152 0.5000 -0.8659
vn -0.0152 0.5000 -0.8659
vn -0.0127 0.5000 -0.8659
vn 0.0000 1.0000 0.0000
vn 0.0000 1.0000 0.0000
vn 0.0000 1.0000 0.0000
vn 0.0000 1.0000 0.0000
vn 0.0101 0.5000 0.8660
vn 0.0127 0.5000 0.8659
vn 0.0127 0.5000 0.8659
vn 0.0101 0.5000 0.8660
vn 0.0101 -0.5000 0.8660
vn 0.0127 -0.5000 0.8659
vn 0.0127 -0.5000 0.8659
vn 0.0101 -0.5000 0.8660
vn 0.0000 -1.0000 0.0000
vn 0.0000 -1.0000 0.0000
vn 0.0000 -1.0000 0.0000
vn 0.0000 -1.0000 0.0000
vn -0.0101 -0.5000 -0.8660
vn -0.0127 -0.5000 -0.8659
vn -0.0127 -0.5000 -0.8659
vn -0.0101 -0.5000 -0.8660
vn -0.0101 0.5000 -0.8660
vn -0.0127 0.5000 -0.8659
vn -0.0127 0.5000 -0.8659
vn -0.0101 0.5000 -0.8660
vn 0.0000 1.0000 0.0000
vn 0.0000 1.0000 0.0000
vn 0.0000 1.0000 0.0000
vn 0.0000 1.0000 0.0000
vn 0.0076 0.5000 0.8660
vn 0.0101 0.5000 0.8660
vn 0.0101 0.5000 0.8660
vn 0.0076 0.5000 0.8660
vn 0.0076 -0.5000 0.8660
vn 0.0101 -0.5000 0.8660
vn 0.0101 -0.5000 0.8660
vn 0.0076 -0.5000 0.8660
vn 0.0000 -1.0000 0.0000
vn 0.0000 -1.0000 0.0000
vn 0.0000 -1.0000 0.0000
vn 0.0000 -1.0000 0.0000
vn -0.0076 -0.5000 -0.8660
vn -0.0101 -0.5000 -0.8660
vn -0.0101 -0.5000 -0.8660
vn -0.0076 -0.5000 -0.8660
vn -0.0076 0.5000 -0.8660
vn -0.0101 0.5000 -0.8660
vn -0.0101 0.5000 -0.8660
vn -0.0076 0.5000 -0.8660
vn 0.0000 1.0000 0.0000
vn 0.0000 1.0000 0.0000
vn 0.0000 1.0000 0.0000
vn 0.0000 1.0000 0.0000
vn 0.0051 0.5000 0.8660
vn 0.0076 0.5000 0.8660
vn 0.0076 0.5000 0.8660
vn 0.0051 0.5000 0.8660
vn 0.0051 -0.5000 0.8660
vn 0.0076 -0.5000 0.8660
vn 0.0076 -0.5000 0.8660
vn 0.0051 -0.5000 0.8660
vn 0.0000 -1.0000 0.0000
vn 0.0000 -1.0000 0.0000
vn 0.0000 -1.0000 0.0000
vn 0.0000 -1.0000 0.0000
vn -0.0051 -0.5000 -0.8660
vn -0.0076 -0.5000 -0.8660
vn -0.0076 -0.5000 -0.8660
vn -0.0051 -0.5000 -0.8660
vn -0.0051 0.5000 -0.8660
vn -0.0076 0.5000 -0.8660
vn -0.0076 0.5000 -0.8660
vn -0.0051 0.5000 -0.8660
vn 0.0000 1.0000 0.0000
vn 0.0000 1.0000 0.0000
vn 0.0000 1.0000 0.0000
vn 0.0000 1.0000 0.0000
vn 0.0025 0.5000 0.8660
vn 0.0051 0.5000 0.8660
vn 0.0051 0.5000 0.8660
vn 0.0025 0.5000 0.8660
vn 0.0025 -0.5000 0.8660
vn 0.0051 -0.5000 0.8660
vn 0.0051 -0.5000 0.8660
vn 0.0025 -0.5000 0.8660
vn 0.0000 -1.0000 0.0000
vn 0.0000 -1.0000 0.0000
vn 0.0000 -1.0000 0.0000
vn 0.0000 -1.0000 0.0000
vn -0.0025 -0.5000 -0.8660
vn -0.0051 -0.5000 -0.8660
vn -0.0051 -0.5000 -0.8660
vn -0.0025 -0.5000 -0.8660
vn -0.0025 0.5000 -0.8660
vn -0.0051 0.5000 -0.8660
vn -0.0051 0.5000 -0.8660
vn -0.0025 0.5000 -0.8660
vn 0.0000 1.0000 0.0000
vn 0.0000 1.0000 0.0000
vn 0.0000 1.0000 0.0000
vn 0.0000 1.0000 0.0000
vn 0.0000 0.5000 0.8660
vn 0.0025 0.5000 0.8660
vn 0.0025 0.5000 0.8660
vn 0.0000 0.5000 0.8660
vn 0.0000 -0.5000 0.8660
vn 0.0025 -0.5000 0.8660
vn 0.0025 -0.5000 0.8660
vn 0.0000 -0.5000 0.8660
vn 0.0000 -1.0000 0.0000
vn 0.0000 -1.0000 0.0000
vn 0.0000 -1.0000 0.0000
vn 0.0000 -1.0000 0.0000
vn 0.0000 -0.5000 -0.8660
vn -0.0025 -0.5000 -0.8660
vn -0.0025 -0.5000 -0.8660
vn 0.0000 -0.5000 -0.8660
vn -0.0000 0.5000 -0.8660
vn -0.0025 0.5000 -0.8660
vn -0.0025 0.5000 -0.8660
vn -0.0000 0.5000 -0.8660
vn 0.0000 1.0000 0.0000
vn 0.0000 1.0000 0.0000
vn 0.0000 1.0000 0.0000
vn -0.0000 1.0000 0.0000
vn -0.0025 0.5000 0.8660
vn 0.0000 0.5000 0.8660
vn 0.0000 0.5000 0.8660
vn -0.0025 0.5000 0.8660
vn -0.0025 -0.5000 0.8660
vn 0.0000 -0.5000 0.8660
vn 0.0000 -0.5000 0.8660
vn -0.0025 -0.5000 0.8660
vn -0.0000 -1.0000 0.0000
vn 0.0000 -1.0000 0.0000
vn 0.0000 -1.0000 0.0000
vn -0.0000 -1.0000 0.0000
vn 0.0025 -0.5000 -0.8660
vn 0.0000 -0.5000 -0.8660
vn 0.0000 -0.5000 -0.8660
vn 0.0025 -0.5000 -0.8660
vn 0.0025 0.5000 -0.8660
vn -0.0000 0.5000 -0.8660
vn -0.0000 0.5000 -0.8660
vn 0.0025 0.5000 -0.8660
vn -0.0000 1.0000 0.0000
vn 0.0000 1.0000 0.0000
vn -0.0000 1.0000 0.0000
vn -0.0000 1.0000 0.0000
vn -0.0051 0.5000 0.8660
vn -0.0025 0.5000 0.8660
vn -0.0025 0.5000 0.8660
vn -0.0051 0.5000 0.8660
vn -0.0051 -0.5000 0.8660
vn -0.0025 -0.5000 0.8660
vn -0.0025 -0.5000 0.8660
vn -0.0051 -0.5000 0.8660
vn -0.0000 -1.0000 0.0000
vn -0.0000 -1.0000 0.0000
vn -0.0000 -1.0000 0.0000
vn -0.0000 -1.0000 0.0000
vn 0.0051 -0.5000 -0.8660
vn 0.0025 -0.5000 -0.8660
vn 0.0025 -0.5000 -0.8660
vn 0.0051 -0.5000 -0.8660
vn 0.0051 0.5000 -0.8660
vn 0.0025 0.5000 -0.8660
vn 0.0025 0.5000 -0.8660
vn 0.0051 0.5000 -0.8660
vn -0.0000 1.0000 0.0000
vn -0.0000 1.0000 0.0000
vn -0.0000 1.0000 0.0000
vn -0.0000 1.0000 0.0000
vn -0.0076 0.5000 0.8660
vn -0.0051 0.5000 0.8660
vn -0.0051 0.5000 0.8660
vn -0.0076 0.5000 0.8660
vn -0.0076 -0.5000 0.8660
vn -0.0051 -0.5000 0.8660
vn -0.0051 -0.5000 0.8660
vn -0.0076 -0.5000 0.8660
vn -0.0000 -1.0000 0.0000
vn -0.0000 -1.0000 0.0000
vn -0.0000 -1.0000 0.0000
vn -0.0000 -1.0000 0.0000
vn 0.0076 -0.5000 -0.8660
vn 0.0051 -0.5000 -0.8660
vn 0.0051 -0.5000 -0.8660
vn 0.0076 -0.5000 -0.8660
vn 0.0076 0.5000 -0.8660
vn 0.0051 0.5000 -0.8660
vn 0.0051 0.5000 -0.8660
vn 0.0076 0.5000 -0.8660
vn -0.0000 1.0000 0.0000
vn -0.0000 1.0000 0.0000
vn -0.0000 1.0000 0.0000
vn -0.0000 1.0000 0.0000
vn -0.0101 0.5000 0.8660
vn -0.0076 0.5000 0.8660
vn -0.0076 0.5000 0.8660
vn -0.0101 0.5000 0.8660
vn -0.0101 -0.5000 0.8660
vn -0.0076 -0.5000 0.8660
vn -0.0076 -0.5000 0.8660
vn -0.0101 -0.5000 0.8660
vn -0.0000 -1.0000 0.0000
vn -0.0000 -1.0000 0.0000
vn -0.0000 -1.0000 0.0000
vn -0.0000 -1.0000 0.0000
vn 0.0101 -0.5000 -0.8660
vn 0.0076 -0.5000 -0.8660
vn 0.0076 -0.5000 -0.8660
vn 0.0101 -0.5000 -0.8660
vn 0.0101 0.5000 -0.8660
vn 0.0076 0.5000 -0.8660
vn 0.0076 0.5000 -0.8660
vn 0.0101 0.5000 -0.8660
vn -0.0000 1.0000 0.0000
vn -0.0000 1.0000 0.0000
vn -0.0000 1.0000 0.0000
vn -0.0000 1.0000 0.0000
vn -0.0127 0.5000 0.8659
vn -0.0101 0.5000 0.8660
vn -0.0101 0.5000 0.8660
vn -0.0127 0.5000 0.8659
vn -0.0127 -0.5000 0.8659
vn -0.0101 -0.5000 0.8660
vn -0.0101 -0.5000 0.8660
vn -0.0127 -0.5000 0.8659
vn -0.0000 -1.0000 0.0000
vn -0.0000 -1.0000 0.0000
vn -0.0000 -1.0000 0.0000
vn -0.0000 -1.0000 0.0000
vn 0.0127 -0.5000 -0.8659
vn 0.0101 -0.5000 -0.8660
vn 0.0101 -0.5000 -0.8660
vn 0.0127 -0.5000 -0.8659
vn 0.0127 0.5000 -0.8659
vn 0.0101 0.5000 -0.8660
vn 0.0101 0.5000 -0.8660
vn 0.0127 0.5000 -0.8659
vn -0.0000 1.0000 0.0000
vn -0.0000 1.0000 0.0000
vn -0.0000 1.0000 0.0000
vn -0.0000 1.0000 0.0000
vn -0.0152 0.5000 0.8659
vn -0.0127 0.5000 0.8659
vn -0.0127 0.5000 0.8659
vn -0.0152 0.5000 0.8659
vn -0.0152 -0.5000 0.8659
vn -0.0127 -0.5000 0.8659
vn -0.0127 -0.5000 0.8659
vn -0.0152 -0.5000 0.8659
vn -0.0000 -1.0000 0.0000
vn -0.0000 -1.0000 0.0000
vn -0.0000 -1.0000 0.0000
vn -0.0000 -1.0000 0.0000
vn 0.0152 -0.5000 -0.8659
vn 0.0127 -0.5000 -0.8659
vn 0.0127 -0.5000 -0.8659
vn 0.0152 -0.5000 -0.8659
vn 0.0152 0.5000 -0.8659
vn 0.0127 0.5000 -0.8659
vn 0.0127 0.5000 -0.8659
vn 0.0152 0.5000 -0.8659
vn -0.0000 1.0000 0.0000
vn -0.0000 1.0000 0.0000
vn -0.0000 1.0000 0.0000
vn -0.0000 1.0000 0.0000
vn -0.0177 0.5000 0.8658
vn -0.0152 0.5000 0.8659
vn -0.0152 0.5000 0.8659
vn -0.0177 0.5000 0.8658
vn -0.0177 -0.5000 0.8658
vn -0.0152 -0.5000 0.8659
vn -0.0152 -0.5000 0.8659
vn -0.0177 -0.5000 0.8658
vn -0.0000 -1.0000 0.0000
vn -0.0000 -1.0000 0.0000
vn -0.0000 -1.0000 0.0000
vn -0.0000 -1.0000 0.0000
vn 0.0177 -0.5000 -0.8658
vn 0.0152 -0.5000 -0.8659
vn 0.0152 -0.5000 -0.8659
vn 0.0177 -0.5000 -0.8658
vn 0.0177 0.5000 -0.8658
vn 0.0152 0.5000 -0.8659
vn 0.0152 0.5000 -0.8659
vn 0.0177 0.5000 -0.8658
vn -0.0000 1.0000 0.0000
vn -0.0000 1.0000 0.0000
vn -0.0000 1.0000 0.0000
vn -0.0000 1.0000 0.0000
vn -0.0203 0.5000 0.8658
vn -0.0177 0.5000 0.8658
vn -0.0177 0.5000 0.8658
vn -0.0203 0.5000 0.8658
vn -0.0203 -0.5000 0.8658
vn -0.0177 -0.5000 0.8658
vn -0.0177 -0.5000 0.8658
vn -0.0203 -0.5000 0.8658
vn -0.0000 -1.0000 0.0000
vn -0.0000 -1.0000 0.0000
vn -0.0000 -1.0000 0.0000
vn -0.0000 -1.0000 0.0000
vn 0.0203 -0.5000 -0.8658
vn 0.0177 -0.5000 -0.8658
vn 0.0177 -0.5000 -0.8658
vn 0.0203 -0.5000 -0.8658
vn 0.0203 0.5000 -0.8658
vn 0.0177 0.5000 -0.8658
vn 0.0177 0.5000 -0.8658
vn 0.0203 0.5000 -0.8658
vn -0.0000 1.0000 0.0000
vn -0.0000 1.0000 0.0000
vn -0.0000 1.0000 0.0000
vn -0.0000 1.0000 0.0000
vn -0.0228 0.5000 0.8657
vn -0.0203 0.5000 0.8658
vn -0.0203 0.5000 0.8658
vn -0.0228 0.5000 0.8657
vn -0.0228 -0.5000 0.8657
vn -0.0203 -0.5000 0.8658
vn -0.0203 -0.5000 0.8658
vn -0.0228 -0.5000 0.8657
vn -0.0000 -1.0000 0.0000
vn -0.0000 -1.0000 0.0000
vn -0.0000 -1.0000 0.0000
vn -0.0000 -1.0000 0.0000
vn 0.0228 -0.5000 -0.8657
vn 0.0203 -0.5000 -0.8658
vn 0.0203 -0.5000 -0.8658
vn 0.0228 -0.5000 -0.8657
vn 0.0228 0.5000 -0.8657
vn 0.0203 0.5000 -0.8658
vn 0.0203 0.5000 -0.8658
vn 0.0228 0.5000 -0.8657
vn -0.0000 1.0000 0.0000
vn -0.0000 1.0000 0.0000
vn -0.0000 1.0000 0.0000
vn -0.0000 1.0000 0.0000
vn -0.0253 0.5000 0.8657
vn -0.0228 0.5000 0.8657
vn -0.0228 0.5000 0.8657
vn -0.0253 0.5000 0.8657
vn -0.0253 -0.5000 0.8657
vn -0.0228 -0.5000 0.8657
vn -0.0228 -0.5000 0.8657
vn -0.0253 -0.5000 0.8657
vn -0.0000 -1.0000 0.0000
vn -0.0000 -1.0000 0.0000
vn -0.0000 -1.0000 0.0000
vn -0.0000 -1.0000 0.0000
vn 0.0253 -0.5000 -0.8657
vn 0.0228 -0.5000 -0.8657
vn 0.0228 -0.5000 -0.8657
vn 0.0253 -0.5000 -0.8657
vn 0.0253 0.5000 -0.8657
vn 0.0228 0.5000 -0.8657
vn 0.0228 0.5000 -0.8657
vn 0.0253 0.5000 -0.8657
vn -0.0000 1.0000 0.0000
vn -0.0000 1.0000 0.0000
vn -0.0000 1.0000 0.0000
vn -0.0000 1.0000 0.0000
vn -0.0278 0.5000 0.8656
vn -0.0253 0.5000 0.8657
vn -0.0253 0.5000 0.8657
vn -0.0278 0.5000 0.8656
vn -0.0278 -0.5000 0.8656
vn -0.0253 -0.5000 0.8657
vn -0.0253 -0.5000 0.8657
vn -0.0278 -0.5000 0.8656
vn -0.0000 -1.0000 0.0000
vn -0.0000 -1.0000 0.0000
vn -0.0000 -1.0000 0.0000
vn -0.0000 -1.0000 0.0000
vn 0.0278 -0.5000 -0.8656
vn 0.0253 -0.5000 -0.8657
vn 0.0253 -0.5000 -0.8657
vn 0.0278 -0.5000 -0.8656
vn 0.0278 0.5000 -0.8656
vn 0.0253 0.5000 -0.8657
vn 0.0253 0.5000 -0.8657
vn 0.0278 0.5000 -0.8656
vn -0.0000 1.0000 0.0000
vn -0.0000 1.0000 0.0000
vn -0.0000 1.0000 0.0000
vn -0.0000 1.0000 0.0000
vn -0.0304 0.5000 0.8655
vn -0.0278 0.5000 0.8656
vn -0.0278 0.5000 0.8656
vn -0.0304 0.5000 0.8655
vn -0.0304 -0.5000 0.8655
vn -0.0278 -0.5000 0.8656
vn -0.0278 -0.5000 0.8656
vn -0.0304 -0.5000 0.8655
vn -0.0000 -1.0000 0.0000
vn -0.0000 -1.0000 0.0000
vn -0.0000 -1.0000 0.0000
vn -0.0000 -1.0000 0.0000
vn 0.0304 -0.5000 -0.8655
vn 0.0278 -0.5000 -0.8656
vn 0.0278 -0.5000 -0.8656
vn 0.0304 -0.5000 -0.8655
vn 0.0304 0.5000 -0.8655
vn 0.0278 0.5000 -0.8656
vn 0.0278 0.5000 -0.8656
vn 0.0304 0.5000 -0.8655
vn -0.0000 1.0000 0.0000
vn -0.0000 1.0000 0.0000
vn -0.0000 1.0000 0.0000
vn -0.0000 1.0000 0.0000
vn -0.0329 0.5000 0.8654
vn -0.0304 0.5000 0.8655
vn -0.0304 0.5000 0.8655
vn -0.0329 0.5000 0.8654
vn -0.0329 -0.5000 0.8654
vn -0.0304 -0.5000 0.8655
vn -0.0304 -0.5000 0.8655
vn -0.0329 -0.5000 0.8654
vn -0.0000 -1.0000 0.0000
vn -0.0000 -1.0000 0.0000
vn -0.0000 -1.0000 0.0000
vn -0.0000 -1.0000 0.0000
vn 0.0329 -0.5000 -0.8654
vn 0.0304 -0.5000 -0.8655
vn 0.0304 -0.5000 -0.8655
vn 0.0329 -0.5000 -0.8654
vn 0.0329 0.5000 -0.8654
vn 0.0304 0.5000 -0.8655
vn 0.0304 0.5000 -0.8655
vn 0.0329 0.5000 -0.8654
vn -0.0000 1.0000 0.0000
vn -0.0000 1.0000 0.0000
vn -0.0000 1.0000 0.0000
vn -0.0000 1.0000 0.0000
vn -0.0354 0.5000 0.8653
vn -0.0329 0.5000 0.8654
vn -0.0329 0.5000 0.8654
vn -0.0354 0.5000 0.8653
vn -0.0354 -0.5000 0.8653
vn -0.0329 -0.5000 0.8654
vn -0.0329 -0.5000 0.8654
vn -0.0354 -0.5000 0.8653
vn -0.0000 -1.0000 0.0000
vn -0.0000 -1.0000 0.0000
vn -0.0000 -1.0000 0.0000
vn -0.0000 -1.0000 0.0000
vn 0.0354 -0.5000 -0.8653
vn 0.0329 -0.5000 -0.8654
vn 0.0329 -0.5000 -0.8654
vn 0.0354 -0.5000 -0.8653
vn 0.0354 0.5000 -0.8653
vn 0.0329 0.5000 -0.8654
vn 0.0329 0.5000 -0.8654
vn 0.0354 0.5000 -0.8653
vn -0.0000 1.0000 0.0000
vn -0.0000 1.0000 0.0000
vn -0.0000 1.0000 0.0000
vn -0.0000 1.0000 0.0000
vn -0.0380 0.5000 0.8652
vn -0.0354 0.5000 0.8653
vn -0.0354 0.5000 0.8653
vn -0.0380 0.5000 0.8652
vn -0.0380 -0.5000 0.8652
vn -0.0354 -0.5000 0.8653
vn -0.0354 -0.5000 0.8653
vn -0.0380 -0.5000 0.8652
vn -0.0000 -1.0000 0.0000
vn -0.0000 -1.0000 0.0000
vn -0.0000 -1.0000 0.0000
vn -0.0000 -1.0000 0.0000
vn 0.0380 -0.5000 -0.8652
vn 0.0354 -0.5000 -0.8653
vn 0.0354 -0.5000 -0.8653
vn 0.0380 -0.5000 -0.8652
vn 0.0380 0.5000 -0.8652
vn 0.0354 0.5000 -0.8653
vn 0.0354 0.5000 -0.8653
vn 0.0380 0.5000 -0.8652
vn -0.0000 1.0000 0.0000
vn -0.0000 1.0000 0.0000
vn -0.0000 1.0000 0.0000
vn -0.0000 1.0000 0.0000
vn -0.0405 0.5000 0.8651
vn -0.0380 0.5000 0.8652
vn -0.0380 0.5000 0.8652
vn -0.0405 0.5000 0.8651
vn -0.0405 -0.5000 0.8651
vn -0.0380 -0.5000 0.8652
vn -0.0380 -0.5000 0.8652
vn -0.0405 -0.5000 0.8651
vn -0.0000 -1.0000 0.0000
vn -0.0000 -1.0000 0.0000
vn -0.0000 -1.0000 0.0000
vn -0.0000 -1.0000 0.0000
vn 0.0405 -0.5000 -0.8651
vn 0.0380 -0.5000 -0.8652
vn 0.0380 -0.5000 -0.8652
vn 0.0405 -0.5000 -0.8651
vn 0.0405 0.5000 -0.8651
vn 0.0380 0.5000 -0.8652
vn 0.0380 0.5000 -0.8652
vn 0.0405 0.5000 -0.8651
vn -0.0000 1.0000 0.0000
vn -0.0000 1.0000 0.0000
vn -0.0000 1.0000 0.0000
vn -0.0000 1.0000 0.0000
vn -0.0430 0.5000 0.8650
vn -0.0405 0.5000 0.8651
vn -0.0405 0.5000 0.8651
vn -0.0430 0.5000 0.8650
vn -0.0430 -0.5000 0.8650
vn -0.0405 -0.5000 0.8651
vn -0.0405 -0.5000 0.8651
vn -0.0430 -0.5000 0.8650
vn -0.0000 -1.0000 0.0000
vn -0.0000 -1.0000 0.0000
vn -0.0000 -1.0000 0.0000
vn -0.0000 -1.0000 0.0000
vn 0.0430 -0.5000 -0.8650
vn 0.0405 -0.5000 -0.8651
vn 0.0405 -0.5000 -0.8651
vn 0.0430 -0.5000 -0.8650
vn 0.0430 0.5000 -0.8650
vn 0.0405 0.5000 -0.8651
vn 0.0405 0.5000 -0.8651
vn 0.0430 0.5000 -0.8650
vn -0.0000 1.0000 0.0000
vn -0.0000 1.0000 0.0000
vn -0.0000 1.0000 0.0000
vn -0.0000 1.0000 0.0000
vn -0.0455 0.5000 0.8648
vn -0.0430 0.5000 0.8650
vn -0.0430 0.5000 0.8650
vn -0.0455 0.5000 0.8648
vn -0.0455 -0.5000 0.8648
vn -0.0430 -0.5000 0.8650
vn -0.0430 -0.5000 0.8650
vn -0.0455 -0.5000 0.8648
vn -0.0000 -1.0000 0.0000
vn -0.0000 -1.0000 0.0000
vn -0.0000 -1.0000 0.0000
vn -0.0000 -1.0000 0.0000
vn 0.0455 -0.5000 -0.8648
vn 0.0430 -0.5000 -0.8650
vn 0.0430 -0.5000 -0.8650
vn 0.0455 -0.5000 -0.8648
vn 0.0455 0.5000 -0.8648
vn 0.0430 0.5000 -0.8650
vn 0.0430 0.5000 -0.8650
vn 0.0455 0.5000 -0.8648
vn -0.0000 1.0000 0.0000
vn -0.0000 1.0000 0.0000
vn -0.0000 1.0000 0.0000
vn -0.0000 1.0000 0.0000
vn -0.0481 0.5000 0.8647
vn -0.0455 0.5000 0.8648
vn -0.0455 0.5000 0.8648
vn -0.0481 0.5000 0.8647
vn -0.0481 -0.5000 0.8647
vn -0.0455 -0.5000 0.8648
vn -0.0455 -0.5000 0.8648
vn -0.0481 -0.5000 0.8647
vn -0.0000 -1.0000 0.0000
vn -0.0000 -1.0000 0.0000
vn -0.0000 -1.0000 0.0000
vn -0.0000 -1.0000 0.0000
vn 0.0481 -0.5000 -0.8647
vn 0.0455 -0.5000 -0.8648
vn 0.0455 -0.5000 -0.8648
vn 0.0481 -0.5000 -0.8647
vn 0.0481 0.5000 -0.8647
vn 0.0455 0.5000 -0.8648
vn 0.0455 0.5000 -0.8648
vn 0.0481 0.5000 -0.8647
vn -0.0000 1.0000 0.0000
vn -0.0000 1.0000 0.0000
vn -0.0000 1.0000 0.0000
vn -0.0000 1.0000 0.0000
vn -0.0506 0.5000 0.8645
vn -0.0481 0.5000 0.8647
vn -0.0481 0.5000 0.8647
vn -0.0506 0.5000 0.8645
vn -0.0506 -0.5000 0.8645
vn -0.0481 -0.5000 0.8647
vn -0.0481 -0.5000 0.8647
vn -0.0506 -0.5000 0.8645
vn -0.0000 -1.0000 0.0000
vn -0.0000 -1.0000 0.0000
vn -0.0000 -1.0000 0.0000
vn -0.0000 -1.0000 0.0000
vn 0.0506 -0.5000 -0.8645
vn 0.0481 -0.5000 -0.8647
vn 0.0481 -0.5000 -0.8647
vn 0.0506 -0.5000 -0.8645
vn 0.0506 0.5000 -0.8645
vn 0.0481 0.5000 -0.8647
vn 0.0481 0.5000 -0.8647
vn 0.0506 0.5000 -0.8645
vn -0.0000 1.0000 0.0000
vn -0.0000 1.0000 0.0000
vn -0.0000 1.0000 0.0000
vn -0.0000 1.0000 0.0000
vn -0.0531 0.5000 0.8644
vn -0.0506 0.5000 0.8645
vn -0.0506 0.5000 0.8645
vn -0.0531 0.5000 0.8644
vn -0.0531 -0.5000 0.8644
vn -0.0506 -0.5000 0.8645
vn -0.0506 -0.5000 0.8645
vn -0.0531 -0.5000 0.8644
vn -0.0000 -1.0000 0.0000
vn -0.0000 -1.0000 0.0000
vn -0.0000 -1.0000 0.0000
vn -0.0000 -1.0000 0.0000
vn 0.0531 -0.5000 -0.8644
vn 0.0506 -0.5000 -0.8645
vn 0.0506 -0.5000 -0.8645
vn 0.0531 -0.5000 -0.8644
vn 0.0531 0.5000 -0.8644
vn 0.0506 0.5000 -0.8645
vn 0.0506 0.5000 -0.8645
vn 0.0531 0.5000 -0.8644
vn -0.0000 1.0000 0.0000
vn -0.0000 1.0000 0.0000
vn -0.0000 1.0000 0.0000
vn -0.0000 1.0000 0.0000
vn -0.0556 0.5000 0.8642
vn -0.0531 0.5000 0.8644
vn -0.0531 0.5000 0.8644
vn -0.0556 0.5000 0.8642
vn -0.0556 -0.5000 0.8642
vn -0.0531 -0.5000 0.8644
vn -0.0531 -0.5000 0.8644
vn -0.0556 -0.5000 0.8642
vn -0.0000 -1.0000 0.0000
vn -0.0000 -1.0000 0.0000
vn -0.0000 -1.0000 0.0000
vn -0.0000 -1.0000 0.0000
vn 0.0556 -0.5000 -0.8642
vn 0.0531 -0.5000 -0.8644
vn 0.0531 -0.5000 -0.8644
vn 0.0556 -0.5000 -0.8642
vn 0.0556 0.5000 -0.8642
vn 0.0531 0.5000 -0.8644
vn 0.0531 0.5000 -0.8644
vn 0.0556 0.5000 -0.8642
vn -0.0000 1.0000 0.0000
vn -0.0000 1.0000 0.0000
vn -0.0000 1.0000 0.0000
vn -0.0000 1.0000 0.0000
vn -0.0582 0.5000 0.8641
vn -0.0556 0.5000 0.8642
vn -0.0556 0.5000 0.8642
vn -0.0582 0.5000 0.8641
vn -0.0582 -0.5000 0.8641
vn -0.0556 -0.5000 0.8642
vn -0.0556 -0.5000 0.8642
vn -0.0582 -0.5000 0.8641
vn -0.0000 -1.0000 0.0000
vn -0.0000 -1.0000 0.0000
vn -0.0000 -1.0000 0.0000
vn -0.0000 -1.0000 0.0000
vn 0.0582 -0.5000 -0.8641
vn 0.0556 -0.5000 -0.8642
vn 0.0556 -0.5000 -0.8642
vn 0.0582 -0.5000 -0.8641
vn 0.0582 0.5000 -0.8641
vn 0.0556 0.5000 -0.8642
vn 0.0556 0.5000 -0.8642
vn 0.0582 0.5000 -0.8641
vn -0.0000 1.0000 0.0000
vn -0.0000 1.0000 0.0000
vn -0.0000 1.0000 0.0000
vn -0.0000 1.0000 0.0000
vn -0.0594 0.5000 0.8640
vn -0.0582 0.5000 0.8641
vn -0.0582 0.5000 0.8641
vn -0.0594 0.5000 0.8640
vn -0.0594 -0.5000 0.8640
vn -0.0582 -0.5000 0.8641
vn -0.0582 -0.5000 0.8641
vn -0.0594 -0.5000 0.8640
vn -0.0000 -1.0000 0.0000
vn -0.0000 -1.0000 0.0000
vn -0.0000 -1.0000 0.0000
vn -0.0000 -1.0000 0.0000
vn 0.0594 -0.5000 -0.8640
vn 0.0582 -0.5000 -0.8641
vn 0.0582 -0.5000 -0.8641
vn 0.0594 -0.5000 -0.8640
vn 0.0594 0.5000 -0.8640
vn 0.0582 0.5000 -0.8641
vn 0.0582 0.5000 -0.8641
vn 0.0594 0.5000 -0.8640
vn -0.0000 1.0000 0.0000
vn -0.0000 1.0000 0.0000
vn -0.9976 -0.0000 0.0686
vn 0.9976 0.0000 0.0686
f 1//1 2//2 3//3
f 1//1 3//3 4//4
f 5//5 6//6 7//7
f 5//5 7//7 8//8
f 9//9 10//10 11//11
f 9//9 11//11 12//12
f 13//13 14//14 15//15
f 13//13 15//15 16//16
f 17//17 18//18 19//19
f 17//17 19//19 20//20
f 21//21 22//22 23//23
f 21//21 23//23 24//24
f 25//25 26//26 27//27
f 25//25 27//27 28//28
f 29//29 30//30 31//31
f 29//29 31//31 32//32
f 33//33 34//34 35//35
f 33//33 35//35 36//36
f 37//37 38//38 39//39
f 37//37 39//39 40//40
f 41//41 42//42 43//43
f 41//41 43//43 44//44
f 45//45 46//46 47//47
f 45//45 47//47 48//48
f 49//49 50//50 51//51
f 49//49 51//51 52//52
f 53//53 54//54 55//55
f 53//53 55//55 56//56
f 57//57 58//58 59//59
f 57//57 59//59 60//60
f 61//61 62//62 63//63
f 61//61 63//63 64//64
f 65//65 66//66 67//67
f 65//65 67//67 68//68
f 69//69 70//70 71//71
f 69//69 71//71 72//72
f 73//73 74//74 75//75
f 73//73 75//75 76//76
f 77//77 78//78 79//79
f 77//77 79//79 80//80
f 81//81 82//82 83//83
f 81//81 83//83 84//84
f 85//85 86//86 87//87
f 85//85 87//87 88//88
f 89//89 90//90 91//91
f 89//89 91//91 92//92
f 93//93 94//94 95//95
f 93//93 95//95 96//96
f 97//97 98//98 99//99
f 97//97 99//99 100//100
f 101//101 102//102 103//103
f 101//101 103//103 104//104
f 105//105 106//106 107//107
f 105//105 107//107 108//108
f 109//109 110//110 111//111
f 109//109 111//111 112//112
f 113//113 114//114 115//115
f 113//113 115//115 116//116
f 117//117 118//118 119//119
f 117//117 119//119 120//120
f 121//121 122//122 123//123
f 121//121 123//123 124//124
f 125//125 126//126 127//127
f 125//125 127//127 128//128
f 129//129 130//130 131//131
f 129//129 131//131 132//132
f 133//133 134//134 135//135
f 133//133 135//135 136//136
f 137//137 138//138 139//139
f 137//137 139//139 140//140
f 141//141 142//142 143//143
f 141//141 143//143 144//144
f 145//145 146//146 147//147
f 145//145 147//147 148//148
f 149//149 150//150 151//151
f 149//149 151//151 152//152
f 153//153 154//154 155//155
f 153//153 155//155 156//156
f 157//157 158//158 159//159
f 157//157 159//159 160//160
f 161//161 162//162 163//163
f 161//161 163//163 164//164
f 165//165 166//166 167//167
f 165//165 167//167 168//168
f 169//169 170//170 171//171
f 169//169 171//171 172//172
f 173//173 174//174 175//175
f 173//173 175//175 176//176
f 177//177 178//178 179//179
f 177//177 179//179 180//180
f 181//181 182//182 183//183
f 181//181 183//183 184//184
f 185//185 186//186 187//187
f 185//185 187//187 188//188
f 189//189 190//190 191//191
f 189//189 191//191 192//192
f 193//193 194//194 195//195
f 193//193 195//195 196//196
f 197//197 198//198 199//199
f 197//197 199//199 200//200
f 201//201 202//202 203//203
f 201//201 203//203 204//204
f 205//205 206//206 207//207
f 205//205 207//207 208//208
f 209//209 210//210 211//211
f 209//209 211//211 212//212
f 213//213 214//214 215//215
f 213//213 215//215 216//216
f 217//217 218//218 219//219
f 217//217 219//219 220//220
f 221//221 222//222 223//223
f 221//221 223//223 224//224
f 225//225 226//226 227//227
f 225//225 227//227 228//228
f 229//229 230//230 231//231
f 229//229 231//231 232//232
f 233//233 234//234 235//235
f 233//233 235//235 236//236
f 237//237 238//238 239//239
f 237//237 239//239 240//240
f 241//241 242//242 243//243
f 241//241 243//243 244//244
f 245//245 246//246 247//247
f 245//245 247//247 248//248
f 249//249 250//250 251//251
f 249//249 251//251 252//252
f 253//253 254//254 255//255
f 253//253 255//255 256//256
f 257//257 258//258 259//259
f 257//257 259//259 260//260
f 261//261 262//262 263//263
f 261//261 263//263 264//264
f 265//265 266//266 267//267
f 265//265 267//267 268//268
f 269//269 270//270 271//271
f 269//269 271//271 272//272
f 273//273 274//274 275//275
f 273//273 275//275 276//276
f 277//277 278//278 279//279
f 277//277 279//279 280//280
f 281//281 282//282 283//283
f 281//281 283//283 284//284
f 285//285 286//286 287//287
f 285//285 287//287 288//288
f 289//289 290//290 291//291
f 289//289 291//291 292//292
f 293//293 294//294 295//295
f 293//293 295//295 296//296
f 297//297 298//298 299//299
f 297//297 299//299 300//300
f 301//301 302//302 303//303
f 301//301 303//303 304//304
f 305//305 306//306 307//307
f 305//305 307//307 308//308
f 309//309 310//310 311//311
f 309//309 311//311 312//312
f 313//313 314//314 315//315
f 313//313 315//315 316//316
f 317//317 318//318 319//319
f 317//317 319//319 320//320
f 321//321 322//322 323//323
f 321//321 323//323 324//324
f 325//325 326//326 327//327
f 325//325 327//327 328//328
f 329//329 330//330 331//331
f 329//329 331//331 332//332
f 333//333 334//334 335//335
f 333//333 335//335 336//336
f 337//337 338//338 339//339
f 337//337 339//339 340//340
f 341//341 342//342 343//343
f 341//341 343//343 344//344
f 345//345 346//346 347//347
f 345//345 347//347 348//348
f 349//349 350//350 351//351
f 349//349 351//351 352//352
f 353//353 354//354 355//355
f 353//353 355//355 356//356
f 357//357 358//358 359//359
f 357//357 359//359 360//360
f 361//361 362//362 363//363
f 361//361 363//363 364//364
f 365//365 366//366 367//367
f 365//365 367//367 368//368
f 369//369 370//370 371//371
f 369//369 371//371 372//372
f 373//373 374//374 375//375
f 373//373 375//375 376//376
f 377//377 378//378 379//379
f 377//377 379//379 380//380
f 381//381 382//382 383//383
f 381//381 383//383 384//384
f 385//385 386//386 387//387
f 385//385 387//387 388//388
f 389//389 390//390 391//391
f 389//389 391//391 392//392
f 393//393 394//394 395//395
f 393//393 395//395 396//396
f 397//397 398//398 399//399
f 397//397 399//399 400//400
f 401//401 402//402 403//403
f 401//401 403//403 404//404
f 405//405 406//406 407//407
f 405//405 407//407 408//408
f 409//409 410//410 411//411
f 409//409 411//411 412//412
f 413//413 414//414 415//415
f 413//413 415//415 416//416
f 417//417 418//418 419//419
f 417//417 419//419 420//420
f 421//421 422//422 423//423
f 421//421 423//423 424//424
f 425//425 426//426 427//427
f 425//425 427//427 428//428
f 429//429 430//430 431//431
f 429//429 431//431 432//432
f 433//433 434//434 435//435
f 433//433 435//435 436//436
f 437//437 438//438 439//439
f 437//437 439//439 440//440
f 441//441 442//442 443//443
f 441//441 443//443 444//444
f 445//445 446//446 447//447
f 445//445 447//447 448//448
f 449//449 450//450 451//451
f 449//449 451//451 452//452
f 453//453 454//454 455//455
f 453//453 455//455 456//456
f 457//457 458//458 459//459
f 457//457 459//459 460//460
f 461//461 462//462 463//463
f 461//461 463//463 464//464
f 465//465 466//466 467//467
f 465//465 467//467 468//468
f 469//469 470//470 471//471
f 469//469 471//471 472//472
f 473//473 474//474 475//475
f 473//473 475//475 476//476
f 477//477 478//478 479//479
f 477//477 479//479 480//480
f 481//481 482//482 483//483
f 481//481 483//483 484//484
f 485//485 486//486 487//487
f 485//485 487//487 488//488
f 489//489 490//490 491//491
f 489//489 491//491 492//492
f 493//493 494//494 495//495
f 493//493 495//495 496//496
f 497//497 498//498 499//499
f 497//497 499//499 500//500
f 501//501 502//502 503//503
f 501//501 503//503 504//504
f 505//505 506//506 507//507
f 505//505 507//507 508//508
f 509//509 510//510 511//511
f 509//509 511//511 512//512
f 513//513 514//514 515//515
f 513//513 515//515 516//516
f 517//517 518//518 519//519
f 517//517 519//519 520//520
f 521//521 522//522 523//523
f 521//521 523//523 524//524
f 525//525 526//526 527//527
f 525//525 527//527 528//528
f 529//529 530//530 531//531
f 529//529 531//531 532//532
f 533//533 534//534 535//535
f 533//533 535//535 536//536
f 537//537 538//538 539//539
f 537//537 539//539 540//540
f 541//541 542//542 543//543
f 541//541 543//543 544//544
f 545//545 546//546 547//547
f 545//545 547//547 548//548
f 549//549 550//550 551//551
f 549//549 551//551 552//552
f 553//553 554//554 555//555
f 553//553 555//555 556//556
f 557//557 558//558 559//559
f 557//557 559//559 560//560
f 561//561 562//562 563//563
f 561//561 563//563 564//564
f 565//565 566//566 567//567
f 565//565 567//567 568//568
f 569//569 570//570 571//571
f 569//569 571//571 572//572
f 573//573 574//574 575//575
f 573//573 575//575 576//576
f 577//577 578//578 579//579
f 577//577 579//579 580//580
f 581//581 582//582 583//583
f 581//581 583//583 584//584
f 585//585 586//586 587//587
f 585//585 587//587 588//588
f 589//589 590//590 591//591
f 589//589 591//591 592//592
f 593//593 594//594 595//595
f 593//593 595//595 596//596
f 597//597 598//598 599//599
f 597//597 599//599 600//600
f 601//601 602//602 603//603
f 601//601 603//603 604//604
f 605//605 606//606 607//607
f 605//605 607//607 608//608
f 609//609 610//610 611//611
f 609//609 611//611 612//612
f 613//613 614//614 615//615
f 613//613 615//615 616//616
f 617//617 618//618 619//619
f 617//617 619//619 620//620
f 621//621 622//622 623//623
f 621//621 623//623 624//624
f 625//625 626//626 627//627
f 625//625 627//627 628//628
f 629//629 630//630 631//631
f 629//629 631//631 632//632
f 633//633 634//634 635//635
f 633//633 635//635 636//636
f 637//637 638//638 639//639
f 637//637 639//639 640//640
f 641//641 642//642 643//643
f 641//641 643//643 644//644
f 645//645 646//646 647//647
f 645//645 647//647 648//648
f 649//649 650//650 651//651
f 649//649 651//651 652//652
f 653//653 654//654 655//655
f 653//653 655//655 656//656
f 657//657 658//658 659//659
f 657//657 659//659 660//660
f 661//661 662//662 663//663
f 661//661 663//663 664//664
f 665//665 666//666 667//667
f 665//665 667//667 668//668
f 669//669 670//670 671//671
f 669//669 671//671 672//672
f 673//673 674//674 675//675
f 673//673 675//675 676//676
f 677//677 678//678 679//679
f 677//677 679//679 680//680
f 681//681 682//682 683//683
f 681//681 683//683 684//684
f 685//685 686//686 687//687
f 685//685 687//687 688//688
f 689//689 690//690 691//691
f 689//689 691//691 692//692
f 693//693 694//694 695//695
f 693//693 695//695 696//696
f 697//697 698//698 699//699
f 697//697 699//699 700//700
f 701//701 702//702 703//703
f 701//701 703//703 704//704
f 705//705 706//706 707//707
f 705//705 707//707 708//708
f 709//709 710//710 711//711
f 709//709 711//711 712//712
f 713//713 714//714 715//715
f 713//713 715//715 716//716
f 717//717 718//718 719//719
f 717//717 719//719 720//720
f 721//721 722//722 723//723
f 721//721 723//723 724//724
f 725//725 726//726 727//727
f 725//725 727//727 728//728
f 729//729 730//730 731//731
f 729//729 731//731 732//732
f 733//733 734//734 735//735
f 733//733 735//735 736//736
f 737//737 738//738 739//739
f 737//737 739//739 740//740
f 741//741 742//742 743//743
f 741//741 743//743 744//744
f 745//745 746//746 747//747
f 745//745 747//747 748//748
f 749//749 750//750 751//751
f 749//749 751//751 752//752
f 753//753 754//754 755//755
f 753//753 755//755 756//756
f 757//757 758//758 759//759
f 757//757 759//759 760//760
f 761//761 762//762 763//763
f 761//761 763//763 764//764
f 765//765 766//766 767//767
f 765//765 767//767 768//768
f 769//769 770//770 771//771
f 769//769 771//771 772//772
f 773//773 774//774 775//775
f 773//773 775//775 776//776
f 777//777 778//778 779//779
f 777//777 779//779 780//780
f 781//781 782//782 783//783
f 781//781 783//783 784//784
f 785//785 786//786 787//787
f 785//785 787//787 788//788
f 789//789 790//790 791//791
f 789//789 791//791 792//792
f 793//793 794//794 795//795
f 793//793 795//795 796//796
f 797//797 798//798 799//799
f 797//797 799//799 800//800
f 801//801 802//802 803//803
f 801//801 803//803 804//804
f 805//805 806//806 807//807
f 805//805 807//807 808//808
f 809//809 810//810 811//811
f 809//809 811//811 812//812
f 813//813 814//814 815//815
f 813//813 815//815 816//816
f 817//817 818//818 819//819
f 817//817 819//819 820//820
f 821//821 822//822 823//823
f 821//821 823//823 824//824
f 825//825 826//826 827//827
f 825//825 827//827 828//828
f 829//829 830//830 831//831
f 829//829 831//831 832//832
f 833//833 834//834 835//835
f 833//833 835//835 836//836
f 837//837 838//838 839//839
f 837//837 839//839 840//840
f 841//841 842//842 843//843
f 841//841 843//843 844//844
f 845//845 846//846 847//847
f 845//845 847//847 848//848
f 849//849 850//850 851//851
f 849//849 851//851 852//852
f 853//853 854//854 855//855
f 853//853 855//855 856//856
f 857//857 858//858 859//859
f 857//857 859//859 860//860
f 861//861 862//862 863//863
f 861//861 863//863 864//864
f 865//865 866//866 867//867
f 865//865 867//867 868//868
f 869//869 870//870 871//871
f 869//869 871//871 872//872
f 873//873 874//874 875//875
f 873//873 875//875 876//876
f 877//877 878//878 879//879
f 877//877 879//879 880//880
f 881//881 882//882 883//883
f 881//881 883//883 884//884
f 885//885 886//886 887//887
f 885//885 887//887 888//888
f 889//889 890//890 891//891
f 889//889 891//891 892//892
f 893//893 894//894 895//895
f 893//893 895//895 896//896
f 897//897 898//898 899//899
f 897//897 899//899 900//900
f 901//901 902//902 903//903
f 901//901 903//903 904//904
f 905//905 906//906 907//907
f 905//905 907//907 908//908
f 909//909 910//910 911//911
f 909//909 911//911 912//912
f 913//913 914//914 915//915
f 913//913 915//915 916//916
f 917//917 918//918 919//919
f 917//917 919//919 920//920
f 921//921 922//922 923//923
f 921//921 923//923 924//924
f 925//925 926//926 927//927
f 925//925 927//927 928//928
f 929//929 930//930 931//931
f 929//929 931//931 932//932
f 933//933 934//934 935//935
f 933//933 935//935 936//936
f 937//937 938//938 939//939
f 937//937 939//939 940//940
f 941//941 942//942 943//943
f 941//941 943//943 944//944
f 945//945 946//946 947//947
f 945//945 947//947 948//948
f 949//949 950//950 951//951
f 949//949 951//951 952//952
f 953//953 954//954 955//955
f 953//953 955//955 956//956
f 957//957 958//958 959//959
f 957//957 959//959 960//960
f 961//961 962//962 963//963
f 961//961 963//963 964//964
f 965//965 966//966 967//967
f 965//965 967//967 968//968
f 969//969 970//970 971//971
f 969//969 971//971 972//972
f 973//973 974//974 975//975
f 973//973 975//975 976//976
f 977//977 978//978 979//979
f 977//977 979//979 980//980
f 981//981 982//982 983//983
f 981//981 983//983 984//984
f 985//985 986//986 987//987
f 985//985 987//987 988//988
f 989//989 990//990 991//991
f 989//989 991//991 992//992
f 993//993 994//994 995//995
f 993//993 995//995 996//996
f 997//997 998//998 999//999
f 997//997 999//999 1000//1000
f 1001//1001 1002//1002 1003//1003
f 1001//1001 1003//1003 1004//1004
f 1005//1005 1006//1006 1007//1007
f 1005//1005 1007//1007 1008//1008
f 1009//1009 1010//1010 1011//1011
f 1009//1009 1011//1011 1012//1012
f 1013//1013 1014//1014 1015//1015
f 1013//1013 1015//1015 1016//1016
f 1017//1017 1018//1018 1019//1019
f 1017//1017 1019//1019 1020//1020
f 1021//1021 1022//1022 1023//1023
f 1021//1021 1023//1023 1024//1024
f 1025//1025 1026//1026 1027//1027
f 1025//1025 1027//1027 1028//1028
f 1029//1029 1030//1030 1031//1031
f 1029//1029 1031//1031 1032//1032
f 1033//1033 1034//1034 1035//1035
f 1033//1033 1035//1035 1036//1036
f 1037//1037 1038//1038 1039//1039
f 1037//1037 1039//1039 1040//1040
f 1041//1041 1042//1042 1043//1043
f 1041//1041 1043//1043 1044//1044
f 1045//1045 1046//1046 1047//1047
f 1045//1045 1047//1047 1048//1048
f 1049//1049 1050//1050 1051//1051
f 1049//1049 1051//1051 1052//1052
f 1053//1053 1054//1054 1055//1055
f 1053//1053 1055//1055 1056//1056
f 1057//1057 1058//1058 1059//1059
f 1057//1057 1059//1059 1060//1060
f 1061//1061 1062//1062 1063//1063
f 1061//1061 1063//1063 1064//1064
f 1065//1065 1066//1066 1067//1067
f 1065//1065 1067//1067 1068//1068
f 1069//1069 1070//1070 1071//1071
f 1069//1069 1071//1071 1072//1072
f 1073//1073 1074//1074 1075//1075
f 1073//1073 1075//1075 1076//1076
f 1077//1077 1078//1078 1079//1079
f 1077//1077 1079//1079 1080//1080
f 1081//1081 1082//1082 1083//1083
f 1081//1081 1083//1083 1084//1084
f 1085//1085 1086//1086 1087//1087
f 1085//1085 1087//1087 1088//1088
f 1089//1089 1090//1090 1091//1091
f 1089//1089 1091//1091 1092//1092
f 1093//1093 1094//1094 1095//1095
f 1093//1093 1095//1095 1096//1096
f 1097//1097 1098//1098 1099//1099
f 1097//1097 1099//1099 1100//1100
f 1101//1101 1102//1102 1103//1103
f 1101//1101 1103//1103 1104//1104
f 1105//1105 1106//1106 1107//1107
f 1105//1105 1107//1107 1108//1108
f 1109//1109 1110//1110 1111//1111
f 1109//1109 1111//1111 1112//1112
f 1113//1113 1114//1114 1115//1115
f 1113//1113 1115//1115 1116//1116
f 1117//1117 1118//1118 1119//1119
f 1117//1117 1119//1119 1120//1120
f 1121//1121 1122//1122 1123//1123
f 1121//1121 1123//1123 1124//1124
f 1125//1125 1126//1126 1127//1127
f 1125//1125 1127//1127 1128//1128
f 1129//1129 1130//1130 1131//1131
f 1129//1129 1131//1131 1132//1132
f 1133//1133 1134//1134 1135//1135
f 1133//1133 1135//1135 1136//1136
f 1137//1137 1138//1138 1139//1139
f 1137//1137 1139//1139 1140//1140
f 1141//1141 1142//1142 1143//1143
f 1141//1141 1143//1143 1144//1144
f 1145//1145 1146//1146 1147//1147
f 1145//1145 1147//1147 1148//1148
f 1149//1149 1150//1150 1151//1151
f 1149//1149 1151//1151 1152//1152
f 1153//1153 1154//1153 1155//1153
f 1153//1153 1156//1153 1157//1153
f 1153//1153 1158//1153 1159//1153
f 1153//1153 1160//1153 1161//1153
f 1153//1153 1162//1153 1163//1153
f 1153//1153 1164//1153 1165//1153
f 1166//1154 1167//1154 1168//1154
f 1166//1154 1169//1154 1170//1154
f 1166//1154 1171//1154 1172//1154
f 1166//1154 1173//1154 1174//1154
f 1166//1154 1175//1154 1176//1154
f 1166//1154 1177//1154 1178//1154
f 1179//1155 1180//1156 1181//1157
f 1179//1155 1181//1157 1182//1158
f 1183//1159 1184//1160 1185//1161
f 1183//1159 1185//1161 1186//1162
f 1187//1163 1188//1164 1189//1165
f 1187//1163 1189//1165 1190//1166
f 1191//1167 1192//1168 1193//1169
f 1191//1167 1193//1169 1194//1170
f 1195//1171 1196//1172 1197//1173
f 1195//1171 1197//1173 1198//1174
f 1199//1175 1200//1176 1201//1177
f 1199//1175 1201//1177 1202//1178
f 1203//1179 1204//1180 1205//1181
f 1203//1179 1205//1181 1206//1182
f 1207//1183 1208//1184 1209//1185
f 1207//1183 1209//1185 1210//1186
f 1211//1187 1212//1188 1213//1189
f 1211//1187 1213//1189 1214//1190
f 1215//1191 1216//1192 1217//1193
f 1215//1191 1217//1193 1218//1194
f 1219//1195 1220//1196 1221//1197
f 1219//1195 1221//1197 1222//1198
f 1223//1199 1224//1200 1225//1201
f 1223//1199 1225//1201 1226//1202
f 1227//1203 1228//1204 1229//1205
f 1227//1203 1229//1205 1230//1206
f 1231//1207 1232//1208 1233//1209
f 1231//1207 1233//1209 1234//1210
f 1235//1211 1236//1212 1237//1213
f 1235//1211 1237//1213 1238//1214
f 1239//1215 1240//1216 1241//1217
f 1239//1215 1241//1217 1242//1218
f 1243//1219 1244//1220 1245//1221
f 1243//1219 1245//1221 1246//1222
f 1247//1223 1248//1224 1249//1225
f 1247//1223 1249//1225 1250//1226
f 1251//1227 1252//1228 1253//1229
f 1251//1227 1253//1229 1254//1230
f 1255//1231 1256//1232 1257//1233
f 1255//1231 1257//1233 1258//1234
f 1259//1235 1260//1236 1261//1237
f 1259//1235 1261//1237 1262//1238
f 1263//1239 1264//1240 1265//1241
f 1263//1239 1265//1241 1266//1242
f 1267//1243 1268//1244 1269//1245
f 1267//1243 1269//1245 1270//1246
f 1271//1247 1272//1248 1273//1249
f 1271//1247 1273//1249 1274//1250
f 1275//1251 1276//1252 1277//1253
f 1275//1251 1277//1253 1278//1254
f 1279//1255 1280//1256 1281//1257
f 1279//1255 1281//1257 1282//1258
f 1283//1259 1284//1260 1285//1261
f 1283//1259 1285//1261 1286//1262
f 1287//1263 1288//1264 1289//1265
f 1287//1263 1289//1265 1290//1266
f 1291//1267 1292//1268 1293//1269
f 1291//1267 1293//1269 1294//1270
f 1295//1271 1296//1272 1297//1273
f 1295//1271 1297//1273 1298//1274
f 1299//1275 1300//1276 1301//1277
f 1299//1275 1301//1277 1302//1278
f 1303//1279 1304//1280 1305//1281
f 1303//1279 1305//1281 1306//1282
f 1307//1283 1308//1284 1309//1285
f 1307//1283 1309//1285 1310//1286
f 1311//1287 1312//1288 1313//1289
f 1311//1287 1313//1289 1314//1290
f 1315//1291 1316//1292 1317//1293
f 1315//1291 1317//1293 1318//1294
f 1319//1295 1320//1296 1321//1297
f 1319//1295 1321//1297 1322//1298
f 1323//1299 1324//1300 1325//1301
f 1323//1299 1325//1301 1326//1302
f 1327//1303 1328//1304 1329//1305
f 1327//1303 1329//1305 1330//1306
f 1331//1307 1332//1308 1333//1309
f 1331//1307 1333//1309 1334//1310
f 1335//1311 1336//1312 1337//1313
f 1335//1311 1337//1313 1338//1314
f 1339//1315 1340//1316 1341//1317
f 1339//1315 1341//1317 1342//1318
f 1343//1319 1344//1320 1345//1321
f 1343//1319 1345//1321 1346//1322
f 1347//1323 1348//1324 1349//1325
f 1347//1323 1349//1325 1350//1326
f 1351//1327 1352//1328 1353//1329
f 1351//1327 1353//1329 1354//1330
f 1355//1331 1356//1332 1357//1333
f 1355//1331 1357//1333 1358//1334
f 1359//1335 1360//1336 1361//1337
f 1359//1335 1361//1337 1362//1338
f 1363//1339 1364//1340 1365//1341
f 1363//1339 1365//1341 1366//1342
f 1367//1343 1368//1344 1369//1345
f 1367//1343 1369//1345 1370//1346
f 1371//1347 1372//1348 1373//1349
f 1371//1347 1373//1349 1374//1350
f 1375//1351 1376//1352 1377//1353
f 1375//1351 1377//1353 1378//1354
f 1379//1355 1380//1356 1381//1357
f 1379//1355 1381//1357 1382//1358
f 1383//1359 1384//1360 1385//1361
f 1383//1359 1385//1361 1386//1362
f 1387//1363 1388//1364 1389//1365
f 1387//1363 1389//1365 1390//1366
f 1391//1367 1392//1368 1393//1369
f 1391//1367 1393//1369 1394//1370
f 1395//1371 1396//1372 1397//1373
f 1395//1371 1397//1373 1398//1374
f 1399//1375 1400//1376 1401//1377
f 1399//1375 1401//1377 1402//1378
f 1403//1379 1404//1380 1405//1381
f 1403//1379 1405//1381 1406//1382
f 1407//1383 1408//1384 1409//1385
f 1407//1383 1409//1385 1410//1386
f 1411//1387 1412//1388 1413//1389
f 1411//1387 1413//1389 1414//1390
f 1415//1391 1416//1392 1417//1393
f 1415//1391 1417//1393 1418//1394
f 1419//1395 1420//1396 1421//1397
f 1419//1395 1421//1397 1422//1398
f 1423//1399 1424//1400 1425//1401
f 1423//1399 1425//1401 1426//1402
f 1427//1403 1428//1404 1429//1405
f 1427//1403 1429//1405 1430//1406
f 1431//1407 1432//1408 1433//1409
f 1431//1407 1433//1409 1434//1410
f 1435//1411 1436//1412 1437//1413
f 1435//1411 1437//1413 1438//1414
f 1439//1415 1440//1416 1441//1417
f 1439//1415 1441//1417 1442//1418
f 1443//1419 1444//1420 1445//1421
f 1443//1419 1445//1421 1446//1422
f 1447//1423 1448//1424 1449//1425
f 1447//1423 1449//1425 1450//1426
f 1451//1427 1452//1428 1453//1429
f 1451//1427 1453//1429 1454//1430
f 1455//1431 1456//1432 1457//1433
f 1455//1431 1457//1433 1458//1434
f 1459//1435 1460//1436 1461//1437
f 1459//1435 1461//1437 1462//1438
f 1463//1439 1464//1440 1465//1441
f 1463//1439 1465//1441 1466//1442
f 1467//1443 1468//1444 1469//1445
f 1467//1443 1469//1445 1470//1446
f 1471//1447 1472//1448 1473//1449
f 1471//1447 1473//1449 1474//1450
f 1475//1451 1476//1452 1477//1453
f 1475//1451 1477//1453 1478//1454
f 1479//1455 1480//1456 1481//1457
f 1479//1455 1481//1457 1482//1458
f 1483//1459 1484//1460 1485//1461
f 1483//1459 1485//1461 1486//1462
f 1487//1463 1488//1464 1489//1465
f 1487//1463 1489//1465 1490//1466
f 1491//1467 1492//1468 1493//1469
f 1491//1467 1493//1469 1494//1470
f 1495//1471 1496//1472 1497//1473
f 1495//1471 1497//1473 1498//1474
f 1499//1475 1500//1476 1501//1477
f 1499//1475 1501//1477 1502//1478
f 1503//1479 1504//1480 1505//1481
f 1503//1479 1505//1481 1506//1482
f 1507//1483 1508//1484 1509//1485
f 1507//1483 1509//1485 1510//1486
f 1511//1487 1512//1488 1513//1489
f 1511//1487 1513//1489 1514//1490
f 1515//1491 1516//1492 1517//1493
f 1515//1491 1517//1493 1518//1494
f 1519//1495 1520//1496 1521//1497
f 1519//1495 1521//1497 1522//1498
f 1523//1499 1524//1500 1525//1501
f 1523//1499 1525//1501 1526//1502
f 1527//1503 1528//1504 1529//1505
f 1527//1503 1529//1505 1530//1506
f 1531//1507 1532//1508 1533//1509
f 1531//1507 1533//1509 1534//1510
f 1535//1511 1536//1512 1537//1513
f 1535//1511 1537//1513 1538//1514
f 1539//1515 1540//1516 1541//1517
f 1539//1515 1541//1517 1542//1518
f 1543//1519 1544//1520 1545//1521
f 1543//1519 1545//1521 1546//1522
f 1547//1523 1548//1524 1549//1525
f 1547//1523 1549//1525 1550//1526
f 1551//1527 1552//1528 1553//1529
f 1551//1527 1553//1529 1554//1530
f 1555//1531 1556//1532 1557//1533
f 1555//1531 1557//1533 1558//1534
f 1559//1535 1560//1536 1561//1537
f 1559//1535 1561//1537 1562//1538
f 1563//1539 1564//1540 1565//1541
f 1563//1539 1565//1541 1566//1542
f 1567//1543 1568//1544 1569//1545
f 1567//1543 1569//1545 1570//1546
f 1571//1547 1572//1548 1573//1549
f 1571//1547 1573//1549 1574//1550
f 1575//1551 1576//1552 1577//1553
f 1575//1551 1577//1553 1578//1554
f 1579//1555 1580//1556 1581//1557
f 1579//1555 1581//1557 1582//1558
f 1583//1559 1584//1560 1585//1561
f 1583//1559 1585//1561 1586//1562
f 1587//1563 1588//1564 1589//1565
f 1587//1563 1589//1565 1590//1566
f 1591//1567 1592//1568 1593//1569
f 1591//1567 1593//1569 1594//1570
f 1595//1571 1596//1572 1597//1573
f 1595//1571 1597//1573 1598//1574
f 1599//1575 1600//1576 1601//1577
f 1599//1575 1601//1577 1602//1578
f 1603//1579 1604//1580 1605//1581
f 1603//1579 1605//1581 1606//1582
f 1607//1583 1608//1584 1609//1585
f 1607//1583 1609//1585 1610//1586
f 1611//1587 1612//1588 1613//1589
f 1611//1587 1613//1589 1614//1590
f 1615//1591 1616//1592 1617//1593
f 1615//1591 1617//1593 1618//1594
f 1619//1595 1620//1596 1621//1597
f 1619//1595 1621//1597 1622//1598
f 1623//1599 1624//1600 1625//1601
f 1623//1599 1625//1601 1626//1602
f 1627//1603 1628//1604 1629//1605
f 1627//1603 1629//1605 1630//1606
f 1631//1607 1632//1608 1633//1609
f 1631//1607 1633//1609 1634//1610
f 1635//1611 1636//1612 1637//1613
f 1635//1611 1637//1613 1638//1614
f 1639//1615 1640//1616 1641//1617
f 1639//1615 1641//1617 1642//1618
f 1643//1619 1644//1620 1645//1621
f 1643//1619 1645//1621 1646//1622
f 1647//1623 1648//1624 1649//1625
f 1647//1623 1649//1625 1650//1626
f 1651//1627 1652//1628 1653//1629
f 1651//1627 1653//1629 1654//1630
f 1655//1631 1656//1632 1657//1633
f 1655//1631 1657//1633 1658//1634
f 1659//1635 1660//1636 1661//1637
f 1659//1635 1661//1637 1662//1638
f 1663//1639 1664//1640 1665//1641
f 1663//1639 1665//1641 1666//1642
f 1667//1643 1668//1644 1669//1645
f 1667//1643 1669//1645 1670//1646
f 1671//1647 1672//1648 1673//1649
f 1671//1647 1673//1649 1674//1650
f 1675//1651 1676//1652 1677//1653
f 1675//1651 1677//1653 1678//1654
f 1679//1655 1680//1656 1681//1657
f 1679//1655 1681//1657 1682//1658
f 1683//1659 1684//1660 1685//1661
f 1683//1659 1685//1661 1686//1662
f 1687//1663 1688//1664 1689//1665
f 1687//1663 1689//1665 1690//1666
f 1691//1667 1692//1668 1693//1669
f 1691//1667 1693//1669 1694//1670
f 1695//1671 1696//1672 1697//1673
f 1695//1671 1697//1673 1698//1674
f 1699//1675 1700//1676 1701//1677
f 1699//1675 1701//1677 1702//1678
f 1703//1679 1704//1680 1705//1681
f 1703//1679 1705//1681 1706//1682
f 1707//1683 1708//1684 1709//1685
f 1707//1683 1709//1685 1710//1686
f 1711//1687 1712//1688 1713//1689
f 1711//1687 1713//1689 1714//1690
f 1715//1691 1716//1692 1717//1693
f 1715//1691 1717//1693 1718//1694
f 1719//1695 1720//1696 1721//1697
f 1719//1695 1721//1697 1722//1698
f 1723//1699 1724//1700 1725//1701
f 1723//1699 1725//1701 1726//1702
f 1727//1703 1728//1704 1729//1705
f 1727//1703 1729//1705 1730//1706
f 1731//1707 1732//1708 1733//1709
f 1731//1707 1733//1709 1734//1710
f 1735//1711 1736//1712 1737//1713
f 1735//1711 1737//1713 1738//1714
f 1739//1715 1740//1716 1741//1717
f 1739//1715 1741//1717 1742//1718
f 1743//1719 1744//1720 1745//1721
f 1743//1719 1745//1721 1746//1722
f 1747//1723 1748//1724 1749//1725
f 1747//1723 1749//1725 1750//1726
f 1751//1727 1752//1728 1753//1729
f 1751//1727 1753//1729 1754//1730
f 1755//1731 1756//1732 1757//1733
f 1755//1731 1757//1733 1758//1734
f 1759//1735 1760//1736 1761//1737
f 1759//1735 1761//1737 1762//1738
f 1763//1739 1764//1740 1765//1741
f 1763//1739 1765//1741 1766//1742
f 1767//1743 1768//1744 1769//1745
f 1767//1743 1769//1745 1770//1746
f 1771//1747 1772//1748 1773//1749
f 1771//1747 1773//1749 1774//1750
f 1775//1751 1776//1752 1777//1753
f 1775//1751 1777//1753 1778//1754
f 1779//1755 1780//1756 1781//1757
f 1779//1755 1781//1757 1782//1758
f 1783//1759 1784//1760 1785//1761
f 1783//1759 1785//1761 1786//1762
f 1787//1763 1788//1764 1789//1765
f 1787//1763 1789//1765 1790//1766
f 1791//1767 1792//1768 1793//1769
f 1791//1767 1793//1769 1794//1770
f 1795//1771 1796//1772 1797//1773
f 1795//1771 1797//1773 1798//1774
f 1799//1775 1800//1776 1801//1777
f 1799//1775 1801//1777 1802//1778
f 1803//1779 1804//1780 1805//1781
f 1803//1779 1805//1781 1806//1782
f 1807//1783 1808//1784 1809//1785
f 1807//1783 1809//1785 1810//1786
f 1811//1787 1812//1788 1813//1789
f 1811//1787 1813//1789 1814//1790
f 1815//1791 1816//1792 1817//1793
f 1815//1791 1817//1793 1818//1794
f 1819//1795 1820//1796 1821//1797
f 1819//1795 1821//1797 1822//1798
f 1823//1799 1824//1800 1825//1801
f 1823//1799 1825//1801 1826//1802
f 1827//1803 1828//1804 1829//1805
f 1827//1803 1829//1805 1830//1806
f 1831//1807 1832//1808 1833//1809
f 1831//1807 1833//1809 1834//1810
f 1835//1811 1836//1812 1837//1813
f 1835//1811 1837//1813 1838//1814
f 1839//1815 1840//1816 1841//1817
f 1839//1815 1841//1817 1842//1818
f 1843//1819 1844//1820 1845//1821
f 1843//1819 1845//1821 1846//1822
f 1847//1823 1848//1824 1849//1825
f 1847//1823 1849//1825 1850//1826
f 1851//1827 1852//1828 1853//1829
f 1851//1827 1853//1829 1854//1830
f 1855//1831 1856//1832 1857//1833
f 1855//1831 1857//1833 1858//1834
f 1859//1835 1860//1836 1861//1837
f 1859//1835 1861//1837 1862//1838
f 1863//1839 1864//1840 1865//1841
f 1863//1839 1865//1841 1866//1842
f 1867//1843 1868//1844 1869//1845
f 1867//1843 1869//1845 1870//1846
f 1871//1847 1872//1848 1873//1849
f 1871//1847 1873//1849 1874//1850
f 1875//1851 1876//1852 1877//1853
f 1875//1851 1877//1853 1878//1854
f 1879//1855 1880//1856 1881//1857
f 1879//1855 1881//1857 1882//1858
f 1883//1859 1884//1860 1885//1861
f 1883//1859 1885//1861 1886//1862
f 1887//1863 1888//1864 1889//1865
f 1887//1863 1889//1865 1890//1866
f 1891//1867 1892//1868 1893//1869
f 1891//1867 1893//1869 1894//1870
f 1895//1871 1896//1872 1897//1873
f 1895//1871 1897//1873 1898//1874
f 1899//1875 1900//1876 1901//1877
f 1899//1875 1901//1877 1902//1878
f 1903//1879 1904//1880 1905//1881
f 1903//1879 1905//1881 1906//1882
f 1907//1883 1908//1884 1909//1885
f 1907//1883 1909//1885 1910//1886
f 1911//1887 1912//1888 1913//1889
f 1911//1887 1913//1889 1914//1890
f 1915//1891 1916//1892 1917//1893
f 1915//1891 1917//1893 1918//1894
f 1919//1895 1920//1896 1921//1897
f 1919//1895 1921//1897 1922//1898
f 1923//1899 1924//1900 1925//1901
f 1923//1899 1925//1901 1926//1902
f 1927//1903 1928//1904 1929//1905
f 1927//1903 1929//1905 1930//1906
f 1931//1907 1932//1908 1933//1909
f 1931//1907 1933//1909 1934//1910
f 1935//1911 1936//1912 1937//1913
f 1935//1911 1937//1913 1938//1914
f 1939//1915 1940//1916 1941//1917
f 1939//1915 1941//1917 1942//1918
f 1943//1919 1944//1920 1945//1921
f 1943//1919 1945//1921 1946//1922
f 1947//1923 1948//1924 1949//1925
f 1947//1923 1949//1925 1950//1926
f 1951//1927 1952//1928 1953//1929
f 1951//1927 1953//1929 1954//1930
f 1955//1931 1956//1932 1957//1933
f 1955//1931 1957//1933 1958//1934
f 1959//1935 1960//1936 1961//1937
f 1959//1935 1961//1937 1962//1938
f 1963//1939 1964//1940 1965//1941
f 1963//1939 1965//1941 1966//1942
f 1967//1943 1968//1944 1969//1945
f 1967//1943 1969//1945 1970//1946
f 1971//1947 1972//1948 1973//1949
f 1971//1947 1973//1949 1974//1950
f 1975//1951 1976//1952 1977//1953
f 1975//1951 1977//1953 1978//1954
f 1979//1955 1980//1956 1981//1957
f 1979//1955 1981//1957 1982//1958
f 1983//1959 1984//1960 1985//1961
f 1983//1959 1985//1961 1986//1962
f 1987//1963 1988//1964 1989//1965
f 1987//1963 1989//1965 1990//1966
f 1991//1967 1992//1968 1993//1969
f 1991//1967 1993//1969 1994//1970
f 1995//1971 1996//1972 1997//1973
f 1995//1971 1997//1973 1998//1974
f 1999//1975 2000//1976 2001//1977
f 1999//1975 2001//1977 2002//1978
f 2003//1979 2004//1980 2005//1981
f 2003//1979 2005//1981 2006//1982
f 2007//1983 2008//1984 2009//1985
f 2007//1983 2009//1985 2010//1986
f 2011//1987 2012//1988 2013//1989
f 2011//1987 2013//1989 2014//1990
f 2015//1991 2016//1992 2017//1993
f 2015//1991 2017//1993 2018//1994
f 2019//1995 2020//1996 2021//1997
f 2019//1995 2021//1997 2022//1998
f 2023//1999 2024//2000 2025//2001
f 2023//1999 2025//2001 2026//2002
f 2027//2003 2028//2004 2029//2005
f 2027//2003 2029//2005 2030//2006
f 2031//2007 2032//2008 2033//2009
f 2031//2007 2033//2009 2034//2010
f 2035//2011 2036//2012 2037//2013
f 2035//2011 2037//2013 2038//2014
f 2039//2015 2040//2016 2041//2017
f 2039//2015 2041//2017 2042//2018
f 2043//2019 2044//2020 2045//2021
f 2043//2019 2045//2021 2046//2022
f 2047//2023 2048//2024 2049//2025
f 2047//2023 2049//2025 2050//2026
f 2051//2027 2052//2028 2053//2029
f 2051//2027 2053//2029 2054//2030
f 2055//2031 2056//2032 2057//2033
f 2055//2031 2057//2033 2058//2034
f 2059//2035 2060//2036 2061//2037
f 2059//2035 2061//2037 2062//2038
f 2063//2039 2064//2040 2065//2041
f 2063//2039 2065//2041 2066//2042
f 2067//2043 2068//2044 2069//2045
f 2067//2043 2069//2045 2070//2046
f 2071//2047 2072//2048 2073//2049
f 2071//2047 2073//2049 2074//2050
f 2075//2051 2076//2052 2077//2053
f 2075//2051 2077//2053 2078//2054
f 2079//2055 2080//2056 2081//2057
f 2079//2055 2081//2057 2082//2058
f 2083//2059 2084//2060 2085//2061
f 2083//2059 2085//2061 2086//2062
f 2087//2063 2088//2064 2089//2065
f 2087//2063 2089//2065 2090//2066
f 2091//2067 2092//2068 2093//2069
f 2091//2067 2093//2069 2094//2070
f 2095//2071 2096//2072 2097//2073
f 2095//2071 2097//2073 2098//2074
f 2099//2075 2100//2076 2101//2077
f 2099//2075 2101//2077 2102//2078
f 2103//2079 2104//2080 2105//2081
f 2103//2079 2105//2081 2106//2082
f 2107//2083 2108//2084 2109//2085
f 2107//2083 2109//2085 2110//2086
f 2111//2087 2112//2088 2113//2089
f 2111//2087 2113//2089 2114//2090
f 2115//2091 2116//2092 2117//2093
f 2115//2091 2117//2093 2118//2094
f 2119//2095 2120//2096 2121//2097
f 2119//2095 2121//2097 2122//2098
f 2123//2099 2124//2100 2125//2101
f 2123//2099 2125//2101 2126//2102
f 2127//2103 2128//2104 2129//2105
f 2127//2103 2129//2105 2130//2106
f 2131//2107 2132//2108 2133//2109
f 2131//2107 2133//2109 2134//2110
f 2135//2111 2136//2112 2137//2113
f 2135//2111 2137//2113 2138//2114
f 2139//2115 2140//2116 2141//2117
f 2139//2115 2141//2117 2142//2118
f 2143//2119 2144//2120 2145//2121
f 2143//2119 2145//2121 2146//2122
f 2147//2123 2148//2124 2149//2125
f 2147//2123 2149//2125 2150//2126
f 2151//2127 2152//2128 2153//2129
f 2151//2127 2153//2129 2154//2130
f 2155//2131 2156//2132 2157//2133
f 2155//2131 2157//2133 2158//2134
f 2159//2135 2160//2136 2161//2137
f 2159//2135 2161//2137 2162//2138
f 2163//2139 2164//2140 2165//2141
f 2163//2139 2165//2141 2166//2142
f 2167//2143 2168//2144 2169//2145
f 2167//2143 2169//2145 2170//2146
f 2171//2147 2172//2148 2173//2149
f 2171//2147 2173//2149 2174//2150
f 2175//2151 2176//2152 2177//2153
f 2175//2151 2177//2153 2178//2154
f 2179//2155 2180//2156 2181//2157
f 2179//2155 2181//2157 2182//2158
f 2183//2159 2184//2160 2185//2161
f 2183//2159 2185//2161 2186//2162
f 2187//2163 2188//2164 2189//2165
f 2187//2163 2189//2165 2190//2166
f 2191//2167 2192//2168 2193//2169
f 2191//2167 2193//2169 2194//2170
f 2195//2171 2196//2172 2197//2173
f 2195//2171 2197//2173 2198//2174
f 2199//2175 2200//2176 2201//2177
f 2199//2175 2201//2177 2202//2178
f 2203//2179 2204//2180 2205//2181
f 2203//2179 2205//2181 2206//2182
f 2207//2183 2208//2184 2209//2185
f 2207//2183 2209//2185 2210//2186
f 2211//2187 2212//2188 2213//2189
f 2211//2187 2213//2189 2214//2190
f 2215//2191 2216//2192 2217//2193
f 2215//2191 2217//2193 2218//2194
f 2219//2195 2220//2196 2221//2197
f 2219//2195 2221//2197 2222//2198
f 2223//2199 2224//2200 2225//2201
f 2223//2199 2225//2201 2226//2202
f 2227//2203 2228//2204 2229//2205
f 2227//2203 2229//2205 2230//2206
f 2231//2207 2232//2208 2233//2209
f 2231//2207 2233//2209 2234//2210
f 2235//2211 2236//2212 2237//2213
f 2235//2211 2237//2213 2238//2214
f 2239//2215 2240//2216 2241//2217
f 2239//2215 2241//2217 2242//2218
f 2243//2219 2244//2220 2245//2221
f 2243//2219 2245//2221 2246//2222
f 2247//2223 2248//2224 2249//2225
f 2247//2223 2249//2225 2250//2226
f 2251//2227 2252//2228 2253//2229
f 2251//2227 2253//2229 2254//2230
f 2255//2231 2256//2232 2257//2233
f 2255//2231 2257//2233 2258//2234
f 2259//2235 2260//2236 2261//2237
f 2259//2235 2261//2237 2262//2238
f 2263//2239 2264//2240 2265//2241
f 2263//2239 2265//2241 2266//2242
f 2267//2243 2268//2244 2269//2245
f 2267//2243 2269//2245 2270//2246
f 2271//2247 2272//2248 2273//2249
f 2271//2247 2273//2249 2274//2250
f 2275//2251 2276//2252 2277//2253
f 2275//2251 2277//2253 2278//2254
f 2279//2255 2280//2256 2281//2257
f 2279//2255 2281//2257 2282//2258
f 2283//2259 2284//2260 2285//2261
f 2283//2259 2285//2261 2286//2262
f 2287//2263 2288//2264 2289//2265
f 2287//2263 2289//2265 2290//2266
f 2291//2267 2292//2268 2293//2269
f 2291//2267 2293//2269 2294//2270
f 2295//2271 2296//2272 2297//2273
f 2295//2271 2297//2273 2298//2274
f 2299//2275 2300//2276 2301//2277
f 2299//2275 2301//2277 2302//2278
f 2303//2279 2304//2280 2305//2281
f 2303//2279 2305//2281 2306//2282
f 2307//2283 2308//2284 2309//2285
f 2307//2283 2309//2285 2310//2286
f 2311//2287 2312//2288 2313//2289
f 2311//2287 2313//2289 2314//2290
f 2315//2291 2316//2292 2317//2293
f 2315//2291 2317//2293 2318//2294
f 2319//2295 2320//2296 2321//2297
f 2319//2295 2321//2297 2322//2298
f 2323//2299 2324//2300 2325//2301
f 2323//2299 2325//2301 2326//2302
f 2327//2303 2328//2304 2329//2305
f 2327//2303 2329//2305 2330//2306
f 2331//2307 2332//2307 2333//2307
f 2331//2307 2334//2307 2335//2307
f 2331//2307 2336//2307 2337//2307
f 2331//2307 2338//2307 2339//2307
f 2331//2307 2340//2307 2341//2307
f 2331//2307 2342//2307 2343//2307
f 2344//2308 2345//2308 2346//2308
f 2344//2308 2347//2308 2348//2308
f 2344//2308 2349//2308 2350//2308
f 2344//2308 2351//2308 2352//2308
f 2344//2308 2353//2308 2354//2308
f 2344//2308 2355//2308 2356//2308
