<COLLADA xmlns="http://www.collada.org/2005/11/COLLADASchema" version="1.4.1">
  <asset>
    <contributor/>
    <created>2026-06-24T13:50:22.682466</created>
    <modified>2026-06-24T13:50:22.682481</modified>
    <unit name="meter" meter="1.0"/>
    <up_axis>Z_UP</up_axis>
  </asset>
  <library_effects>
    <effect id="effect_gimbal" name="effect_gimbal">
      <profile_COMMON>
        <technique sid="common">
          <phong>
            <emission>
              <color>0.0 0.0 0.0 1.0</color>
            </emission>
            <ambient>
              <color>0.0 0.0 0.0 1.0</color>
            </ambient>
            <diffuse>
              <color>0.6784313917160034 0.7098039388656616 0.7411764860153198 1.0</color>
            </diffuse>
            <specular>
              <color>1 1 1 1.0</color>
            </specular>
            <shininess>
              <float>0.0</float>
            </shininess>
            <reflective>
              <color>0.0 0.0 0.0 1.0</color>
            </reflective>
            <reflectivity>
              <float>0.0</float>
            </reflectivity>
            <transparent>
              <color>0.0 0.0 0.0 1.0</color>
            </transparent>
            <transparency>
              <float>1.0</float>
            </transparency>
          </phong>
        </technique>
        <extra>
          <technique profile="GOOGLEEARTH">
            <double_sided>0</double_sided>
          </technique>
        </extra>
      </profile_COMMON>
    </effect>
  </library_effects>
  <library_geometries>
    <geometry id="geometry0" name="gimbal">
      <mesh>
        <source id="cubeverts-array0">
          <float_array count="17295" id="cubeverts-array0-array">-0.03230058 0.02562241 0.01058544 -0.03230053 0.012193 -0.008779542 -0.0323005 0.03402769 -0.005048552 -0.03230045 0.02815845 0.009517206 -0.03230044 0.01565477 0.009236313 -0.03230041 0.01072657 0.00348415 -0.03230041 0.009779772 -0.002204706 -0.03230038 0.00990284 0.0007838721 -0.03230036 0.0107089 -0.006138444 -0.03230036 0.01964279 0.01081314 -0.03230027 0.01205661 0.005877189 -0.03230025 0.0140399 -0.01074337 -0.03230022 0.01566385 -0.008203737 -0.03230022 0.01739678 0.01010054 -0.03230021 0.0100649 -0.004129635 -0.03230021 0.01565934 -0.01191312 -0.0323002 0.01353702 0.007575065 -0.03230017 0.02973576 0.008476639 -0.03230016 0.02050508 -0.01063655 -0.03230015 0.03451598 -0.002508653 -0.03230014 0.02395119 0.007932199 -0.03230014 0.02813298 0.005976649 -0.03230014 0.01715712 -0.009339554 -0.03230014 0.03091164 0.002224046 -0.03230014 0.02700371 -0.00943739 -0.03230014 0.02976304 0.004234159 -0.03230014 0.03117499 -0.004192941 -0.03230013 0.01566156 0.005491901 -0.03230013 0.02140082 0.008060487 -0.03230013 0.02532992 -0.01024331 -0.03230013 0.01959367 0.007721446 -0.03230013 0.03156529 -0.002028177 -0.03230013 0.03152489 -0.0001793475 -0.03230012 0.01565998 0.005467994 -0.03230012 0.02619364 0.007177403 -0.03230012 0.03006031 -0.006521464 -0.03230011 0.01759355 0.006929874 -0.03230011 0.01272449 -0.001345819 -0.03230011 0.01359899 -0.005352568 -0.03230011 0.02279968 -0.01077985 -0.03230011 0.01359899 0.002653003 -0.03230011 0.01866984 -0.01011467 -0.03230011 0.02853724 -0.008313687 -0.03230009 0.03455869 -0.0006568003 -0.03230009 0.01565998 -0.008167561 -0.03230009 0.01292034 -0.003244992 -0.03230009 0.01689572 -0.01258532 -0.03230009 0.0326615 0.005255538 -0.03230008 0.01565997 -0.01190948 -0.03230008 0.01292075 0.0005472199 -0.03230008 0.01481612 -0.007268444 -0.03230006 0.01482794 0.004584436 -0.03229998 0.01566138 0.009246466 -0.03229995 0.03136802 0.006983713 -0.03229994 0.03426272 0.00141292 -0.03229993 0.02268507 0.01105906 -0.03229993 0.02645695 -0.0130073 -0.03229987 0.02888836 -0.01180212 -0.03229986 0.01885209 -0.01332563 -0.03229982 0.03363815 0.003400831 -0.03229979 0.02144896 -0.01373343 -0.03229975 0.02366304 -0.01367281 -0.03229968 0.03088238 -0.01020171 -0.03229958 0.03253863 -0.008188502 -0.0316005 0.01565844 -0.01138698 -0.03160038 0.01024309 -0.002250448 -0.03160034 0.01105384 -0.005775919 -0.03160028 0.01120088 0.003422689 -0.03160026 0.01028106 -2.686135e-05 -0.03160025 0.01189113 0.0006219788 -0.03160023 0.01565952 0.008683525 -0.03160022 0.01331204 -0.006901613 -0.03160021 0.01360545 -0.009730422 -0.03160019 0.01220927 -0.004522811 -0.03160017 0.01307668 0.006422668 -0.03160016 0.01051191 -0.004025034 -0.03160016 0.01270363 0.00306454 -0.03160015 0.01393137 0.005083525 -0.03160015 0.01565998 -0.009493592 -0.03160015 0.01060514 0.001692819 -0.03160014 0.01174893 -0.002122409 -0.03160014 0.01426814 0.007629576 -0.03160014 0.01475762 -0.008703866 -0.03160014 0.01565794 0.006812394 -0.03159844 0.01188177 0.004733314 -0.03159838 0.01186117 -0.007408952 -0.03150047 0.02574272 -0.01267498 -0.03150043 0.0174316 0.009571324 -0.03150039 0.01729471 -0.01060427 -0.03150038 0.03376448 -0.003902478 -0.03150033 0.03014453 0.00742778 -0.03150021 0.03238047 -0.007398619 -0.03150019 0.03340017 0.002449906 -0.03150016 0.02460728 -0.01148703 -0.03150016 0.03255582 -0.0004476127 -0.03150014 0.01994662 -0.01155625 -0.03150014 0.02251743 -0.01178739 -0.03150014 0.03149934 -0.006005033 -0.03150013 0.03215874 -0.004313137 -0.03150013 0.01565998 -0.009493594 -0.03150012 0.02632324 0.008218846 -0.03150012 0.01565998 0.006794028 -0.03150012 0.02683528 -0.01070253 -0.03150012 0.02434573 0.00885368 -0.03150012 0.03126688 0.003767537 -0.03150011 0.03038594 -0.007770626 -0.03150011 0.01765227 -0.01235566 -0.03150011 0.03217633 0.001578722 -0.0315001 0.02180762 0.009099845 -0.0315001 0.02830828 0.007089799 -0.03150009 0.01899045 0.008602957 -0.03150009 0.02895334 -0.009271833 -0.03150008 0.027229 -0.01208357 -0.03150008 0.03252962 -0.002518187 -0.03150008 0.02815467 0.00889268 -0.03150007 0.02991456 0.005631544 -0.03150005 0.02877847 -0.01120054 -0.03150004 0.03207606 0.005147554 -0.03150003 0.03398509 -0.0006539434 -0.03150002 0.02351488 -0.01315742 -0.03149995 0.01684626 0.007629965 -0.03149994 0.02186765 -0.01322511 -0.0314999 0.02643683 0.009737317 -0.03149988 0.02321221 0.01048229 -0.03149922 0.01930633 -0.01288676 -0.03149919 0.03050464 -0.009794193 -0.03149902 0.01566321 -0.01134396 -0.03149873 0.02121823 0.0104926 -0.03149863 0.01566206 0.008617221 -0.03149818 0.01921704 0.01017044 -0.03149678 0.02451769 0.0102867 -0.03091331 0.01865755 -0.01388776 -0.03082107 0.02437247 -0.01419016 -0.030762 0.02450398 0.01149465 -0.0307337 0.01877212 0.01130311 -0.0306889 0.02830731 0.005834073 -0.0306889 0.02905737 -0.007803008 -0.03068886 0.02625126 -0.00985186 -0.03068886 0.01271601 -0.001347094 -0.03068885 0.03098909 0.0020299 -0.03068885 0.01842156 0.007324452 -0.03068885 0.01368527 0.002833858 -0.03068885 0.01368527 -0.005533428 -0.03068885 0.03157218 -0.002036378 -0.03068884 0.02482883 0.00769224 -0.03068884 0.03018593 -0.006296031 -0.03068884 0.02764575 -0.009017856 -0.03068884 0.03152013 -0.0001842458 -0.03068883 0.02042148 0.007923116 -0.03068883 0.0227526 0.00808501 -0.03068883 0.02634657 0.007104904 -0.03068883 0.02986706 0.004091754 -0.03068883 0.03110934 -0.004395376 -0.03068883 0.01491806 -0.007394727 -0.03068883 0.01295307 0.0007043499 -0.03068883 0.01295307 -0.003403925 -0.03068883 0.01492229 0.004700513 -0.03068883 0.02466831 -0.0104388 -0.03068883 0.01565998 -0.008167562 -0.03068883 0.01565998 0.005467996 -0.03068882 0.01565998 -0.008167561 -0.03068882 0.01565998 0.005467994 -0.03068882 0.01647979 0.006183062 -0.03068882 0.02120199 -0.01073667 -0.03068881 0.02300917 -0.01074335 -0.0306888 0.01665891 -0.00901238 -0.03068876 0.01872139 -0.01015573 -0.03065235 0.009044492 -0.00138157 -0.03063786 0.01080367 0.005244133 -0.03057683 0.0156592 -0.009496761 -0.03057037 0.02565656 -0.01118151 -0.03056966 0.01078838 -0.007977117 -0.03056385 0.02883807 -0.009362355 -0.03055939 0.03154559 0.003182495 -0.03055774 0.01251982 -0.005314859 -0.0305561 0.029078 0.006444529 -0.03054813 0.03247151 -0.002876899 -0.03054592 0.03075617 -0.007242102 -0.03054376 0.02705731 0.01081461 -0.03054251 0.02745322 -0.01032667 -0.03053667 0.01702297 0.00771535 -0.03053516 0.02477712 0.008731924 -0.03053343 0.02343217 0.008989744 -0.03052987 0.01837914 0.008360039 -0.03052553 0.03124761 -0.01073281 -0.03052378 0.01930184 -0.0113692 -0.03052218 0.01371321 -0.007442433 -0.03051072 0.0201684 0.008882115 -0.03050914 0.02195835 0.00906603 -0.0305063 0.01173961 -0.00159093 -0.03050476 0.01565975 0.006780244 -0.03048729 0.03197973 0.002112432 -0.03048263 0.01566335 -0.009503628 -0.03047511 0.02698065 -0.01358137 -0.03047133 0.01495832 0.00617373 -0.03046543 0.01339444 0.004262999 -0.0304626 0.03256922 -0.001463208 -0.03045989 0.03203359 -0.004670918 -0.03045463 0.01197771 -0.003544278 -0.03045297 0.02597554 0.008337016 -0.03045228 0.02978642 -0.008431757 -0.03044945 0.0149892 -0.008885861 -0.03044943 0.01183578 -7.611821e-05 -0.03044699 0.01274051 0.003084472 -0.03044409 0.0122804 0.001910518 -0.0304416 0.01756489 -0.01069438 -0.03043924 0.01313103 -0.006517905 -0.03043712 0.02169092 -0.01174139 -0.03043523 0.02288808 -0.01173268 -0.03043494 0.02700956 0.007855684 -0.03043222 0.03230473 0.0009438254 -0.03042866 0.03250824 -0.0002873618 -0.03042734 0.03003338 0.005460415 -0.03042439 0.03142687 -0.006067218 -0.03041909 0.01427569 -0.00813237 -0.03041843 0.03081539 0.004418472 -0.03041483 0.01392991 0.005012086 -0.03041007 0.02799422 0.007258745 -0.0304097 0.02041077 -0.01159887 -0.03040867 0.01203063 0.0009968218 -0.03038904 0.01566095 0.006769537 -0.0303618 0.02415245 -0.01154452 -0.03035798 0.03419368 -0.006508271 -0.03032003 0.03499399 -0.004040561 -0.03029484 0.03051214 -0.007480352 -0.03027927 0.0285713 -0.009468405 -0.03027488 0.02441361 -0.01354028 -0.03027239 0.02435386 0.008763762 -0.03026147 0.03504318 0.001026242 -0.03023756 0.02878941 0.006562143 -0.03023368 0.01456819 0.005642599 -0.03023082 0.01186865 -0.002103149 -0.03021836 0.01859386 -0.01102881 -0.03021682 0.01629148 -0.009828528 -0.03020808 0.03145599 0.003112828 -0.03020454 0.03430529 0.003569914 -0.03019803 0.02685888 -0.01053062 -0.03019708 0.01779012 0.007978772 -0.03019403 0.03215689 -0.003840116 -0.03018668 0.01258947 -0.005172478 -0.03018067 0.02154992 0.008926671 -0.03016761 0.0156593 -0.009319385 -0.03016194 0.01987977 -0.0113748 -0.03015648 0.01917281 0.008495501 -0.03014658 0.02555444 -0.0110606 -0.03013579 0.03235994 -0.002588641 -0.0301174 0.01214079 -0.003584005 -0.03011204 0.01193108 -0.0006013756 -0.0301113 0.02699851 -0.01281308 -0.03011059 0.02967885 -0.008316524 -0.0301096 0.03161049 -0.005312826 -0.03010892 0.03201704 0.001484246 -0.03009026 0.03237619 -0.0005494229 -0.03009007 0.01680602 0.007388598 -0.03008483 0.01366377 -0.007059032 -0.03008251 0.009557467 -0.001360532 -0.03007905 0.02318159 0.008835446 -0.03007649 0.03046317 0.004629631 -0.03007176 0.02738082 0.007435122 -0.03007092 0.01232885 0.001463827 -0.03006768 0.02571312 0.008236182 -0.03006531 0.02762988 -0.009984555 -0.03006293 0.01472719 -0.008357899 -0.03006174 0.02043935 0.008731015 -0.03004289 0.02121205 -0.0115077 -0.03003237 0.01300169 -0.005820478 -0.03003125 0.01416403 0.004969617 -0.03003111 0.01727604 -0.01029611 -0.03003005 0.01307895 0.003305121 -0.03001178 0.02326534 -0.01147589 -0.03000637 0.03084941 -0.006646157 -0.02998562 0.02899042 -0.008869606 -0.02997778 0.02931808 0.005835194 -0.02997307 0.01566163 -0.009129917 -0.02996319 0.02697874 0.01017654 -0.0299471 0.01565624 0.006419872 -0.02994123 0.03146989 0.002551592 -0.02993913 0.03091111 -0.01017718 -0.02993665 0.02828759 0.006673996 -0.02992492 0.01375767 0.004223955 -0.02991568 0.01208992 -0.001628621 -0.02991336 0.02622497 0.007871014 -0.02989875 0.01926407 -0.01098119 -0.02989843 0.03077275 0.003829457 -0.02989701 0.03359458 -0.006178517 -0.02989314 0.01826165 0.007906061 -0.02988585 0.03200283 -0.003333596 -0.02988341 0.01566027 0.006310438 -0.02987689 0.03136791 -0.005364696 -0.02987593 0.03433442 -0.003829026 -0.0298735 0.02199565 0.008681268 -0.02987244 0.02489161 -0.01098269 -0.02987198 0.01229583 0.0004084517 -0.02986738 0.01260723 -0.004393518 -0.02985694 0.03197189 0.0006000316 -0.02984642 0.02785161 -0.009546904 -0.02983521 0.03458221 -0.001978445 -0.02983271 0.02430195 0.008376964 -0.029832 0.01962068 0.008280447 -0.02983019 0.0324596 -0.008334618 -0.02982602 0.01565969 -0.008894155 -0.02982531 0.03211032 -0.001550195 -0.02981776 0.01670482 -0.009641741 -0.02981519 0.01811135 -0.01042953 -0.02980943 0.0135091 -0.006201747 -0.02980299 0.02988562 0.00485383 -0.0297958 0.0212112 -0.01121597 -0.02979575 0.02998639 -0.007433532 -0.02979373 0.026091 -0.01043262 -0.02978794 0.0336379 0.003363273 -0.029782 0.01662766 0.006837772 -0.02977903 0.02669379 0.007437915 -0.02977757 0.01234054 -0.002427335 -0.02977538 0.02366474 -0.01109821 -0.02977178 0.03438154 0.0008966984 -0.02976586 0.01479281 0.00515339 -0.02975758 0.01451807 -0.007553334 -0.02975519 0.03116516 0.002577606 -0.0297537 0.01291331 0.001977639 -0.02973437 0.01566024 -0.008640036 -0.02972018 0.01566014 0.005903025 -0.02971569 0.01273424 -0.003657433 -0.02971478 0.0316124 -0.00351579 -0.02971305 0.02765189 0.006650127 -0.02971282 0.01386835 0.003702145 -0.02970838 0.0184633 0.007597661 -0.0297074 0.02885463 0.005635109 -0.02970422 0.02355214 0.008234971 -0.0297042 0.03091715 -0.005434456 -0.02970345 0.02749821 -0.009394402 -0.02970261 0.01912531 -0.01050952 -0.02970217 0.02074243 0.008205045 -0.02970216 0.01654524 -0.009175714 -0.02970202 0.01258708 -6.589228e-05 -0.02970176 0.02905924 -0.008120887 -0.0297008 0.03179235 -0.0007295407 -0.02970017 0.03108665 0.002591523 -0.0296976 0.02150779 -0.01093869 -0.02969662 0.01351076 -0.005521704 -0.02969268 0.02452843 -0.01064134 -0.0296909 0.01566011 0.005688508 -0.02968955 0.01565987 -0.008277776 -0.02940631 0.01566008 -0.01348205 -0.02938686 0.0205181 -0.01495439 -0.02937981 0.01565992 0.01080205 -0.02937655 0.01445247 0.01005565 -0.02937206 0.01565958 -0.01350976 -0.02936314 0.01680933 0.01134855 -0.02934749 0.01465454 -0.01292344 -0.02934608 0.01329376 -0.01187455 -0.02934582 0.01702589 -0.01415569 -0.02934513 0.0212214 -0.01504307 -0.02932356 0.01162272 0.007505373 -0.02932072 0.0156601 0.01084845 -0.02931884 0.01336449 0.009274788 -0.02931692 0.01770184 0.01170865 -0.02930741 0.01249247 0.008470262 -0.02930083 0.01018269 -0.00811132 -0.02929298 0.01248071 -0.01116894 -0.02928509 0.02079451 0.01234251 -0.02928339 0.01924249 0.01213568 -0.02927888 0.009623712 0.004323971 -0.0292543 0.01362233 -0.01225252 -0.02925237 0.0114256 -0.01003688 -0.02924873 0.008507489 0.000305594 -0.02924371 0.02187474 0.01241421 -0.0292404 0.01871162 -0.01475646 -0.02923668 0.02314359 -0.01507856 -0.02922599 0.0105429 0.006123935 -0.0292206 0.01010465 0.005360594 -0.02921961 0.009410986 -0.006598624 -0.02921331 0.00876586 0.001884089 -0.02921155 0.008460896 -0.002877259 -0.02921046 0.009029646 0.002838048 -0.02920773 0.008903594 -0.005126138 -0.02920467 0.008637671 -0.003979036 -0.02917576 0.0233941 0.01238997 -0.02915771 0.01440555 0.0103079 -0.02912848 0.01709452 0.01177576 -0.02912653 0.02036784 -0.01516887 -0.02911875 0.008326383 -0.0009167919 -0.02911817 0.01045416 -0.008870774 -0.02911524 0.02489804 0.01217845 -0.02911037 0.01565998 -0.01394022 -0.02910862 0.01566016 -0.01395237 -0.02910395 0.02200175 -0.01525226 -0.02910192 0.009780003 -0.007700689 -0.02910137 0.01565992 0.01126713 -0.02910105 0.008669115 -0.004559032 -0.02910011 0.009716412 0.004869532 -0.0290916 0.01566023 0.01136753 -0.02908943 0.01437907 -0.01315652 -0.02908899 0.01705251 -0.01454267 -0.02907583 0.01566097 0.01904163 -0.02907515 0.01565997 0.01894127 -0.02907166 0.01127466 0.007469938 -0.02906789 0.01906547 0.012387 -0.02906527 0.01565989 -0.01277223 -0.02906064 0.01565961 0.01007783 -0.02905741 0.02617587 0.01185916 -0.02905728 0.008369511 0.0006011957 -0.02905473 0.02518996 -0.01485718 -0.02905251 0.0144562 0.010715 -0.02905157 0.008278597 -0.002486329 -0.02904948 0.01327809 0.009694642 -0.02904834 0.01566015 -0.02178399 -0.0290407 0.01566043 -0.02179088 -0.02903963 0.0133858 -0.01256252 -0.02903899 0.01918307 -0.01518879 -0.02903419 0.02680148 -0.01434902 -0.02903049 0.01096472 -0.009888485 -0.02902689 0.01045234 0.006430534 -0.02902431 0.02399165 -0.01516901 -0.0290238 0.01694615 -0.01331271 -0.02901666 0.01218613 0.008708627 -0.02900522 0.0215968 0.01271486 -0.02900479 0.01207661 -0.0113074 -0.02900371 0.01566098 0.01932578 -0.02899866 0.01886658 0.01260899 -0.02899516 0.01432108 0.009244407 -0.02899309 0.01316794 0.01836873 -0.02898434 0.009006159 -0.006330597 -0.02898127 0.008782646 0.003019008 -0.02897969 0.01975812 -0.01548308 -0.02897591 0.01172051 0.006636308 -0.02896518 0.01340115 -0.01119879 -0.0289581 0.009369622 0.001566913 -0.02895526 0.01566012 -0.01272474 -0.02894954 0.014056 -0.02154448 -0.02894891 0.02036076 -0.02207651 -0.02894859 0.01565961 0.01944089 -0.02894805 0.0169421 0.01066616 -0.02894671 0.01061408 -0.009850617 -0.0289447 0.01099772 -0.01998289 -0.02894379 0.0104774 0.006968218 -0.02893888 0.02112827 -0.01434365 -0.02893805 0.009598936 -0.008049238 -0.02893319 0.02394863 0.0126103 -0.02893296 0.01185842 -0.009565276 -0.02892834 0.009463732 0.00514755 -0.02891552 0.01755685 -0.02226043 -0.02891354 0.01483014 -0.01236638 -0.02891207 0.01079562 0.005304057 -0.02891183 0.009329813 -0.004204691 -0.02891137 0.02240022 0.0129086 -0.02890677 0.009742618 0.01659837 -0.02890676 0.01870778 -0.01398093 -0.0289048 0.009922144 0.003499212 -0.028904 0.008091594 0.0005489357 -0.02890383 0.01849804 0.01122576 -0.02889963 0.008074605 -0.003408448 -0.02889823 0.008526721 -0.005612502 -0.02889608 0.01079289 -0.008011655 -0.0288934 0.008502815 0.003001921 -0.0288924 0.02774304 0.01133578 -0.02888751 0.009023868 -0.0005073723 -0.02888745 0.02328179 -0.01556017 -0.02888395 0.009906349 -0.006197878 -0.02888337 0.007908982 -0.001066865 -0.02888111 0.01253037 0.007692488 -0.0288765 0.02837298 -0.01372649 -0.02887471 0.02927526 -0.01316818 -0.02886398 0.02322742 0.01967359 -0.02885933 0.01989729 0.01155669 -0.02885368 0.01993478 0.01997349 -0.02885193 0.02476093 0.01260103 -0.02885192 0.01969813 -0.0224957 -0.02883378 0.007071136 -0.01696799 -0.02882991 0.02498721 -0.0153096 -0.02882938 0.0294944 0.01033494 -0.02882868 0.02137839 0.01172625 -0.02882656 0.01159523 -0.02079511 -0.02882539 0.01285496 0.01872404 -0.02882104 0.009119991 -0.003386113 -0.0288101 0.006006864 0.01278247 -0.02880784 0.01773747 0.01995882 -0.02879844 0.03025769 -0.01251738 -0.02879578 0.009325085 -0.01943814 -0.02879312 0.02695084 -0.01459466 -0.02879196 0.01309535 0.008388242 -0.02877996 0.010478 0.0175722 -0.0287754 0.01566058 0.0101957 -0.02876929 0.02030577 -0.01437293 -0.02876729 0.03069468 0.009441904 -0.02876193 0.02189858 -0.02260811 -0.02876111 0.02334892 0.02009504 -0.02875868 0.004344689 -0.01285466 -0.02875818 0.02249445 0.011762 -0.02875288 0.004033358 0.008459695 -0.02875161 0.0264996 -0.01496708 -0.02874733 0.01299353 -0.01106137 -0.02874563 0.003961077 -0.009903492 -0.02874511 0.0266129 0.01219297 -0.02874313 0.006984718 0.01465117 -0.02872139 0.01690202 -0.01356727 -0.0287157 0.02576193 0.01973579 -0.0287156 0.02527395 0.01136501 -0.02871213 0.008491833 0.01623708 -0.02870242 0.02590472 -0.0194796 -0.02870015 0.03110927 -0.01188185 -0.02869996 0.008964247 -0.002922258 -0.02869741 0.02751982 0.01178936 -0.02869524 0.006731142 -0.01728922 -0.02869354 0.01129641 0.006427278 -0.02869047 0.01454629 0.009750351 -0.0286873 0.004860415 -0.01479008 -0.02868726 0.02292963 -0.01448287 -0.02868636 0.02354131 0.01172461 -0.02868463 0.02696931 0.01078712 -0.02867587 0.01565906 -0.0132035 -0.02867531 0.009327918 0.002261512 -0.02866901 0.01009329 0.004359015 -0.0286647 0.004230822 0.01065718 -0.02865579 0.008924634 0.0002536987 -0.02865539 0.008833848 -0.001226235 -0.02864379 0.009596231 -0.005918289 -0.02864278 0.02435756 -0.01432347 -0.02864192 0.02939144 0.01063839 -0.0286395 0.005504697 0.01303569 -0.02863504 0.003540261 0.007969842 -0.02863464 0.03325385 -0.009484691 -0.02863345 0.02887037 -0.01380471 -0.02862741 0.003497884 -0.01019589 -0.02862595 0.003885504 -0.0129818 -0.02862155 0.03227672 -0.01074805 -0.02861247 0.02723854 -0.01341428 -0.02860121 0.01172853 -0.009880519 -0.0285908 0.02586689 -0.01397085 -0.02858884 0.01565926 0.01063931 -0.02858669 0.03200092 0.008306328 -0.02857368 0.01714884 0.01114413 -0.02857298 0.01026667 -0.007638626 -0.02857127 0.02868055 -0.01266604 -0.02856849 0.02901131 0.01114745 -0.02855721 0.0139968 -0.01223532 -0.02855568 0.02977815 -0.01327371 -0.02855262 0.02860869 0.01000314 -0.02855164 0.02545244 -0.02237972 -0.02852585 0.01908796 -0.01443519 -0.02852428 0.03591465 -0.001997607 -0.02852384 0.01891147 0.01170397 -0.02851598 0.02629414 0.02027065 -0.02851011 0.03394262 -0.00854681 -0.02850376 0.0312326 0.009224422 -0.02850324 0.009046585 -0.0198149 -0.02849989 0.03584842 -0.003189334 -0.02849609 0.01069112 0.01819699 -0.0284941 0.008969071 -0.004267713 -0.02849045 0.02046157 0.01199016 -0.0284897 0.03552209 -0.004858943 -0.02848614 0.01565823 -0.01359529 -0.02848475 0.0330724 0.007048316 -0.02847381 0.01299684 0.008865067 -0.02847323 0.03076462 -0.01259984 -0.02847203 0.03473656 -0.007087872 -0.02846803 0.009874666 0.004516928 -0.02846456 0.02115396 -0.01474152 -0.02845932 0.009729633 -0.02033736 -0.028459 0.03527694 -0.005754635 -0.02845141 0.01566041 -0.01341202 -0.02844346 0.01133335 0.007063956 -0.02844123 0.02993611 0.009129144 -0.02843552 0.01123051 -0.00961229 -0.02842754 0.03197277 -0.01137536 -0.02842535 0.01275239 -0.01144477 -0.02842512 0.02484834 -0.02293445 -0.02841938 0.01410625 0.01001003 -0.02841589 0.008011606 -0.01923299 -0.02841452 0.01150227 0.01874952 -0.02841216 0.01000356 -0.02068545 -0.02840839 0.02970118 0.0163416 -0.02839546 0.01565823 0.01129232 -0.02839504 0.009599918 0.01769253 -0.02839475 0.01063992 0.01820241 -0.02838103 0.01565966 -0.01413545 -0.028381 0.03077797 -0.01497376 -0.02837611 0.0328918 -0.01033601 -0.02837148 0.01538234 0.01759064 -0.02836849 0.01539481 -0.01929175 -0.02836672 0.01537158 -0.02080033 -0.0283664 0.01566015 -0.02157026 -0.02836486 0.01742132 -0.01428997 -0.02836305 0.0156602 0.01901669 -0.02836282 0.01503555 0.01690274 -0.02836253 0.01505057 -0.01859009 -0.0283623 0.0153996 0.018901 -0.02835655 0.03598219 -0.0008355535 -0.02835573 0.01511958 -0.02132965 -0.02835315 0.02838984 0.0200643 -0.02835269 0.009716495 -0.0203198 -0.02834975 0.0254335 0.01166015 -0.02834875 0.009241418 -0.01992549 -0.02834539 0.008463673 -0.00228712 -0.02834393 0.008462901 -0.01950229 -0.02833426 0.008442067 -0.0004550656 -0.02833063 0.03604101 -0.002629804 -0.02833039 0.02906565 -0.01261469 -0.02832976 0.009306154 -0.006342947 -0.02832945 0.008793583 0.00197521 -0.0283256 0.03134327 0.009533962 -0.02832386 0.01328565 -0.01255161 -0.02831918 0.01566013 0.01107174 -0.02831551 0.02680705 0.01117568 -0.02831218 0.01004052 -0.008176357 -0.02830434 0.0322593 -0.01148321 -0.02830322 0.02366372 0.01212926 -0.02830059 0.02280067 -0.01496385 -0.02830006 0.009244764 -0.01983634 -0.02829747 0.02182412 0.01233007 -0.02829611 0.01120264 0.007551033 -0.02829508 0.01162541 0.01886953 -0.02829171 0.01566195 -0.01414856 -0.02829021 0.01216474 0.008856492 -0.02827837 0.03265268 0.007911268 -0.02827828 0.01936025 0.01224455 -0.02827595 0.01490784 -0.0215678 -0.02827441 0.01124253 -0.01038738 -0.02827416 0.03374433 0.006238803 -0.02827398 0.01964503 -0.01499533 -0.02827111 0.009499682 0.004618919 -0.02827075 0.008605638 -0.004545692 -0.02827043 0.03043501 -0.01157135 -0.02826776 0.03586953 0.0005834085 -0.02826711 0.01745143 0.01188689 -0.0282668 0.035764 -0.00491642 -0.0282666 0.01056649 0.01810805 -0.02826493 0.01565998 0.01896566 -0.02826189 0.01566121 -0.02159158 -0.02825877 0.009991337 -0.02068843 -0.02825752 0.01110863 0.01837993 -0.02825396 0.009872925 -0.02034783 -0.02825053 0.01186141 0.01919359 -0.02823582 0.03346098 -0.009932035 -0.02822683 0.008454651 -0.01940573 -0.02822227 0.03479082 -0.007595721 -0.02821943 0.01003817 -0.02104047 -0.02821921 0.00951591 -0.007984067 -0.0282171 0.02897033 0.01006885 -0.02821016 0.009820727 0.0177501 -0.02820848 0.008876965 0.003711494 -0.02820821 0.01154865 0.01865764 -0.02820794 0.009722817 0.01644829 -0.02820615 0.02442393 -0.01485718 -0.02819903 0.01783328 0.01937528 -0.02819423 0.03141963 -0.01067522 -0.02819347 0.008095416 0.0002406028 -0.02819193 0.03429288 0.005369047 -0.02819028 0.01177276 0.01901638 -0.02818795 0.00803082 -0.002539941 -0.02818497 0.008268331 -0.004684806 -0.02817898 0.02763158 -0.01365794 -0.02817728 0.03061942 0.00873505 -0.02817667 0.03553858 0.002267097 -0.02817445 0.01475998 0.0183871 -0.02816516 0.008291811 -0.01806743 -0.02816108 0.01545977 -0.02070676 -0.02815862 0.03631684 -0.002642062 -0.02815722 0.01007531 -0.02068183 -0.02815668 0.02078907 0.01275332 -0.02815414 0.01475998 -0.02016664 -0.02815312 0.01191699 0.01944324 -0.02814985 0.03587969 -0.005426577 -0.02814812 0.03493803 0.004047552 -0.02814588 0.02276586 -0.01533203 -0.02814496 0.02113118 -0.01556957 -0.02814447 0.00898651 0.01744569 -0.02813605 0.03473213 -0.008186101 -0.02813551 0.02621541 -0.01441171 -0.02812719 0.007022968 -0.01886373 -0.02812551 0.03474681 -0.004991554 -0.02812499 0.01983187 -0.02216066 -0.02811974 0.007614114 -0.01907484 -0.02811806 0.03236311 0.006818461 -0.02811737 0.02791148 -0.02279698 -0.02811728 0.01496057 0.01657981 -0.02811673 0.03522905 -0.001590673 -0.0281113 0.01185396 0.01900267 -0.02810967 0.007676413 0.01496958 -0.02810853 0.02313814 0.01272267 -0.02810661 0.01546159 0.01911248 -0.02810364 0.01002172 -0.02099769 -0.02810149 0.03167912 0.007676594 -0.02809982 0.03258759 -0.009351839 -0.02809916 0.006363994 -0.01618997 -0.028099 0.006289914 0.01321733 -0.02809502 0.009953959 -0.02129943 -0.02808827 0.03332387 0.007491523 -0.02808358 0.02511998 0.0122551 -0.0280823 0.01545534 0.01743834 -0.02808111 0.005268363 -0.01458763 -0.02808009 0.01533827 0.01692424 -0.02807704 0.0322292 -0.01754496 -0.02806297 0.03630715 -0.0005216185 -0.02806258 0.02193022 -0.02214079 -0.02805913 0.007777455 -0.01794721 -0.0280589 0.02115956 0.01979017 -0.02805794 0.004259735 0.009121149 -0.0280506 0.005228586 0.01181138 -0.02804844 0.02369388 0.01960061 -0.02804654 0.004387411 -0.01303543 -0.02804297 0.02688901 0.01158213 -0.02803912 0.003938572 -0.008194303 -0.0280387 0.03348835 -0.008018436 -0.02803364 0.01487537 -0.01817386 -0.0280329 0.0351432 -0.003418199 -0.02803116 0.03414077 -0.006768929 -0.02802955 0.0336343 0.004884597 -0.02802869 0.02488099 -0.01530465 -0.02802246 0.007840931 0.01704772 -0.02801963 0.003887339 0.007379074 -0.02801875 0.01193415 0.01918421 -0.02801484 0.03518112 -8.395139e-05 -0.02801444 0.0100824 -0.02097705 -0.02801019 0.01184474 0.01939747 -0.02800444 0.01534444 -0.02143518 -0.02800137 0.007387628 0.01684427 -0.02799846 0.01523624 -0.01836073 -0.02799368 0.003849157 -0.01092097 -0.02798562 0.03406932 0.006455468 -0.02798278 0.01476 -0.01918443 -0.02798058 0.004895555 -0.01461393 -0.02797953 0.004088258 0.009680478 -0.0279685 0.03275522 0.0146029 -0.02796783 0.008410098 0.0171891 -0.02795422 0.03609498 0.001271356 -0.0279514 0.005998028 -0.01844464 -0.02794661 0.03090707 0.01984995 -0.0279441 0.00687343 -0.01878155 -0.02794355 0.01173314 0.01972264 -0.02794245 0.0267461 0.0120361 -0.02793792 0.03535663 -0.01036329 -0.02793296 0.01540557 0.01965454 -0.02793123 0.009848939 -0.02123957 -0.02793026 0.02505867 0.01980421 -0.02792999 0.02945911 -0.012888 -0.0279283 0.02759017 -0.01424855 -0.02792245 0.02568416 -0.01936528 -0.02792229 0.01475998 -0.02087793 -0.02790371 0.02899339 0.01051223 -0.02789326 0.02703453 0.01398338 -0.02789216 0.03229016 -0.01004166 -0.02789061 0.03526255 0.004138545 -0.02788883 0.03581204 0.002611369 -0.02788838 0.03488431 -0.005155072 -0.02788721 0.02325014 -0.02243818 -0.02788275 0.01169006 0.01960884 -0.02788051 0.01476 0.01731581 -0.02787528 0.03462587 0.002682489 -0.02784528 0.01521768 0.01652217 -0.02784037 0.01187368 0.01944154 -0.02783707 0.01371061 -0.02202955 -0.02782786 0.03539722 -0.0009825232 -0.02782723 0.03024295 0.009601957 -0.02782679 0.03506286 0.00119423 -0.02781272 0.02874362 -0.01389486 -0.0278108 0.006123927 -0.01856893 -0.02780902 0.01475998 0.01937339 -0.02780725 0.02659576 0.01980989 -0.02778687 0.01515276 -0.02189718 -0.02777114 0.03486458 0.008369347 -0.02776741 0.007349 0.01689348 -0.02776604 0.02540216 -0.0221908 -0.02776209 0.01489703 -0.02202726 -0.02775034 0.009794794 -0.02131758 -0.02774281 0.0326387 -0.02030417 -0.02773649 0.03381605 0.004873456 -0.02773369 0.02530578 0.02169846 -0.02773095 0.03126473 -0.01159321 -0.02771642 0.03197349 0.007881974 -0.02771603 0.02953209 0.01069329 -0.02770661 0.009429008 -0.02154314 -0.0276995 0.03555394 -0.002259425 -0.02769085 0.008265969 -0.01772281 -0.02768046 0.01565707 -0.02407969 -0.02767303 0.01313742 0.0207449 -0.02765474 0.01509484 -0.01798072 -0.02764045 0.03312394 0.006310582 -0.02764023 0.01141401 -0.02296265 -0.02763735 0.03096039 -0.01239107 -0.02763523 0.009224765 -0.02172528 -0.0276284 0.02943876 0.01654368 -0.02762064 0.02869645 0.0214556 -0.02761992 0.04077224 -0.004585661 -0.02761015 0.007450643 0.01595386 -0.02759399 0.001583672 0.009348376 -0.02759352 0.01142966 0.01973359 -0.02759283 0.001487083 -0.01173966 -0.02758747 0.03400418 -0.008068135 -0.02757593 0.02095233 -0.02461376 -0.02757571 0.03544666 -0.004427001 -0.02757459 0.03500449 -0.005895695 -0.0275631 0.01110343 0.01994751 -0.02756014 0.01495449 0.01614981 -0.02755253 0.03102431 0.009710181 -0.02754576 0.01565921 0.02152496 -0.02753906 0.01530085 0.02020673 -0.02752403 0.03580131 -0.002722133 -0.02751183 0.01099167 0.02010924 -0.02750786 0.006240473 0.01661928 -0.02750489 0.02335226 0.02068851 -0.02750473 0.01544862 -0.0183749 -0.02749531 0.03283314 -0.01032908 -0.02748665 0.01731139 -0.02455711 -0.02747229 0.002627439 -0.0156517 -0.02746812 0.01475998 -0.0213959 -0.027467 0.03570375 -0.0002546713 -0.02746259 0.005181126 -0.01829638 -0.02745232 0.03359282 0.01924126 -0.02745148 0.009238678 -0.02158717 -0.02744639 0.04128485 -0.001883401 -0.02744443 0.03268331 0.007602123 -0.02744149 0.02720335 -0.02255221 -0.02740882 0.01486298 -0.01776685 -0.02740739 0.01114028 0.01985359 -0.02740492 0.03432982 -0.008177992 -0.02740279 0.0315581 -0.02290905 -0.02738873 0.03542452 0.01473723 -0.02737989 0.03548978 -0.00584325 -0.02737632 0.03610889 -0.00316179 -0.02737396 0.01475998 -0.01854076 -0.02737051 0.0344974 0.004238292 -0.02736527 0.03238683 0.02068332 -0.02736414 0.04045161 -0.007860017 -0.02734679 0.01544082 0.01657497 -0.0273465 0.0008956083 -0.009111461 -0.02734223 0.01543372 -0.02174492 -0.02733987 0.03537333 0.001879114 -0.02733792 0.004405663 -0.01812251 -0.02733572 0.04032454 0.0002290261 -0.02733234 0.0008833725 0.007655674 -0.02733019 0.01519227 0.01617481 -0.02732874 0.01484098 -0.02227161 -0.02732609 0.03187416 0.01432551 -0.02732032 0.02513914 -0.02486934 -0.02731856 0.006191355 -0.01825382 -0.02731789 0.03622633 -0.001754597 -0.02731721 0.01566 0.02052151 -0.02730516 0.02174782 0.02230723 -0.02730266 0.01835733 0.02086269 -0.02730096 0.03714877 -0.01532034 -0.02728461 0.01499061 0.02055432 -0.02728247 0.007185273 0.01654661 -0.02725537 0.03347174 0.007078053 -0.0272425 0.02997577 0.02003657 -0.02724208 0.03205087 -0.01831087 -0.02723728 0.01178908 -0.02239796 -0.02723596 0.03057124 0.01956778 -0.02722235 0.03608143 0.0001911706 -0.02719506 0.01524904 -0.0221163 -0.02719226 0.01028347 0.02014812 -0.02718673 0.004933079 0.01628973 -0.02717657 0.02963817 -0.02204641 -0.02717198 0.007730236 0.01577954 -0.0271644 0.01051187 0.02001329 -0.02711941 0.03529752 -0.01070087 -0.02711323 0.009713233 -0.02174514 -0.02710605 0.03551583 0.002847522 -0.02709379 0.00281356 -0.01433528 -0.02709276 0.008388083 -0.02181091 -0.02708784 0.005123604 0.01640423 -0.02708739 0.03936401 -0.01212629 -0.02706826 0.03748259 0.01054547 -0.0270553 0.008059988 -0.02194098 -0.0270399 0.004746935 -0.01734329 -0.02703929 0.01532814 -0.01790121 -0.02703497 0.03901756 0.004856774 -0.02703421 0.01522496 0.02049419 -0.026997 0.003833957 -0.01804843 -0.02699001 0.001834874 0.008921657 -0.02698768 0.01542242 0.02022759 -0.02698761 0.01566 0.02108144 -0.02697405 0.02877226 -0.0249101 -0.02697281 0.03671605 -0.01873576 -0.02696982 0.03198151 -0.02079311 -0.02696771 0.0008051932 -0.01394781 -0.02694356 0.01476 0.01660453 -0.02693555 0.02740617 0.02266696 -0.02693299 0.01510293 -0.01768866 -0.02693275 0.007772141 -0.02212666 -0.02692278 0.03498957 0.008552194 -0.02692249 0.003110109 -0.01784826 -0.02690833 0.001573521 -0.0106165 -0.02690296 0.03248287 0.0216629 -0.02689204 0.01476 0.02001195 -0.02686861 0.04574938 -0.004034725 -0.02684872 0.005380151 0.01563495 -0.02684599 0.01515382 -0.02230699 -0.0268442 0.01497869 0.015913 -0.02681846 0.01523154 0.01606227 -0.02681456 0.001423409 0.01278113 -0.02680383 0.01475998 -0.01828913 -0.02680239 0.04082911 -0.004704714 -0.0267954 0.02790959 0.02140442 -0.02679292 0.009289242 0.02042312 -0.02678721 0.01490663 0.02071247 -0.02678237 0.009574454 0.02015783 -0.02677495 0.0340095 0.01674077 -0.02675301 0.00312571 -0.01796706 -0.02674436 0.01884567 -0.0244787 -0.02674435 0.01475998 -0.02173226 -0.02670419 0.03405988 -0.02304219 -0.02669441 0.01566008 -0.0242767 -0.02667071 0.01494697 -0.0224241 -0.02667037 0.03715176 0.01736958 -0.02666463 0.04043562 -0.006903506 -0.02665978 0.04116217 -0.001962668 -0.02665801 0.007469664 -0.02192757 -0.02663515 0.01246609 0.02081495 -0.02661004 0.0154434 -0.02195081 -0.02660905 0.04292389 -0.009835259 -0.02660647 0.003877563 0.01626354 -0.02660303 0.01489322 -0.01755414 -0.02660033 0.008812564 0.02031265 -0.02659681 0.04686223 -0.005758714 -0.02657975 0.0365804 -0.02092483 -0.02656966 0.003339779 0.01392727 -0.0265628 0.04028321 -4.433214e-05 -0.02655256 0.009854266 -0.02257972 -0.02654195 0.00110762 -0.01264466 -0.02654098 0.0008832827 0.007518289 -0.02653747 0.01544402 0.01633858 -0.02653535 0.03182503 -0.02274018 -0.02652446 0.03099417 -0.02507957 -0.02651504 0.04637174 -0.00183967 -0.02650459 0.01766571 0.02311722 -0.02650344 0.04354134 0.001025911 -0.02650231 0.0138683 -0.02556122 -0.02649812 0.03735305 -0.01450554 -0.02649473 0.01518262 0.02061937 -0.0264533 0.005579811 0.01560827 -0.02645253 0.008683309 0.02021818 -0.02645063 0.001681475 0.01167008 -0.02644728 0.00671292 -0.02202366 -0.02644477 -0.0006877638 -0.01026587 -0.02642665 0.0394373 -0.01054548 -0.02642107 0.03680279 0.01971491 -0.02641402 0.03411063 0.01949035 -0.02639689 0.01491236 0.01586122 -0.02636608 0.003145671 -0.01723265 -0.02636106 0.03052888 0.02162245 -0.02635129 0.0418073 -0.0134481 -0.02633809 0.03716184 0.01025878 -0.02633336 0.03657606 -0.01763227 -0.02632591 0.02303626 -0.02516315 -0.02630896 0.002131914 -0.01791755 -0.02627329 0.0390435 0.004134717 -0.02626377 0.02675534 0.02228527 -0.02625463 0.02355494 0.02240627 -0.02624041 9.187873e-05 -0.01541996 -0.02623539 0.0429224 0.003174918 -0.02621757 0.03530161 -0.02050185 -0.02619667 0.0156603 -0.02630852 -0.02618772 0.01544342 0.02025102 -0.02618502 0.03669929 0.02071414 -0.02616566 0.009264287 0.02017722 -0.02616432 0.0151626 0.01597414 -0.02615817 0.0496901 -0.00444763 -0.02615074 0.003005062 0.01625059 -0.02612863 0.04532291 -0.004051143 -0.02612569 0.01486314 0.02073585 -0.02611452 0.01565987 0.02346572 -0.02610765 0.01496838 -0.02241461 -0.02610669 0.04201604 0.005976178 -0.02610267 0.03459282 0.02022503 -0.02609886 0.01522071 -0.01772491 -0.02608292 -0.0006034506 0.01154853 -0.02606466 0.002413864 0.0161392 -0.02604 0.01544695 -0.018071 -0.02603658 0.03615556 0.02145489 -0.02603445 0.005850293 -0.02196354 -0.02603234 0.01045025 -0.0238096 -0.02602333 0.03640996 -0.02276317 -0.02601636 0.04968939 -0.006221226 -0.02601537 0.0323294 0.02317724 -0.02600892 0.008257716 -0.02259025 -0.02599133 0.007174318 0.02029254 -0.02598756 0.04072079 -0.01763966 -0.02598541 0.01534359 -0.02212455 -0.02598522 0.01517341 0.02059778 -0.02597911 0.02886235 -0.02504772 -0.02597243 0.01475998 0.0165935 -0.02595712 0.04258112 0.0006955573 -0.02595112 0.03693523 0.01683705 -0.02595007 0.007280806 0.02020327 -0.02594923 0.01475998 -0.02169856 -0.02594384 0.01012437 0.02083302 -0.02594373 0.0414236 0.009594256 -0.02592413 0.01498042 -0.01762227 -0.02592309 0.03353246 -0.02504364 -0.02592229 0.0496897 -0.002409841 -0.02590937 0.002412802 0.01627801 -0.02588772 0.01475998 0.01998608 -0.02588365 0.01475999 -0.01829894 -0.02586367 0.04235191 -0.01016561 -0.02582637 0.01538651 0.01629593 -0.02582559 0.04656304 -0.005849255 -0.02581517 0.0341435 -0.02295447 -0.02581402 0.003117114 0.0156015 -0.02580897 0.001184945 -0.01797646 -0.02578591 -0.0004252251 -0.01037908 -0.0257851 0.03345564 0.02164963 -0.02577947 0.006573763 0.02035718 -0.02577022 -0.001531195 0.01031963 -0.02576352 0.04460032 -0.008202744 -0.02576022 0.04969 -0.007349316 -0.02574643 0.001114975 -0.01611912 -0.02574524 0.01566018 -0.02570473 -0.02573287 0.01863566 -0.02589323 -0.02571703 0.004835982 -0.02209826 -0.02571528 0.004850574 -0.02197257 -0.02570815 0.01490661 0.01595462 -0.02569263 0.0050234 -0.02187821 -0.02566464 0.01411571 -0.02563974 -0.02566384 0.04511215 -0.01208051 -0.02564148 0.03064462 0.02405512 -0.02559973 0.0006187272 -0.01799847 -0.02559182 0.006117304 0.0201336 -0.02558499 0.04029893 -0.01587243 -0.0255672 -0.002124112 0.007966709 -0.02556602 -0.0002278311 0.01115267 -0.02556586 0.03784494 -0.01980519 -0.02556565 0.01504235 -0.02226409 -0.02556365 0.01400702 0.02277987 -0.02556066 0.01280184 0.02366534 -0.02555271 0.001845426 0.0163919 -0.02553592 0.04732521 -0.002079022 -0.02553316 0.007670074 0.02002804 -0.02551882 0.01521931 0.0161728 -0.02547826 0.01065191 0.02308461 -0.02547354 0.04889009 -0.004599995 -0.02546748 0.04887864 -0.00409438 -0.02545362 0.001410907 -0.01736032 -0.02545149 0.03629796 -0.02202916 -0.02544952 0.04889503 -0.00532748 -0.0254394 0.02728961 -0.02756413 -0.02543617 0.04720955 -0.007311068 -0.02543616 -0.001835716 -0.01415933 -0.02541969 0.004174396 -0.02179475 -0.02541309 0.04063927 0.01717842 -0.02541282 0.04968926 -0.0008537686 -0.02540351 0.03977832 0.01947641 -0.02538729 0.006517487 -0.02246675 -0.02537942 -0.0003373294 0.01439415 -0.02536812 0.009047601 -0.02548094 -0.02536322 0.01494287 -0.01778418 -0.02536111 0.04818349 -0.009911615 -0.02535326 0.02674733 -0.02632804 -0.02534745 0.04969409 -0.008555709 -0.02534522 0.04288638 0.003477161 -0.02534318 0.01500249 0.02048567 -0.02532302 0.04131662 0.007618057 -0.02531741 0.01533469 -0.01810311 -0.02530147 0.001289204 0.01649534 -0.02528598 0.01475998 0.01965506 -0.02528391 0.01544318 0.019932 -0.02528163 0.01475998 0.01693902 -0.02527845 0.01497909 0.01614916 -0.02527444 0.007912845 0.02068628 -0.02525232 0.01128875 0.02239711 -0.02524207 0.04473736 0.001334789 -0.02522769 0.01524753 0.02024494 -0.02522691 0.002114634 0.01578402 -0.02522053 0.03853707 0.02144124 -0.02521322 0.005033764 0.01992493 -0.0252039 0.04889334 -0.002243542 -0.02519988 -0.002688942 -0.009995434 -0.02519834 0.04889196 -0.0069202 -0.0251956 0.008292476 -0.02234034 -0.02517636 0.039752 -0.02157645 -0.02516004 0.03961298 0.02064609 -0.02515939 0.01475998 -0.01875983 -0.0251388 0.04968997 -0.003822459 -0.02512066 0.01476 -0.02123821 -0.02511992 0.00471787 -0.02155858 -0.02511489 0.0372342 0.02069246 -0.02511454 0.01543476 -0.02152867 -0.02510949 0.02040367 -0.02806434 -0.02510419 0.01545128 0.01690012 -0.02508411 0.0496899 -0.005746684 -0.02507998 2.201034e-05 -0.01831597 -0.02507079 0.01497346 -0.02203248 -0.02506889 0.02456314 0.02508699 -0.02506753 0.003080725 -0.02164719 -0.02505753 0.03304877 -0.02513863 -0.02504885 0.01524324 -0.02183086 -0.02502711 0.003151828 -0.02153554 -0.02502203 0.04724502 0.002294725 -0.02502024 0.03855162 0.01948944 -0.02497414 -4.124145e-05 0.01364932 -0.0249716 0.02916889 -0.02656518 -0.02495656 0.0287261 0.02513944 -0.02494871 -0.001547359 0.0103166 -0.02493418 0.004258325 0.01970246 -0.02492294 0.01487545 0.0202585 -0.02492271 0.04499914 -0.01159869 -0.02491656 0.0481231 -0.01146436 -0.02490603 0.01499243 -0.01808275 -0.02490209 0.01530292 0.0166717 -0.02489799 -0.001869174 -0.009034994 -0.02489668 -0.0003342627 -0.0184396 -0.02487938 0.01475998 0.01918145 -0.0248608 0.0004986281 -0.01763704 -0.02485871 0.0007688807 0.01683939 -0.02485594 0.04889676 -0.001102528 -0.02483533 0.03702349 -0.0246821 -0.02481624 0.04007289 0.01683718 -0.02481275 0.002443154 -0.0213362 -0.02480158 0.04786488 -0.009145762 -0.02479298 -0.002029792 0.008353128 -0.02479062 0.04935599 -0.0101244 -0.02477408 0.01498295 0.01648804 -0.02477218 0.04968858 0.0004603771 -0.02476837 0.04364239 0.005548358 -0.02476781 0.0425045 -0.01661494 -0.02475266 0.04751995 -0.004903691 -0.02474467 0.04818697 -0.003985345 -0.02472993 0.01476 0.01770168 -0.02472816 0.01537343 0.01958338 -0.02472669 0.04651997 -0.003703561 -0.02472042 0.01496258 -0.02175897 -0.02471984 0.01475998 -0.01943561 -0.02470867 0.01543621 -0.01895984 -0.02470687 0.01565903 0.02521388 -0.0247001 0.003389254 0.01968948 -0.02469887 0.01566118 0.02396853 -0.02468523 0.0190439 0.02541195 -0.02467627 0.001330231 0.01608924 -0.0246721 0.01475998 -0.02034307 -0.02467129 0.001948179 -0.02119573 -0.02466776 0.003225999 0.01941959 -0.02466768 0.04651997 -0.005860503 -0.02466319 0.01475998 0.01855833 -0.02465892 0.04752002 -0.003210215 -0.02465852 0.04889814 -0.008477666 -0.02465635 0.03070498 0.02405095 -0.02465321 0.004413793 -0.02209507 -0.02464497 -0.001527802 -0.0149558 -0.02464284 0.04751997 -0.006017307 -0.02464284 0.04751997 -0.00318218 -0.02462639 0.0481693 -0.006186028 -0.02462023 0.01517885 -0.01849561 -0.02458311 -0.00213489 -0.01328632 -0.02456758 0.01517692 0.01975223 -0.02456538 0.01539796 0.01731569 -0.02456164 -0.0004927996 -0.01888071 -0.02454871 0.04729336 0.001060276 -0.02451035 0.04968997 -0.001203868 -0.0245092 0.03538379 0.02279914 -0.02450088 0.03064178 -0.02833996 -0.02449784 0.0420541 0.01913952 -0.02449618 0.03959669 -0.0211289 -0.02449351 0.0005703908 0.01733755 -0.02449015 0.03566933 0.02406984 -0.02448421 0.002402328 -0.02080386 -0.02448345 0.0466007 0.005786622 -0.02448278 0.04751989 -0.006797048 -0.02448193 0.04713189 0.004440122 -0.02448038 0.04968542 -0.01022556 -0.02447695 0.04710172 -0.0148991 -0.02447587 0.001183445 -0.02093326 -0.02447526 0.04626525 -0.016106 -0.02447423 0.04818188 -0.002418072 -0.02447178 0.01544562 0.01873962 -0.02447001 0.04809167 -0.01339963 -0.02446579 0.04773794 0.003364735 -0.02446544 -0.002633105 -0.01622154 -0.02446022 0.01491964 0.01977859 -0.02445218 0.04890953 -0.01191495 -0.02443877 0.03840579 0.02120269 -0.02443864 0.01522869 -0.0211839 -0.02443464 0.002301056 0.01896005 -0.02442489 0.01543395 -0.02036072 -0.0244082 0.04347134 -0.01963626 -0.02439922 0.04825196 0.002776513 -0.02439814 0.01489639 -0.02139795 -0.02439748 -9.722669e-05 -0.01798118 -0.02439513 -0.0007120818 -0.01906843 -0.02439213 0.01536725 -0.01924803 -0.02438046 0.01486973 -0.01861409 -0.02437219 0.02724891 0.02464556 -0.02437166 0.03274181 0.02396228 -0.02436852 0.04160648 0.02043827 -0.0243666 0.01487764 0.01693658 -0.02434922 0.03237059 -0.02657825 -0.02434128 0.001737953 0.01865523 -0.02433158 0.001614207 -0.02032828 -0.02432792 0.04968988 -0.0084723 -0.0243274 0.001826922 0.01890513 -0.02431608 0.004835067 0.02004763 -0.0242871 0.000864189 0.01803057 -0.02428462 -0.0004270528 -0.01954515 -0.02428213 0.02787989 -0.02906108 -0.0242756 0.0002727678 -0.0203299 -0.02426518 0.01535834 0.01819457 -0.02424401 0.01517537 0.01739595 -0.02424215 0.01210501 -0.02708833 -0.0242205 0.04651997 -0.001605992 -0.0242205 0.04651997 -0.007593497 -0.02421967 0.01498563 0.01935738 -0.02419805 0.03183049 0.02569136 -0.02417791 0.002961291 -0.02164682 -0.02416728 0.0475223 -0.01179469 -0.02416658 0.03561378 -0.02515823 -0.02416361 0.04751997 -0.007741706 -0.02416361 0.04751997 -0.001457785 -0.02415476 0.03299216 -0.02807535 -0.02414631 0.01518177 0.01885377 -0.02413567 0.04752 -0.001379614 -0.02413353 0.01524262 -0.01981333 -0.02413333 0.01501902 -0.01914724 -0.02413256 -0.003090038 0.01344385 -0.02411417 0.01498656 0.01748671 -0.02409698 0.01515278 -0.0204657 -0.02408425 0.01490081 -0.02080013 -0.02407093 0.0111756 -0.02824185 -0.02404105 0.01489307 0.01895021 -0.02403914 0.04818602 -0.008052323 -0.0240359 0.03550945 -0.02695958 -0.02401472 0.04032303 -0.02343463 -0.02400591 0.03937027 0.0226088 -0.02399658 0.0412934 0.02139205 -0.02399392 0.04818462 -0.001052931 -0.02398556 0.0007104785 0.01681135 -0.0239776 0.01566008 -0.02932482 -0.02396682 0.01497251 0.0181764 -0.02396277 0.04751995 -0.004188341 -0.02395836 0.04889096 -0.01035186 -0.02395257 0.04474651 0.008785025 -0.0239517 0.01492041 -0.0198739 -0.02395024 0.04584882 0.005531852 -0.02394441 0.04852274 -0.004083201 -0.02394394 0.0034616 0.0195222 -0.02393399 0.04630142 0.004481934 -0.02393167 -0.002399803 0.01273214 -0.0239224 0.04248918 -0.01956182 -0.02392134 0.04267907 0.01493576 -0.02391634 0.04612143 -0.01498434 -0.02391607 0.04091247 0.02005261 -0.0239106 0.04856383 -0.01117884 -0.02390842 -0.0004334969 -0.01859826 -0.02390093 -0.0003288141 -0.02050762 -0.02390084 0.0470377 0.003286598 -0.0238996 0.04852104 -0.005568087 -0.02387769 0.04791902 0.002192963 -0.02387524 0.04739468 -0.01328311 -0.02385708 0.04751999 -0.005847338 -0.02385148 0.04888819 0.001183933 -0.02381276 -0.004663155 -0.008956094 -0.02381091 -0.004663108 0.009515721 -0.02380124 0.04751999 -0.008542449 -0.02379122 0.01565964 0.02520122 -0.02378775 0.04511773 0.007685198 -0.02376883 0.01935976 0.0252542 -0.02374903 0.03373603 0.02570616 -0.02374697 0.001395632 -0.02090346 -0.02372253 -0.00466402 -0.01359494 -0.02371032 0.004168895 0.02192895 -0.02370446 0.003522743 0.01885332 -0.02369538 0.04852063 -0.002587057 -0.02367904 0.04094379 0.01999268 -0.02366635 0.003303527 -0.02426542 -0.02365047 0.002055458 0.01878199 -0.02364841 0.04751996 -0.002418843 -0.02364209 0.0009747498 0.01772493 -0.02363666 0.04888992 0.0009620502 -0.02361008 0.04969043 0.002051475 -0.02360934 -0.0002310974 -0.01943002 -0.02358851 0.01566027 -0.02981576 -0.02358108 0.04851929 -0.006999125 -0.02357734 0.0003917174 -0.02017582 -0.02355279 -0.004662909 0.01190454 -0.02354592 0.04058765 0.02104461 -0.02352965 0.03946518 -0.02502771 -0.02352791 0.01358598 -0.02960628 -0.02349926 0.04775728 -0.01432099 -0.02348899 0.03940399 -0.02337786 -0.02347547 -0.002689946 -0.0164534 -0.02347258 -0.003963352 -0.01042656 -0.02346371 0.04440831 0.0123105 -0.02346371 0.04751993 -0.007349379 -0.02345652 0.04194129 0.01957461 -0.02345324 -0.003962851 0.008211723 -0.02344477 0.04536146 0.006959736 -0.02343931 0.04760561 0.00423326 -0.02343683 0.04866125 -0.01317056 -0.02343114 0.04582232 0.008117637 -0.02340695 -0.001769967 0.01507807 -0.02339109 0.004922927 0.0215706 -0.02337897 0.006388713 0.02392503 -0.02337596 0.04751998 7.231151e-05 -0.02335869 0.04891474 0.003044605 -0.02335115 0.04171397 0.02024969 -0.02334965 0.03748765 -0.02516231 -0.02334376 0.04685657 0.005319331 -0.02333633 0.04751997 0.0001292973 -0.02333633 0.04751997 -0.009328786 -0.02332064 -0.003963631 -0.01386529 -0.02331428 0.04672178 0.004038167 -0.0233096 0.03408418 -0.02871569 -0.02330658 0.04889012 -0.01060294 -0.02327213 -0.004662839 0.01289771 -0.02326909 0.03562831 0.02422528 -0.02325838 0.04690694 -0.01535412 -0.02325732 -0.00396403 0.01160105 -0.02324857 0.04211092 0.01394398 -0.02324522 -0.004663449 -0.01584816 -0.0232426 0.04717352 0.004868233 -0.02323718 0.04851971 -0.001332933 -0.0232365 0.007064899 -0.02746175 -0.02322338 0.007775844 -0.02664044 -0.02321706 0.04062373 0.0209837 -0.02320789 0.03987999 -0.02272556 -0.02320725 0.04651997 -0.009551443 -0.02320725 0.04651997 0.0003519565 -0.02318588 0.02961715 -0.02897791 -0.0231772 -0.002612724 0.01627234 -0.02315903 0.03686993 0.02502505 -0.02315341 0.03917053 -0.02375892 -0.0231534 0.048185 0.0003974221 -0.02313447 0.04818525 -0.009624437 -0.02313221 0.04606242 0.007393994 -0.02312804 0.03789305 0.02320556 -0.02310778 0.01133756 0.02529571 -0.02309269 0.04777864 0.003048659 -0.02307462 0.04148734 0.02095171 -0.02304728 0.04889047 -0.01142594 -0.02303967 -0.001696598 -0.01880118 -0.023024 0.002805122 -0.02345821 -0.02297974 0.04118362 -0.02113227 -0.02297709 0.03873147 -0.02475304 -0.02296848 0.005228424 -0.02539016 -0.02296039 0.04852213 -0.008418368 -0.02293538 0.006853381 0.02353466 -0.02293016 0.04801628 -0.01291648 -0.02287995 0.04751997 -0.00995787 -0.02286986 0.008287964 0.02563701 -0.02286761 0.03752274 -0.02743149 -0.02286295 0.03270285 -0.02852511 -0.02285162 -0.003963564 -0.01578949 -0.0228485 0.04607891 0.005153266 -0.02283965 0.04968982 0.001480578 -0.02280241 0.01238685 0.02701237 -0.02279206 0.04658265 -0.01461942 -0.0227868 0.04752003 -0.0004329565 -0.02277298 0.03849973 -0.02533834 -0.02273486 0.02085252 0.02761008 -0.02266673 0.04447878 0.006912385 -0.02266213 0.0006042402 0.02049254 -0.02264746 0.04450608 0.008245693 -0.02262662 0.02291832 -0.03116158 -0.02261781 0.008771626 0.02498502 -0.022617 0.04562902 0.006173681 -0.02260572 0.04202885 -0.02012298 -0.02260546 0.04687101 0.004189994 -0.02259856 0.0401815 -0.02365763 -0.02258651 0.01565997 0.0276066 -0.02257721 0.04761264 -0.01479319 -0.02255571 0.0407117 0.01610072 -0.02252954 0.04138544 -0.02214072 -0.02252718 0.04851914 -0.0001043861 -0.02246369 0.04145335 0.01768479 -0.02244834 -0.003963142 0.01397414 -0.02244641 0.04777001 -0.01350262 -0.02244158 0.02097684 -0.03013291 -0.02243501 0.0433977 0.009654819 -0.02242872 0.03545998 -0.02276335 -0.02241262 0.04888992 0.002307019 -0.02241062 0.03545998 -0.02315575 -0.02240622 0.03963672 -0.02463456 -0.02239783 0.0483707 0.004193226 -0.02239707 0.03590382 -0.02316467 -0.02238348 0.03445998 -0.0233367 -0.02237778 0.04068909 0.02339192 -0.02236995 0.04748913 0.004876954 -0.02236682 0.04631264 0.006654098 -0.02236398 0.03445998 -0.02207673 -0.02235597 0.04116542 0.01187837 -0.02235031 -0.0007304546 -0.02113217 -0.02234949 -0.004663495 0.01502349 -0.02234851 0.03595432 -0.02191865 -0.02234505 0.04030907 0.02202359 -0.02233783 0.04752005 -0.009403567 -0.02232925 0.04968981 -0.01245732 -0.02231333 0.04751997 0.001396795 -0.02230728 -0.0009572383 0.01804595 -0.0222863 0.03117092 -0.03102494 -0.02227896 0.03545998 -0.02156352 -0.02227057 0.02870594 -0.03149607 -0.02225774 0.01566038 -0.0303341 -0.02225315 0.04278688 0.007811833 -0.02225104 0.01155996 -0.03066192 -0.02223956 0.02505663 0.02816888 -0.02223604 0.03585736 -0.02426082 -0.0222349 0.03814403 -0.0264355 -0.02222193 0.02836514 -0.03035161 -0.02220658 0.04968984 -0.01130611 -0.02220547 0.01251728 -0.0298746 -0.02220502 0.03513468 -0.02824619 -0.02220313 0.03109724 0.02796127 -0.02219716 0.04751997 0.001509679 -0.02219639 0.03545995 -0.0243785 -0.02218017 0.02481215 0.0270936 -0.02215877 0.009634757 -0.02894617 -0.02215011 -0.004663663 -0.01819598 -0.02214713 0.03852565 -0.02324105 -0.02214094 0.03445998 -0.0245694 -0.0221349 0.03930119 -0.02552546 -0.02210714 0.03545998 -0.02467556 -0.0220883 0.03545995 -0.0208263 -0.02207439 0.03520825 -0.02962125 -0.02206561 0.0331143 -0.03063948 -0.02205565 0.04818231 -0.01084828 -0.02205408 0.03590587 -0.02076735 -0.02204873 0.0485191 -0.009702077 -0.0220391 0.01565985 -0.03045563 -0.02202953 0.0480233 0.003564315 -0.02201745 0.04288908 -0.01908635 -0.02200146 0.03006792 0.02714678 -0.02197632 0.03445998 -0.0205288 -0.02194856 0.03773827 -0.02384711 -0.02194202 0.04288097 -0.02034996 -0.02193747 -0.003963686 -0.01272963 -0.02193708 0.0457425 0.005865215 -0.02193573 -0.003963665 0.00998686 -0.02190946 0.04105024 0.02240088 -0.02189351 0.03545998 -0.02036838 -0.02189252 0.04888984 -0.01238551 -0.02188702 -0.003963818 -0.01794205 -0.02187625 -0.002917655 -0.01222408 -0.02186736 0.04751992 -0.01104109 -0.02186289 -0.00284279 0.005936401 -0.02185766 0.04860803 -0.01410356 -0.02185064 -0.002814375 0.0008554534 -0.0218464 0.03863129 -0.02798831 -0.02184616 0.04141927 0.01429628 -0.02184127 -0.002793401 0.009175874 -0.02183506 0.04969046 0.003619802 -0.0218139 0.04889026 0.003083704 -0.02180381 0.04278457 0.007400481 -0.02179861 -0.002718974 -0.01227881 -0.02179033 -0.00286701 0.01066086 -0.02178746 -0.002697716 -0.0002866815 -0.02178035 0.03992582 0.02324619 -0.02177913 0.03071273 -0.03048454 -0.02175774 0.03841393 -0.02134441 -0.02174943 0.04637256 -0.01609222 -0.0217444 -0.00284932 -0.01380065 -0.02173193 0.04535398 0.006909513 -0.02170944 -0.002594212 0.00660112 -0.02170259 0.04673194 0.005781145 -0.0216999 0.0358354 -0.025656 -0.02169566 0.04817936 0.00199306 -0.02168474 -0.002571078 -0.01001646 -0.02167847 0.03904764 -0.02641393 -0.02167563 0.04751996 -0.01118423 -0.02167202 0.04663707 0.004747281 -0.021668 -0.002558543 -0.001742791 -0.02164908 0.04651997 0.00200318 -0.02164757 0.03445998 -0.0257243 -0.0216312 0.02900755 0.02866951 -0.02162369 0.03456158 0.02760242 -0.02161936 -0.003963604 -0.01484405 -0.02160958 0.03545991 -0.02333249 -0.02160738 -0.002651647 0.01118523 -0.02160658 0.03596303 -0.02263134 -0.02160003 -0.002510611 0.009907292 -0.02159607 0.03545985 -0.02585873 -0.02159243 0.03545998 -0.02582113 -0.02156787 0.03285878 -0.03004984 -0.02156363 -0.002568841 -0.01378357 -0.02156082 0.04050097 0.02070834 -0.02155686 0.01566004 0.02754462 -0.02155197 0.04889004 -0.01218881 -0.02155101 -0.002472374 -0.001937789 -0.02154998 -0.003963621 0.01229218 -0.0215493 -0.002469055 -0.01241878 -0.02154386 -0.002885865 0.01193059 -0.02153748 0.04851913 0.001034835 -0.02152855 -0.002892908 -0.01484014 -0.0215249 0.03772932 0.02610554 -0.02149933 0.03546349 -0.01964533 -0.02149816 0.03597252 -0.02388721 -0.02149402 -0.002440849 0.007616327 -0.02148478 -0.002437868 -0.008095458 -0.02148321 0.0471158 -0.01444034 -0.02147608 0.03609192 -0.02154478 -0.02147466 0.043007 0.008154242 -0.02146114 0.03546 -0.02153723 -0.02144964 0.04625851 0.005132197 -0.02144605 0.04585461 -0.01546562 -0.02142243 0.03884211 -0.02043255 -0.02141298 0.04786733 0.004995504 -0.02140692 0.04787137 -0.01383443 -0.02139536 0.04751997 0.001165723 -0.02137925 0.03791501 -0.02762385 -0.02137708 -0.002622773 -0.01484046 -0.02133658 0.04652003 -0.01147145 -0.02132653 0.04735864 0.004347753 -0.02132649 0.0325322 0.02846895 -0.02131875 -0.002388645 -0.01185085 -0.02130953 -0.002928618 0.01257211 -0.02128572 0.03905051 0.01846907 -0.02128028 -0.004663611 -0.01274509 -0.02127244 0.03917375 0.01433852 -0.02127116 -0.002684647 0.01243534 -0.021257 -0.004663696 0.01023991 -0.02125568 -0.0023922 0.01105239 -0.02125424 0.03791998 0.0103462 -0.02125402 0.03692016 0.01037986 -0.02125307 0.03792002 0.01889105 -0.02124824 0.03925293 0.01027854 -0.02123911 0.03791865 0.01032426 -0.02123756 0.04688764 -0.01567106 -0.02122441 0.03791947 0.019118 -0.02121554 0.03692124 0.01914605 -0.02121084 0.04147538 0.009186723 -0.02121076 0.0346454 -0.02957034 -0.02119806 0.0395889 0.02148432 -0.02119334 0.04585536 0.005685349 -0.02118902 0.02762262 0.02804128 -0.02117883 -0.003080096 -0.01268282 -0.02117196 -0.003081899 0.009979067 -0.02117125 0.04642443 0.006316263 -0.02115715 0.0438523 -0.01917508 -0.02114589 0.0437159 -0.01807506 -0.02114571 0.03265243 0.02755104 -0.02114095 0.04768747 -0.01510957 -0.02112717 -0.002397198 -0.01454093 -0.02112233 -0.002530709 0.01241752 -0.02111993 -0.003961273 0.0164803 -0.02110637 0.04968846 -0.01324791 -0.02110255 0.03545998 -0.01903961 -0.0210949 0.0390001 0.01960077 -0.02109427 -0.003960635 0.01282309 -0.02109206 0.03596352 -0.02507063 -0.02108767 0.04052406 0.0119265 -0.0210543 0.03546002 -0.02516285 -0.02104919 -0.002952524 -0.01614462 -0.02102858 0.03791935 0.009645796 -0.02102728 -0.003080498 -0.01399026 -0.02101468 -0.00308083 0.01123379 -0.02100216 0.03445998 -0.01891739 -0.02099895 -0.002669694 0.01267731 -0.02099591 -0.004663743 0.01177139 -0.0209921 0.0369205 0.009558675 -0.02098636 0.04888983 0.00336157 -0.0209496 0.03039165 0.0281085 -0.02094609 0.04875232 0.004682196 -0.02093323 0.04035422 0.02137765 -0.02092975 0.03997357 0.01635316 -0.02092528 -0.002931476 0.01280934 -0.02092483 0.03445998 -0.02675144 -0.02091044 -0.004663679 -0.0149737 -0.02089937 0.04752003 0.002557918 -0.02089761 0.03546267 -0.02020225 -0.02087909 -0.004663602 -0.02038282 -0.02086371 0.03791998 0.009310086 -0.02086136 0.01565963 0.02940111 -0.02085972 0.008727701 0.02850925 -0.02085758 0.01189917 0.02922842 -0.02085736 0.01565992 -0.03305147 -0.02085722 -0.002405358 0.01234431 -0.02085588 0.009270233 -0.03158869 -0.02085076 0.03545998 -0.02683469 -0.02085038 0.01565771 -0.03307396 -0.02084787 0.03546563 -0.01878141 -0.02084507 -0.002717292 -0.01638368 -0.0208421 0.01223443 -0.03255277 -0.0208357 0.03791998 0.02022664 -0.02083505 0.007136256 -0.03067636 -0.02083463 0.03525142 0.02689541 -0.02083057 0.02841839 -0.03307401 -0.02082916 0.04700947 0.005645314 -0.02082555 0.009967277 0.0289141 -0.02082314 0.003066144 -0.02827866 -0.02081597 -0.004197823 0.01218942 -0.02080981 0.03837388 -0.02896864 -0.02080643 0.005322107 -0.02975116 -0.02080056 0.02985877 -0.0329268 -0.02079555 0.04751997 -0.01085381 -0.02079348 0.03754989 0.02680899 -0.0207927 0.03563298 0.02781507 -0.02078475 0.01367072 -0.03290074 -0.02078471 0.01565993 0.02946018 -0.02077829 0.02413659 0.02945691 -0.0207692 0.03692066 0.02031417 -0.0207689 0.03089626 -0.03272879 -0.02076106 -0.003080025 0.01213293 -0.02074718 0.01087876 -0.03224675 -0.02074662 0.001565468 -0.02721415 -0.02074302 0.03580328 -0.02697314 -0.02073156 0.03920122 0.009106145 -0.02072358 0.0387205 -0.02765417 -0.0207143 -0.003080191 -0.0151428 -0.02071168 0.03792003 0.02040173 -0.02071029 0.006787849 0.02784728 -0.02070671 0.03204042 -0.03243823 -0.02068332 0.03791783 0.009067152 -0.02067828 0.01118444 0.02925858 -0.02067563 -0.00464646 0.01259922 -0.02067167 -0.003536417 -0.02209994 -0.0206664 0.04851892 -0.01096622 -0.02065483 0.03320408 -0.03202059 -0.02065444 -0.004661614 0.0178812 -0.02065386 0.04818532 -0.01191378 -0.02065369 -0.003963656 -0.01709325 -0.02064531 0.02835096 0.02945054 -0.0206403 0.003725505 -0.02890531 -0.02063836 0.003845161 0.0261205 -0.02063691 0.01325154 0.02945253 -0.02063675 0.008455835 -0.03141433 -0.02061012 -0.0004111076 -0.02555535 -0.02060981 -0.0002610252 0.02276412 -0.02060479 0.037683 -0.02844757 -0.02060308 0.03724471 -0.02671497 -0.02060118 0.03898516 0.02055498 -0.02059303 -0.002057149 -0.0238775 -0.02059117 -0.00247616 0.02053156 -0.02058226 0.04885815 -0.01431624 -0.0205817 0.001434562 0.02429068 -0.02056994 0.03068336 0.02937337 -0.02056945 0.04888882 0.003794907 -0.02056721 0.00899935 0.02883354 -0.02053424 0.03545997 -0.0271601 -0.02052815 0.03464392 -0.03134954 -0.02052642 0.03741867 0.02597818 -0.02051878 0.03620407 -0.01959413 -0.0205048 0.01565987 0.02957277 -0.02049355 0.01244689 -0.03279021 -0.02049009 0.03692024 0.008830782 -0.0204899 0.04063903 0.02384224 -0.02047997 0.00605707 -0.03035387 -0.02047684 0.04018373 0.02521156 -0.02047244 0.03941994 0.0179611 -0.02047118 -0.002503746 -0.01672561 -0.02047096 0.03943538 0.0186877 -0.02045861 0.03941752 0.01052499 -0.02045711 0.005096091 0.02708859 -0.02045538 0.03791998 0.01046261 -0.02045369 0.004515267 -0.02949448 -0.02045037 0.03791998 0.01890485 -0.02044563 0.02255091 0.02957918 -0.02044529 0.02883629 -0.03321549 -0.0204441 0.01445038 -0.0331626 -0.02043904 0.01565998 -0.03325268 -0.0204315 0.0488892 -0.01320287 -0.02041874 0.01565983 -0.03325153 -0.02041658 0.007464197 -0.03105204 -0.02041378 0.01565997 0.02959203 -0.02040193 0.009137966 -0.03176953 -0.02039805 0.01263868 0.02949752 -0.02039759 0.02840672 -0.03239151 -0.02038524 0.01565994 0.02887944 -0.02038396 0.03767657 -0.02847204 -0.02038272 0.01051105 0.02925705 -0.0203745 -0.004663514 -0.02093702 -0.02037175 0.03324329 0.02897185 -0.02036949 -0.003541207 -0.02233202 -0.02036746 0.001703139 -0.02753992 -0.02036522 0.01117009 -0.03246369 -0.02036438 0.01456389 -0.03246295 -0.02035816 0.047758 0.004470967 -0.02035235 0.01298407 0.02880345 -0.02035061 0.01177507 -0.03190113 -0.02034999 0.02391089 0.02877703 -0.02034898 0.01565981 -0.03254656 -0.02034468 0.01140671 0.02866748 -0.02034421 0.0004168391 -0.02644238 -0.02034406 0.002836748 -0.02840261 -0.02033947 0.01318146 -0.03224692 -0.02033851 0.009729048 -0.03124468 -0.02033583 0.01565997 0.02878941 -0.02033576 0.008574566 0.02876808 -0.02033026 0.006996428 -0.03006019 -0.02032694 0.02798028 0.02956603 -0.02032441 0.01565996 -0.03245222 -0.02032436 -0.003880259 0.01910385 -0.02032183 0.0485194 0.001976923 -0.02031943 0.006991156 0.02815975 -0.02031295 0.009961419 0.02841696 -0.02030454 0.02923044 -0.03237913 -0.0202979 0.003234734 0.02589862 -0.02029637 0.003189922 -0.02778513 -0.02029559 -0.001225267 0.02202667 -0.02029385 0.004743147 -0.02882914 -0.02029229 0.03148825 -0.0318963 -0.02029107 0.03942668 0.009947608 -0.0202865 0.03063001 -0.0329888 -0.02028553 -0.004662544 0.01812822 -0.02027833 0.0019006 -0.02679354 -0.02027723 0.000259242 0.02344449 -0.0202642 0.008696912 0.02806307 -0.02025817 0.02843299 -0.03244992 -0.02024895 0.03596849 -0.02632273 -0.02024616 -0.001713986 -0.02439994 -0.02024233 -0.002585931 0.02060661 -0.02024232 -0.003046061 -0.02184344 -0.02024056 0.0003090465 -0.02540404 -0.02023761 0.005162714 0.02720177 -0.0202359 0.001980094 0.02492657 -0.02023509 0.03153222 -0.03277615 -0.02023042 0.02816058 0.02876314 -0.02022925 -0.001517137 -0.02356872 -0.02022225 0.02879304 -0.03324311 -0.02021743 0.007438617 0.02759044 -0.02021328 0.03342632 -0.03116432 -0.02021074 0.03941555 0.01967689 -0.02018758 -0.003963609 -0.0207215 -0.0201805 0.006049353 0.02689401 -0.02017692 0.03057647 -0.03217691 -0.02017606 -0.003955749 0.01791898 -0.02017606 -0.002165638 0.02003064 -0.02017505 0.02976395 0.02957559 -0.0201747 8.955679e-05 0.02235238 -0.02016753 0.04651993 0.002986567 -0.02016701 0.04751997 0.002071444 -0.02016433 0.004727971 0.02609547 -0.02016124 0.002635139 0.02455626 -0.0201608 0.03791998 0.009699492 -0.02015446 0.03755772 0.0271988 -0.02014765 0.0007001193 0.0229107 -0.02014371 0.04827908 -0.01493129 -0.02014058 -0.002803061 -0.01781227 -0.02014048 0.03546428 -0.01920926 -0.02012901 0.03545998 -0.02644991 -0.02011096 0.04436906 -0.01726427 -0.02010307 0.03948636 0.02483653 -0.0200991 0.04134022 0.008318307 -0.02009682 0.03012135 0.02876126 -0.02009366 0.03141785 0.02859529 -0.02007387 0.03904464 -0.01875383 -0.02006702 0.03791996 0.008471225 -0.02006446 0.03290704 -0.03237378 -0.02005619 0.03546177 -0.01804136 -0.02004175 0.04751996 -0.0122614 -0.0200396 0.0481194 0.005313677 -0.02003266 0.03587949 0.02815211 -0.02003253 0.03602074 -0.03079629 -0.02001989 0.03258991 -0.03164036 -0.02000838 0.03591841 -0.02986245 -0.02000755 0.03791999 0.02003932 -0.02000133 0.04969006 -0.01271288 -0.01999278 0.03152317 0.02945867 -0.01999148 0.03418742 -0.03181614 -0.01998263 0.04968989 0.003569903 -0.01997967 0.04299969 0.007544548 -0.01995683 0.0465944 0.005081386 -0.01994708 0.03942575 0.009436884 -0.01994295 0.03545998 -0.01794816 -0.01994208 0.04889019 -0.01309592 -0.01992146 0.033774 0.02810526 -0.01991458 0.03545998 -0.02767188 -0.01990507 0.03275293 0.02923931 -0.01987274 0.03791909 0.00835487 -0.0198524 0.03445998 -0.01788332 -0.01983001 0.03439341 -0.03082356 -0.019808 0.04969016 0.004684991 -0.01980593 0.03924341 0.00831113 -0.01980446 0.04047779 0.02444798 -0.01979795 0.04486176 -0.01793463 -0.0197797 0.04803461 -0.01417953 -0.0197747 0.03445998 -0.0277861 -0.0197743 0.03701754 -0.02738915 -0.01974408 0.03222214 0.02855562 -0.01973753 0.03960869 0.02453563 -0.01973663 0.04968963 -0.01391364 -0.01972475 0.03647062 0.02702378 -0.01970591 0.04638158 -0.01514996 -0.01970303 0.03419654 0.02889153 -0.01967152 0.04751995 0.00322307 -0.01965484 0.03577449 -0.02784557 -0.0196479 0.03692088 0.008255326 -0.01964226 0.04001618 0.02218811 -0.01964131 -0.004663848 -0.0175781 -0.01962374 0.03799681 0.02611978 -0.01956272 0.04818474 0.003289711 -0.01955198 0.03791998 0.009099034 -0.01953121 0.03942648 0.009094718 -0.01953111 -0.002791016 -0.01881305 -0.01952819 0.04651575 0.006159556 -0.01946625 0.04727472 -0.01558005 -0.01945259 0.03752993 -0.02902605 -0.01944799 0.03474432 0.02788419 -0.01941571 0.03607871 0.02820516 -0.01941018 -0.003960054 -0.01909956 -0.01940866 -0.002945427 -0.01897751 -0.01937324 0.03858307 0.02679523 -0.01936718 0.0358662 0.02743585 -0.0193511 0.03546001 -0.02804963 -0.01934611 0.04651998 -0.01256186 -0.01932134 0.03546157 -0.01849509 -0.01932013 0.03746764 -0.02926735 -0.01925389 -0.002507032 -0.01875945 -0.01924406 0.03596526 -0.02716209 -0.01923764 0.04005169 0.02584104 -0.01923634 0.0354611 -0.01751412 -0.01922325 0.03785388 0.02730653 -0.01921282 0.04782315 0.004746011 -0.01920485 -0.002777796 -0.01901752 -0.01920385 0.03892339 0.02205487 -0.019202 0.04751997 -0.0126175 -0.0191869 -0.002400518 -0.01853242 -0.01917182 0.03811639 -0.02994921 -0.01916883 0.03791999 0.02209099 -0.01913734 0.04817683 -0.01264134 -0.01913045 0.03691998 0.02212512 -0.019123 0.03545998 -0.02723899 -0.01912116 0.04709674 0.00583811 -0.01911248 0.04848228 -0.0149805 -0.01909204 -0.003079913 -0.01837932 -0.01906498 0.03842498 -0.02877046 -0.01904859 -0.004307716 -0.01851319 -0.01902256 0.03712403 0.02682015 -0.01898874 0.03627998 -0.018264 -0.01898684 0.04751995 -0.0118678 -0.01898238 0.03692059 0.008035351 -0.01897583 0.03791967 0.008032068 -0.01897284 0.03791998 0.008024823 -0.01892887 0.04852189 -0.01186868 -0.01892157 0.04888972 0.004302302 -0.01892087 0.04851994 0.002670116 -0.01890451 0.03938681 0.02534577 -0.01889998 0.03943219 0.0088293 -0.01889553 0.04486898 -0.01664483 -0.01887253 0.04039307 0.02486852 -0.01886198 0.03926022 0.008017799 -0.01885804 0.04597348 0.005606953 -0.01885734 0.03545998 -0.01731779 -0.01882952 0.04775677 -0.01451247 -0.01882479 0.03545998 -0.02829613 -0.01880333 0.03791998 0.008814765 -0.01880038 0.04889017 0.004450069 -0.01877955 -0.004655806 -0.01898605 -0.01875528 0.03445998 -0.01727317 -0.01875191 0.04751997 0.003592599 -0.01872996 0.04664246 0.006062464 -0.01867512 0.03943105 0.02146495 -0.01866476 0.04841581 0.005514524 -0.01864903 0.04889003 -0.01380891 -0.01862392 0.04751993 0.002778103 -0.01851066 0.03597268 -0.02756509 -0.01849233 0.04651997 0.003648665 -0.01844454 0.03792007 0.02278896 -0.01838135 0.0315604 -0.03205218 -0.01836269 0.03575591 -0.02849382 -0.01835564 0.04070964 -0.0176214 -0.01834273 0.03445998 -0.02848443 -0.01830944 0.03546118 -0.01711065 -0.01829501 0.03953177 0.02499665 -0.01828046 0.03740914 -0.02948151 -0.01826794 0.03371358 -0.03137593 -0.01824654 0.04968627 -0.0143336 -0.01824304 0.03791998 0.02185706 -0.01821295 0.04751997 0.003723015 -0.01819047 0.04969017 0.005153698 -0.01811958 0.04546157 -0.01719497 -0.01798152 0.04625891 0.005365417 -0.0179774 0.03546139 -0.01784021 -0.01797168 0.03545995 -0.02777362 -0.01795441 -0.004607253 -0.02105834 -0.01795259 -0.00460624 0.01823138 -0.01793232 0.03886764 0.02318358 -0.01791094 0.03597651 -0.02780076 -0.0178926 0.03485596 -0.03180613 -0.01786216 -0.003935812 -0.02077971 -0.01785793 0.04889014 -0.01375275 -0.01785281 -0.003935242 0.01794942 -0.01784761 0.01031632 0.02922069 -0.01782338 0.04784284 -0.01541003 -0.01780227 0.04642599 -0.01610521 -0.01775819 0.01075912 0.02858433 -0.01774581 0.03941232 0.02541934 -0.01774008 -0.001454527 -0.02369158 -0.01773924 -0.001914802 0.02033393 -0.01773526 0.04751997 -0.01304181 -0.01767386 0.00173409 -0.02668508 -0.01767088 0.0007691435 0.02298898 -0.01766231 0.03692031 0.02338589 -0.01765081 -0.003096458 0.01131302 -0.01765066 -0.003103137 -0.01749204 -0.0176472 0.03733112 -0.02978207 -0.01764202 0.03545999 -0.02869464 -0.01763037 -0.002558582 -0.02351126 -0.01762771 0.003207593 0.02502527 -0.01761902 -0.00275991 0.02043682 -0.01761574 0.005196272 0.02641757 -0.01760601 -0.004808734 0.009118558 -0.01760437 0.003681218 -0.02814637 -0.01759579 0.0481819 0.003847745 -0.01758828 0.04790089 -0.01451383 -0.01757603 -0.005952976 -0.01379523 -0.01757163 0.03791999 0.02345901 -0.01756657 -0.006314884 0.006961118 -0.01755904 -0.00660228 -0.01221281 -0.01755779 -0.006649748 0.0056835 -0.01754901 -4.146881e-05 0.02319448 -0.01753738 0.0003577133 -0.02639969 -0.01752823 0.04968986 -0.01349598 -0.01752389 0.04672945 -0.01586611 -0.01749687 0.0478636 0.004963375 -0.01749619 0.001884964 -0.02770098 -0.01747759 0.0026134 0.02545579 -0.01746618 0.048236 0.005701557 -0.01745202 0.04519824 -0.01626079 -0.01744708 0.006988118 0.02739245 -0.01742535 0.004670071 0.02690834 -0.01741953 0.0382867 -0.02929095 -0.0174105 0.04851869 0.003066655 -0.01740396 0.04851929 -0.01226787 -0.01740264 0.04647391 -0.01509946 -0.01739492 0.04052872 -0.01738307 -0.01738737 0.003784624 -0.02906644 -0.01738056 0.03545998 -0.01685911 -0.01735122 -0.003960788 0.01286006 -0.01735111 -0.003956858 -0.01914678 -0.01735097 -0.003941985 -0.02049355 -0.01735067 -0.003939879 0.0176733 -0.01733121 0.04818945 -0.01310179 -0.01732157 -0.002845737 0.0128031 -0.0173126 -0.002503039 0.01254846 -0.0173042 -0.002799755 -0.02032362 -0.01730229 -0.002366871 0.01199984 -0.01729863 0.03545998 -0.02875329 -0.01729188 -0.00175197 -0.02315075 -0.01728891 0.006808621 0.02809076 -0.01727891 -0.001244742 0.02086895 -0.01726215 -0.001285569 -0.02206718 -0.01725969 0.04890466 0.004652069 -0.01725891 0.03319958 -0.03244441 -0.01725584 -0.002720231 -0.01901126 -0.01724126 0.03546111 -0.01685777 -0.01722418 0.03445998 -0.01683541 -0.01720893 0.04651997 -0.01312048 -0.01717828 0.0009015981 -0.02401617 -0.01717178 0.0010405 -0.02579782 -0.01716124 -0.00237828 0.01171164 -0.01715426 0.003625859 0.02510332 -0.01714407 0.04662124 0.005214629 -0.01713843 0.0394187 0.02278696 -0.01713762 0.003755709 0.01223224 -0.01713443 -0.002417344 -0.02037382 -0.01713156 -0.002572969 -0.01981964 -0.01711837 0.03445998 -0.02876412 -0.01709351 -0.0009928657 -0.02193723 -0.01707323 0.04968999 0.004330043 -0.01704826 0.03546054 -0.01764079 -0.01703782 0.003658766 0.01192035 -0.01703105 0.03886092 0.02375825 -0.01702039 0.04875626 -0.01499425 -0.01699205 0.004196413 0.01209934 -0.01698468 0.04751997 -0.01314405 -0.01697467 0.001412643 -0.02698789 -0.01697431 0.03791985 0.02377414 -0.01694337 -0.002190495 -0.02045534 -0.0169172 0.04571014 -0.0156915 -0.01691539 0.00444132 0.02553416 -0.01689251 0.001237124 -0.02388925 -0.01689164 0.03791999 0.0229435 -0.0168811 0.04751997 -0.0123348 -0.01687829 0.0369208 0.02381949 -0.01686889 0.001619239 -0.02443941 -0.01684645 0.03689396 0.02785191 -0.01683514 0.003867634 0.01174541 -0.01682283 -0.002379754 0.01147856 -0.01682092 0.03734079 -0.02974104 -0.016817 -0.002391409 -0.01858071 -0.01680957 0.0005500197 -0.02319035 -0.01680902 0.005362151 -0.02920438 -0.01680466 -0.002377506 -0.01985976 -0.01679708 -0.006649943 -0.01182957 -0.0167958 -0.006601449 0.006069232 -0.01678983 -0.00115456 -0.02150009 -0.01678841 -0.006319348 -0.0130996 -0.01677877 -0.005950453 0.007648005 -0.01677077 -0.002206455 -0.02032118 -0.01674899 -0.004813609 -0.01527228 -0.01673352 0.01347559 -0.03231833 -0.01672782 0.03545997 -0.02799731 -0.0167273 0.04651997 0.003945019 -0.01671933 0.004458942 0.01184957 -0.01670477 -0.003116227 0.0112965 -0.01670454 -0.003111211 -0.01745162 -0.016703 0.04566435 -0.01695839 -0.01669281 0.008277002 0.02792838 -0.01668087 0.0134031 -0.0330143 -0.01667414 0.03597104 -0.02800354 -0.01666946 -0.004654943 0.01727098 -0.01666922 -0.004646641 0.01268895 -0.01666891 -0.004636258 -0.02025717 -0.016668 0.04652407 0.006126375 -0.01666779 -0.00459321 -0.01879666 -0.01666506 -0.004494939 0.01783138 -0.01666327 -0.004421162 -0.02078195 -0.01666061 -0.00432307 0.01222336 -0.0166558 -0.004142424 -0.01846223 -0.0166353 0.0003964745 -0.02299587 -0.01662753 -0.003080025 -0.01838471 -0.01662753 -0.003080025 0.01213298 -0.01662668 -0.003058783 0.01138628 -0.01662663 -0.003045835 -0.02005166 -0.01661576 -0.002636737 -0.02095434 -0.01661241 -0.002511755 0.01208379 -0.01661209 0.004872463 0.01217855 -0.01661077 -0.002451792 0.02027896 -0.01659459 -0.001802685 -0.02381294 -0.01657229 0.04684047 0.005973486 -0.01655769 0.005082421 -0.02985054 -0.01655028 0.00205801 -0.02646358 -0.01654661 -2.792868e-05 0.022715 -0.0165368 0.008012813 0.02857482 -0.01650891 0.004183323 0.01163595 -0.01650431 0.0007544616 -0.02626615 -0.01649842 0.0008227971 -0.02431591 -0.01649178 0.002252092 0.02464631 -0.01647925 0.03574034 -0.0288284 -0.01647216 0.003540556 0.02563861 -0.01646539 0.04889024 -0.01404799 -0.01644715 0.04968974 -0.01456618 -0.01643709 0.04969048 0.005354715 -0.01642588 0.003816927 0.01231359 -0.01641586 0.03791998 0.02397162 -0.01638936 0.002157816 -0.02483917 -0.01637807 0.04751995 0.00318404 -0.01637456 0.005122058 0.0258876 -0.01633106 0.001198379 -0.02663501 -0.01629172 0.04009404 -0.0173253 -0.01628897 0.002010113 -0.02442965 -0.01628799 0.04612361 -0.01523277 -0.01621315 0.004270462 0.02613632 -0.01620675 0.03546296 -0.01680606 -0.01620439 0.004997375 0.01183164 -0.01616022 0.04660064 -0.01585507 -0.01615712 0.04612681 0.00540322 -0.01615454 0.03941753 0.02320398 -0.01614645 0.03545995 -0.02880172 -0.01613685 0.03795523 -0.03055431 -0.01613041 0.04820269 -0.01521355 -0.01609797 0.03506147 -0.0309101 -0.01608726 0.04751997 0.003979775 -0.0160739 0.04818298 0.003958599 -0.01606936 0.03728075 -0.02997166 -0.01604287 0.005327583 0.0121767 -0.01603292 0.03555454 0.02760288 -0.01602836 0.03791995 0.02402084 -0.0160107 0.04771435 -0.01453203 -0.01599938 0.001608104 -0.02497444 -0.01599911 0.004516379 0.0123319 -0.01599413 0.03895222 0.02402998 -0.01598549 0.04526901 -0.01618978 -0.01597922 0.03399023 0.02816834 -0.01595552 0.03331817 -0.03156051 -0.01595017 0.03791999 0.02322949 -0.01593493 0.03826954 -0.02935364 -0.01592359 0.03691998 0.02403125 -0.01591821 0.03223725 0.02859023 -0.01588678 0.03133707 -0.03214965 -0.01587764 0.03546166 -0.01761708 -0.01587265 0.002441551 -0.02494464 -0.01586261 0.03445998 -0.02878314 -0.01584204 0.03005732 0.02878729 -0.01581556 0.0292913 -0.03243034 -0.01581285 0.04752005 0.003986243 -0.01572641 0.04792263 0.004942855 -0.01572626 0.0480805 0.005719333 -0.01570679 0.0359702 -0.02795758 -0.01570192 0.005281387 0.01183424 -0.01569572 0.04707132 -0.01552478 -0.01569375 0.04852188 0.003155535 -0.01568751 0.04851676 -0.01234928 -0.01567781 0.03445998 -0.01683579 -0.01567657 0.04752004 -0.01314705 -0.01566311 0.001822326 -0.02713962 -0.0156323 0.01060901 -0.03229229 -0.0155998 0.0489021 0.004699134 -0.01558005 0.002358548 -0.02467582 -0.0155639 0.0468198 -0.01473224 -0.01555909 0.04106317 -0.0173275 -0.01555628 0.0050063 0.01165435 -0.01554877 0.04888999 -0.01386423 -0.0155191 0.02112493 -0.03198606 -0.01549763 0.03545998 -0.01684674 -0.01549609 0.004849722 0.02650937 -0.01549582 0.02101846 0.02811064 -0.01549476 0.005571758 0.0261237 -0.01544903 0.03545997 -0.02793083 -0.01543635 0.02005173 -0.03245625 -0.01543058 0.04647886 0.006115805 -0.01541956 0.00261396 -0.02687549 -0.0154188 0.01966614 0.02879769 -0.01541488 0.03545998 -0.02873959 -0.01540571 0.03228984 0.02939134 -0.01540217 0.01076737 -0.03160842 -0.01540048 0.02993939 0.02958777 -0.01539941 0.01851 0.02961643 -0.01539605 0.03105659 -0.03302534 -0.01539095 0.0294364 -0.03322995 -0.01538959 0.0185063 -0.0332825 -0.01538344 0.03027418 -0.03351858 -0.0153802 0.005592809 0.01224463 -0.01537061 0.03052863 0.03071834 -0.01536888 0.02780951 -0.03407176 -0.01536773 0.01950556 -0.03411552 -0.0153676 0.0201685 0.03083379 -0.01536125 0.02967243 0.03107717 -0.01536063 0.02022549 -0.0343877 -0.01536027 0.0211054 0.03111336 -0.01536011 0.02519427 -0.03440747 -0.0153335 0.04751997 -0.01231278 -0.0153303 0.03546121 -0.01689727 -0.01532287 0.004892687 0.01234175 -0.01530212 0.009083616 0.02820113 -0.01529544 0.04643513 -0.01608994 -0.01529243 0.03736064 -0.02966313 -0.01528704 0.005526706 0.01200953 -0.01528376 0.0366828 -0.03024852 -0.01527964 0.03724657 0.02679923 -0.01527325 0.002600971 -0.02502863 -0.01525354 0.001911573 -0.02521577 -0.01523767 0.04593607 0.005489097 -0.01521778 0.04587178 -0.01536203 -0.01516959 0.005318205 0.01176291 -0.01515508 0.006281074 -0.02970602 -0.01514174 0.01990127 -0.03202887 -0.01509407 0.04670696 0.005896507 -0.0150657 0.01975917 0.02815563 -0.01501166 0.008905609 0.02887809 -0.01499792 0.005920815 -0.03030434 -0.01496786 0.04969006 -0.01347855 -0.01496783 0.04969007 0.004279068 -0.01495105 0.01854052 0.02879785 -0.01494575 0.04553664 -0.01712431 -0.01493922 0.04651997 -0.01306742 -0.01493922 0.04651997 0.003867928 -0.01493182 0.03616659 -0.01779418 -0.01491041 0.04818624 -0.01308098 -0.01490939 0.01885064 -0.03245623 -0.01481045 0.03597264 -0.02776427 -0.01478242 0.04751997 -0.01304258 -0.01477566 0.0467852 0.004983042 -0.01463033 0.03445998 -0.02854066 -0.01462356 0.03545998 -0.02855777 -0.01461144 0.01921927 -0.03205264 -0.01460683 0.04656944 -0.01564561 -0.0146006 0.0261995 -0.03433508 -0.01459955 0.02952257 0.03110256 -0.01459947 0.02021576 -0.03439241 -0.0145989 0.02096591 0.03109462 -0.01459201 0.01950362 -0.03410751 -0.01459151 0.02012679 0.03079925 -0.01459138 0.03040985 0.03079097 -0.01457682 0.03024702 -0.03353431 -0.01457637 0.01885259 -0.03351481 -0.01457188 0.008044551 -0.03056251 -0.01456652 0.03098441 -0.03307515 -0.01456406 0.01875441 0.02974096 -0.01456267 0.01832693 -0.03326531 -0.01455861 0.03211124 0.02948672 -0.01455451 0.02972605 -0.03280629 -0.01455166 0.01826016 0.02959496 -0.01454904 0.03574027 -0.02852585 -0.01454361 0.01907073 -0.03285657 -0.01454266 0.03057172 0.0290926 -0.01454188 0.048181 0.003799163 -0.01454004 0.0334 -0.03237221 -0.01453222 0.03403583 0.02899002 -0.01453109 0.01918874 0.02817455 -0.01452562 0.01898334 0.02909816 -0.01451792 0.03481567 0.02875501 -0.01450707 0.04969016 0.005214762 -0.01448105 0.04505566 -0.01645458 -0.01447814 0.007700782 -0.0311801 -0.01445412 0.03445998 -0.0171161 -0.01445198 0.04969001 -0.01441053 -0.01441295 0.04573532 -0.01548185 -0.01438221 0.01812013 0.02879765 -0.01438211 0.03546056 -0.01800148 -0.01436753 0.0383517 -0.02904651 -0.01434994 0.01847169 -0.03245621 -0.01434748 0.04834481 -0.01490441 -0.01431951 0.0462223 0.005118753 -0.01431488 0.01784862 -0.03325605 -0.01426387 0.03546167 -0.01719304 -0.01426297 0.04751997 0.00291684 -0.01421951 0.0482281 0.005496995 -0.01421244 0.01769215 0.02959718 -0.01421132 0.01852276 0.02909842 -0.01413502 0.03744 -0.02935986 -0.01411347 0.04651909 0.005883537 -0.01402238 0.03595491 -0.02743293 -0.01399629 0.04587423 0.005365401 -0.01397474 0.04851999 -0.01203564 -0.01396943 0.04642929 0.006300101 -0.01395709 0.004895215 0.02654351 -0.0139305 0.01840255 -0.03285691 -0.01392704 0.04852055 0.002822186 -0.01392353 0.04790448 0.004653964 -0.01391015 0.01762016 -0.03325614 -0.01390873 0.04020777 -0.0178753 -0.01390767 0.04751997 0.003648665 -0.01386324 0.04525017 -0.01748829 -0.0138615 0.004862215 0.01234095 -0.01385604 0.04889034 -0.01373864 -0.01382809 0.001876807 -0.02518837 -0.01382231 0.04751997 -0.01198814 -0.01381534 0.001880132 -0.02719134 -0.01379417 0.04682095 0.005617988 -0.01376686 0.04712324 -0.01514294 -0.01375643 0.03545999 -0.02731606 -0.0137477 0.04802128 -0.01401525 -0.0137349 0.04563493 -0.01578355 -0.01372553 0.04631713 -0.01461326 -0.01370296 0.03545998 -0.01741657 -0.01362756 0.03545998 -0.02814444 -0.01361712 0.04682985 -0.01433061 -0.01361488 0.04751995 -0.01278077 -0.01355683 0.04751997 0.003544092 -0.01354117 0.00451827 0.02632291 -0.01350139 0.004398776 0.01232882 -0.01349734 0.04077015 -0.0171436 -0.01347538 0.03445998 -0.02804727 -0.01344548 0.001448352 -0.02685911 -0.01344014 0.001454439 -0.02484802 -0.01343367 0.04023026 0.02590309 -0.01342788 0.04666187 0.004720761 -0.01342154 0.001604851 0.02462285 -0.01340167 0.04472917 -0.01685703 -0.0134 0.04889537 0.004294685 -0.01339045 0.03546393 -0.01856449 -0.01338964 0.04621566 0.004905298 -0.01337103 -0.0003015043 -0.02332088 -0.01336565 -0.0005294161 0.02274243 -0.01334852 0.04566286 0.005718435 -0.01333726 -0.001613688 -0.02449278 -0.01331763 -0.002363443 0.01211632 -0.0133154 0.03445998 -0.0176446 -0.01330653 -0.002787227 -0.02070866 -0.01330567 0.04889005 -0.01343345 -0.01330048 -0.003017832 0.01156173 -0.01329917 -0.003068265 -0.01992945 -0.01329436 0.04667485 -0.01524304 -0.01329421 -0.003257973 0.01987945 -0.01328136 0.04592484 -0.01484643 -0.01327964 -0.003813986 -0.02205965 -0.01324494 -0.005136548 -0.008913375 -0.01324472 -0.005147328 0.002759809 -0.01322326 -0.005966576 -0.01917649 -0.01322261 -0.00599242 0.01640369 -0.0132157 0.03546162 -0.01771617 -0.01320881 0.0464899 -0.0154531 -0.0132071 -0.006583999 -0.01137858 -0.01320697 -0.006589122 0.0150071 -0.01320677 -0.00659492 0.005225385 -0.01320625 -0.006616639 -0.01731065 -0.01320624 0.04651997 -0.01262024 -0.01311878 0.03546002 -0.02783994 -0.01308689 0.03852082 -0.0284058 -0.01306992 0.04751994 -0.0125676 -0.01303024 0.03577704 -0.02779432 -0.0130264 0.0389474 -0.01852448 -0.01302494 0.03598081 -0.02677464 -0.01300113 0.04823938 -0.01458695 -0.01299903 0.04572026 -0.01517176 -0.01296454 0.04818418 0.003327528 -0.01295468 0.03406207 0.02896606 -0.01284561 0.03759724 -0.02876749 -0.01281339 0.04651997 0.003283893 -0.01272801 0.0464579 0.005664311 -0.01270971 0.04585538 0.005027996 -0.01256225 0.03707249 -0.01914317 -0.01255457 0.03545998 -0.0263116 -0.01254614 0.0485199 -0.01144763 -0.01254353 0.04563853 0.005731338 -0.01252584 0.04968948 -0.01386089 -0.0125022 0.04852045 0.002225041 -0.01248281 -0.002097889 -0.02044984 -0.01246807 0.03826834 0.02717393 -0.01246377 0.04751997 0.002222327 -0.01244827 0.03445998 -0.02732453 -0.01244569 0.04809028 0.005009986 -0.01244395 -0.006618748 -0.01719977 -0.01244386 -0.006619067 0.01486345 -0.01244324 -0.006594947 -0.0113746 -0.01244294 -0.006584108 0.005229741 -0.01244098 0.0445309 -0.01836681 -0.0124295 -0.006070344 0.01627751 -0.01242848 -0.006033099 -0.01908214 -0.012411 0.03546298 -0.01946885 -0.01240718 0.04655098 0.00537602 -0.01240532 -0.005147327 -0.008908943 -0.0124051 -0.005136549 0.00276424 -0.01239373 0.03545998 -0.01832314 -0.01238412 0.0481792 -0.01228928 -0.01237979 0.04701727 -0.01474247 -0.01236501 0.03545998 -0.02725045 -0.01236454 -0.003590435 -0.02232645 -0.01236189 -0.003486626 0.01961371 -0.01235086 -0.003067822 -0.01990644 -0.01235027 -0.003045495 0.01141088 -0.01234431 -0.002818065 -0.02065643 -0.01234194 -0.002727063 0.01189645 -0.01232967 -0.002258687 0.01214109 -0.0123163 0.0496899 0.003523452 -0.0123163 0.04968988 -0.01272291 -0.01231273 -0.001611921 -0.02449277 -0.0123114 0.03445998 -0.01839821 -0.01230227 -0.001212476 -0.02241155 -0.01229669 0.03598309 -0.02601551 -0.01229461 0.04969022 0.004586955 -0.01229128 -0.000791743 0.02248964 -0.01224671 0.04751992 -0.01128584 -0.01224396 0.04776846 0.004099812 -0.01223188 0.04751995 0.0029843 -0.01222929 0.001369258 -0.02478887 -0.01222895 0.001587446 0.02461056 -0.01222872 0.04040582 -0.01796732 -0.01221638 0.04678045 0.005155365 -0.01220603 0.04638461 -0.01404384 -0.01220193 0.03661595 0.02805013 -0.01218698 0.03546123 -0.01851862 -0.01216574 0.00157868 -0.02695965 -0.0121479 0.004409708 0.01232911 -0.01210609 0.04407257 -0.01766604 -0.01208363 0.04593595 -0.01440516 -0.01208347 0.004578764 0.02635736 -0.01207125 0.04658662 -0.01490331 -0.01203327 0.04664481 0.004211795 -0.01203265 0.04752184 -0.01354152 -0.01188809 0.03610205 -0.01882394 -0.01186261 0.001871065 -0.02518421 -0.01185281 0.03613623 -0.02023866 -0.01184874 0.04618863 0.004351431 -0.01180884 0.03796572 -0.03050127 -0.01179337 0.03546 -0.0252578 -0.0117765 0.004863494 0.01234099 -0.01173285 0.04645307 -0.01505348 -0.01172607 0.0358054 -0.02658976 -0.01172116 0.001900123 -0.02720689 -0.01172089 0.03545992 -0.02661093 -0.01171438 0.03598816 -0.02507821 -0.01166758 0.03783778 -0.02786244 -0.01163907 0.00490422 0.02654681 -0.01161382 0.04651989 -0.01182888 -0.01159942 0.03886269 -0.02710784 -0.01159001 0.03546001 -0.02075099 -0.01158481 0.04751992 -0.01181304 -0.01155086 0.03545998 -0.01925348 -0.01151827 0.01849458 0.02909775 -0.01150285 0.04565423 -0.01488612 -0.01149739 0.01852493 -0.03285614 -0.01148592 0.03445998 -0.01934402 -0.01146447 0.04890819 -0.01267083 -0.01145553 0.04562576 -0.01579805 -0.01142672 0.0458559 0.004484649 -0.01142439 0.01305929 -0.03223833 -0.01141759 0.0469669 0.004727695 -0.01141361 0.03445998 -0.02617439 -0.01139653 0.04688106 -0.01438782 -0.01137222 0.03596051 -0.02415858 -0.01136073 0.01777596 0.02959762 -0.01135823 0.01782056 -0.03325645 -0.01133237 0.03545996 -0.0195708 -0.01132663 0.03545998 -0.02604216 -0.01129446 0.03597533 -0.02171741 -0.01127968 0.002352364 -0.02467146 -0.01126109 0.03602797 -0.01968027 -0.01125654 0.04345407 -0.01966416 -0.01125305 0.03545995 -0.02368136 -0.01124441 0.0479992 -0.0139112 -0.0112289 0.04851969 0.001360892 -0.01121861 0.03545998 -0.02224926 -0.0112001 0.03597351 -0.02313048 -0.01119977 0.04670216 -0.01336343 -0.01118529 0.04889838 0.003264678 -0.01115439 0.01898858 0.02909796 -0.01115107 0.03449638 0.02890342 -0.01114991 0.03408937 0.02902761 -0.01114721 0.04818578 0.002335843 -0.01113892 0.03368212 -0.03230954 -0.01113838 0.03144509 0.02908928 -0.0111342 0.03249174 -0.0325554 -0.01113029 0.01912106 -0.03285644 -0.01112517 0.02890132 -0.03283922 -0.01112331 0.01831163 0.02959744 -0.01112235 0.03214613 0.0294829 -0.01111988 0.01859454 0.02959771 -0.01111624 0.01874797 0.02972328 -0.01111449 0.03098463 -0.03307881 -0.0111138 0.04752 0.002282893 -0.01110277 0.03021105 -0.03354225 -0.01109415 0.01846661 -0.03328738 -0.01109062 0.0305288 0.03071824 -0.01108915 0.01944035 -0.03406303 -0.01108888 0.02779991 -0.03407322 -0.01108711 0.02021501 0.03085312 -0.01108086 0.02962253 0.0310919 -0.01108055 0.02017832 -0.034388 -0.01108042 0.02107876 0.03110801 -0.01108013 0.02520639 -0.03440645 -0.01106896 0.04840396 0.004289389 -0.01102408 0.03582481 -0.02548435 -0.01101136 0.04969012 -0.01311302 -0.0109977 0.04751999 -0.01035508 -0.01098268 0.04852053 -0.01036931 -0.01097433 0.03911945 -0.02614614 -0.01097291 0.04656289 0.004699739 -0.01096014 0.04573343 0.00449744 -0.01087965 0.04301993 -0.01893623 -0.01087504 0.03445998 -0.02044073 -0.01087429 0.04651997 0.002103082 -0.01086649 0.001897201 -0.0243091 -0.01085249 0.03770426 -0.02391243 -0.01084757 0.04661285 -0.01429068 -0.01081414 0.0359785 -0.02059242 -0.01079438 0.03545998 -0.02060217 -0.01075092 0.04751997 0.002003175 -0.01074547 0.04593279 -0.01371722 -0.01073398 0.04648603 -0.01443575 -0.01073312 0.04769464 0.003272446 -0.01072089 0.04751997 0.0009101133 -0.01070513 0.03590541 -0.02470704 -0.01069923 0.03873994 -0.02235542 -0.01068383 0.03546 -0.02090374 -0.01068023 0.03545998 -0.02463664 -0.01066666 0.03814976 -0.02666817 -0.0106585 0.002352364 -0.02467146 -0.01061483 0.03445998 -0.02446835 -0.01061257 0.03545996 -0.02452956 -0.01059164 0.04647143 0.003458255 -0.01057732 0.04587033 0.003981163 -0.01056583 0.04001405 0.02407877 -0.01053709 0.03946324 -0.02512502 -0.01051957 0.03591545 -0.02403642 -0.01050542 0.03445998 -0.02164046 -0.01050101 0.04212106 -0.02125873 -0.0104926 0.03592368 -0.02166628 -0.01048917 0.04645179 0.004654001 -0.01045974 0.04761239 -0.01257165 -0.01044401 0.04639273 -0.01305574 -0.01042755 0.03545998 -0.0221518 -0.01042331 0.03545998 -0.02340732 -0.01041809 0.04700202 0.004142918 -0.01039319 0.03445998 -0.02289087 -0.01039253 0.03589722 -0.02288346 -0.01038988 0.03545994 -0.02254454 -0.01036548 0.04818261 -0.01088447 -0.01033442 0.03975334 -0.02447532 -0.01031992 0.0211873 0.03111735 -0.01031915 0.02956887 0.03109105 -0.01031904 0.02019366 -0.03438286 -0.01031871 0.02598613 -0.03436815 -0.01031392 0.02025916 0.03088883 -0.01031209 0.01951411 -0.03411353 -0.01031129 0.03041037 0.03079071 -0.01030347 0.01859151 -0.0333382 -0.01029711 0.03023332 -0.03354022 -0.01028579 0.03093976 -0.03310515 -0.01028307 0.018702 0.02971256 -0.01028182 0.03211192 0.029497 -0.01027514 0.02952224 -0.03282189 -0.01027101 0.01913136 -0.03285631 -0.01026811 0.01823513 0.02959513 -0.01026339 0.03118684 0.02909283 -0.01026205 0.03330808 -0.03243716 -0.01026065 0.04570569 -0.01392221 -0.01025681 0.04125382 -0.02230024 -0.01025472 0.01896738 0.02909801 -0.01024634 0.01818822 -0.03325506 -0.01024321 0.0339326 0.0290253 -0.01023282 0.03497859 0.02876462 -0.01021111 0.04032035 -0.02352151 -0.01020905 0.04603045 0.003521063 -0.01020284 0.04651997 -0.01070917 -0.0101703 0.04851946 0.0002871468 -0.01009238 0.04691516 -0.01358672 -0.01009058 0.04751997 -0.01059691 -0.01006592 0.04828043 0.003668516 -0.01006273 0.04773676 -0.01326124 -0.01003343 0.002352364 -0.02467146 -0.01002956 0.002352364 -0.02467146 -0.01002896 0.04563282 0.00460487 -0.01001601 0.04751988 -0.01054889 -0.00998046 0.04642226 -0.01611023 -0.009972013 0.04751997 0.001276518 -0.009960457 0.04889015 -0.01148177 -0.0099493 0.04751993 -0.009209571 -0.009926493 0.01769825 0.02959759 -0.009918267 0.03860317 -0.02510704 -0.009913723 0.0106109 0.02929297 -0.009891455 0.018521 -0.0328562 -0.009844505 0.04137137 -0.02090847 -0.009771158 0.01844568 0.0290978 -0.00976965 0.04656339 0.003935657 -0.009760113 0.01765245 -0.03325612 -0.009755947 0.04645271 0.002839015 -0.009709274 0.04969003 0.00298212 -0.009707239 0.04852032 -0.008853868 -0.009684645 0.04888996 -0.01138727 -0.009675845 0.004887191 0.02653803 -0.009644141 0.004884803 0.01234155 -0.009635193 0.03923059 -0.02375207 -0.009588893 0.04001246 -0.02258321 -0.009585666 0.04818592 0.0008383439 -0.009569933 0.04593916 -0.0128632 -0.009547723 0.04889639 0.001942362 -0.009546071 0.04751993 -0.0005955918 -0.009531418 0.001877472 -0.02718942 -0.009514723 0.0456816 0.003756058 -0.009487292 0.04680832 0.002442024 -0.009484146 0.04968989 -0.0105971 -0.009484139 0.04968989 0.001397606 -0.009481825 0.001854936 -0.02517118 -0.00945746 0.04779426 0.002209173 -0.009455214 0.04828268 -0.01258061 -0.009454413 0.04969024 -0.01192453 -0.009450802 0.04628688 -0.01236837 -0.009325293 0.04651997 0.000534381 -0.009300099 0.04659656 -0.01324912 -0.009285681 0.04776137 0.003157176 -0.009266482 0.004522547 0.02632584 -0.009230686 0.00443434 0.01232976 -0.009229054 0.04750172 -0.0115438 -0.009227098 0.04645718 -0.01350505 -0.009223776 0.04676609 0.003354635 -0.009195765 -0.001769751 -0.02082542 -0.009192757 0.04751997 0.0003519616 -0.009166707 0.04583091 0.002988846 -0.009164454 0.001431365 -0.02684611 -0.009146337 0.001597388 0.02461688 -0.009141604 0.04852335 -0.00132365 -0.009138055 0.001319424 -0.02476514 -0.009109836 0.04751999 -0.007757969 -0.009090377 -0.0005401012 0.02273195 -0.009081261 0.04654507 -0.01181462 -0.009063673 0.04651997 -0.009328788 -0.009062054 -0.001621228 -0.02448533 -0.009046671 0.04818412 -0.009310356 -0.009044645 0.04688699 -0.01277719 -0.009039525 -0.002481754 0.01208144 -0.009038611 -0.002516451 -0.02106037 -0.009025622 -0.003012294 -0.02022693 -0.009024839 -0.003042506 0.01145558 -0.009019209 -0.003257896 0.01987954 -0.009004572 -0.003816421 -0.02205663 -0.008981773 0.0485201 -0.007454358 -0.00897721 0.04751997 -0.009195646 -0.008969932 -0.005136548 -0.008913375 -0.008969713 -0.005147328 0.002759809 -0.008964781 0.04603441 0.002476623 -0.008947601 -0.005992407 0.01640372 -0.008943841 -0.006133736 -0.01889111 -0.008932093 -0.006583999 -0.01137858 -0.008931964 -0.006589122 0.0150071 -0.008931766 -0.00659492 0.005225385 -0.008930528 -0.006644525 -0.01696213 -0.008898114 0.04566386 -0.01312153 -0.008779427 0.002352364 -0.02467146 -0.008767648 0.04818378 -0.0003620974 -0.008718197 0.04586182 -0.01220282 -0.008716118 0.04751999 -0.0004084439 -0.00871547 0.008989914 -0.03095622 -0.00863471 0.04751994 -0.002743864 -0.008631263 0.04751997 -0.00862277 -0.008627489 0.04751997 -0.006305066 -0.008617371 0.04644355 0.003298898 -0.008582498 0.04782575 -0.01193408 -0.0085762 0.00866814 -0.03157741 -0.008571924 0.04851862 -0.003171066 -0.008563759 0.04673893 0.00150126 -0.008558037 0.04851951 -0.005961438 -0.008541166 0.04652549 0.002949108 -0.008513453 0.0488901 -0.009847395 -0.008509469 0.04667332 -0.01242786 -0.0085048 0.04788915 0.002365623 -0.008441467 0.04751999 -0.004797522 -0.008441008 0.04852323 -0.004559231 -0.00844051 0.04788593 0.001014216 -0.008417334 0.04776053 -0.01046803 -0.008360492 0.04645739 -0.01272332 -0.008326001 0.04818341 -0.007952691 -0.008312654 0.04969001 -0.01068992 -0.008291936 0.0382985 -0.02614435 -0.008291026 0.04889039 -0.009662505 -0.008285153 0.04969013 0.001451832 -0.008278209 0.04638104 0.0013744 -0.008257372 0.04681914 0.002380469 -0.008236393 0.04651997 -0.007741713 -0.008236392 0.04651997 -0.001457777 -0.00820516 0.03928949 -0.02564162 -0.008168984 -0.006620589 -0.01717478 -0.008168853 -0.006619067 0.01486345 -0.00816823 -0.006594947 -0.0113746 -0.008167936 -0.006584108 0.005229741 -0.008165042 0.03869806 -0.02779858 -0.008154495 -0.006070349 0.0162775 -0.00815351 -0.006035725 -0.01907812 -0.008145484 0.04818845 -0.001665436 -0.008130312 -0.005147327 -0.008908943 -0.008130093 -0.005136549 0.00276424 -0.008118913 0.03702681 -0.03102687 -0.008089659 0.03782563 -0.02796504 -0.008089511 -0.003589772 -0.02232725 -0.008086882 -0.003486475 0.0196139 -0.008078469 0.0488999 -8.175519e-06 -0.008075312 -0.003047229 -0.02008889 -0.008075262 -0.003045495 0.01141088 -0.00807369 0.03966814 -0.02468588 -0.00806542 0.04969004 -0.008357095 -0.008065402 0.04969005 -0.0008424177 -0.008064531 -0.00263552 -0.02091797 -0.008062374 -0.002553226 0.01205276 -0.008038395 0.04577048 0.001971617 -0.008037459 -0.001601724 -0.02450263 -0.008020633 0.03870258 -0.02492085 -0.008016816 -0.0008124875 0.02246893 -0.008005553 0.04751997 -0.007143734 -0.008005553 0.04751997 -0.002055755 -0.008000736 -0.0001880588 -0.02340365 -0.007996339 0.03915866 -0.02393409 -0.007994081 0.04751996 -0.007027094 -0.007955207 0.0466057 -0.01040662 -0.007953914 0.001591683 0.02461554 -0.007952121 0.001360879 -0.02477021 -0.007904685 0.04599163 -0.01100214 -0.007902549 0.04701899 -0.01149567 -0.00789661 0.001559986 -0.02694501 -0.007876602 0.04817918 -0.00659637 -0.007875876 0.04751995 -0.002565382 -0.007862555 0.004485407 0.01233111 -0.007854831 0.04720102 -0.009888861 -0.007842174 0.004485946 0.02630496 -0.007819809 0.04038571 -0.02347158 -0.007809885 0.03907318 -0.02695997 -0.00778428 0.0482238 0.001387571 -0.007760108 0.03977817 -0.02294501 -0.007757164 0.04651997 -0.006017325 -0.007753169 0.04662202 0.000443539 -0.007750785 0.03835528 -0.0263607 -0.007739511 0.04723138 0.0001472649 -0.007729244 0.04818386 -0.003378475 -0.00771581 0.03952411 -0.02549532 -0.007701913 0.0459454 0.001125098 -0.007690297 0.04752 -0.005544818 -0.007659295 0.04651997 -0.003702078 -0.007652399 0.0380626 -0.0274903 -0.007642635 0.04818054 -0.004935039 -0.007639497 0.03892123 -0.02770771 -0.007630197 0.04751997 -0.004557301 -0.007622257 0.04622866 -0.01025764 -0.007618897 0.001860607 -0.02517609 -0.007604174 0.03992868 -0.02451747 -0.007549503 0.04663658 -0.01135561 -0.007525421 0.002352364 -0.02467146 -0.007516932 0.04813852 -0.01045937 -0.007503841 0.01160625 -0.0318628 -0.007500858 0.04676984 0.001489128 -0.007479473 0.04766736 -0.008974826 -0.007471058 0.004874315 0.02653085 -0.007464318 0.04649418 -0.01157078 -0.007463293 0.001897564 -0.02720473 -0.007452231 0.04618116 0.0003536561 -0.007444035 0.03965784 -0.02327857 -0.007421014 0.01761333 0.02959781 -0.007402957 0.04572598 -0.01107203 -0.007399878 0.004898384 0.0123419 -0.007394204 0.04890193 -0.001524739 -0.00738027 0.04647266 0.001745578 -0.007374211 0.04772218 -0.0007158853 -0.007358076 0.04890785 -0.00765169 -0.007351003 0.04968978 -0.003081027 -0.007344177 0.01765096 -0.03325623 -0.007342814 0.03935159 -0.02394593 -0.007337283 0.04968973 -2.874818e-05 -0.007321009 0.03893317 -0.0250136 -0.007299484 0.04968969 -0.00584676 -0.007288558 0.03862005 -0.02864117 -0.007262904 0.03784519 -0.0283227 -0.00725141 0.0185086 -0.03285648 -0.007241708 0.03825097 -0.02948722 -0.007208242 0.0185175 0.02909787 -0.007170008 0.03859002 -0.0267536 -0.007139077 0.04702433 0.0007932096 -0.007130428 0.0409591 -0.0214213 -0.007106323 0.03752315 -0.02913438 -0.007091803 0.04564096 0.001537687 -0.007045869 0.04639637 -0.008944462 -0.007044804 0.04572968 0.0007644511 -0.007033825 0.04890148 -0.002910569 -0.007022945 0.04652473 0.00110552 -0.007013817 0.04163983 -0.02186025 -0.00701052 0.04664987 -0.001011353 -0.007003181 0.0478285 -0.007678237 -0.006985781 0.04890371 -0.006048444 -0.006985477 0.04111326 -0.02280474 -0.006974126 0.04594178 -0.009657158 -0.006973041 0.0179338 0.02959722 -0.006960918 0.04644038 -0.01120711 -0.006953691 0.04083507 -0.02354174 -0.006949828 0.03830945 -0.02778242 -0.006897296 0.04673565 -0.01023431 -0.006896593 0.03986126 -0.02710396 -0.006869301 0.03408266 0.02901998 -0.006860072 0.04890532 -0.004349428 -0.006858935 0.03339225 -0.03245711 -0.006857583 0.01823716 -0.03325279 -0.006856464 0.04045825 -0.02230078 -0.006853956 0.01900477 0.02910662 -0.006851353 0.01912214 -0.03285629 -0.006850095 0.04788264 -2.473208e-05 -0.006844961 0.02923183 -0.03283804 -0.00684142 0.01832246 0.02959775 -0.006841343 0.03216029 0.02947657 -0.006840455 0.01859449 0.02959773 -0.006837199 0.04968995 -0.008113586 -0.006835063 0.01881975 0.02978096 -0.00683191 0.03093686 -0.03311724 -0.006824681 0.01879552 -0.03347392 -0.006822806 0.0302124 -0.03354082 -0.00681041 0.0200027 0.03072564 -0.006810121 0.03049723 0.03073794 -0.006808866 0.02779863 -0.03407347 -0.006807704 0.01950738 -0.0341165 -0.006801057 0.02964216 0.03108247 -0.00680065 0.02088779 0.03109192 -0.006800348 0.02025883 -0.03439627 -0.006800127 0.02520634 -0.03440646 -0.0067842 0.04607935 -0.00079504 -0.006779216 -0.002107203 -0.02043839 -0.006763663 0.04764999 -0.002456102 -0.006743741 0.04690474 -0.007588419 -0.006738879 0.03879931 -0.02882448 -0.006738607 0.04563982 -0.01089582 -0.006681853 0.04830493 -0.008808407 -0.006679898 0.04764528 -0.006638056 -0.006663549 0.04003922 -0.02339091 -0.006650303 0.04654782 -0.0101573 -0.006623775 0.03833851 -0.02945035 -0.006596236 0.0468637 -0.009519402 -0.006596197 0.03914964 -0.02665931 -0.006563615 0.01110492 -0.03244186 -0.006551697 0.04655361 0.0002251633 -0.00654599 0.04634671 -0.007714122 -0.00652274 0.04767579 -0.004063168 -0.006516189 0.04643175 -0.002240448 -0.006503829 0.04576892 -0.0004336208 -0.00648715 0.04748832 -0.005429065 -0.006484166 0.04643023 0.001357417 -0.006474359 0.04686564 -0.0003244687 -0.006467168 0.0496902 -0.002437425 -0.00645473 0.0467513 -0.006498711 -0.006431602 0.03768431 -0.02905388 -0.006321526 0.04662154 -0.003607316 -0.006317932 0.03829748 -0.02835114 -0.006307785 0.04782788 -0.001248923 -0.006306484 0.04595415 -0.007985948 -0.006303505 0.03886843 -0.02771621 -0.006303419 0.0457386 -0.009034645 -0.006282598 0.03949699 -0.02847134 -0.006265813 0.04600351 -0.002029837 -0.006223913 0.04969014 -0.0049664 -0.006204351 0.04644139 -0.005474223 -0.006203924 0.03728464 -0.02996178 -0.006194859 0.0470134 -0.008465172 -0.006157191 0.04780836 -0.007775538 -0.006136352 0.04645968 -0.009565008 -0.006124295 0.04613797 -0.006432177 -0.006104928 0.04645079 -0.0001685124 -0.006079308 0.03854588 -0.02943696 -0.006079283 0.0461908 -0.003802838 -0.006040627 0.02599043 -0.03436765 -0.006039463 0.02953266 0.0311023 -0.00603943 0.02090616 0.03108593 -0.006039189 0.02018114 -0.03438237 -0.006032046 0.01950516 -0.03410838 -0.00603132 0.0304061 0.0307922 -0.006030632 0.02006713 0.03076485 -0.006016966 0.03023386 -0.03353922 -0.006015446 0.01878689 -0.03346188 -0.006007284 0.03090404 -0.03313409 -0.006006117 0.0469624 -0.001637118 -0.006002579 0.01872828 0.02972471 -0.005998494 0.04659415 -0.008599209 -0.005998455 0.03211278 0.02949515 -0.005994832 0.02951722 -0.03282489 -0.005994674 0.01828419 -0.03326662 -0.005988175 0.01822231 0.02959303 -0.005984599 0.01911829 -0.03285631 -0.005984441 0.03010115 0.02909623 -0.005984368 0.03335351 -0.03247842 -0.00597668 0.03424807 0.02898759 -0.005972229 0.01898344 0.02909779 -0.005956969 0.04655363 -0.001101999 -0.005950977 0.0458061 -0.007502883 -0.005915522 0.04803076 -0.002935518 -0.005901215 0.04810038 -0.006287911 -0.005848781 0.04585801 -0.002974169 -0.005801775 0.04593071 -0.005091247 -0.005739762 0.04671593 -0.007404577 -0.005732879 0.03803635 -0.02893473 -0.005725897 0.0469844 -0.00281126 -0.00571964 0.04785384 -0.004526848 -0.005651969 0.01853078 -0.0328562 -0.005649756 0.04564543 -0.001386623 -0.005639815 0.03943191 0.00881513 -0.005627069 0.04733894 -0.005223303 -0.005621604 0.01768137 0.0295976 -0.005619634 0.01850678 0.02909779 -0.005607484 0.03691998 0.008014153 -0.005592977 0.03865105 -0.0285046 -0.005586563 0.04576923 -0.005792161 -0.005583231 0.03791999 0.008823193 -0.005566573 0.04655991 -0.002488697 -0.005565812 0.01766887 -0.03325613 -0.005550452 0.04572639 -0.003162591 -0.005546394 0.04687918 -0.005864489 -0.00550739 0.04563813 -0.01578994 -0.005492545 0.04671434 -0.003632054 -0.005457841 0.03927672 0.008019654 -0.005455128 0.04565338 -0.007406624 -0.005454981 0.00490295 0.02654753 -0.005410305 0.004889057 0.01234166 -0.005399536 0.0464455 -0.002089255 -0.005387764 0.04646797 -0.007164527 -0.005376256 0.04003749 -0.0233579 -0.005368299 0.04097781 -0.02138123 -0.005366915 0.0404559 -0.02229064 -0.005365638 0.04267376 -0.01932487 -0.005365242 0.001902391 -0.02720838 -0.005356194 0.04660569 -0.004436603 -0.005349733 0.04655829 -0.005943671 -0.005328151 0.03920427 -0.02638512 -0.005311256 0.04649287 -0.003353707 -0.005275481 0.001875886 -0.02518754 -0.00526675 0.0432691 -0.01985737 -0.005249718 0.04642784 -0.01607291 -0.005248561 0.04076117 -0.02372196 -0.00524747 0.0417177 -0.02173389 -0.005224392 0.04126662 -0.02244148 -0.005212677 0.03792003 0.008065552 -0.005180071 0.03998433 -0.02656332 -0.00517787 0.03943619 0.008943427 -0.005174312 0.03791998 0.008072727 -0.005139871 0.03842387 -0.02991356 -0.005117923 0.03922968 -0.02941713 -0.005096637 0.04643022 -0.007986908 -0.005095135 0.04645007 -0.004856162 -0.005052341 0.04564077 -0.004498361 -0.005009338 0.004565545 0.02635153 -0.004996848 0.03796811 -0.03049006 -0.004964283 0.004484896 0.01233108 -0.004931958 0.001558598 -0.02694376 -0.004871665 0.001610169 0.02462643 -0.004871141 0.001406398 -0.02484127 -0.004839355 0.03791998 0.009115289 -0.00481572 -0.0005265151 0.02274529 -0.004787254 -0.001613352 -0.02449305 -0.004765702 0.03691998 0.008252502 -0.004765181 -0.002456435 0.01209796 -0.004763605 -0.002516463 -0.02106036 -0.004762051 0.03814122 -0.03027332 -0.004750617 -0.003012295 -0.02022692 -0.004749833 -0.003042506 0.01145558 -0.004744206 -0.003257851 0.01987959 -0.004730292 0.03742863 -0.02987326 -0.00472963 -0.003813975 -0.02205967 -0.004694926 -0.005136548 -0.008913375 -0.004694707 -0.005147328 0.002759809 -0.004672595 -0.005992406 0.01640372 -0.004668834 -0.006133734 -0.01889112 -0.004665865 0.04412272 -0.01881459 -0.004657086 -0.006583999 -0.01137858 -0.004656957 -0.006589122 0.0150071 -0.004656759 -0.006594919 0.005225385 -0.004655521 -0.006644525 -0.01696213 -0.004578587 0.03847979 -0.02906398 -0.004564234 0.04563052 -0.01253575 -0.004492621 0.03772987 -0.02960046 -0.004486115 0.0396879 -0.02760714 -0.004420136 0.03943299 0.009471467 -0.00437636 0.04561279 -0.01369922 -0.0043729 0.04391046 -0.01781134 -0.004282677 0.04452063 -0.0122406 -0.004259787 0.03919326 0.008527178 -0.004258717 0.04361998 -0.01206132 -0.004255032 0.04361998 -0.01203072 -0.004253583 0.04261998 -0.01207527 -0.00417641 0.04361993 -0.01308797 -0.00417399 0.04261998 -0.01306473 -0.004155352 0.03791996 0.008632837 -0.004144913 0.04361998 -0.01316836 -0.004137187 0.03791995 0.009887421 -0.004131556 0.04449055 -0.01318406 -0.004112635 0.04038625 0.007870656 -0.004062877 0.0380895 0.02739628 -0.004061275 0.03943627 0.01012873 -0.004053082 0.03791998 0.008727718 -0.003991858 0.03691998 0.008785464 -0.003976737 0.04113267 0.008505909 -0.003954739 0.03836444 -0.03020385 -0.003916194 0.04639968 -0.01316327 -0.00390735 0.03873195 -0.02805017 -0.003893978 -0.006620589 -0.01717478 -0.003893847 -0.006619067 0.01486345 -0.003893224 -0.006594947 -0.0113746 -0.003892929 -0.006584108 0.005229741 -0.003879489 -0.00607035 0.0162775 -0.003878504 -0.006035725 -0.01907812 -0.003873792 0.04640582 -0.01232918 -0.003859851 0.04558254 -0.01464616 -0.003855305 -0.005147327 -0.008908943 -0.003855086 -0.005136549 0.00276424 -0.00385367 0.04461768 -0.01819313 -0.003846904 0.04447527 -0.01383383 -0.003814518 -0.003590134 -0.02232681 -0.003811876 -0.003486512 0.01961385 -0.003800292 -0.00304694 -0.02009853 -0.003800256 -0.003045495 0.01141088 -0.003787368 -0.002553225 0.01205276 -0.003786309 -0.002512625 -0.021092 -0.003762682 -0.001610493 -0.02449415 -0.003741277 -0.0007921302 0.02248923 -0.003723437 0.03991538 0.008421103 -0.003704711 0.0386953 -0.02663854 -0.003703524 0.0383928 -0.02929812 -0.003696284 0.03943052 0.0232422 -0.003685894 0.00130175 -0.02473339 -0.003678929 0.001587915 0.02461088 -0.003668893 0.03953225 -0.02811903 -0.003663455 0.03941427 0.01180904 -0.003648681 0.04261998 -0.01413781 -0.00361806 0.001558581 -0.0269438 -0.003601878 0.004367735 0.01232802 -0.00358165 0.04361998 -0.01422195 -0.003567291 0.04637592 -0.01409417 -0.003567176 0.004485925 0.02630515 -0.003520624 0.04361999 -0.01431482 -0.003499917 0.03905452 -0.02990808 -0.003492415 0.001719675 -0.02506335 -0.0034889 0.03918194 0.009443806 -0.003482076 0.04361999 -0.01248425 -0.003474838 0.04465784 -0.01224767 -0.003418279 0.03792011 0.02402874 -0.003400965 0.03791999 0.009590874 -0.003373688 0.03792001 0.009614703 -0.003363468 0.03691999 0.009677877 -0.003338276 0.04444489 -0.01448154 -0.003330838 0.03906215 0.02402302 -0.003260832 0.0048597 0.01234089 -0.003258142 0.04462279 -0.01328464 -0.003255357 0.03919372 0.01002583 -0.003203919 0.004869123 0.02652769 -0.003199604 0.001895223 -0.02720284 -0.00318277 0.03791993 0.02321309 -0.003168963 0.04361997 -0.01340768 -0.003137468 0.01842789 0.02909781 -0.003135859 0.04343761 0.006621825 -0.003108788 0.01844351 -0.03285619 -0.003098116 0.001914472 -0.02521807 -0.003073724 0.03692025 0.02400183 -0.003062818 0.01766697 -0.03325604 -0.003057205 0.03791984 0.02399877 -0.003033669 0.04634731 -0.01472183 -0.002994601 0.04425374 -0.01734858 -0.002974043 0.03862947 -0.02830426 -0.002965165 0.0394119 0.02313913 -0.00295033 0.03946588 -0.02827549 -0.002940086 0.04474844 -0.01800123 -0.002910876 0.0176818 0.0295978 -0.002835865 0.00235237 -0.02467144 -0.002811239 0.03916127 0.01195712 -0.002793549 0.04553013 -0.01549352 -0.002748463 0.04444505 -0.01491482 -0.002747656 0.04261998 -0.01492241 -0.002680218 0.04361998 -0.01400021 -0.002668191 0.04361996 -0.01495876 -0.002654004 0.03903014 0.02388165 -0.002653246 0.04361998 -0.01497387 -0.002614721 0.04462558 -0.01405073 -0.002611486 0.01892734 -0.03285628 -0.002596527 0.03792051 0.02386826 -0.002589579 0.01891849 0.02909782 -0.002584699 0.03411852 0.02902295 -0.002578803 0.0318888 0.0290906 -0.002577695 0.03346805 -0.03245974 -0.002577099 0.01819421 0.02959434 -0.002576043 0.01823469 -0.03325403 -0.002564472 0.03258388 -0.03274581 -0.002563297 0.02952907 -0.03283392 -0.002561279 0.03214862 0.02948297 -0.00255729 0.018672 0.02969644 -0.002551438 0.03088577 -0.03315553 -0.002542937 0.03022592 -0.03353558 -0.002541917 0.01877229 -0.03345691 -0.002539671 0.043129 0.006961193 -0.002530397 0.02000327 0.03072596 -0.002530134 0.03049772 0.03073768 -0.002528864 0.02779975 -0.03407332 -0.002527705 0.01950737 -0.03411649 -0.00252104 0.02964216 0.03108247 -0.002520711 0.02088778 0.03109192 -0.002520366 0.02025884 -0.03439627 -0.002520126 0.02520631 -0.03440646 -0.002506311 0.04632032 -0.01504866 -0.00232289 0.03792003 0.02284942 -0.002286672 0.03942318 0.0227762 -0.002273277 0.04462685 -0.01426593 -0.002252016 0.0400654 0.02383735 -0.002227334 0.04562992 0.005793743 -0.00219891 0.03830869 -0.02939996 -0.002190699 0.03791974 0.02368413 -0.002155059 0.03692197 0.02365271 -0.002150867 0.03943592 0.01839116 -0.002095188 0.04302676 0.007288924 -0.001994804 0.03998196 0.02508547 -0.001957563 0.04629749 -0.01525713 -0.00184681 0.03696358 0.02708255 -0.001827279 0.04444077 -0.01527389 -0.001804223 0.04361995 -0.01526958 -0.001801835 0.04643016 0.006375293 -0.001785953 0.04361998 -0.01446649 -0.001775764 0.03671706 -0.03029953 -0.001769146 0.03898317 0.02341285 -0.001767751 0.04548611 -0.01579266 -0.001761627 0.02599516 -0.0343672 -0.001759463 0.02953266 0.0311023 -0.001759435 0.02090617 0.03108594 -0.001759167 0.02018116 -0.03438237 -0.001758637 0.04090465 0.01466922 -0.00175702 0.03791998 0.02213938 -0.001756499 0.03942313 0.02215529 -0.001752026 0.01950513 -0.03410836 -0.001751314 0.03040647 0.03079202 -0.001750633 0.02006726 0.03076491 -0.001737365 0.03019011 -0.03355163 -0.001736886 0.04261998 -0.01527069 -0.001736233 0.01884093 -0.03350487 -0.001725136 0.0310588 -0.03308611 -0.001722422 0.01872276 0.02972174 -0.001721065 0.01831745 -0.03326739 -0.001720837 0.03210449 0.02950325 -0.001714894 0.02945415 -0.03282912 -0.001713486 0.01826349 0.0295976 -0.001708738 0.03792006 0.02334807 -0.001704289 0.03329496 -0.03252072 -0.001703235 0.01906712 -0.03285643 -0.001699087 0.01906343 0.02909801 -0.001699009 0.03248126 0.02908758 -0.00169701 0.0339179 -0.03232453 -0.001692702 0.03418126 0.02900344 -0.001671754 0.04461634 -0.01447235 -0.00165722 0.04361998 -0.01528266 -0.001633033 0.03692127 0.02327225 -0.001600679 0.03861173 -0.02399847 -0.001600052 0.03939431 -0.02201075 -0.001593795 0.03854897 -0.02842435 -0.001593727 0.04063301 -0.02003702 -0.001587715 0.03791998 -0.01987202 -0.001583802 0.03691998 -0.02562813 -0.001583802 0.03791998 -0.01997136 -0.001570194 0.03813047 -0.02572792 -0.001568254 0.01873411 0.02909803 -0.001562479 0.03941579 0.02119328 -0.001554725 0.03910081 0.01743694 -0.001544024 0.03791881 -0.02594792 -0.001541007 0.03791988 0.02129832 -0.001519824 0.03946556 0.02415212 -0.001517857 0.03691998 -0.01955614 -0.001517857 0.03791998 -0.02604335 -0.001491692 0.03791939 0.0231463 -0.001485834 0.03794744 -0.03051649 -0.001393375 0.01769848 0.02959769 -0.001366188 0.04119504 -0.01925435 -0.00135389 -0.002100769 -0.02044684 -0.001335281 0.04017612 0.02361805 -0.001322906 0.01770053 -0.03325612 -0.001317787 0.03791998 -0.01917529 -0.001317783 0.03691998 -0.02642421 -0.001223875 0.04562957 0.006062533 -0.001208605 0.004907932 0.02654996 -0.001205942 0.01844921 0.0290979 -0.001201409 0.01846837 -0.03285622 -0.001147174 0.004891449 0.01234172 -0.001137452 0.03791935 -0.02673014 -0.0011164 0.04088855 0.02489406 -0.001096693 0.0369203 0.02261134 -0.001090217 0.001902389 -0.02720836 -0.001073583 0.03898034 0.02254303 -0.001049913 0.03791998 -0.01876365 -0.00100439 0.03947211 0.02667689 -0.001000453 0.001875879 -0.02518753 -0.0009477439 0.03792 0.02234148 -0.0009320853 0.03791945 0.02222865 -0.0009264871 0.04460867 0.008567102 -0.0008498209 0.04000733 0.02230217 -0.0008384013 0.04016725 0.0229789 -0.0008145255 0.03373195 -0.03154287 -0.0008070408 0.03900568 0.02178996 -0.0008007215 0.03934464 -0.02368002 -0.0008001583 0.04037093 -0.02149419 -0.0007979904 0.03682053 0.02805019 -0.0007965092 0.03691998 -0.01854011 -0.0007965033 0.03791998 -0.02705939 -0.0007957584 0.03791999 -0.02009109 -0.0007930911 0.03692112 0.021659 -0.0007889996 0.03906303 0.02087623 -0.0007888376 0.03917645 0.02591969 -0.0007841567 0.03876114 -0.0255764 -0.0007810168 0.03791999 -0.02562385 -0.0007807184 0.03692059 0.02095537 -0.0007643102 0.04151149 -0.01987516 -0.0007627959 0.03792 0.02100357 -0.0007609993 0.04186507 -0.0185021 -0.000755916 0.03792006 0.02106261 -0.0007464567 0.004595258 0.02636826 -0.0007338812 0.03791998 -0.01848871 -0.0007338766 0.03691998 -0.02711078 -0.0007033768 0.04018624 0.02079579 -0.0006903622 0.004499358 0.01233146 -0.0006896405 0.04643012 0.006912361 -0.0006569468 0.001558582 -0.02694374 -0.0006150971 0.001454391 -0.02484805 -0.0005966836 0.001611987 0.02462705 -0.0005897145 0.03994909 0.02542226 -0.0005740405 0.04361996 0.004016186 -0.0005689884 0.03791998 -0.01947395 -0.0005678202 0.04092772 0.02488732 -0.0005552021 0.03859842 -0.02613203 -0.0005410393 -0.0004875379 -0.02313449 -0.0005399292 -0.0005561666 0.02271619 -0.0005173334 0.03973736 0.02407555 -0.000512248 -0.001613354 -0.02449305 -0.0004997856 0.04261998 0.004221151 -0.0004901746 -0.002456433 0.01209796 -0.0004886834 0.04446873 0.004232609 -0.0004834416 -0.002713515 -0.02080594 -0.0004748298 -0.003042496 0.0114556 -0.0004747743 -0.003044527 -0.02007343 -0.0004691997 -0.003257884 0.01987955 -0.0004556922 0.04009531 0.02494003 -0.0004546235 -0.003814 -0.02205964 -0.0004504653 0.03792138 -0.02628127 -0.0004501659 0.04361998 0.004326055 -0.0004352842 0.04563037 0.005575099 -0.0004199195 -0.005136548 -0.008913375 -0.0004197007 -0.005147328 0.002759809 -0.0003975885 -0.005992403 0.01640372 -0.0003938339 -0.006133734 -0.01889112 -0.0003820802 -0.006583999 -0.01137858 -0.000381951 -0.006589122 0.0150071 -0.0003817536 -0.00659492 0.005225386 -0.0003805154 -0.006644525 -0.01696213 -0.0003709262 0.04066263 0.02589255 -0.0003439651 0.0398168 0.01916488 -0.000340177 0.03704119 -0.03101932 -0.0002870341 0.04220676 -0.01914774 -0.000254475 0.03955156 0.02312317 -0.0002428688 0.04563301 0.006695644 -0.0001447601 0.0384831 -0.02655895 -0.0001255075 0.04046344 0.02227698 -0.0001050374 0.03793275 -0.02751919 -9.560102e-05 0.04174362 0.0142225 -9.138491e-06 0.002352364 -0.02467146 -2.979043e-06 0.04643346 0.007646623 -6.539166e-08 0.0141396 -0.03241877 -2.76783e-09 0.005372993 0.0268203 1.836288e-08 0.003384983 -0.02834981 2.414069e-05 0.04562112 0.006456861 7.927618e-05 0.04361993 0.005043319 0.0001152582 0.03791998 -0.02754746 0.0001268694 0.03791998 -0.01803237 0.0001505405 0.03691998 -0.01803894 0.0001512448 0.03968849 0.02192846 0.0001586235 0.03792 -0.01885615 0.0001633771 0.03791998 -0.01804577 0.0001918139 0.04362 0.003778038 0.0001972954 0.04245953 -0.01802742 0.0002006361 0.03691998 -0.02756589 0.0002340235 0.0379207 -0.02675323 0.0002447076 0.04461076 0.003901695 0.0002484439 0.04103449 0.02476635 0.0002949596 -0.002240807 -0.02021327 0.0003360474 0.04561691 0.007441595 0.0003375234 0.04429807 0.005270312 0.0003554602 0.04640294 0.006077928 0.0003750708 0.04261998 0.00528828 0.0003810273 -0.006620589 -0.01717478 0.0003811585 -0.006619067 0.01486345 0.0003817824 -0.006594947 -0.0113746 0.0003820772 -0.006584108 0.005229741 0.0003955172 -0.006070349 0.0162775 0.0003965018 -0.006035725 -0.01907812 0.0004064811 0.04261509 -0.01881431 0.0004197009 -0.005147327 -0.008908943 0.0004199196 -0.005136549 0.00276424 0.000460488 -0.003590136 -0.02232681 0.0004610608 0.04361998 0.005353089 0.0004631298 -0.003486516 0.01961385 0.0004746698 -0.003048521 -0.02008628 0.0004747501 -0.003045495 0.01141088 0.0004770014 0.03841765 -0.02679226 0.0004854808 -0.002635516 -0.02091797 0.0004876384 -0.002553226 0.01205276 0.0004951806 0.04100909 0.0177979 0.0005123237 -0.001610481 -0.02449416 0.000533178 -0.0008131806 0.02246824 0.0005491356 -0.0001817131 -0.02340972 0.0005608925 0.04642379 0.009020133 0.0005956284 0.001572692 0.02459927 0.0006082327 0.001419674 -0.02481987 0.0006272442 0.040967 0.02402731 0.0006600911 0.04361997 0.004469599 0.0006642075 0.001580515 -0.02696071 0.0006874574 0.004485414 0.01233111 0.000691951 0.04462452 0.004492513 0.0007354767 0.004567097 0.02635189 0.0007791356 0.04559451 0.007236707 0.0008483406 0.04597519 0.01069444 0.0008790812 0.0418783 0.01949665 0.0009252595 0.04560565 0.008808043 0.0009679642 0.04113604 0.02251192 0.0009792838 0.00187791 -0.02518932 0.001001339 0.04021924 0.02364221 0.001072515 0.04138218 0.02165929 0.001078133 0.04637991 0.007033737 0.001085661 0.04361994 0.005700062 0.001092008 0.001898248 -0.02720518 0.001098332 0.04035805 0.02462021 0.001132534 0.004889122 0.01234166 0.001152097 0.03888285 0.02614901 0.001156585 0.04300329 0.01732099 0.001178374 0.004903895 0.02654765 0.001183311 0.04521384 0.01033003 0.001194113 0.01846992 -0.0328564 0.001234494 0.01843864 0.02909795 0.001247854 0.04462161 0.004898248 0.001271088 0.04423245 0.005766132 0.001309479 0.01766361 0.02959774 0.00131422 0.01769824 -0.03325613 0.001342133 0.04362 0.004941949 0.001445111 0.04261998 0.005823596 0.001464938 0.04048436 0.02258421 0.001549546 0.04361998 0.005849834 0.001571114 0.04025865 0.0252328 0.001579832 0.04131797 0.0246058 0.001608241 0.04041392 0.02612922 0.00163039 0.04505639 0.01081301 0.001684941 0.04096736 0.02108046 0.001699483 0.03413595 0.02902809 0.001699654 0.01823882 -0.03326123 0.001702939 0.01905683 -0.03285642 0.001703133 0.03338577 -0.03248315 0.001704361 0.01820019 0.02959176 0.001706066 0.01898136 0.0291023 0.001711105 0.04555661 0.00769704 0.001716411 0.0294124 -0.03283568 0.001719605 0.0321221 0.02950112 0.001723188 0.0187049 0.02971455 0.001727095 0.03094958 -0.03312979 0.001737239 0.03021498 -0.03354501 0.001739259 0.018702 -0.03340054 0.001749606 0.0200034 0.03072603 0.001749886 0.03049665 0.03073826 0.001752622 0.01952979 -0.03412812 0.001757969 0.02620981 -0.0343341 0.001758945 0.02964218 0.03108247 0.001759291 0.02088778 0.03109192 0.001759633 0.02025882 -0.03439627 0.001779329 0.04147 0.02353662 0.001823996 0.04481881 0.0148335 0.001899379 0.04528025 0.009764584 0.001954896 0.04634411 0.007489151 0.001972431 0.04448639 0.01292078 0.002010892 0.04574902 0.01122007 0.002045955 0.04595193 0.01037696 0.002103048 0.04065902 0.02437122 0.002217504 0.0411609 0.02550871 0.002232127 0.04462061 0.005142653 0.002243577 0.04362 0.0051333 0.002281592 0.04537398 0.009178421 0.00229119 0.04408671 0.01438777 0.002337369 0.04362002 0.005949243 0.002341068 0.04419252 0.005944197 0.002366364 0.04209365 0.01938117 0.002444648 0.04219247 0.02210712 0.002494996 0.002352364 -0.02467146 0.002519995 0.02519403 -0.03440746 0.00252054 0.02953266 0.03110231 0.002521226 0.02090599 0.03108591 0.002521414 0.02002674 -0.03435522 0.002528641 0.03040524 0.03079263 0.002528865 0.02782135 -0.03407 0.002529422 0.02006729 0.03076493 0.002539929 0.01898914 -0.03365818 0.002542247 0.04361998 0.005902114 0.002542762 0.0302093 -0.03354149 0.002552801 0.01835526 -0.0332775 0.002554012 0.03095565 -0.03311372 0.00255554 0.01878292 0.02976007 0.002556307 0.04261998 0.005906855 0.002559299 0.03210466 0.02950415 0.002565187 0.0296624 -0.03282383 0.002566401 0.04610936 0.009434176 0.002569087 0.0182214 0.02958583 0.002575123 0.0333343 -0.03250415 0.002586266 0.03402542 0.02904698 0.002589787 0.01903455 -0.0328564 0.002597842 0.04101209 0.02332168 0.002626931 0.01884732 0.0290978 0.002664323 0.04175273 0.02418384 0.002709474 0.01795713 -0.03325554 0.002720513 0.04327472 0.01739261 0.002808189 0.04145107 0.0221208 0.002824251 0.04475444 0.01485424 0.002848994 0.04379827 0.01122163 0.002930063 0.04550245 0.007832067 0.002961005 0.01768034 0.02959773 0.003056051 0.01848939 -0.03285661 0.003066108 0.04324514 0.01242383 0.003096498 0.01844105 0.02909792 0.003111697 0.004894997 0.02654264 0.003111896 0.04628939 0.007541349 0.003118758 0.004899182 0.01234192 0.003134362 0.04113591 0.02386596 0.003184784 0.001902389 -0.02720836 0.003216223 0.04540803 0.008571505 0.003274555 0.001875875 -0.02518764 0.003326421 0.03891661 -0.02768932 0.003341995 0.01759442 -0.03325629 0.003394374 0.01841253 -0.03285639 0.003412618 0.0439095 0.01344021 0.003459051 0.04280038 0.02215604 0.003490461 0.04401006 0.01220998 0.003531826 0.004579232 0.02635931 0.003585361 0.004490216 0.01233122 0.003618056 0.001558591 -0.02694374 0.003647331 0.04455128 0.01052668 0.003678598 0.001600568 0.02461908 0.003679257 0.001404571 -0.02483645 0.003685835 0.04609576 0.008940259 0.003690689 0.04240581 0.02052919 0.003734622 -0.0005394386 0.0227326 0.003762757 -0.001613313 -0.02449308 0.003784832 -0.002456435 0.01209796 0.003786407 -0.00251646 -0.02106036 0.003786594 0.04242007 0.02350524 0.003793086 0.04485304 -0.0155464 0.003799618 -0.003021077 -0.02021124 0.003800176 -0.003042496 0.0114556 0.003800369 0.04180737 0.02274891 0.003805808 -0.003257955 0.01987947 0.003820381 -0.003813965 -0.02205968 0.003855086 -0.005136548 -0.008913375 0.003855305 -0.005147328 0.002759809 0.003877418 -0.005992419 0.01640369 0.003881172 -0.006133735 -0.01889112 0.003892926 -0.006583999 -0.01137858 0.003893055 -0.006589122 0.0150071 0.003893252 -0.006594919 0.005225385 0.003894491 -0.006644525 -0.01696213 0.003922032 0.04344069 0.01967093 0.003980022 0.04047459 0.02522802 0.004105996 0.04123911 0.02566455 0.004158905 0.04341387 0.01193818 0.00419381 0.03961592 0.02581677 0.004317247 0.04068807 0.01614591 0.004329194 0.04144731 0.02002597 0.00433678 0.04097652 0.01606747 0.004357196 0.04209716 0.0246443 0.004363082 0.04097451 0.01747567 0.004371583 0.03970346 0.01660026 0.004399983 0.04067278 0.01608189 0.004415498 0.04068811 0.01786403 0.004489575 0.04162078 0.02336963 0.004496247 0.04093488 0.01486286 0.00451462 0.04131697 0.02442052 0.004521021 0.04442405 0.009878815 0.004527081 0.04067278 0.01824541 0.00463021 0.0406881 0.0143163 0.004656034 -0.006620589 -0.01717478 0.004656165 -0.006619067 0.01486345 0.004656788 -0.006594947 -0.0113746 0.004657084 -0.006584108 0.005229741 0.004666617 0.03970346 0.0187796 0.004670523 -0.006070349 0.0162775 0.004671508 -0.006035724 -0.01907812 0.004691319 0.04067278 0.01434676 0.004694707 -0.005147327 -0.008908943 0.004694926 -0.005136549 0.00276424 0.004728841 0.04085024 0.01923552 0.004734728 0.04122416 0.02133448 0.004735494 -0.003590126 -0.02232682 0.004738135 -0.003486545 0.01961381 0.004744367 0.03970346 0.01409936 0.004749168 -0.003067822 -0.01990644 0.004749756 -0.003045495 0.01141088 0.004755717 -0.002818067 -0.02065642 0.004762644 -0.002553226 0.01205276 0.004771062 0.04226886 0.02063566 0.00478733 -0.001610472 -0.02449417 0.004797753 -0.001212464 -0.02241156 0.004808182 -0.0008132687 0.02246816 0.004819147 0.0424057 0.02343159 0.004825619 0.04068812 0.01951102 0.004871096 0.001591383 0.02461543 0.004873586 0.001392428 -0.02481024 0.004914357 0.04045949 0.02626463 0.004939228 0.001580531 -0.02696074 0.004953049 0.004418567 0.01232935 0.004954265 0.04308861 0.009651022 0.004968691 0.03684828 0.02718401 0.004970419 0.04196318 0.02505478 0.004982872 0.004486028 0.02630526 0.004985831 -0.001238011 -0.02137684 0.004999131 0.002352364 -0.02467146 0.005064916 0.04088308 0.01309824 0.005117657 0.04068813 0.01712681 0.005136516 0.04118543 0.01610843 0.005159796 0.04119057 0.01737601 0.00523755 0.00186559 -0.02517948 0.005247164 0.04068816 0.0127281 0.005255417 0.04434688 0.009528515 0.005284828 0.0411899 0.01501645 0.005297457 0.04067278 0.02042299 0.005304517 0.03970346 0.02041939 0.00531355 0.0406881 0.01480604 0.005326081 0.004863896 0.012341 0.005327302 0.04601876 0.008501487 0.005337044 0.04067278 0.01271011 0.005349964 0.04119786 0.01848733 0.005358057 0.0417972 0.02173778 0.005361217 0.04216372 0.02410725 0.005372766 0.004885679 0.02653755 0.005378146 0.04532522 0.007914547 0.005382836 0.001904851 -0.02721028 0.005383126 0.04149911 0.01997964 0.005403777 0.04129078 0.02422681 0.005418789 0.01761331 0.02959789 0.005420378 0.04068195 0.02080408 0.005455204 0.0432907 0.009154927 0.005477843 0.01847041 -0.03285624 0.00553446 0.04112589 0.02490347 0.005575557 0.04068815 0.01925821 0.005579519 0.01767259 -0.033256 0.005591251 -0.00210101 -0.02044629 0.005598827 0.04338882 -0.01848842 0.005632943 0.01851803 0.02909799 0.005699556 0.03970346 0.01208222 0.005721485 0.04118425 0.01359408 0.005866786 0.01793349 0.02959741 0.005938718 0.04085579 0.01161744 0.005963358 0.0411957 0.02010097 0.005963459 0.01901321 -0.03285627 0.005964536 0.01896894 0.02909778 0.005970237 0.03401779 0.0290449 0.005980913 0.03483618 0.02882746 0.005982295 0.04068811 0.01305749 0.005982982 0.03143427 0.02909571 0.005984029 0.03333312 -0.03248269 0.005987866 0.01827445 -0.03326068 0.005996659 0.02923015 -0.03283933 0.005997139 0.01830922 0.02959793 0.005999548 0.01859456 0.02959779 0.006003071 0.03214658 0.02949424 0.006003485 0.01876188 0.02973455 0.006008477 0.03089384 -0.03315258 0.006017719 0.03016997 -0.03355975 0.006017907 0.01856225 -0.03331926 0.006029593 0.02000295 0.03072578 0.006029887 0.03049659 0.03073829 0.00603492 0.01964558 -0.03421615 0.006037991 0.02619226 -0.03433615 0.006038946 0.02964216 0.03108247 0.006039371 0.0208878 0.03109192 0.006039899 0.02041011 -0.03440753 0.006174278 0.0406881 0.0113055 0.006206606 0.002352169 -0.02467131 0.006234011 0.04179889 0.02547642 0.006253138 0.002352364 -0.02467146 0.006256203 0.03970346 0.02189933 0.00626236 0.04067278 0.02189434 0.006308933 0.04067278 0.01124348 0.006376429 0.04196584 0.02449959 0.00640547 0.04068828 0.02085821 0.006560848 0.01149649 -0.03183082 0.006644779 0.04111979 0.02455957 0.006672946 0.04118524 0.01196367 0.006696822 0.0408729 0.01071706 0.006727271 0.008507332 -0.03151807 0.006727284 0.008774506 -0.03086968 0.006777914 0.04068841 0.02297197 0.006794068 0.03970346 0.01070469 0.006799312 0.04117865 0.02140052 0.006800221 0.02517419 -0.03440803 0.006800541 0.02953266 0.0311023 0.006800891 0.02019366 -0.03438286 0.006800967 0.02090597 0.03108591 0.006807837 0.0195141 -0.03411352 0.006808321 0.0276701 -0.03409905 0.006808669 0.03040517 0.03079266 0.006809357 0.02006777 0.03076518 0.006823129 0.01886926 -0.03352825 0.006823341 0.030256 -0.03352602 0.006833624 0.03092732 -0.0331307 0.006837167 0.01870041 0.02970811 0.006842187 0.03209957 0.02950773 0.006845483 0.0294665 -0.03282681 0.006845646 0.01827443 -0.03325014 0.006854946 0.033304 -0.0324978 0.006859162 0.01904592 0.029098 0.006860891 0.01908095 -0.03285621 0.006869025 0.0181594 0.02959128 0.006871813 0.03406881 0.02904545 0.007058783 0.04068808 0.01147124 0.007210693 0.01848624 0.02909775 0.007259799 0.01849294 -0.03285611 0.007280948 0.04068818 0.0101557 0.007290292 0.01765087 0.02959786 0.007304943 0.04238818 0.008898263 0.007366368 0.01765402 -0.03325586 0.007389775 0.004894242 0.02654219 0.007395835 0.00489871 0.01234191 0.007450498 0.04289328 0.009525401 0.007454294 0.04437704 -0.01800289 0.007458019 0.001898244 -0.02720526 0.007492583 0.04118594 0.01105568 0.00750093 0.04067278 0.02314406 0.007505915 0.03970346 0.0231379 0.007507143 0.002352364 -0.02467146 0.007564515 0.04067278 0.01001097 0.007570766 0.001877891 -0.02518944 0.007588356 0.04091016 0.009911445 0.0076084 0.04068807 0.02228053 0.007641177 0.01098241 -0.0324089 0.007803895 0.04385185 -0.01736468 0.007815681 0.004565528 0.02635132 0.007860737 0.004484881 0.01233107 0.00788582 0.001580494 -0.02696081 0.00791533 0.04120823 0.02254351 0.007953356 0.001610025 0.02462634 0.007959045 0.001357093 -0.02479515 0.008009305 -0.0005267695 0.02274504 0.008037765 -0.001613397 -0.02449301 0.008059838 -0.002456435 0.01209796 0.008061413 -0.002516453 -0.02106037 0.008065125 0.04586984 -0.01529102 0.008074402 -0.003012294 -0.02022693 0.008075185 -0.003042506 0.01145558 0.008080812 -0.003257907 0.01987953 0.008095388 -0.003813993 -0.02205965 0.008130093 -0.005136548 -0.008913375 0.008130312 -0.005147328 0.002759809 0.008151079 0.03970346 0.009584808 0.008152424 -0.005992408 0.01640372 0.008156184 -0.006133736 -0.01889111 0.008167932 -0.006583999 -0.01137858 0.008168061 -0.006589122 0.0150071 0.008168259 -0.00659492 0.005225386 0.008169497 -0.006644525 -0.01696213 0.008173717 0.04120211 0.01046828 0.008201202 0.03890063 0.02713413 0.008442087 0.0414964 0.02373011 0.008669182 0.04165554 0.02563692 0.008733761 0.04096015 0.009157705 0.008746543 0.04091685 0.02513145 0.008800457 0.04068808 0.01002314 0.008871107 0.04068811 0.009068049 0.008931039 -0.006620589 -0.01717478 0.00893117 -0.006619067 0.01486345 0.008931794 -0.006594947 -0.0113746 0.008932089 -0.006584108 0.005229741 0.008945529 -0.006070349 0.0162775 0.008946514 -0.006035724 -0.01907812 0.008969713 -0.005147327 -0.008908943 0.008969932 -0.005136549 0.00276424 0.009010502 -0.003590072 -0.02232689 0.009013144 -0.003486454 0.01961392 0.009024174 -0.003067825 -0.0199064 0.009024762 -0.003045495 0.01141088 0.009030724 -0.002818078 -0.0206564 0.009037651 -0.002553224 0.01205276 0.009044438 0.04069992 0.02421109 0.009048904 0.04067278 0.009066448 0.009062334 -0.00161055 -0.02449409 0.009072758 -0.001212521 -0.0224115 0.00908374 -0.0007921721 0.02248919 0.00910012 0.03900691 -0.0282905 0.00914115 0.001328018 -0.02475481 0.009146082 0.001587684 0.02461072 0.009163201 0.001422769 -0.0268395 0.009224583 0.04118449 0.009806137 0.009234653 0.004469133 0.01233069 0.009258779 0.004488766 0.02630622 0.00926826 0.03970346 0.02426019 0.009306955 0.03688017 0.02807097 0.00941302 0.04451257 0.004857338 0.009452332 0.001841718 -0.02516096 0.009470757 0.04067278 0.02435035 0.009516117 0.04068826 0.02356583 0.009521365 0.001875642 -0.027188 0.009624191 0.04119407 0.02360509 0.009624953 0.04102274 0.008739492 0.009630223 0.004873906 0.02652987 0.009682191 0.00489468 0.0123418 0.009711256 0.01761541 0.02959783 0.009772704 0.01848524 -0.03285657 0.009867867 0.04515356 0.004266471 0.009882512 0.03813646 -0.02832265 0.009883766 0.01769121 -0.03325608 0.01001402 0.01856283 0.02909777 0.01008828 0.03970346 0.008613122 0.01009946 0.03788643 -0.02764415 0.01015031 0.0179421 0.02959792 0.01019558 0.04174974 0.02464965 0.01024284 0.01901124 -0.03285625 0.01025229 0.03492006 0.02882799 0.01025456 0.03827032 0.02654497 0.01025717 0.03411394 0.02904564 0.01026061 0.03336073 -0.03244241 0.01026797 0.01827398 -0.03326159 0.01026811 0.01909735 0.02910139 0.01026959 0.04122659 0.009343131 0.01027145 0.03289428 -0.03262381 0.01027556 0.02939363 -0.032834 0.01027846 0.01831681 0.02959756 0.01027945 0.03208569 0.02951526 0.01027996 0.0185948 0.02959777 0.01028495 0.01881409 0.02977628 0.01028732 0.03092289 -0.03313342 0.01029717 0.03020879 -0.03354748 0.01030014 0.01860421 -0.0333349 0.01030967 0.0305082 0.03072906 0.01031213 0.02015368 0.03082523 0.01031523 0.01969363 -0.03423524 0.01031911 0.0296229 0.0310918 0.01031962 0.02107473 0.03110825 0.01031978 0.02041011 -0.03440753 0.01032032 0.02617445 -0.03433775 0.01041763 0.04149932 0.02430879 0.01051712 0.04068815 0.009263834 0.01054593 0.002352364 -0.02467146 0.01067691 0.04068767 0.02482191 0.0107613 0.04105673 0.00836867 0.01082172 0.04371978 0.008045016 0.01083562 0.01311501 -0.03294586 0.01092135 0.01301041 -0.03222792 0.01094821 0.04068804 0.00831064 0.01099294 0.0408479 0.02490453 0.0109998 0.01052072 0.02927483 0.01104764 0.04067278 0.00835602 0.01107999 0.02519363 -0.03440747 0.01108075 0.02016251 -0.03437956 0.01108101 0.02096173 0.0311011 0.01108169 0.02978387 0.03105776 0.01108869 0.01945827 -0.03407701 0.0110887 0.02777762 -0.03407654 0.01108941 0.02006831 0.03076546 0.0110919 0.03059801 0.03066806 0.01110324 0.03024809 -0.03352946 0.01110377 0.01886578 -0.03352589 0.01110733 0.04119045 0.02409178 0.0111132 0.03093402 -0.03312282 0.01111621 0.01874327 0.02973379 0.0111213 0.03209658 0.02951727 0.0111234 0.01829394 -0.03325706 0.0111242 0.01829299 0.02959786 0.01112502 0.02952122 -0.03282347 0.01112657 0.03261594 -0.03271684 0.01113642 0.03338397 -0.03244963 0.01113828 0.03430674 0.02899291 0.0111383 0.03404683 0.0290725 0.01114004 0.0182169 0.02959877 0.01115046 0.0190153 -0.03285627 0.0111635 0.01812149 0.02959811 0.01116531 0.01891124 0.02909779 0.01123043 0.03840384 -0.0268102 0.01126528 0.002352364 -0.02467146 0.01150912 0.01766978 0.02959788 0.01156058 0.04067278 0.02492449 0.01159366 0.01766628 -0.03325634 0.01159641 0.01845313 0.02909783 0.01164036 0.04118781 0.009010309 0.0116686 0.01845773 -0.03285624 0.01168084 0.004896714 0.02654306 0.01172397 0.04502388 0.006272548 0.01173179 0.001897089 -0.02720455 0.01174716 0.009361585 -0.03109971 0.01174966 0.004873092 0.01234124 0.0117808 0.04068813 0.02423224 0.01180442 0.03594074 0.02758975 0.01188867 0.04100766 0.008173136 0.01189035 0.002352364 -0.02467146 0.01189124 0.001859129 -0.02517501 0.01191753 0.03970346 0.02499628 0.01198204 0.03787933 -0.02718124 0.01201135 -0.002095544 -0.02045334 0.01210852 0.004522601 0.02632481 0.01214433 0.004434386 0.01232975 0.01216722 0.001569478 -0.02695256 0.01222874 0.00159552 0.02461566 0.01223972 0.001303505 -0.0247484 0.01228466 -0.0005402013 0.02273186 0.01231294 -0.001619814 -0.02448667 0.01231941 0.04121703 0.02426908 0.01233484 -0.002456433 0.01209796 0.01233642 -0.002516453 -0.02106037 0.01234941 -0.003012294 -0.02022693 0.01235019 -0.003042506 0.01145558 0.01235582 -0.003257926 0.01987951 0.01237045 -0.00381605 -0.02205708 0.0124051 -0.005136548 -0.008913375 0.01240532 -0.005147328 0.002759809 0.01242112 0.04068809 0.008907486 0.01242743 -0.005992398 0.01640373 0.01243119 -0.006133736 -0.01889111 0.01244294 -0.006583999 -0.01137858 0.01244307 -0.006589122 0.0150071 0.01244326 -0.00659492 0.005225386 0.0124445 -0.006644525 -0.01696213 0.01251541 0.002352364 -0.02467146 0.01255517 0.04068801 0.02508036 0.0128 0.04067278 0.008194735 0.0128 0.03970346 0.008157981 0.01282988 0.002352364 -0.02467146 0.01285159 0.04118652 0.00891299 0.01290983 0.03854987 0.02722832 0.01296674 0.03927751 0.02592961 0.01314436 0.002352364 -0.02467146 0.01318636 0.04098838 0.008122623 0.01320605 -0.006620589 -0.01717478 0.01320618 -0.006619067 0.01486345 0.0132068 -0.006594947 -0.0113746 0.01320709 -0.006584108 0.005229741 0.01322054 -0.006070343 0.01627752 0.01322152 -0.006035719 -0.01907813 0.01322704 0.04246239 0.007274865 0.01323389 0.04337726 0.007697366 0.01324472 -0.005147327 -0.008908943 0.01324494 -0.005136549 0.00276424 0.01328094 0.04068806 0.008115547 0.01328552 -0.00358953 -0.02232755 0.01328815 -0.003486329 0.01961408 0.01329952 -0.003055023 -0.02006751 0.01329976 -0.003045976 0.01143826 0.01331405 -0.002499763 0.01207379 0.01331454 -0.002482276 -0.02113937 0.01331633 0.04072481 0.025082 0.01331838 0.04067278 0.02500027 0.01333759 -0.001601151 -0.02450322 0.0133582 -0.0008128527 0.02246855 0.01342111 0.00159083 0.02461474 0.01342706 0.001411313 -0.02481576 0.01345115 0.001478744 -0.02688248 0.01351044 0.03602123 0.02834493 0.01351363 0.004502245 0.01233154 0.0135613 0.004577309 0.02635702 0.01365356 0.04119267 0.02423848 0.01365857 0.04068811 0.02423502 0.01372533 0.04199659 0.008454926 0.01380515 0.001870518 -0.0251834 0.01381383 0.002352364 -0.02467146 0.01385173 0.00188845 -0.02719774 0.01396406 0.04144466 0.02554377 0.013969 0.004890686 0.0123417 0.01400249 0.04159805 0.02456372 0.01400277 0.01846024 -0.03285646 0.0140173 0.004905342 0.02654889 0.01404815 0.01845726 0.02909764 0.01408389 0.002352364 -0.02467146 0.01423919 0.002352364 -0.02467146 0.01428159 0.01773493 0.02959779 0.01430569 0.04121127 0.009064775 0.01431598 0.01775777 -0.0332644 0.01437411 0.04068815 0.009078119 0.01437727 0.0455994 0.006161915 0.01438514 0.04315118 0.007655018 0.01439448 0.002352364 -0.02467146 0.01439944 0.01914132 0.02817632 0.01441213 0.04406425 0.006105416 0.01445645 0.00822874 -0.03140206 0.01447407 0.002352364 -0.02467146 0.01448539 0.0446204 -0.01449958 0.01449288 0.01884579 0.02909785 0.01451307 0.01896389 -0.03285623 0.01452746 0.0340513 0.02897454 0.01452885 0.01821247 -0.03325584 0.01453891 0.03347871 -0.03240319 0.01454004 0.01852922 -0.03245625 0.01454084 0.01817758 0.02879782 0.01454142 0.03425435 0.0289465 0.0145431 0.03101249 0.02909043 0.01455237 0.03970346 0.02484449 0.01455366 0.002352364 -0.02467146 0.01455475 0.01826152 -0.0332599 0.01455521 0.02946307 -0.03283044 0.01455623 0.03238793 -0.03276659 0.01455699 0.01831382 0.02959798 0.01455987 0.03210673 0.02949339 0.01456009 0.01859474 0.0295979 0.01456395 0.01875438 0.02972834 0.01456733 0.03087739 -0.03315507 0.01457348 0.008013221 -0.03055092 0.0145762 0.01879289 -0.03346569 0.01457838 0.0300933 -0.0335831 0.01458979 0.01919337 -0.03205369 0.01458995 0.01939998 -0.03402829 0.01459025 0.02003719 0.03075009 0.01459132 0.03040673 0.03079254 0.01459816 0.026174 -0.03433789 0.01459902 0.02090563 0.03108583 0.01459906 0.0201051 -0.03437776 0.01459947 0.02952259 0.03110257 0.01462891 0.002352364 -0.02467146 0.01465928 0.006021249 -0.03037556 0.01466198 0.04067278 0.008373425 0.014685 0.04261998 -0.01528419 0.01470963 0.002352363 -0.02467146 0.01475942 0.04167635 0.007690639 0.01476211 0.01090336 -0.0316606 0.01478854 0.002352364 -0.02467146 0.01478884 0.04070636 0.02485291 0.01480054 0.04119332 0.02401279 0.0148264 0.002352364 -0.02467146 0.01484694 0.03913172 0.02579767 0.01486425 0.002352364 -0.02467146 0.0148794 0.01950259 0.02816391 0.01488512 0.002352364 -0.02467146 0.01489313 0.04428841 -0.01526255 0.01490598 0.002352364 -0.02467146 0.01490652 0.04088024 0.008385558 0.01493887 0.04361998 -0.01525029 0.01494245 0.03859238 -0.02753383 0.01495324 0.04362005 -0.01525992 0.01497441 0.04361997 -0.01442578 0.01497729 0.03970346 0.008474528 0.0150535 0.04067278 0.02470894 0.01506958 0.002352343 -0.02467145 0.01507405 0.008887441 0.02887325 0.01509537 0.01880065 0.02879751 0.01513535 0.005597547 0.01215218 0.01514986 0.002610969 -0.02509246 0.01515569 0.01925557 -0.03245594 0.015178 0.002618923 -0.02687945 0.01523527 0.004905372 0.01234208 0.01523678 0.004900198 0.0265434 0.0152537 0.005607635 0.0261438 0.01526593 0.001909105 -0.02521386 0.01527845 0.02020324 -0.03201851 0.01528861 0.04461864 -0.01428375 0.01532006 0.001899919 -0.0272054 0.01532659 0.005076649 0.0116594 0.01533856 0.04068812 0.008502493 0.0153585 0.04287233 0.007757239 0.01536011 0.02519366 -0.03440747 0.01536076 0.02088761 0.03109187 0.01536125 0.02967246 0.03107717 0.01536155 0.02001255 -0.03435233 0.01536884 0.02778993 -0.03407459 0.01537 0.02003242 0.03074158 0.0153706 0.03052826 0.03071861 0.01537087 0.01935848 -0.03399585 0.01538285 0.03021875 -0.03353889 0.0153895 0.01848505 -0.03328268 0.0153903 0.02867432 -0.03325677 0.01539141 0.005402338 0.01185362 0.01539407 0.03095603 -0.0331099 0.01539934 0.01853321 0.02961859 0.01540071 0.03080631 0.02956917 0.01540161 0.002337159 -0.02466034 0.01540447 0.03223816 0.02942572 0.01541784 0.006208604 -0.02967486 0.01542039 0.01966691 0.0287977 0.01545381 0.02076458 0.02811986 0.01548072 0.02035859 -0.03245618 0.01548963 0.002466892 -0.02479445 0.01549081 0.04475216 -0.01564849 0.01550708 0.04294304 0.006657623 0.0155326 0.0406881 0.02379659 0.01553493 0.02136629 -0.0319777 0.01555479 0.04071991 0.02468747 0.01558139 0.04119885 0.00944305 0.01561821 0.04145404 0.02516868 0.01562821 0.009044555 0.02819404 0.01564173 0.002534954 -0.02503722 0.01565443 0.005503669 0.01219591 0.01565488 0.0412174 0.02374012 0.01569391 0.005180048 0.01175926 0.0157094 0.04554561 -0.01525473 0.01579708 0.04068809 0.009528088 0.01582341 0.04162894 0.02404209 0.0158235 0.004664364 0.02640463 0.01583761 0.02993624 -0.03242524 0.01585826 0.03050913 0.02878001 0.01585855 0.001691969 -0.02504111 0.01588665 0.04422598 -0.01485122 0.01591602 0.03218267 0.02862765 0.01591612 0.00245756 -0.02675659 0.01591641 0.004596187 0.01233399 0.015917 0.03221917 -0.03198323 0.01592918 0.04261998 -0.01484993 0.0159498 0.04226323 0.008340376 0.01595997 0.03344379 -0.0315561 0.01597011 0.04361995 -0.01374732 0.01599467 0.03439635 0.02798574 0.01603219 0.03539785 0.02758112 0.01603365 0.005258091 0.01201641 0.01604373 0.04161811 0.007873257 0.01604767 0.04361998 -0.0147442 0.01604815 0.03853328 0.02687624 0.0160702 0.04361995 -0.01472846 0.01608825 0.001533504 -0.02692062 0.01609232 0.04462262 -0.01358663 0.01612558 0.004883428 0.01171991 0.01614154 0.005304949 0.02597477 0.01616399 0.04072331 0.0243962 0.01621458 0.002259367 -0.02481105 0.01627836 0.002340299 -0.02466281 0.01629897 0.0442444 0.005524907 0.01635947 0.001869064 -0.02428915 0.01636123 0.00511886 0.01222085 0.01638947 0.003941773 0.02591773 0.0163995 0.04361997 -0.01295086 0.01640565 0.03613175 -0.030334 0.01642429 0.003833148 0.01231402 0.01643056 0.04462082 -0.01283009 0.01646818 0.0009700966 -0.02444568 0.0164832 0.002543819 0.02488364 0.01648844 0.004842589 0.01192984 0.01649029 0.004126361 0.01163022 0.01649811 0.008026916 0.02857737 0.01650266 0.04361998 0.001460935 0.01651107 0.0007417624 -0.02623583 0.01651307 0.04080841 0.008964414 0.01653597 0.0003700745 0.02308778 0.01655109 0.03970346 0.02413407 0.01655273 0.005156783 -0.02989075 0.01656395 0.0446082 0.001433087 0.0165734 -0.0009394969 -0.02467432 0.01658073 -0.001320671 -0.02230329 0.01658406 0.001992486 -0.0264281 0.01658795 0.00195838 -0.0246543 0.01660972 -0.002411176 0.01211035 0.01661124 -0.002467735 0.02025966 0.01661845 0.04419926 -0.01421047 0.0166213 -0.002846878 -0.02061046 0.01662622 -0.003040498 0.01148471 0.0166272 -0.003068058 -0.01987705 0.01662753 -0.003080025 -0.01838471 0.01662753 -0.003080025 0.01213298 0.01663271 -0.003242815 -0.02221366 0.01664022 0.04361998 0.002262854 0.01664312 0.0009468616 -0.02348692 0.01664953 0.04261998 0.002253808 0.01665832 -0.004237039 0.01219536 0.01665908 -0.004265303 -0.01849427 0.01666496 -0.004488454 -0.02067251 0.01666843 -0.004614563 0.0176277 0.01666867 -0.00462599 0.0125975 0.01666884 -0.004632199 -0.01891578 0.01666932 -0.004648967 -0.02015357 0.01668043 0.002189916 -0.02751835 0.01669014 0.04067278 0.02406322 0.01669418 0.04550542 -0.01476618 0.01670439 -0.003106858 -0.01748308 0.01670472 -0.003114822 0.01129856 0.01670865 -0.0008072118 -0.02183669 0.01672475 0.004708049 0.01214398 0.01672951 0.04117716 0.009998792 0.01674506 -0.004663788 -0.01546556 0.01674615 0.04406954 0.002230797 0.01675253 0.03614139 0.02803322 0.01675683 0.004413942 0.02634083 0.01677881 -0.005952798 0.007643818 0.01678694 0.04361996 -0.01398937 0.0167878 -0.006294856 -0.01316628 0.01679178 0.004036279 0.01173924 0.0167958 -0.006601458 0.006069204 0.01679708 -0.00664994 -0.01182958 0.01679731 0.04470169 -0.015018 0.01680406 -0.00237954 0.01147338 0.0168058 0.04361998 -0.01395007 0.01680822 -0.002372325 -0.01989019 0.01684585 0.004576442 0.02560503 0.01685622 0.04360467 0.005976006 0.01685628 0.04078096 0.02414703 0.01685831 0.04261998 -0.01386678 0.0168614 -0.002181199 -0.02039031 0.01687479 0.001189132 -0.0238384 0.0168916 -0.002401617 -0.0186503 0.01689464 0.04457588 0.00616671 0.01689527 0.04361996 0.002164799 0.01689678 0.001568823 -0.0243952 0.01692111 0.03970346 0.009240624 0.0169275 -0.0009620929 -0.0217936 0.01699076 0.004216869 0.01210034 0.01701736 0.00509945 -0.02904964 0.01703641 0.001561367 -0.02713783 0.01704102 0.00372805 0.01194445 0.0170444 0.0009786934 -0.02383374 0.01705314 -0.002471448 -0.02004548 0.01705322 0.04068797 0.009251993 0.01708327 0.04118945 0.02298181 0.01710165 0.04152477 0.02453421 0.01710527 0.007765223 0.02773788 0.01711308 0.04067278 0.009351455 0.01711446 -0.0023781 0.0116623 0.01711787 0.003863033 0.0252303 0.01713856 0.04068813 0.01025804 0.01714145 0.003645528 0.01220482 0.01715139 0.001133325 -0.02585208 0.01716019 0.01359192 -0.03234004 0.0171631 0.04417919 -0.01323116 0.01717204 -0.002275209 -0.02068592 0.01717917 0.0009008449 -0.02403152 0.0171939 0.04361999 -0.01308082 0.01719965 0.04068812 0.02289914 0.01720089 0.04261998 -0.01302135 0.01720889 0.04361998 -0.01301054 0.01720932 0.04265764 0.006972197 0.01722058 0.001013103 0.02301613 0.01724627 0.04474547 0.004942552 0.01725775 -0.001263346 -0.02206577 0.01726081 0.04462254 0.0008258989 0.01728113 -0.002378937 0.01192164 0.01728699 -0.002814911 -0.0190441 0.01728867 0.006754843 0.02805866 0.01729162 -0.001740755 -0.02316295 0.01729765 -0.002823608 -0.01989979 0.01729797 0.0434814 0.00727535 0.01729886 -0.002680613 -0.02051184 0.0173071 0.03500053 -0.03175805 0.0173103 -0.00242067 0.0195508 0.01731104 -0.002417203 0.01239407 0.01731954 -0.00277116 0.01278304 0.01735067 -0.003939576 0.01767363 0.01735084 -0.003939829 -0.020501 0.01735111 -0.003956755 -0.01914667 0.01735121 -0.003960523 0.0128598 0.01736845 0.04173944 0.02320769 0.01737606 0.03651717 -0.03101313 0.01741439 0.04261998 0.001810147 0.01741558 0.04361997 0.0006578479 0.01742489 0.003520372 -0.0288853 0.01743227 0.004723238 0.02695311 0.0174777 0.002460302 0.0253274 0.01748747 0.04361998 0.001748881 0.01748843 0.0332497 0.02913397 0.01751152 0.03169646 0.02865908 0.0175158 0.04544795 0.005376801 0.01751762 0.001235281 -0.02719074 0.01753366 0.03970113 0.02570667 0.01755588 0.0002861583 0.0234974 0.01755779 -0.006649754 0.005683472 0.0175587 0.003823906 -0.02823928 0.01755904 -0.006602297 -0.01221271 0.01756647 -0.001292563 -0.0248098 0.01756657 -0.006314908 0.006961089 0.0175728 0.04479393 0.003929312 0.01757506 -0.005989129 -0.01372716 0.0176021 0.005982975 0.02688059 0.01760556 -0.004825771 0.009096068 0.01760905 -0.002415351 0.0208172 0.01761433 0.02995541 0.02958845 0.01761439 0.04187446 0.008107687 0.01762214 0.003896154 0.02555467 0.01763028 -0.003034765 -0.02297168 0.01763075 0.04547741 -0.01358006 0.01764033 0.04119507 0.01064178 0.01765055 -0.003107008 -0.01746024 0.01765082 -0.003095026 0.01131338 0.01767406 0.0007948912 0.0230131 0.01768915 0.001796296 -0.02674308 0.01771069 0.04461915 -0.0001041136 0.01772449 0.04361999 -0.0004255801 0.01772597 0.03479524 -0.03096143 0.01773633 -0.001898203 0.0203506 0.01773809 -0.004510725 -0.02118084 0.01773841 0.04361995 0.00149956 0.01774093 -0.001466218 -0.02368044 0.01778975 0.04406199 0.001467975 0.01780999 0.01051139 0.02853844 0.01781884 0.04466743 -0.01370528 0.0178279 0.04089329 0.02347933 0.01783564 0.04558147 0.003667906 0.01783969 0.01022376 0.02920332 0.01786409 -0.00394045 0.01794354 0.0178728 -0.003941086 -0.02077332 0.01788464 0.03674509 0.02660293 0.0178919 -0.004619201 0.01821476 0.01796837 0.04082767 0.009877782 0.01802731 0.03289972 -0.03259046 0.01805404 0.04068792 0.02328848 0.0181298 0.04361998 0.0009607816 0.01818198 0.0329337 0.0283566 0.01819705 0.04162344 0.02381339 0.01820861 0.04540113 0.005294734 0.01820959 0.03486497 0.02758091 0.01821785 0.04122836 0.02206202 0.01822014 0.04386575 0.007107783 0.01823603 0.03423016 0.02874912 0.0182409 0.03614914 -0.03021855 0.01824766 0.04361988 0.0007533603 0.01827936 0.04261998 0.0007357875 0.01830274 0.04068806 0.01124046 0.01830987 0.03814491 -0.02994121 0.01832344 0.04462859 -0.01586133 0.01835667 0.0374675 -0.02941756 0.0183612 0.03970346 0.02294224 0.01836179 0.04542593 -0.01613017 0.01836239 0.04068811 0.02189962 0.01836934 0.04410753 0.0004461384 0.01839668 0.04463888 0.004917212 0.01840147 -0.00465146 -0.02100014 0.01848563 0.03327315 -0.0315676 0.01850447 0.03191044 0.0294061 0.01850496 0.04320335 0.008307831 0.01851696 0.04361998 -0.0001469022 0.01852177 0.04261998 -0.0004847111 0.01852362 0.04417826 -0.0004298456 0.01852593 0.04067278 0.02279392 0.01852942 0.04362001 -0.0003474088 0.01854386 0.04120779 0.01149917 0.01854435 0.04068815 0.01035447 0.01858954 0.03847461 0.02514183 0.01863602 0.04192416 0.02206888 0.01866594 0.04464048 -0.01302645 0.018682 0.03146861 -0.03295398 0.01873432 0.04222334 0.01025476 0.01874699 0.04473197 0.003052318 0.01880076 0.0455295 0.002770262 0.01881963 -0.004648986 -0.01892119 0.01885646 0.0408881 0.01066398 0.01895887 0.04465234 -0.009498915 0.01897215 0.03367577 -0.03223304 0.01899366 0.03970346 0.01087432 0.01904005 0.04245508 0.008361387 0.01904328 -0.00308002 -0.01838429 0.01905496 -0.00424264 -0.01849402 0.01906812 0.03772307 -0.02760446 0.01911123 -0.002410846 -0.01862484 0.01911591 0.04102679 0.02247815 0.01911846 0.04344392 -0.01746064 0.01913283 0.04276173 -0.01881107 0.01914198 0.04067278 0.01103905 0.01914331 -0.002842544 -0.01904647 0.01914362 0.0386398 -0.02824081 0.01918886 0.0384075 -0.02678709 0.01918954 0.0412366 0.02087529 0.01920058 0.03791998 -0.02758492 0.01920381 0.0365002 -0.03078265 0.0192075 0.03791999 -0.01801238 0.01920883 0.04254572 -0.01800651 0.01921967 0.04550226 0.001538597 0.01922194 0.04523922 0.005641589 0.01922762 0.04175936 0.02292094 0.01923594 0.03791916 -0.02678448 0.01923648 0.04068808 0.01240509 0.01924501 0.0451935 -0.01487743 0.01924937 0.04267718 0.01037282 0.01925818 -0.002509133 -0.01877306 0.01926066 0.03691998 -0.02757604 0.01929704 0.04068809 0.02070007 0.01929877 0.0366483 0.02728334 0.01930149 0.03531498 -0.03141403 0.01930561 0.04396453 -0.01809606 0.0193157 0.04446659 0.005359702 0.0193291 0.04225656 0.009120389 0.01932958 0.03791999 -0.01883375 0.01934849 0.04110246 0.02202484 0.01937284 0.04371134 0.008631158 0.0194065 -0.003959801 -0.0190941 0.01942748 0.04469262 0.001458683 0.01944307 0.0454344 -0.007575698 0.01944673 0.0382611 0.02486501 0.019462 -0.002671895 -0.0187878 0.01946735 -0.002905082 -0.01893607 0.01947163 0.03783279 -0.02809794 0.01950522 0.04422396 -0.01632495 0.01951714 0.0406881 0.02178367 0.01953654 0.04431267 -0.007855953 0.01954083 0.0355671 -0.03026228 0.01955412 0.04422033 -0.01421705 0.01957532 0.04216177 0.0118093 0.01959884 0.04121104 0.01298615 0.0196458 0.03691998 -0.01808307 0.01965408 0.04263718 -0.0189917 0.01967169 0.04230281 0.009643649 0.01969309 0.0371968 0.026757 0.01974572 0.03848594 -0.02654754 0.01975734 0.03574079 0.02676559 0.01978015 0.04495711 -0.0166428 0.01979917 0.03384897 -0.03113296 0.01980483 0.03822456 -0.02948012 0.01981544 0.03970346 0.02124918 0.01982545 0.03856677 0.02553487 0.01983555 0.04500845 0.006524486 0.01983749 0.04068806 0.01184495 0.01984054 0.04221705 0.02040617 0.01984072 0.03250051 -0.03171835 0.01985023 0.04429487 0.005986538 0.01985367 -0.002420249 -0.01750414 0.01987501 0.04098354 0.01191607 0.01988638 0.03758751 -0.02883072 0.0199252 0.04123837 0.01948093 0.01993585 0.0406881 0.01375274 0.01993662 0.0439351 -0.01159386 0.0199404 0.03793461 -0.02641078 0.019953 0.03791998 -0.02735572 0.01996098 0.03533905 0.02797322 0.01996265 0.04068812 0.01937894 0.01999027 0.03111658 -0.03215591 0.0200034 0.03423314 0.02764999 0.02000559 0.03598809 -0.03078376 0.02001467 0.04468867 0.003873897 0.02002445 0.03691998 -0.02731753 0.02002445 0.03791998 -0.01828196 0.02002801 0.03419376 -0.03182189 0.02002913 0.03791998 -0.01929342 0.02003284 0.0431036 -0.01785987 0.02006485 0.0435783 0.01088063 0.02007818 0.04459616 0.008531684 0.02009933 0.03287978 0.02827646 0.02011238 0.03792001 -0.01831015 0.02011979 -0.002663399 -0.01768383 0.02012034 0.04234666 -0.01940737 0.02012614 0.03861112 -0.02617763 0.02013677 0.0009534379 0.02314243 0.02013697 0.003392512 0.02515686 0.02013915 0.00528254 0.02646381 0.02014554 0.02972343 -0.03238453 0.02015067 -0.004664142 -0.01669375 0.02015964 0.04067278 0.02072136 0.02016054 -0.002517608 0.01964405 0.02016402 -0.0007375618 0.0215252 0.0201658 0.03786951 -0.02721256 0.02018868 0.03245629 -0.03159635 0.02018896 -0.003962698 0.01788685 0.02018937 0.04411088 0.006795491 0.02019323 0.005663513 0.02750314 0.02019583 -0.00396344 -0.02071787 0.02019683 0.03412674 0.02859624 0.02019869 -0.001811555 0.02145167 0.02020475 0.007058903 0.02742207 0.0202108 0.04256263 0.0130714 0.02021126 0.04546051 0.0003866594 0.02021268 -0.002591496 -0.02238748 0.02021291 0.02995486 -0.03315643 0.02021292 0.003775189 0.02629852 0.02021542 0.03257234 -0.0324767 0.02021585 0.04117624 0.01461179 0.02022655 -0.0009708238 -0.02415066 0.02024756 0.04130999 0.02088297 0.02025156 0.04234557 -0.01840378 0.02025221 -0.003432444 0.01965391 0.0202546 0.008758469 0.02810159 0.0202607 0.0005011586 0.02366639 0.02026296 0.03970346 0.01271011 0.02026305 0.03291586 0.02909598 0.02026535 -0.00466367 -0.02096675 0.020272 -0.003384868 -0.02254196 0.02027209 0.002490669 -0.02728114 0.02027446 0.04436657 0.00547003 0.0202791 0.04108319 0.02060288 0.02028313 0.04118189 0.01833989 0.02028358 0.0003076231 -0.02538707 0.0202851 0.002225425 0.0251116 0.02028583 0.03181363 0.02856654 0.02028924 0.02870168 -0.03244412 0.02030089 0.01566031 -0.03245345 0.02030354 0.004303809 -0.02854284 0.02031213 -0.0007408027 -0.02535998 0.02031837 0.002259974 -0.02798335 0.02031964 0.03294547 0.02812944 0.02032083 0.03182782 -0.03271341 0.02032105 0.01026909 0.02848724 0.02032198 0.008849618 -0.03090656 0.02032961 0.01566006 0.02878584 0.02033046 0.006419134 -0.02977196 0.02033381 0.04067278 0.01284917 0.02034264 0.01181623 0.02872281 0.02034493 0.01565997 -0.03325481 0.02034499 0.03100711 0.02869594 0.02034886 0.01114876 -0.03171716 0.02035532 0.04455868 -0.01390859 0.02035607 0.03883878 -0.02743881 0.02035789 0.03076666 -0.03207817 0.02035994 0.01322876 0.02881396 0.02036167 0.04068813 0.01523198 0.02036377 0.01237674 -0.03205437 0.02036958 0.01207426 0.02945971 0.02037086 0.01565859 -0.03255268 0.02037096 0.0137864 -0.03234774 0.02037142 0.007081481 0.02818906 0.02037169 0.04388341 0.007879292 0.02037595 0.03791998 -0.01995078 0.02037993 0.03064627 -0.03300937 0.02038231 0.03791997 -0.02562577 0.02038486 0.005077976 -0.02983825 0.02038852 0.03884803 -0.02558472 0.02038892 0.02979406 0.02878458 0.02038896 0.04100644 0.01281732 0.02039101 0.02944879 -0.03233542 0.0203916 0.006979073 -0.03083197 0.02039527 0.01428754 -0.03315283 0.02039639 -0.002022741 -0.02403727 0.02039722 0.01565991 0.02887448 0.02039999 0.01247256 -0.03280766 0.02040112 0.04184477 -0.0200905 0.02040475 0.01384505 0.02953871 0.02040883 0.005299849 0.0272236 0.02042278 -0.004661246 0.01811404 0.02042957 0.02879417 -0.03323763 0.02043055 0.008413304 0.02869707 0.02043393 0.03659409 0.02678044 0.02044112 0.04122113 0.01579522 0.02044332 0.0006956991 -0.02667395 0.02044347 0.003531379 -0.02886473 0.02044701 0.01082466 -0.03234948 0.02044834 0.04546936 0.003869624 0.0204577 0.0316943 0.02939011 0.02046547 0.009834261 0.02910213 0.02046613 0.04116906 0.01700175 0.02046758 0.040688 0.0173605 0.02046772 0.01566005 0.02958313 0.02046776 0.04253976 0.01870527 0.02046891 -0.002903757 -0.01728504 0.0204797 0.01093604 0.02931449 0.02048177 0.04373839 0.008605041 0.02048409 0.04355677 -0.004448402 0.02048646 -9.319271e-05 0.02300421 0.02049848 0.02788129 -0.03236487 0.02050069 0.03487524 -0.03001773 0.02050613 0.008523011 -0.03150309 0.02051155 0.04358288 -0.01708801 0.02051486 -0.003079894 -0.01569267 0.02052618 0.03478582 0.0280319 0.02054642 0.03060838 0.02953145 0.02054923 0.02960158 0.02957446 0.02055446 0.04216523 0.01184164 0.02055788 0.04316494 -0.01911097 0.0205581 -0.00210129 0.02096336 0.02058606 0.02173847 -0.03320264 0.02058968 0.04450731 -0.006250038 0.02059312 0.003951986 0.02623499 0.02060189 -0.0008973077 0.02214707 0.02061603 -0.003491017 -0.02222693 0.0206177 -0.004660461 0.01273124 0.02062121 -0.003963667 -0.01716836 0.02063073 0.04348407 0.01398942 0.02063718 0.033177 -0.0319829 0.02065381 0.01565946 -0.03321201 0.02065453 0.001728262 0.02446899 0.02065736 0.04352181 -0.0155929 0.02065964 0.03691998 -0.01880323 0.02065964 0.03791998 -0.02679625 0.02067178 0.02650377 0.02853573 0.02068139 0.04068796 0.01980846 0.0206854 0.005467851 0.02713208 0.02069107 0.007017143 0.02797318 0.02069436 -0.004663699 0.01785741 0.02069734 0.04068811 0.01350774 0.02070201 0.001992009 -0.02760438 0.02070481 -0.0003933889 -0.02546786 0.02070537 0.03279751 0.02895564 0.02070687 0.04324649 -0.008971441 0.02070742 0.03480529 -0.03102111 0.02070933 0.04282676 0.01724767 0.0207099 -0.002180713 -0.02361616 0.02071061 0.01565983 0.02951742 0.02071103 0.03791998 -0.01886586 0.02071104 0.03691998 -0.02673362 0.0207216 0.005117807 -0.02970766 0.02072407 -0.004663544 -0.02062095 0.0207273 0.01565984 -0.03314791 0.02074142 -0.002968207 0.01979385 0.02074351 0.0375027 0.02453558 0.02075322 0.03841304 -0.02876036 0.02075431 0.04512636 0.005592267 0.02076099 0.01448221 -0.03304456 0.02076501 0.006626521 -0.0304923 0.0207689 0.01001967 -0.03194571 0.0207722 0.03792011 -0.02666174 0.02077376 0.013083 0.0293806 0.02077736 0.03083441 -0.0327634 0.02077798 -0.003080033 0.01213156 0.0207835 0.03192724 0.02919822 0.02078713 0.03970346 0.01931198 0.0207912 0.03907439 -0.02662144 0.02079281 0.003644337 -0.02871577 0.02080593 0.008851688 0.02861885 0.02080765 0.01184299 -0.03248971 0.02080875 -0.004369452 0.01224935 0.02081106 0.01002766 0.02894832 0.02081238 0.04211829 0.02078733 0.02081454 0.04150895 0.01973402 0.02081807 0.008014013 -0.03109836 0.02083487 0.03345609 0.02855367 0.02083577 0.02063299 -0.03307829 0.02084177 0.01124451 0.02915538 0.0208419 0.01565992 0.02941527 0.02085067 0.03813515 -0.0269656 0.02086399 -0.002384219 -0.01507452 0.02087063 0.03792002 -0.01908625 0.02087276 -0.002810853 0.01279304 0.02087346 0.04418378 -0.009689561 0.02087719 0.04114835 0.01399948 0.02087886 -0.002654935 -0.01621095 0.02087907 0.02176042 0.02940844 0.0208813 0.04246859 -0.02017249 0.02088552 0.04241584 -0.01876623 0.02088891 0.02845275 -0.03305947 0.02089272 0.029992 -0.03287592 0.02089732 0.03099747 0.02929562 0.02089939 -0.002557492 0.01259717 0.02090141 0.02946885 0.02941433 0.02090868 0.03970346 0.01434675 0.02091238 0.03965615 -0.02522309 0.02091455 0.03815738 -0.0264684 0.02092165 0.0442605 -0.01743748 0.02093307 0.01343326 -0.03274453 0.02093793 0.0419287 -0.01920613 0.02093969 -0.002486216 -0.01562735 0.02094907 0.04067278 0.01870301 0.02094908 0.04067278 0.01449751 0.02094936 0.04110572 0.01898393 0.02095489 0.04413502 -0.01521699 0.02096163 0.03211107 -0.03218123 0.02097682 -0.002392667 0.0122323 0.02098338 -0.00466318 -0.014643 0.02102236 -0.003961468 0.01283523 0.0210347 -0.002456375 0.01235796 0.02105548 0.0429091 0.01249773 0.02107806 0.02605978 -0.03181336 0.02108157 -0.004663348 0.01143574 0.02112369 -0.003080571 -0.01347379 0.02112892 -0.002834113 0.01269712 0.02112989 0.03804746 -0.02721543 0.02115396 0.03691998 -0.02583639 0.02115396 0.03791998 -0.0197631 0.0211608 0.03691998 -0.01975027 0.0211608 0.03791998 -0.02584921 0.02117404 -0.003080328 0.0102233 0.02117605 0.03792001 -0.02575803 0.0211843 0.03792001 -0.01992428 0.02119311 0.04152691 -0.02001701 0.02120097 0.03857211 -0.02546421 0.02121638 0.04068813 0.01765981 0.02121949 0.04111972 0.01551325 0.02122741 0.04272378 -0.003916781 0.02122747 0.04289385 0.001284803 0.02122842 0.04067278 0.01660026 0.02123048 0.04021518 0.02276455 0.02123494 0.04180193 -0.01971717 0.02124028 0.04068803 0.0155548 0.02124228 0.03970346 0.01660026 0.02124414 0.036064 -0.02854887 0.0212579 0.04112706 0.01722734 0.02125853 0.04283428 -0.01278191 0.02126477 -0.002950837 -0.01563023 0.02127323 -0.004663566 0.009986959 0.02127687 0.03858249 -0.02567796 0.02128049 -0.002621815 0.01232242 0.02128079 -0.004663653 -0.01275571 0.02129119 0.04002179 -0.02285774 0.02130911 -0.002468058 -0.01442733 0.02133211 0.04183513 0.01767759 0.0213436 -0.002392207 0.009769748 0.02134525 -0.002901017 0.01249517 0.02136096 -0.002397935 -0.01277121 0.02137517 0.04245723 -0.01863426 0.02137597 0.0427573 -0.01670282 0.02139309 -0.00396367 0.01257072 0.02140913 0.04218401 0.01560272 0.02141737 -0.002402738 0.01781113 0.02142433 -0.002413342 0.007914559 0.02142514 0.01821262 0.0277267 0.02144322 0.03869238 -0.02778129 0.02144751 0.03900846 0.02238197 0.02146546 -0.002725368 -0.01481352 0.02150669 0.04367568 -0.01689921 0.02152794 -0.002460598 0.0009860573 0.02153879 0.03212022 0.02709571 0.02155521 -0.00396374 -0.01503616 0.02156637 -0.002477612 -0.007720596 0.02157392 0.03545794 0.02534725 0.02157681 -0.002483509 0.005907436 0.02158652 0.04257225 0.0183415 0.02158776 0.03870925 -0.02543911 0.0215885 0.04353505 0.01347823 0.02159691 -0.002537731 0.01051372 0.02161221 -0.00258521 -0.01354396 0.02161263 0.03346152 -0.0297488 0.02161941 -0.002863687 0.01165245 0.02164586 -0.0025443 -0.01237934 0.02165653 0.0299313 0.02740615 0.0216614 0.04225539 -0.009848525 0.02166526 -0.002687515 -0.02001468 0.02167392 -0.002935198 -0.01430231 0.0216767 0.04023485 -0.02245517 0.02169386 -0.00258004 -0.009852379 0.02170192 -0.002587683 0.00338483 0.02171078 -0.002592558 0.00827406 0.02173474 -0.002622818 -0.0004995107 0.0217474 0.04288926 0.01670422 0.02176092 -0.003963619 0.01142232 0.02178673 -0.002688715 -0.006672868 0.02179464 -0.002864502 -0.0134053 0.02180795 -0.002756306 0.009725686 0.02181828 -0.002738146 0.006281331 0.02182228 0.0389307 0.02351787 0.02182874 0.04327373 -0.01281865 0.02183705 0.04336786 -0.0004143284 0.02183948 0.04301714 -0.01920744 0.0218455 0.0284861 -0.0321464 0.02184942 -0.002812151 -0.01203126 0.02185306 -0.00292702 0.01012612 0.02185599 -0.002828944 -0.0003243831 0.02185827 0.04340591 0.005259682 0.02187481 0.03197431 -0.03012691 0.02188891 0.02865879 -0.03089767 0.02190606 -0.003963812 -0.0179043 0.0219079 0.01080037 -0.02970661 0.02192021 0.03928874 -0.02616192 0.02193348 -0.003963915 -0.01297954 0.02193627 -0.003962597 0.009773348 0.02193748 0.04312416 -0.007754097 0.02196019 0.04176568 -0.01782307 0.02198638 0.0304697 -0.03046173 0.02201854 0.03169928 -0.0312881 0.02203727 0.04197154 -0.01432263 0.02205721 0.0404395 -0.02375394 0.02205993 -0.00396433 0.01477058 0.0220685 0.0004319624 0.01974624 0.02207855 0.03501727 -0.0296165 0.02220503 0.02683956 -0.03061728 0.02220818 0.02585456 -0.03181352 0.02222407 0.01566155 0.02800558 0.02224329 0.03268304 -0.03066955 0.02225031 0.04232396 0.01610367 0.02229579 0.008305167 0.02522933 0.0223224 0.04013743 0.01913286 0.0223285 0.01566022 -0.03135457 0.0223567 0.04269151 -0.01455539 0.02243129 0.01052133 0.025901 0.02244773 0.03517978 -0.02755513 0.02249407 0.0363557 -0.02642908 0.02249555 0.03728494 -0.02537288 0.02251853 0.007808849 -0.02763348 0.02252909 0.03907981 0.02069889 0.0225328 0.02201873 -0.03009187 0.02260269 0.04082994 0.01967863 0.02263742 -0.003962445 -0.01640143 0.02264241 0.04194401 -0.01860727 0.02265623 0.006094136 0.02346995 0.02265671 0.04224899 -0.01655433 0.02267108 0.03068486 -0.03085589 0.02268365 0.01565997 -0.02964233 0.02269823 0.03952283 -0.02089144 0.02273292 -0.004662613 0.01426044 0.02274236 0.04207748 -0.005847221 0.02277834 0.0156598 0.02634813 0.02278213 0.01565997 -0.02967798 0.02280962 -0.004663301 -0.01690458 0.02282117 0.01204486 -0.03010258 0.02283601 0.03948925 0.02153062 0.022839 0.002687691 0.02061896 0.02291622 0.03613847 0.02471458 0.02291668 0.04045169 -0.005710168 0.02292133 0.005295893 -0.02552973 0.02292394 0.0008389596 -0.02176904 0.02293061 0.03972559 -0.0228781 0.02296157 0.03606051 0.02329918 0.02298161 0.01012124 -0.0292477 0.02298393 0.03810617 -0.02306409 0.0229904 0.0001522412 -0.02095897 0.023035 0.04024912 0.003099316 0.02308956 0.001832323 -0.02244579 0.02310824 0.0244419 0.02598842 0.02312784 -0.001641563 0.01570513 0.02313976 0.001651339 0.02065686 0.02315156 0.03677924 -0.02665601 0.02315839 0.01364765 0.02569044 0.02318546 -0.00396222 0.01187445 0.02320844 0.04019513 -0.01233277 0.02321263 0.03514252 -0.02797975 0.02323037 -0.0001105745 -0.02026619 0.02323975 0.03304906 0.02470344 0.02329324 0.002970924 -0.0245726 0.0232998 0.004229052 -0.02279591 0.02332814 0.01500349 -0.02168408 0.02334562 -0.003963954 -0.01382692 0.02334991 0.01500424 -0.02124405 0.02335349 0.0407942 0.01574396 0.02338492 0.03977023 -0.01590105 0.02339667 0.03270892 -0.02771234 0.02339967 0.03654652 0.02227144 0.02341201 0.01490453 -0.02231176 0.02342044 0.01565956 0.02546306 0.02342248 -0.001384696 -0.01844353 0.02342469 -0.003963951 0.01011446 0.02345422 0.003249871 -0.02313031 0.02345947 -0.003962943 -0.008823716 0.0234624 0.04106727 0.002820998 0.02346648 -0.004663909 -0.01514006 0.02346654 -0.00466273 0.01231786 0.02346942 0.02786428 0.02668843 0.02347851 0.01565863 -0.0299499 0.02348215 0.01313639 -0.02841014 0.02348799 -0.00172149 0.01663065 0.02348848 0.01497598 -0.02071969 0.02353308 -7.031445e-07 -0.02145643 0.02356307 0.007354284 -0.02717261 0.02356865 0.01531617 -0.0213306 0.02358162 0.04106802 -0.01208399 0.02359423 0.01521286 -0.02242903 0.02360604 0.001779987 0.01850753 0.02360639 -0.002661724 -0.01823933 0.02360739 0.02743979 -0.03013731 0.02360882 0.03879168 0.01809069 0.02362347 0.000117413 -0.02130307 0.02363601 0.02981909 0.02505462 0.02363853 0.03874176 -0.01887968 0.02364149 0.01521553 -0.02070795 0.02365651 0.03318559 0.02545003 0.02367178 0.0009820009 -0.0219901 0.02367686 9.104568e-05 -0.01966508 0.02368406 0.0009267256 0.01755974 0.02368814 0.01498172 -0.02288035 0.02369892 0.008070208 0.02440239 0.02370655 0.01487446 -0.0202505 0.02371945 0.01540163 -0.02197784 0.02372576 -0.004663955 0.01075207 0.02374091 0.04072773 -0.01538995 0.02375299 0.004244448 -0.02346512 0.0237585 0.001402721 -0.02231099 0.02376962 0.03793969 0.02196569 0.02377543 -0.0002452324 -0.02073669 0.02381087 -0.004663286 0.008167484 0.02381958 0.04055672 -0.006980614 0.02383006 -0.004663607 -0.0117621 0.02383884 0.03062279 -0.02793552 0.02387528 0.0156602 0.02617635 0.02389228 0.003319275 0.01943215 0.02389441 0.01545658 -0.02175294 0.02390177 0.02889374 -0.02961743 0.02390837 -0.002149399 0.01323487 0.02391593 0.0154181 -0.02076936 0.02392467 0.000807848 0.01694453 0.0239248 0.02658491 -0.02842792 0.02392576 0.03298251 -0.02827002 0.02394093 0.02273637 0.02627001 0.02394572 0.01518344 -0.02013365 0.02395449 -0.002283657 -0.01577553 0.02397186 0.01494514 0.01805312 0.02397426 0.00230122 -0.02290234 0.02397555 0.01487704 -0.02328454 0.02398262 0.01490711 0.01863268 0.02398545 0.002352436 -0.02270396 0.02399376 0.01475998 -0.02153792 0.0240094 0.03414397 -0.02571372 0.0240448 0.01521187 -0.02313214 0.02405235 -0.003332291 -0.01604919 0.02406433 -0.0001240155 -0.02027408 0.02409602 0.03904777 0.01956576 0.02410259 0.01542952 -0.02272535 0.02411062 0.03014474 0.02572138 0.02412959 0.01496653 0.01916887 0.02412967 0.01475999 -0.02229671 0.02414054 0.01946417 -0.02803044 0.0241419 0.01518277 0.01883927 0.0241596 0.01475998 -0.02084762 0.0241689 0.01528235 0.01809612 0.02419005 0.00105163 0.01833882 0.0242012 0.02296125 -0.02935081 0.02420671 0.01518403 0.01754004 0.02421418 0.005145744 0.02183344 0.02423111 0.01492695 0.01716333 0.02425674 0.01490946 -0.01965684 0.02429486 0.00473525 0.02000715 0.02429584 0.001038416 0.01802763 0.02431475 0.01498078 -0.02355913 0.0243161 0.03788756 0.01648506 0.02433185 0.03803625 0.007833298 0.0243357 0.001033858 0.01638943 0.02433724 0.01171194 0.0249712 0.02434096 0.001808568 0.01866039 0.02434402 0.01511909 -0.01970799 0.02435445 0.0154389 -0.02019788 0.02435448 0.003568567 -0.02309896 0.02435892 0.03647494 0.02249545 0.0243624 0.03696561 -0.02078601 0.02436377 0.006128455 -0.02388716 0.02436602 0.01501147 0.01962218 0.02439806 0.02846807 -0.02761612 0.02440122 0.01535099 0.01910536 0.02441491 0.01543152 0.01819825 0.02442139 0.0009029799 -0.01911098 0.02446876 0.000233697 -0.01988559 0.0244805 -0.002141893 0.01400544 0.02449092 0.002596557 0.01913219 0.02450626 5.737332e-05 -0.01974464 0.02450677 0.03083385 -0.02831925 0.02451961 0.00064528 0.01728977 0.02452061 0.03591868 0.02101689 0.02453041 0.03471362 -0.02605798 0.024568 0.03946952 -0.01327878 0.02456919 0.01475998 -0.02289952 0.02457187 0.03705095 -0.02334617 0.02459088 0.03579705 -0.0227062 0.02461893 0.01523317 -0.02358167 0.02464747 0.01529573 0.01692837 0.02465079 0.01475998 -0.0202203 0.02465947 0.01545465 0.01904361 0.02466107 0.03750572 -0.02221235 0.02466612 0.01533412 -0.01972225 0.0246678 0.01543565 0.0173235 0.02467144 0.003308638 0.0196026 0.02467147 0.00452003 -0.02331439 0.02467358 0.01498796 0.02000615 0.0246755 0.03759465 -0.006616737 0.02467898 0.01475998 0.01786889 0.02469035 0.0150303 0.01659271 0.02469578 0.01475998 0.01872298 0.02469705 0.01542955 -0.02330921 0.02471478 -0.002021175 -0.01264243 0.02474418 0.0002111143 0.01451728 0.02475077 0.0374485 0.00179736 0.02478829 0.0008169715 0.01691923 0.02478896 0.03696438 0.01899194 0.02480262 -0.002017975 -0.009531137 0.02482226 0.006530083 0.02044896 0.02482929 -0.001358002 -0.01456202 0.0248456 0.003948717 0.0196233 0.0248504 0.01078605 0.0227844 0.02485159 0.01497216 -0.02386452 0.0248657 0.006047321 -0.02337416 0.02488746 0.01534175 0.01986058 0.02489401 0.0369336 0.01508089 0.02490134 0.03877877 0.00119608 0.02491549 0.03196216 -0.02560496 0.02491625 0.01492152 -0.01930836 0.02491776 0.00504635 -0.02350806 0.02492264 0.01516242 -0.01941017 0.02492688 0.007801396 -0.02409822 0.02496717 0.01275742 -0.02752784 0.02496784 0.00177727 0.01590376 0.0249915 0.01266783 -0.02622743 0.02499841 0.0009981804 -0.01962371 0.02499929 0.0006888114 0.01645183 0.02500442 -0.001702045 0.007815683 0.02500511 -0.002814176 -0.01298726 0.02501847 0.01475998 0.01939708 0.02502163 0.0383825 -0.01691311 0.0250349 0.000307373 -0.01694159 0.02504793 0.01301731 0.0232595 0.02505561 0.03381972 0.02172917 0.0250738 0.01496869 0.02033696 0.02509587 0.01487781 0.01623061 0.02509709 0.03450057 -0.0231827 0.0250983 0.01475998 0.01712186 0.02511332 0.005570874 -0.02370248 0.02514584 0.005814703 -0.02350559 0.02517624 0.0373571 -0.02021967 0.02517793 0.03814296 0.008916968 0.02518388 0.001314472 0.01658586 0.02520178 0.005119557 0.01990571 0.02521992 0.01543261 -0.01967043 0.0252367 0.01475998 -0.0232898 0.02525766 0.01518579 0.0162809 0.02525774 0.01566249 -0.02763152 0.02529105 0.002338367 -0.0188632 0.02529526 0.028294 -0.02775101 0.02531528 0.03615726 0.01205526 0.025342 0.0377056 0.0182978 0.02534488 -0.002467524 0.007991229 0.02534895 -0.002462204 -0.008899297 0.02535123 0.02991842 -0.02580639 0.0253515 0.03630588 0.004564438 0.02535458 0.03615254 -0.01305353 0.02536075 0.01525392 0.02030318 0.02536204 0.03758379 0.01897875 0.02539374 0.0342939 0.02248551 0.02539426 0.03230433 0.02196454 0.02540328 0.003712056 0.01574547 0.02540724 0.01497097 -0.01919476 0.02542753 0.005610274 0.02019255 0.02543158 0.01475998 -0.01986487 0.02544425 0.02781676 0.02301807 0.02544427 0.03564505 -0.01733904 0.02544444 0.01543277 0.01655753 0.02544662 0.01565762 0.02433095 0.02546006 0.001694199 -0.01950918 0.02546446 0.008492478 0.02074351 0.02547799 0.03497021 -0.0205853 0.02548011 0.01523407 -0.0238738 0.02548039 0.03250912 -0.02598196 0.02554336 0.01907181 0.02313141 0.02554345 0.01496923 -0.02402 0.02555918 0.009701083 -0.02417506 0.02557187 0.01500535 0.02057806 0.02557346 0.001768201 0.01635503 0.02557479 0.01496534 0.01601464 0.02558374 0.00692413 -0.02357574 0.02559026 0.03566729 0.01904538 0.02559313 -0.001575063 -0.01419394 0.02561691 0.006289869 0.02012991 0.02562522 0.01475998 0.01987808 0.02562614 0.01475998 0.01672225 0.0256382 0.03752174 -0.007592159 0.02565383 0.03665222 0.01991218 0.02566281 0.01544782 -0.02355812 0.02566313 0.03055928 0.02216697 0.02567517 0.003258488 0.01637235 0.02568641 0.03583991 -0.001480603 0.02573407 0.00753316 -0.02353874 0.02573637 0.009407938 0.02081216 0.02575344 0.03496518 -0.02335983 0.02575694 0.01543929 0.02017442 0.02576089 0.03078662 -0.02636718 0.02576548 0.0356143 0.001053384 0.0257716 0.01566001 -0.02551567 0.02578795 0.02296811 -0.02725998 0.02578817 0.01566073 -0.02566301 0.02579681 0.02784285 -0.02557572 0.02579936 0.009396899 -0.0250006 0.02580674 0.003177403 0.01560917 0.02580774 0.007300281 -0.02372997 0.02581418 -0.0001904842 0.009641456 0.02581455 0.002482594 -0.01951624 0.02582579 0.03711221 -0.01222257 0.0258288 0.03559459 -0.004531621 0.02583447 0.03358162 -0.02234194 0.02585166 0.01522575 -0.0193126 0.02585858 -0.0004221921 -0.01582701 0.0258812 6.054687e-05 -0.01321768 0.02588217 0.003532162 -0.01885243 0.02588892 -0.001339087 0.01022127 0.02589107 0.01492409 -0.01916747 0.02592924 0.01533705 0.0161697 0.02596207 0.01539537 -0.01955088 0.02597155 0.03511261 0.003192832 0.02597619 0.01224017 0.02078115 0.02597992 0.02456624 -0.0255424 0.02600978 0.03549149 -0.0007957374 0.02601456 0.01566073 0.0224562 0.02601778 0.03481575 0.01900727 0.0260389 0.007306181 0.02031067 0.0260485 0.003153826 -0.01956663 0.02604929 0.00791414 -0.02363861 0.02605147 0.002756669 0.01624888 0.02605348 0.0227278 0.02248369 0.02605879 0.01565979 0.02355604 0.02606273 0.0006522329 0.01104473 0.02606487 0.0149732 -0.02401025 0.02606506 0.008208276 -0.02351069 0.02606595 0.01993907 -0.025417 0.02606887 0.01495991 0.01589011 0.02607471 0.01038033 0.02212408 0.02608118 0.01525862 0.02052926 0.02609796 0.03453453 0.01275755 0.02610035 0.03527076 0.001088162 0.02610358 0.03637525 0.01348702 0.02611007 0.01566045 -0.0264106 0.02612414 0.01496333 0.02071877 0.02613583 0.01152418 -0.02410487 0.02614436 0.03532888 -0.003421427 0.02614653 0.007824757 0.02022733 0.02615657 0.03485419 -0.006938873 0.02617129 0.03645203 0.004438444 0.02618779 -0.0004686442 0.01135877 0.02619262 0.001875534 0.01292813 0.02619818 0.03626249 0.01886395 0.02619944 0.01475998 -0.01990057 0.02622285 0.006153912 -0.01896097 0.02622849 0.01565997 0.02197963 0.0262334 0.0350405 -0.005264355 0.0262581 0.002237341 -0.01848058 0.02628333 0.000472115 0.01294185 0.0262942 0.01476 -0.02329548 0.02630179 0.03464085 0.003705715 0.02635019 0.03212438 -0.02268102 0.02635208 0.01524491 0.01603642 0.02635789 0.03408166 0.005808785 0.02636324 0.03492664 -0.02100026 0.02637409 0.01475998 0.01653658 0.02637708 0.008199353 0.02045084 0.02637871 0.01496382 -0.01925203 0.0263828 0.004328633 0.01556412 0.02638336 0.03620842 -0.0003048175 0.02639658 0.03523626 -0.00240832 0.02639702 0.001563002 0.01425508 0.02640882 0.009161907 -0.02337928 0.02640909 0.03293465 -0.02046515 0.0264094 -0.0007479954 -0.01017812 0.02641312 0.01537763 -0.02359886 0.02641528 0.01514978 -0.02384465 0.02643431 0.03417598 -0.008193162 0.02643714 0.003457646 0.01441977 0.02643926 0.008961474 -0.0234323 0.02644649 0.003675496 -0.01955984 0.02644809 0.0007025858 -0.009819792 0.02646636 0.03614468 -0.002946944 0.02647032 0.03542152 0.01963801 0.02647187 0.03524685 -0.001428329 0.02648559 0.01475999 0.02007272 0.02648803 0.004315327 -0.01971402 0.02650437 0.03344447 -0.01236366 0.02651386 0.008545866 0.02031551 0.02652091 0.02850971 -0.02580515 0.0265288 0.03357832 0.01922781 0.02652991 0.01198223 0.02081697 0.02653174 0.03515822 4.167876e-05 0.02655358 0.03488569 0.001827818 0.02656528 0.003499781 0.01613245 0.02656918 0.01544324 -0.01980803 0.02659966 0.03570472 0.002477086 0.02660017 0.009099352 0.02019957 0.02660198 0.002168077 -0.01508331 0.02660551 0.03408259 -0.007694337 0.02662803 0.01525855 -0.01952431 0.02663858 0.03507123 -0.01708227 0.02664374 0.001082089 0.00726972 0.02664806 0.01495428 0.01587208 0.02664821 0.0334577 -0.02285259 0.02665147 0.01543529 0.02026306 0.0266569 0.01421851 0.02255987 0.02666098 0.009289999 -0.02345408 0.02667215 0.03499819 -0.003784817 0.02667822 0.005468945 -0.0190638 0.02667829 0.03600781 -0.0006738852 0.02668252 0.03570082 -0.00536024 0.02668978 0.03470143 -0.005203209 0.02669263 0.004075887 0.01626737 0.02669547 0.01510186 0.02065183 0.02670152 0.03583735 0.001076151 0.02670861 0.03263659 -0.0235364 0.02674323 0.01544305 0.01635159 0.02674447 0.034386 0.003430996 0.02674792 0.03338013 0.006254431 0.02674994 0.006627273 -0.01991055 0.02675949 0.03318861 -0.009749325 0.02676216 0.01483312 0.0207247 0.02676607 0.03239329 -0.01681536 0.02677112 0.009843783 -0.02319289 0.0268136 0.03594689 -0.00237402 0.02681583 0.009634085 -0.02348092 0.02681753 0.01475998 -0.0202033 0.02683692 0.03582705 -0.003562839 0.02684722 0.032637 0.008164823 0.02687023 0.03254827 0.01933475 0.02687313 0.01310117 0.02075115 0.02688186 0.03475021 0.01437756 0.02689283 0.005264412 -0.01992118 0.02689408 0.001644405 -0.01182501 0.02690886 0.01495002 -0.01945487 0.02691013 0.03494713 0.004552498 0.02691024 0.01514832 0.01601264 0.02692698 0.03417927 -0.006589049 0.02693011 0.01525015 0.02049959 0.02695113 0.03537626 0.002834728 0.02695508 0.02974118 0.02194681 0.02696207 0.004990024 0.01636773 0.02696526 0.01002793 0.02009478 0.02697062 0.01476729 -0.02375938 0.02698636 0.03496284 -0.007552635 0.02698965 0.03250007 0.007665127 0.02699309 0.009813734 0.02018137 0.02701421 0.01028861 -0.02299854 0.02702517 0.01979522 0.0225519 0.02702965 0.01500241 -0.02365975 0.02704989 0.0353525 -0.005621063 0.02706822 0.03346968 0.005343185 0.02706954 0.01566162 -0.02502745 0.02707601 0.01012553 -0.02314687 0.02709607 0.0339917 0.01970589 0.0270961 0.03439507 0.005892559 0.02710978 0.03348478 -0.008078372 0.02711741 0.03498056 -0.006813332 0.02712524 0.03288851 -0.009282156 0.02712693 0.006428682 -0.02019454 0.02712849 0.01543986 -0.022994 0.02713442 0.01475998 -0.02269351 0.02714686 0.03160888 -0.01178814 0.0271493 0.0005450294 0.007823685 0.02715431 0.03421517 0.01920842 0.02715721 0.02944712 -0.022595 0.02718404 0.03221217 -0.02268956 0.0271852 0.00920305 -0.01942911 0.02721247 0.03082948 -0.01548848 0.02722176 0.03342999 -0.01858644 0.02722479 0.01522593 -0.02336418 0.02723592 0.03211943 -0.01045305 0.0272371 0.03026459 -0.02030918 0.02723996 0.03110628 0.01945593 0.02724388 0.006387912 -0.02021527 0.02724641 0.01511132 -0.01976728 0.02724944 0.005291157 0.01640016 0.02726815 0.01065321 -0.02268841 0.02727811 0.01479032 -0.02456194 0.02728826 0.01475999 0.01676727 0.02729131 0.01053453 -0.02277635 0.0272981 0.03455415 0.004824974 0.02732434 0.01475999 -0.02080233 0.02733379 0.01091734 0.01990529 0.02733708 0.01543915 0.02003981 0.02734115 0.01497955 0.02053805 0.02734269 0.01051235 0.0201811 0.02735141 0.03192016 0.00781045 0.0273518 0.03406193 0.005932384 0.02735189 0.01533199 -0.02012543 0.02737308 0.0009614476 -0.01103061 0.02737576 0.01492091 0.01605863 0.02737899 0.03441132 -0.007883459 0.02738032 0.0305385 0.01239882 0.02738114 0.01052932 -0.02296269 0.02738455 0.007495202 -0.02054701 0.02738762 0.01475998 0.01976048 0.02739167 0.03064673 0.009849652 0.02739439 0.03051299 0.01640668 0.02739514 0.03264618 0.006531392 0.02739853 0.007806398 -0.01954927 0.02740397 0.01054912 -0.02281667 0.02741266 0.01536067 0.01642138 0.02742109 0.03224415 -0.02127036 0.02742754 0.006910599 0.01583924 0.0274406 0.03380308 -0.009361589 0.02744211 0.03349463 0.00708637 0.02744636 0.03098615 -0.01170272 0.02744716 0.01095164 0.01988603 0.02745113 0.03004615 -0.0130134 0.02745618 0.01060508 -0.02256702 0.02746026 0.03001722 0.01950894 0.0274651 0.006744252 -0.02027214 0.02746974 0.0106057 -0.02239443 0.02748624 0.03323539 0.01651953 0.0274868 0.006432118 0.01665356 0.0275167 0.008182905 -0.02082007 0.02752115 0.01475999 -0.02177317 0.0275275 0.02766001 -0.02246402 0.02754121 0.0305532 0.009421662 0.02754449 0.01049994 -0.02214353 0.02754804 0.0148851 -0.01993259 0.02755079 0.03305679 -0.008462459 0.02756915 0.02075558 -0.02460606 0.02758067 0.00767205 -0.02065997 0.0275811 0.03250286 0.0198553 0.02759719 0.01544201 -0.02090437 0.0276003 0.01067198 -0.02267708 0.02760584 0.01531629 -0.02279676 0.02761207 0.01110587 0.01987956 0.02761826 0.00920949 -0.02125963 0.02762267 0.01527234 0.0201822 0.02762405 0.02882174 -0.01382366 0.02762424 0.028377 -0.01966748 0.02762603 0.01146247 0.01967433 0.02762792 0.0100112 -0.02167768 0.02762908 0.03240425 -0.009459153 0.02763475 0.01545206 -0.02184338 0.02764531 0.01042962 -0.02220445 0.02766082 0.03230453 -0.01688513 0.02766987 0.02983654 -0.0125706 0.02767004 0.03301148 -0.01047602 0.02767268 0.02632977 -0.02253155 0.02768215 0.01010838 -0.02188199 0.02768582 0.01502534 0.01625566 0.02768813 0.02902536 0.01094703 0.02768827 0.009006774 -0.0198714 0.02769234 0.01052824 -0.02233472 0.02769569 0.03185988 0.007468835 0.02770595 0.03360038 0.006387772 0.02771036 0.02543075 0.02149893 0.02771428 0.02787473 0.01975975 0.02772853 0.009116854 -0.02129024 0.02774586 0.03160512 -0.01045059 0.02775082 0.02916807 -0.02337651 0.02775247 0.03354016 -0.009215752 0.02775691 0.006746001 0.01670941 0.02777519 0.01519907 -0.02046978 0.02778367 0.007430853 0.0169178 0.02778486 0.03232737 0.008687654 0.02778887 0.01042016 -0.02216717 0.0277965 0.03017532 -0.02271799 0.02780539 0.0154303 0.01689417 0.02781099 0.01155254 0.01958447 0.02781129 0.008799612 -0.0211218 0.02782156 0.0282037 -0.01371114 0.02782834 0.02780369 0.01170231 0.02784723 0.01144921 0.01976451 0.02784827 0.009889962 -0.02174101 0.02785118 0.03230679 0.008425286 0.02785753 0.02714503 0.01954188 0.02785862 0.002302917 -0.01312571 0.02786494 0.02900811 0.01040988 0.0278689 0.01176821 0.01940211 0.02787832 0.03196989 0.01936345 0.0278828 0.03078055 -0.01127527 0.0278858 0.02554082 -0.02176069 0.0278876 0.01534045 -0.0219093 0.02788876 0.02650713 -0.01484145 0.02789895 0.01475998 0.01921843 0.0279072 0.003620312 -0.01065771 0.02791019 0.01475998 0.01739695 0.02791214 0.01013341 -0.02020862 0.02792286 0.03201857 -0.01151976 0.02792677 0.004075917 -0.0130858 0.02793616 0.02414385 -0.02234862 0.02793831 0.003672518 0.007947346 0.02796547 0.01524962 0.01667021 0.02796678 0.02971396 -0.01224097 0.02797779 0.03263183 0.007691155 0.02799112 0.01166829 0.01945919 0.02799118 0.01496844 -0.02064894 0.02799124 0.02779713 0.01110137 0.02799267 0.02562891 0.01243545 0.0279948 0.0304606 0.008838678 0.02799599 0.03098089 0.01987639 0.02800184 0.02989221 0.009393898 0.02800736 0.02452549 0.01969144 0.02801288 0.01180352 0.01917774 0.02803079 0.01516695 -0.02206703 0.02803427 0.03257571 -0.01043664 0.02804042 0.02213659 -0.0223099 0.02804518 0.004074497 0.008765259 0.0280457 0.004003237 -0.009397406 0.02804688 0.004344894 0.009726305 0.02804868 0.004088637 -0.01073644 0.028049 0.02532578 -0.01486784 0.02805059 0.005371326 0.01205147 0.02805203 0.006311683 0.01348922 0.02805405 0.02371516 -0.01550681 0.02805519 0.004438176 -0.01286416 0.02805575 0.006110875 -0.01608913 0.02805752 0.008576878 0.01730524 0.02805804 0.004734408 0.01078908 0.02806427 0.01518595 -0.02138026 0.02806921 0.005115525 -0.01448244 0.02806928 0.02098376 0.01975299 0.02807845 0.0311953 0.009598757 0.02808467 0.02641825 0.0116998 0.02808488 0.02773452 -0.01357732 0.02809723 0.02208516 -0.02212407 0.02809901 0.02612782 -0.01441938 0.02810115 0.005894299 -0.01547483 0.02810562 0.008116287 0.01542932 0.02810705 0.01172355 0.01947448 0.02811385 0.01171839 0.01920025 0.02811486 0.009101098 0.01746259 0.02811876 0.02208052 0.01286007 0.02812679 0.008815217 -0.01874105 0.0281291 0.006796607 0.01373268 0.02813276 0.0149534 0.01658988 0.02813301 0.02961434 -0.02118617 0.02813575 0.01168093 0.01891685 0.02813815 0.02343376 -0.01521202 0.02814306 0.01207507 -0.02080654 0.02814567 0.01545796 0.01896745 0.02814657 0.02101276 -0.01549101 0.02815129 0.02367626 0.01247229 0.02815688 0.01488035 -0.02117034 0.02816428 0.0177934 -0.02201648 0.02816654 0.03069764 -0.01273473 0.02817668 0.02515303 0.01201769 0.02817678 0.008015302 -0.003199808 0.02818028 0.03203151 -0.01099819 0.02818403 0.01475999 0.01833693 0.02818958 0.009507813 0.01642727 0.02819465 0.01789658 0.01949608 0.02819613 0.008320252 0.001677883 0.02820203 0.008966348 0.004287256 0.0282031 0.01487871 -0.02170671 0.02820598 0.008755536 -0.006001908 0.0282084 0.008099043 -0.0009684283 0.02821721 0.01367545 -0.02127009 0.0282218 0.01156983 0.01893297 0.02822199 0.01809493 0.01234898 0.02822528 0.01133866 0.01857656 0.0282305 0.01082245 -0.01990453 0.0282342 0.03165314 0.008703659 0.02823651 0.009984422 -0.008726378 0.02823741 0.02942665 -0.01223983 0.02823773 0.008532498 0.01727568 0.02825401 0.01168961 0.01912958 0.02825714 0.01066851 0.01816849 0.02826391 0.01566086 0.01910436 0.02826438 0.008614286 -0.004682823 0.02826492 0.01119234 0.007810052 0.02826565 0.01566001 -0.02153113 0.0282659 0.01767785 -0.01463795 0.02826776 0.01017857 0.01797076 0.0282704 0.02892284 0.009920743 0.02827555 0.009409531 0.004351198 0.02827963 0.01179105 0.0192551 0.02828129 0.03076458 -0.01235761 0.02828231 0.01927681 -0.01492934 0.0282861 0.01172552 -0.01095983 0.02829285 0.01874429 0.01210373 0.02829532 0.02091409 0.01232584 0.02829721 0.009648136 0.01776457 0.02830028 0.01355315 -0.02104465 0.02830176 0.01538593 0.01920498 0.02830232 0.02937517 -0.01828946 0.02830747 0.01566004 -0.01386725 0.02831933 0.01566006 0.01106817 0.02832208 0.008465811 -0.002711696 0.02832699 0.01102004 0.01847181 0.02833566 0.02736515 0.0108769 0.0283375 0.02967293 0.01957953 0.02834476 0.01665507 0.0114156 0.02834808 0.01025933 -0.008409323 0.02835059 0.01566025 -0.02162944 0.02835777 0.01374247 -0.01264643 0.0283595 0.0138615 0.01002135 0.02836157 0.01503005 0.01688416 0.02836191 0.02977313 0.01078882 0.02836298 0.01134271 0.01874418 0.02836345 0.01182401 0.00795715 0.0283643 0.01544261 0.01799687 0.0283644 0.01566019 0.01912795 0.02836551 0.02880278 0.01998482 0.02836868 0.01534577 0.01740591 0.02837651 0.009414873 -0.006412227 0.02838873 0.01565999 0.01128482 0.02839831 0.02100042 -0.01484323 0.0284016 0.01566002 -0.01386158 0.02840498 0.02643134 -0.02284594 0.02840821 0.008625818 0.0002020263 0.02841463 0.02730067 -0.02246318 0.02841483 0.008973326 0.002022347 0.02842238 0.01057012 0.01822087 0.02842322 0.02236928 -0.01479976 0.02842683 0.02887235 -0.01399642 0.02843557 0.02367271 -0.01463398 0.02843862 0.03076272 0.009486205 0.02844176 0.01150146 0.01882376 0.02844659 0.03084191 -0.01207542 0.02845033 0.02570261 0.01146058 0.02845377 0.02787229 -0.0131232 0.02845919 0.02919409 -0.01353653 0.02846065 0.01102194 0.006539135 0.02846545 0.02306166 0.01199471 0.02846695 0.02976823 0.01041833 0.02848593 0.0264069 -0.01380268 0.02848676 0.009654192 0.003917772 0.02849519 0.0133566 -0.0118603 0.02849809 0.01279687 0.008623056 0.02849869 0.01566116 -0.0133325 0.02850429 0.01032497 0.0180394 0.02851346 0.01199987 -0.01037226 0.02853394 0.02788498 0.01041422 0.02853916 0.0156599 0.01074576 0.02854211 0.009044337 -0.004337044 0.02854451 0.01851307 -0.01430688 0.02854727 0.02820694 0.01953814 0.02855273 0.01086817 -0.008773287 0.0285587 0.003518507 0.009120537 0.02856975 0.01075672 0.005839312 0.02857759 0.02706118 -0.02050768 0.02859654 0.0252692 -0.01411417 0.02859833 0.01675851 0.01095453 0.0286003 0.004148406 0.01079366 0.02860666 0.02733307 -0.01470441 0.02860751 0.02658473 0.02003107 0.02861502 0.005329379 0.01288944 0.02861723 0.005249453 -0.01572236 0.02862144 0.02139091 0.01189991 0.02862852 0.02800859 0.01159471 0.02863285 0.01864829 0.01150274 0.02863435 0.02387474 -0.02284156 0.02864729 0.02938497 -0.01312026 0.02865079 0.02425483 0.01163977 0.02865298 0.009687341 -0.006175581 0.02865745 0.02425951 0.02019228 0.02865925 0.00357539 -0.008529487 0.02866035 0.0156585 -0.01323367 0.02866057 0.02628755 0.01108285 0.02866809 0.02851061 0.01112122 0.02866862 0.003623173 0.007324148 0.0286731 0.02740748 -0.01441989 0.02867827 0.003770338 -0.01192045 0.02867922 0.004486435 -0.01417687 0.02868376 0.009754024 0.003508451 0.02868602 0.01474414 0.009896224 0.02868631 0.007146048 0.0149943 0.02868939 0.008861182 -0.00174713 0.02870825 0.02259004 -0.02275493 0.0287096 0.02949714 0.01035059 0.02872008 0.02678755 0.01215695 0.02872301 0.008274452 -0.01880025 0.02874972 0.003979306 -0.009647397 0.0287544 0.004084439 0.008564524 0.02875823 0.01332114 -0.0113672 0.02877261 0.004556965 -0.01292533 0.02877953 0.005098458 0.01157703 0.02878112 0.008816249 0.01639174 0.0287837 0.005325548 -0.01484638 0.02878694 0.01099197 -0.02057971 0.02878969 0.01118152 0.01806291 0.02879044 0.01961486 0.01155292 0.02879252 0.02018844 0.02011988 0.02879856 0.02486445 0.0197114 0.02880173 0.02256383 -0.01443629 0.02880843 0.02413462 -0.01425601 0.02881644 0.02806595 -0.01383954 0.0288201 0.0235281 -0.02219102 0.02882082 0.01566015 0.01012963 0.02882408 0.02448433 -0.01542061 0.02882418 0.02545886 -0.01506424 0.02882932 0.009108352 0.0005443157 0.02883159 0.024714 0.01275644 0.02883458 0.02118412 -0.0144085 0.02884542 0.007745004 -0.01774473 0.02884745 0.007569492 0.01474656 0.02884955 0.009542294 0.002483158 0.0288502 0.009093931 -0.003033264 0.0288598 0.01715271 -0.01350477 0.02886081 0.01322464 0.008414168 0.02887045 0.01228359 0.007422801 0.02887538 0.01343306 0.01901432 0.02887808 0.01894989 -0.01407251 0.02887934 0.02275316 0.01168811 0.0288856 0.007986393 -0.002864202 0.02889315 0.008025992 0.0003732761 0.02889318 0.02177752 -0.02224443 0.02889513 0.01024871 0.004260912 0.02889912 0.01783023 -0.02235292 0.02890461 0.008778803 0.003728962 0.02890829 0.01565851 0.01963129 0.02891733 0.01772243 0.01098061 0.02891938 0.01184841 -0.009561627 0.02891978 0.01083352 0.005342888 0.02892069 0.00984621 -0.005947401 0.02892147 0.008488989 -0.005082134 0.0289235 0.01666267 0.01974105 0.02892456 0.009390024 -0.004428022 0.02892467 0.01083639 -0.008056386 0.02892476 0.02153595 0.01297622 0.02892501 0.01566134 -0.01274815 0.02892588 0.03439111 0.0009511157 0.02892783 0.02426011 0.01257457 0.02892911 0.02670718 -0.01441967 0.02892982 0.02798514 0.01116397 0.02893061 0.009930026 -0.008870141 0.02893163 0.01033153 -0.007078412 0.02893466 0.01126067 0.01762101 0.02894102 0.02186109 -0.01553533 0.02894441 0.01106864 -0.02006398 0.02894642 0.02000482 0.01972175 0.02894922 0.01565975 0.01016136 0.02894994 0.01369239 -0.0214282 0.02895198 0.008073322 -0.001677512 0.02895368 0.0205011 -0.01559032 0.02895488 0.0111613 0.008220921 0.02896861 0.008574324 0.002316458 0.02897009 0.01629355 0.0103487 0.02898921 0.0104911 0.006646029 0.02898956 0.01178081 -0.01111558 0.02899324 0.02621703 0.01189918 0.02899374 0.009209428 0.004130316 0.02899924 0.009160031 -0.006683032 0.02899979 0.01019507 -0.008845031 0.02900212 0.01882425 0.01258386 0.02900935 0.02104313 0.01160277 0.02901103 0.01451775 0.009373389 0.02901112 0.02146281 0.01271323 0.02901643 0.01168629 0.006555312 0.0290259 0.01286874 -0.01062375 0.02902793 0.01197673 0.008465971 0.02902863 0.01566027 -0.02184713 0.02903327 0.01344864 0.009992086 0.02903452 0.02039916 -0.01421861 0.02903477 0.01565652 -0.01280964 0.02903835 0.01401862 -0.01166566 0.02903968 0.009981187 0.005570415 0.02904046 0.02027102 -0.01530041 0.02904844 0.01809351 -0.01492729 0.02905301 0.01417089 -0.01316927 0.02905838 0.01565994 0.01927726 0.02906019 0.01565981 -0.02172813 0.02906927 0.01865075 0.01232038 0.02906973 0.009101586 -0.001244479 0.02907967 0.01565934 0.01913927 0.0290836 0.03432601 -0.003825183 0.02909049 0.02359074 -0.01512571 0.02909392 0.01565951 0.01133325 0.02909506 0.02489872 -0.01488082 0.0291007 0.01566161 0.01133035 0.02910185 0.01565987 -0.01398693 0.02910571 0.01566071 -0.01401435 0.02911015 0.01252926 -0.01150444 0.0291189 0.01388079 0.01002636 0.02913671 0.02437444 0.01228082 0.02914113 0.00835221 -0.0006245411 0.0291528 0.008517467 0.0008594958 0.02915409 0.008438299 -0.003044885 0.02916913 0.01015313 -0.008251599 0.02917009 0.02180677 -0.01517877 0.0291888 0.02272224 0.01243942 0.02919537 0.008851132 -0.004990603 0.02920494 0.03367665 0.003260396 0.02920781 0.01472139 -0.01314317 0.02921025 0.01356255 -0.01228366 0.02921249 0.01152073 -0.01018366 0.02921473 0.01994711 -0.01502894 0.02921515 0.03361004 -0.006171243 0.0292178 0.009539648 -0.006914889 0.02922099 0.008850046 0.002178288 0.02922601 0.01024206 0.005608186 0.02923167 0.01666316 -0.01414348 0.0292317 0.00937899 0.003822429 0.02924585 0.01096758 -0.009417407 0.02925495 0.01106056 0.006850048 0.02925653 0.01812353 0.01188861 0.0292624 0.02181794 0.01240365 0.02926663 0.009124001 -0.005745412 0.02928102 0.01927199 0.01214749 0.0292817 0.012037 0.008021688 0.0292856 0.01565991 0.01088934 0.02931172 0.01673901 0.01135735 0.02931404 0.01565993 -0.01356594 0.02931859 0.01236987 -0.01103677 0.02931952 0.01323947 0.009162846 0.02932382 0.0156607 0.01085462 0.02932719 0.01566008 -0.0135385 0.0293277 0.008465013 -0.001839222 0.02933044 0.01802371 -0.01450011 0.02933408 0.02065447 0.01229943 0.02935494 0.01443876 0.01007069 0.02937857 0.02028763 -0.01493947 0.02939217 0.01313869 -0.01172096 0.02941195 0.01695535 -0.01407101 0.02941223 0.01876726 -0.01463865 0.02944956 0.01449896 -0.01274098 0.02945827 0.03503135 0.001257625 0.02946435 0.03435997 -0.006348387 0.02954766 0.03098967 0.007467472 0.02961477 0.0308233 -0.01030654 0.0296569 0.03501981 -0.00378936 0.02969302 0.02406793 0.008083564 0.02969379 0.03083097 -0.005621545 0.02969477 0.03141828 0.001170596 0.02969487 0.02645533 -0.00997077 0.02969545 0.01271495 0.0004550372 0.02969686 0.01389854 -0.006271324 0.02969836 0.01565757 0.005684644 0.02970073 0.03425946 0.003662969 0.02970119 0.03182067 -0.001273439 0.02970173 0.01764169 0.007214964 0.029702 0.01566007 -0.00845144 0.02970227 0.01276072 -0.003599713 0.02970373 0.02714131 0.006937911 0.02970462 0.02376493 -0.01087706 0.02970519 0.01953209 0.007966405 0.02970522 0.01402715 0.00385637 0.02970716 0.03029241 0.003898486 0.02970741 0.02907984 0.005407824 0.02971025 0.01806681 -0.01012931 0.0297164 0.01566091 0.005881337 0.02971758 0.01566026 -0.008601918 0.02971838 0.02078738 -0.01100711 0.02974782 0.02945754 -0.007919204 0.02975768 0.0289722 -0.01181782 0.02976698 0.03117185 -0.005305527 0.02976791 0.01282937 0.001812455 0.0297685 0.01659895 -0.009489695 0.02977085 0.01232263 -0.002014874 0.02977278 0.01949908 -0.01084608 0.02977415 0.03185072 -0.003204602 0.02978029 0.02523108 0.008034035 0.02978316 0.02164839 0.00852463 0.02979302 0.02489853 -0.0108483 0.02979377 0.01462758 0.005055919 0.02979986 0.01348622 -0.006147275 0.02980079 0.03153874 0.001851526 0.0298069 0.03192401 0.0003661346 0.02981121 0.02833324 -0.009119454 0.02981623 0.02392899 0.0084431 0.02982386 0.01240654 -0.003267239 0.02984169 0.01224645 -0.0001459465 0.02984171 0.01457619 -0.00785883 0.02984367 0.02691873 -0.01013208 0.02984952 0.0321414 -0.001585849 0.02985039 0.01964397 0.008333663 0.0298513 0.02185782 -0.01134281 0.02985181 0.0281783 0.006624795 0.02986384 0.01321333 0.003143381 0.02987539 0.03066897 0.003977548 0.02988523 0.02338602 -0.01132151 0.02988696 0.02963173 0.005358317 0.02989479 0.01262719 -0.004540631 0.02991207 0.03162033 -0.004783652 0.02991517 0.02908987 0.008977307 0.02991702 0.02244233 0.008721901 0.0299187 0.01565945 0.006376191 0.02992381 0.01792943 0.007805914 0.02993549 0.01393915 0.00453442 0.02993916 0.0305881 -0.006937098 0.02994612 0.01656121 0.007086871 0.02996247 0.02627761 0.007913757 0.02996944 0.01316 -0.00601496 0.02997335 0.01750374 -0.01037111 0.0299986 0.01566176 -0.00918221 0.03000459 0.02604221 -0.0107477 0.03000738 0.01466028 0.005527125 0.03000885 0.02414692 -0.01133004 0.03001154 0.03146989 0.002765165 0.03001514 0.01964635 -0.01120896 0.03002862 0.03229951 -0.0003590007 0.03003612 0.01566174 0.00650988 0.03003965 0.01565783 -0.009208301 0.03004232 0.03235736 -0.001683416 0.03004498 0.0294863 -0.008459328 0.03005396 0.01196177 -0.0009047971 0.03005537 0.03205755 0.001187683 0.03005574 0.01217354 0.0008032694 0.03005647 0.01261081 0.002248354 0.03005965 0.02748083 0.007360148 0.03006815 0.02724887 -0.01020886 0.03007043 0.01203755 -0.002859969 0.0300733 0.02694399 0.01013382 0.03008518 0.03130024 -0.005958012 0.03008788 0.03132081 0.008070868 0.03010763 0.03224819 -0.003154969 0.03011135 0.02100868 -0.01153724 0.03011333 0.03201519 -0.0041823 0.0301206 0.01429026 -0.007952602 0.03012964 0.0249885 -0.01121379 0.03013247 0.02910931 0.006218314 0.03014249 0.02450524 0.01088284 0.03015668 0.01834416 0.008196144 0.03016847 0.02825202 -0.009650208 0.03017944 0.02487911 0.008586331 0.03018665 0.0130518 0.003472258 0.03018897 0.01870233 -0.01105844 0.0301924 0.02084046 0.008876696 0.03020691 0.01258557 -0.005203198 0.03020918 0.03020993 0.005091617 0.03021335 0.01962675 0.008643885 0.03021427 0.02265908 -0.01165842 0.03021598 0.02361765 0.008860549 0.03022003 0.03112371 0.003776697 0.03023401 0.02238236 0.008976361 0.03024408 0.02829196 0.006964746 0.0302794 0.01681233 0.007515811 0.03030696 0.01893345 0.01064588 0.03030883 0.02646302 0.008071561 0.03031716 0.03193536 0.002081187 0.03037 0.01565822 -0.009448099 0.03037363 0.01317893 -0.006576914 0.03037534 0.02942426 -0.01226377 0.03039018 0.01185205 3.105734e-05 0.03039899 0.01734084 -0.01055855 0.03040463 0.01565998 0.006759979 0.03040903 0.03027175 -0.007855832 0.03042142 0.02682346 -0.01064965 0.03042299 0.01565925 0.006767429 0.0304241 0.01177531 -0.001921693 0.03042699 0.01195899 -0.003395796 0.03042747 0.02421074 -0.01154625 0.03042847 0.02949589 -0.008726188 0.03042923 0.01660925 -0.01014869 0.03043111 0.03248454 -9.072849e-05 0.03043119 0.01211962 0.001364828 0.03043188 0.01377859 0.004809336 0.03043349 0.0143864 0.005560264 0.03043458 0.01378081 -0.007513231 0.03043512 0.01243967 0.002354791 0.0304358 0.03172791 -0.005439907 0.03044028 0.03105279 -0.006757991 0.03044046 0.03253453 -0.002133148 0.03044271 0.03255848 -0.001129449 0.03044518 0.02927647 0.009637844 0.03044608 0.02033544 -0.01159778 0.03044881 0.02714937 -0.01350812 0.0304544 0.02553105 -0.0111992 0.03045489 0.01504428 0.006243947 0.03045747 0.03228423 0.001076676 0.03046048 0.02744173 0.007621454 0.03046234 0.01901607 0.008581583 0.03050245 0.015661 -0.009492229 0.0305026 0.02291185 -0.01173966 0.03050406 0.02992347 0.005587749 0.03050597 0.03241126 -0.003170461 0.03050694 0.01865522 -0.01116793 0.03050769 0.01304521 0.003700559 0.0305169 0.02169348 -0.01175206 0.0305192 0.01764614 0.00803374 0.03053274 0.0321287 -0.004381871 0.03053591 0.01468892 -0.008624253 0.03053935 0.02115711 0.009029863 0.03054206 0.01243396 -0.005111179 0.03054368 0.03080071 0.004475338 0.03054546 0.02445247 0.008818941 0.03054778 0.02696536 0.01084943 0.03054792 0.02867458 -0.00948359 0.03054895 0.02761115 -0.01022531 0.03055678 0.01175184 -0.000817571 0.03055875 0.03168455 0.002895162 0.03056442 0.02597683 0.00835211 0.03057048 0.01646453 0.007382793 0.03057556 0.02292329 0.009048499 0.03058348 0.02884535 0.006660906 0.03064002 0.0106924 0.005043417 0.03066529 0.01277629 0.007833929 0.03068862 0.02698363 -0.009477031 0.03068862 0.02469897 -0.0104448 0.03068863 0.03070427 -0.005347819 0.03068863 0.01310007 -0.003969969 0.03068864 0.01295526 0.0007430099 0.03068864 0.02975532 -0.006943864 0.03068865 0.0281085 0.005984876 0.03068865 0.01566058 -0.008196835 0.03068865 0.02114298 0.008023181 0.03068865 0.03121665 0.001335117 0.03068866 0.0127155 -0.001721641 0.03068866 0.01864749 -0.01011413 0.03068866 0.01709852 -0.009301526 0.03068867 0.01565678 0.005538867 0.03068867 0.03161234 -0.001299751 0.03068867 0.01565968 -0.008188467 0.03068867 0.02302896 0.008049608 0.03068867 0.01380167 0.003059225 0.03068867 0.02869694 -0.00814485 0.03068868 0.02236618 -0.01079074 0.03068868 0.03132962 -0.003565147 0.03068868 0.01403876 -0.006202159 0.03068868 0.02567935 0.007434714 0.03068868 0.01566214 0.005534061 0.03068869 0.03005176 0.003870987 0.03068869 0.01951183 0.007702392 0.0306887 0.01780502 0.007018781 0.03068871 0.02054256 -0.01063892 0.03069596 0.01107993 -0.008354604 0.03071455 0.0236703 -0.01434383 0.03071957 0.009262872 -0.003581738 0.03073364 0.02436845 0.01153196 0.03073446 0.01865654 0.01127376 0.03079092 0.009155591 -0.0001883648 0.03149783 0.02345136 -0.01315047 0.0314988 0.01566255 0.008633894 0.03149896 0.01890526 -0.01278205 0.03149928 0.01735638 -0.01222776 0.03149953 0.02166427 -0.0132325 0.03149955 0.02716776 -0.01210409 0.03149965 0.03320139 -0.005624454 0.03149977 0.02869957 -0.01124204 0.03149991 0.01566105 -0.01134209 0.03149991 0.03021853 -0.01003578 0.03149992 0.02530583 -0.01281085 0.03149994 0.03388217 -0.0001533674 0.03149996 0.02631548 0.008223258 0.03149997 0.03010313 -0.008149049 0.03149998 0.02991724 0.005630643 0.03149998 0.03251348 -0.002618769 0.03149999 0.03149833 -0.006007124 0.03149999 0.03190455 -0.008068788 0.03149999 0.0187292 -0.01120383 0.0315 0.01565998 0.006794028 0.03150001 0.01706403 -0.01044696 0.03150002 0.02127355 0.009070067 0.03150002 0.03217543 0.001579415 0.03150002 0.02824014 0.007135486 0.03150002 0.02046308 -0.01163861 0.03150002 0.02833822 -0.009750504 0.03150002 0.02258031 -0.01178427 0.03150002 0.02459115 -0.01149033 0.03150002 0.02659618 -0.01080388 0.03150003 0.0241185 0.008908929 0.03150003 0.0321572 -0.004316207 0.03150003 0.01870987 0.008498352 0.03150005 0.02326865 0.01050544 0.03150006 0.03256936 -0.0005618857 0.03150007 0.01566085 -0.00950978 0.03150008 0.03126443 0.003766724 0.03150009 0.01797337 0.009789432 0.03150009 0.03393051 -0.002262014 0.03150013 0.0205569 0.01044334 0.03150015 0.03139897 0.006026792 0.03150025 0.01683612 0.007623735 0.03150026 0.03344751 0.002081568 0.03150029 0.03244382 0.00446575 0.03150037 0.02599973 0.009895882 0.03150037 0.02996762 0.007559207 0.0315004 0.02811581 0.008914684 0.03159997 0.01564993 -0.009547607 0.03159997 0.01172059 -0.001010435 0.03159997 0.01374889 0.004824785 0.03159998 0.0137477 -0.007522689 0.03159999 0.01398972 0.007383999 0.03159999 0.01564505 0.006842297 0.03159999 0.01032528 0.0003613018 0.03159999 0.0126895 0.003033453 0.0316 0.01270112 -0.005757588 0.03160001 0.01080778 0.002390135 0.03160001 0.01195294 -0.003568574 0.03160001 0.01204038 0.001182704 0.03160002 0.0108182 -0.005217157 0.03160004 0.01259691 0.005846757 0.03160007 0.01153858 0.004128381 0.03160007 0.0136829 -0.009819472 0.03160012 0.01565972 -0.01138409 0.03160016 0.01193852 -0.007554041 0.03160029 0.01022305 -0.002207193 0.03160037 0.01565884 0.008689095 0.03229873 0.03114887 -0.009922282 0.03229918 0.02311442 0.01101002 0.0322992 0.02218977 -0.01374937 0.03229944 0.02406778 -0.0136285 0.03229969 0.03448554 -6.244896e-06 0.03229973 0.01199663 0.00577208 0.03229983 0.01856118 0.01052931 0.03229983 0.03123664 0.007128759 0.03229984 0.0326611 -0.007979017 0.03229984 0.02072646 0.0109923 0.03229988 0.03354671 -0.006287106 0.03229991 0.01733915 -0.01280615 0.03229993 0.02939666 0.00873322 0.03229994 0.02884623 -0.01184236 0.03229995 0.01690321 0.009890162 0.03229996 0.0127088 -0.009395179 0.03229998 0.02865401 0.005489355 0.03229998 0.03456805 -0.001855134 0.03229998 0.02138845 -0.0107522 0.03229999 0.02596988 0.007277783 0.03229999 0.01276796 -0.00244664 0.03229999 0.01327179 0.001833102 0.03229999 0.01413142 0.003602883 0.0323 0.01357573 -0.005330036 0.0323 0.03266074 0.005271172 0.0323 0.01280067 -0.0001685802 0.0323 0.01565975 -0.00817468 0.0323 0.01565998 -0.008167561 0.0323 0.01566035 0.009210256 0.0323 0.03149631 3.517544e-05 0.0323 0.01565996 -0.01190964 0.0323 0.02742811 -0.009185504 0.0323 0.03084265 0.002389909 0.0323 0.03156297 -0.002214402 0.03230001 0.01477974 -0.007214437 0.03230001 0.01680303 -0.009128897 0.03230001 0.02115837 0.008036398 0.03230001 0.009750321 -0.001927916 0.03230001 0.01565592 0.005511264 0.03230001 0.01910583 -0.01029321 0.03230001 0.01923501 0.007614747 0.03230001 0.023768 0.007969274 0.03230001 0.02739377 0.006491405 0.03230001 0.01565997 -0.01190966 0.03230001 0.02897547 -0.007869239 0.03230001 0.03115417 -0.004189662 0.03230002 0.02973112 0.004268031 0.03230002 0.01753917 0.006881821 0.03230004 0.02325147 -0.01071885 0.03230004 0.02530606 -0.01025109 0.03230004 0.03028105 -0.006175742 0.03230006 0.0111181 -0.007057839 0.03230006 0.01565853 0.009208672 0.03230007 0.0197889 -0.01353507 0.03230008 0.01018434 -0.004625867 0.0323001 0.009901676 0.0006223094 0.03230014 0.03420774 -0.004344108 0.03230019 0.02529034 0.01065766 0.03230019 0.02603293 -0.01314406 0.0323002 0.01067421 0.003414792 0.03230022 0.0274202 0.009903384 0.03230026 0.03412 0.002061758 0.03230027 0.01419072 -0.01087655 0.0323003 0.01385073 0.007899995</float_array>
          <technique_common>
            <accessor count="5765" source="#cubeverts-array0-array" stride="3">
              <param type="float" name="X"/>
              <param type="float" name="Y"/>
              <param type="float" name="Z"/>
            </accessor>
          </technique_common>
        </source>
        <source id="cubenormals-array0">
          <float_array count="34590" id="cubenormals-array0-array">0.003294312 -0.9999925 -0.002015545 -0.001370138 -0.9999954 -0.002735413 -0.0009209036 -0.9999967 -0.002401296 0.0001337918 -1 0 0.0002631675 -1 -9.317751e-06 0.0008374001 -0.9999982 -0.001728068 -0.000966327 -0.9999991 0.0009699589 7.353181e-05 -1 0.0002727065 -0.0005572065 -0.9999995 0.0008757247 -0.02898114 -0.3475154 0.9372263 0.001191154 -0.1805391 0.9835671 -0.03809158 0.2278595 0.9729487 0.008089205 0.4560035 0.8899412 -0.02766402 0.4846556 0.8742675 -0.01558956 0.6456718 0.7634559 0.005107414 -0.9841188 0.1774373 -0.01578683 -0.981169 0.1925052 0.01749797 -0.9018402 0.4317153 0.008983515 -0.8994275 0.4369777 -0.02145878 -0.8002417 0.5992935 0.04070734 -0.7613739 0.6470337 -0.0296481 -0.6520162 0.7576251 0.02548471 -0.5908688 0.806365 -0.01893121 -0.5131857 0.8580688 0.02915993 -0.4336397 0.9006144 0.03349355 -0.207322 0.9776992 -0.02312696 0.003692575 0.9997257 0.0350387 0.06229143 0.9974427 0.01575748 0.2734872 0.9617466 0.02556651 0.6051977 0.7956645 -1 -2.113167e-05 4.165566e-05 -1 -0.0001188669 -3.986112e-05 -1 -3.955333e-05 -7.340273e-05 -1 5.101793e-06 -3.216762e-05 -1 1.181336e-05 -7.421883e-05 -1 0.0001386345 6.777649e-06 -1 -1.135179e-06 6.663895e-05 -1 -0.000224624 -2.385561e-05 -1 -3.609288e-05 -0.0001426072 -1 -6.862814e-06 -0.0001377078 -1 0.0001232273 -8.81582e-05 -1 -6.750308e-05 -8.67861e-05 -1 7.722079e-05 -5.866274e-05 -1 4.671741e-05 3.932464e-05 -1 -8.003995e-06 7.126672e-05 -1 2.543858e-05 -3.708506e-05 -1 1.368511e-05 9.717559e-06 -1 1.369944e-05 -1.755729e-05 -1 -1.15758e-05 -1.552168e-05 -1 0.0001482571 -6.796121e-05 -1 8.969836e-05 -7.213049e-05 -1 -4.978411e-05 -8.00472e-05 -1 8.065568e-05 8.866581e-05 -1 6.145282e-05 9.331371e-06 -1 9.607e-06 -0.0001165553 -1 2.216039e-05 7.689292e-05 -1 1.272996e-05 -0.0001156035 -1 1.041973e-05 2.291033e-06 -1 2.049122e-05 -0.0001191529 -1 -2.715251e-06 3.096167e-05 -1 -0.0001207844 2.530187e-05 -1 1.429549e-05 0.0001354274 -1 1.64748e-05 -0.0001203515 -1 -4.539825e-05 -9.027872e-05 -1 2.697949e-05 -6.076632e-05 -1 0.000160001 -8.47845e-05 -1 -0.0001895875 -0.0002040953 -1 6.093878e-05 -6.596743e-05 -1 6.554701e-05 -6.229475e-05 -1 0.0001361234 -5.519104e-05 -1 0.0001041554 -9.48991e-05 -1 0.0001618691 -8.200734e-05 -0.001898499 -0.9999982 -4.716557e-05 0.001746061 -0.9999978 0.001141496 -8.165449e-05 -0.9999997 -0.0008016392 8.925361e-05 -0.9999995 -0.0009684624 0.0001611175 -0.9999998 -0.0005988234 -3.070342e-05 -0.9999999 0.0002615799 -9.38235e-05 -1 9.675197e-05 -0.001216975 -0.9999993 -9.877687e-06 -0.001182273 -0.9999992 0.0003605057 -0.00104157 -0.9999993 0.0006491579 -0.0007720874 -0.9999996 0.0002690742 0.001100369 -0.9999993 -0.0004958153 7.09595e-05 -1 -3.673549e-05 0.001507381 -0.9999976 -0.001641756 2.187185e-05 -1 -4.08121e-05 6.569435e-05 -1 -0.0001241988 0.0001073085 -1 1.636222e-05 -0.003757071 -0.9999919 0.001395507 0.0007002247 -0.9999997 0.0002837138 0.000957317 -0.9999996 0.000105341 0.001162375 -0.9999963 0.002457559 -0.001263951 -0.9999971 -0.002070178 -0.001172203 -0.9999992 9.112533e-05 0.002053894 -0.9999979 -0.0001993129 2.392617e-06 -1 6.17338e-06 -0.0009932275 -0.9999992 -0.000731283 0.0003238556 -0.9999999 -7.887264e-05 5.319223e-06 -1 -0.0001131613 2.00325e-06 -1 -1.35046e-05 0.0009894707 -0.9999987 0.001248404 -0.0003342013 -0.9999999 4.473621e-05 -0.0002167032 -0.9999999 -5.08954e-05 0.003806373 -0.9999894 0.002573875 0.0408669 0.5965682 -0.8015213 0.03856906 0.3677179 -0.9291372 -0.02741548 0.2866639 -0.9576389 0.02827031 0.1843201 -0.9824596 -0.04290072 0.0692181 -0.9966787 0.05725225 -0.05015547 -0.9970991 -0.04503785 -0.1856884 -0.981576 -0.007706967 -0.3608891 -0.9325769 0.03259878 -0.318839 -0.9472482 0.01170904 -0.5263844 -0.850166 -0.01540702 -0.5438261 -0.8390565 0.0185582 -0.7301481 -0.6830369 -0.01085134 -0.7450215 -0.6669523 -0.01537197 -0.8782595 -0.4779372 0.01219978 -0.8681856 -0.4960897 -0.003580967 -0.9724166 -0.2332233 0.0167825 -0.9688185 -0.2472024 -0.003037652 -0.9996008 -0.02809132 0.004159868 -0.9997526 -0.02185015 -0.01053549 0.6572863 -0.7535673 -0.04923437 0.506133 -0.8610491 -1 -5.480142e-05 6.816364e-05 -1 2.268137e-05 -4.709611e-05 -1 2.494078e-07 -3.591249e-06 -1 -3.401063e-06 6.302235e-06 -1 1.270372e-06 -1.295451e-05 -1 -7.457559e-06 4.402598e-05 -1 2.482209e-05 0 -1 -4.884258e-06 -4.487703e-05 -1 1.824415e-05 -4.537798e-07 -1 4.73679e-07 1.043348e-05 -1 -4.014423e-06 -9.57719e-06 -1 -2.516551e-05 -8.959734e-06 -1 1.61692e-06 6.224314e-06 -1 5.282503e-06 1.453509e-06 -1 -3.650024e-06 -4.943658e-06 -1 -9.392121e-06 -5.199031e-06 -1 -1.596994e-05 -8.924174e-06 -1 2.068097e-06 4.012844e-06 -1 7.813479e-06 7.518324e-06 -1 1.776785e-05 2.339853e-05 -1 -2.42056e-05 -1.897464e-05 -0.4397326 -0.3719619 0.8174837 -0.425036 -0.3997474 0.8121246 -0.378245 0.5098093 0.772674 -0.3568886 0.5694265 0.7405295 -0.3592884 0.6400779 0.679126 -0.3534667 0.6313697 0.6902417 -0.4262192 -0.2330038 0.8740975 -0.4701813 -0.3091795 0.8266423 -0.4220481 -0.2747057 0.8639514 -0.422526 -0.2741198 0.8639039 -0.4655033 -0.1174123 0.8772234 -0.4289176 -0.07272496 0.9004114 -0.3865119 -0.1872767 0.9030703 -0.4147661 -0.0444343 0.9088425 -0.397934 0.03242518 0.9168408 -0.4140372 0.1344823 0.9002709 -0.4204805 0.2378129 0.8755804 -0.4085736 0.1432172 0.9014191 -0.4237101 0.1440999 0.8942622 -0.4349729 0.4585129 0.774961 -0.4053998 0.3276898 0.8533875 -0.443761 0.2658613 0.8558002 -0.4006548 0.3556867 0.8443712 -0.3570852 0.4158174 0.8364125 -0.3374559 0.2690957 0.9020593 -0.3362887 0.7302272 0.5947084 -0.3451853 0.7513666 0.5624015 -0.3394132 0.7652912 0.546926 -0.3385828 0.7792817 -0.5273346 -0.3440819 0.8880074 0.305042 -0.3532084 0.8452725 0.4009466 -0.4060892 0.7897782 0.4597194 -0.32961 0.8472859 0.41649 -0.3116195 0.9065128 0.2848294 -0.3041973 0.8429079 0.4438133 -0.3371567 0.9201529 0.199108 -0.3700687 0.8899729 0.2664534 -0.3341518 0.9376829 0.09535899 -0.3484367 0.9242613 0.1559901 -0.332158 0.9337214 0.1335488 -0.2986311 0.9147726 0.2720488 -0.3397463 0.9405003 -0.005627217 -0.3447 0.9384635 -0.02163704 -0.3468331 0.9201086 -0.1819535 -0.3721915 0.8919035 -0.256869 -0.4014525 0.9139769 -0.05900834 -0.3284376 0.9351529 -0.1327312 -0.3577318 0.9170412 -0.1762479 -0.3701991 0.819979 -0.4365628 -0.3565244 0.8670736 -0.3479566 -0.390058 0.8776236 -0.2786246 -0.3499206 0.8371989 -0.4203018 -0.2960794 0.9099035 -0.2905384 -0.370805 0.8390911 -0.3980324 -0.8320272 0.08947992 0.5474707 -0.9977887 0.06252199 0.0225557 -0.7326679 0.2295343 0.640712 -0.8386905 0.435503 0.3270099 -0.5660548 0.6063192 0.558533 -0.8427454 0.09036018 0.5306745 -0.830932 0.444559 0.3345434 -0.6734643 0.5358312 0.5092453 -0.9565115 0.04212941 0.2886362 -0.7622853 0.0443938 0.6457169 -0.7346182 0.05257277 0.6764409 -0.79914 0.1151382 0.5900158 -0.8085735 0.1768215 0.5611978 -0.8388959 0.2498276 0.4835699 -0.8225977 0.2832901 0.4930311 -0.8984483 0.2797092 0.3384574 -0.7364944 0.3554082 0.5755529 -0.848478 0.3580362 0.3897373 -0.8606901 0.3491552 0.3705445 -0.6581187 0.4890322 0.5724747 -0.520803 0.5267562 0.6717829 -0.9995146 0.02715627 0.01527489 -0.9981464 0.0599198 0.01065205 -0.9954487 0.09350756 0.01839394 -0.9983143 0.05711146 0.01033587 -0.9954171 0.09387726 0.01821477 -0.9933423 0.1141585 0.01545715 -0.9872741 0.156914 0.0258441 -0.9836164 0.1723565 0.05283949 -0.9768437 0.210147 0.04018255 -0.9862936 0.1632438 0.02401184 -0.9982928 0.05840858 -0.0001487955 -0.9836001 0.1650483 0.07273329 -0.9898142 0.1290385 0.06014079 -0.978986 0.1942448 0.06209061 -0.9754878 0.2083047 0.07094102 -0.9799476 0.1842849 0.07577482 -0.9613226 0.2596039 0.09200342 -0.930141 0.3425701 0.1322252 -0.9320443 0.3306223 0.1482648 -0.9482415 0.2835393 0.1429808 -0.9147866 0.3273329 0.2366827 -0.9100373 0.3311934 0.2492852 -0.9324874 0.2630512 0.2475304 -0.9298984 0.2525867 0.2673737 -0.9409622 0.2295585 0.2487832 -0.9268141 0.1778467 0.3307356 -0.9692584 -0.003261644 0.2460234 -0.9606533 0.1001476 0.259067 -0.9735087 0.05148799 0.2227775 -0.932596 -0.02186174 0.3602593 -0.953622 0.06180557 0.294593 -0.9725096 0.01810235 0.2321583 -0.9843963 0.01290383 0.175492 -0.8162202 -0.09665848 0.569598 -0.8637052 0.0419394 0.5022492 -0.8343191 0.002995283 0.5512737 -0.8377773 -0.007490249 0.5459607 -0.78477 0.01150769 0.6196802 -0.82548 -0.02098831 0.564041 -0.7710261 -0.01611512 0.6365995 -0.8073509 -0.0549265 0.5875096 -0.8077245 -0.04171943 0.5880821 -0.775392 -0.02688081 0.6309078 -0.7712651 -0.0396092 0.6352804 -0.8176864 0.3705828 0.4405195 -0.8178685 0.3710241 0.4398093 -0.8766631 0.3168493 0.3620334 -0.8686909 0.2999253 0.3942345 -0.9059301 0.2337047 0.3530904 -0.8868058 0.2398809 0.3950098 -0.3338165 0.5424268 0.7709343 -0.4551255 0.5011202 0.7360294 -0.887973 0.1522605 0.4339594 -0.4793292 0.4069198 0.7775987 -0.4774339 0.4081866 0.7781006 -0.8892378 0.1127428 0.4433342 -0.8553742 0.06532756 0.5138747 -0.5556961 0.1706482 0.8136837 -0.6013834 0.04582293 0.7976455 -0.6124015 0.02051823 0.7902806 -0.6590343 0.006178832 0.7520875 -0.7627297 0.3484143 0.5448401 -0.6436546 0.4114142 0.6453272 -0.642758 0.4087887 0.6478842 -0.7615328 0.321752 0.5626219 -0.8032011 0.278244 0.5267335 -0.7289421 0.3317729 0.5988073 -0.5358989 0.481452 0.6935534 -0.5429185 0.4822495 0.6875135 -0.820253 0.2233208 0.526605 -0.6430919 0.408272 0.6478787 -0.8362944 0.06686262 0.5441884 -0.8234689 0.08885518 0.5603603 -0.7749442 0.07783606 0.6272185 -0.7943181 0.05819692 0.6047081 -0.7845543 0.01335876 0.6199162 -0.7836137 0.01135929 0.6211445 -0.7375066 0.01139224 0.6752439 -0.728674 0.0254803 0.6843867 -0.5936806 0.3737752 0.7126256 -0.6367116 0.3414304 0.6913925 -0.7801042 0.1791639 0.5994478 -0.8263482 0.2413808 0.5088062 -0.7822981 0.199545 0.5900776 -0.7898366 0.1363081 0.5979785 -0.8273557 0.1040058 0.5519651 -0.6940087 0.1943723 0.6932325 -0.7074688 0.2622267 0.6562966 -0.630961 0.3521707 0.691277 -0.6973985 0.2880845 0.6562337 -0.6986516 0.1820196 0.6919211 -0.6327292 0.1156474 0.7656888 -0.7143775 0.1630466 0.6805003 -0.7397585 0.06162504 0.6700446 -0.6394745 0.08398812 0.764211 -0.728802 0.03234128 0.6839603 -0.8998954 0.1481102 0.4101848 -0.8491319 0.1329596 0.5111721 -0.5596104 0.2791558 0.7803257 -0.5877095 0.2433988 0.7715923 -0.122023 0.00507105 0.9925144 -0.3068458 0.00901283 0.9517165 -0.3288151 0.0118026 0.9443206 -0.3349235 0.0002087966 0.9422452 -0.3423757 0.000621808 0.9395629 -0.3009417 0.5389491 0.7867451 -0.2591062 0.5182173 0.8150551 -0.4684603 0.3167222 0.8247617 -0.3487341 0.3189022 0.8812978 -0.2462974 0.4651253 0.8502917 -0.2223002 0.4594235 0.8599492 -0.1953241 0.362181 0.9114128 -0.2594263 0.2603561 0.9300068 -0.3316499 0.1885442 0.9243698 -0.3843521 0.1720223 0.9070181 -0.2754831 0.09213791 0.9568802 -0.3747344 0.04275018 0.9261461 -0.3181793 0.02201389 0.9477749 -0.05473878 0.9483844 0.3123633 -0.05832325 0.9477529 0.3136285 -0.03189262 0.9694616 0.2431606 -0.03255316 0.9468108 0.3201402 -0.02709161 0.9557777 0.2928393 -0.06540303 0.9616385 0.2664095 -0.362911 0.8902349 0.2752771 -0.240599 0.8955142 0.3743881 -0.2389113 0.9140612 0.32774 -0.167094 0.9446499 0.2823408 -0.1501001 0.9604391 0.2345774 -0.08548595 0.9591463 0.2696859 -0.5116646 0.838851 0.1858181 -0.3984506 0.8529683 0.3371679 -0.4182275 0.8896683 0.183238 -0.5442082 0.8230277 0.1626745 -0.541804 0.8229018 0.1711167 -0.07106004 0.7634374 -0.641961 -0.2259237 0.8156321 -0.5326375 -0.2614127 0.8472807 -0.462362 -0.183325 0.8612829 -0.4739026 -0.2121336 0.8682933 -0.4484038 -0.1370319 0.8747106 -0.4648694 -0.06041361 0.9146869 0.3996225 -0.3929024 0.8561697 -0.3355608 -0.5099027 0.8390599 -0.1896777 -0.5252733 0.8434806 -0.1123769 -0.2273099 0.9523264 -0.2034813 -0.348352 0.9348989 0.06793477 -0.377468 0.9240144 0.06095445 -0.396986 0.8600289 -0.32055 -0.5325054 0.8397931 -0.1057619 -0.5281241 0.828357 -0.186841 -0.3176096 0.9156439 -0.2464149 -0.3145767 0.9137144 -0.2572302 -0.4396138 0.8955643 -0.06858694 -0.426028 0.9015006 -0.07613755 -0.5419036 0.8250319 0.1601964 -0.01021891 0.8553362 -0.5179725 -0.02131991 0.7952555 -0.6058995 -0.01440882 0.7607034 -0.6489397 0.0008819008 0.8235623 -0.567225 0.003084515 -0.01660663 -0.9998573 -0.00128401 0.01883203 -0.9998218 -0.9685606 0.002968761 -0.2487602 -0.9799212 -0.02792789 -0.1974198 -0.7820098 0.006868461 -0.6232283 -0.7604188 -0.01330568 -0.6492967 -0.4710258 -0.03159181 -0.8815535 -0.3895014 0.01115805 -0.9209582 -0.1402489 -0.0286033 -0.9897031 -0.9729941 0.01202789 0.2305162 -0.9743964 0.02104531 0.2238496 -0.9745453 0.03315099 0.2217263 -0.9786569 0.0003831278 0.2055009 9.937614e-06 -1 1.0076e-05 -1.015908e-05 -1 8.541614e-06 1.863242e-05 -1 2.942975e-06 3.01604e-06 -1 -5.476285e-06 9.561672e-06 -1 -7.772006e-08 -9.033816e-06 -1 6.51044e-06 8.704788e-06 -1 5.802417e-06 -6.176556e-05 -1 -8.670435e-07 -6.157112e-05 -1 -1.217737e-05 1.619226e-05 -1 1.049243e-05 1.187923e-05 -1 -8.57484e-06 3.455855e-06 -1 -4.362449e-05 -8.32106e-06 -1 -3.169702e-07 -6.582821e-06 -1 -4.853431e-05 -4.652251e-05 -1 -3.433043e-05 -2.632848e-05 -1 -5.700017e-06 -6.363581e-06 -1 7.429639e-06 6.742781e-05 -1 -7.057479e-06 1.125445e-05 -1 4.559906e-08 -2.105869e-06 -1 -1.757726e-05 1.842642e-06 -1 -1.940448e-05 0.000135074 -1 -3.163556e-05 6.270351e-05 -1 -2.02836e-05 1.062679e-05 -1 -1.389241e-05 0.0001551814 -1 2.145168e-05 0.0005522051 -0.9999998 0.0003792561 1.031869e-06 -1 0.0001091194 0.0003516423 -0.9999998 0.0005587181 6.803108e-06 -1 8.600953e-05 -0.0002737766 -0.9999999 0.000390745 -3.564559e-06 -1 5.794106e-05 -4.201007e-06 -1 0.0002186006 1.157448e-06 -1 -5.077458e-06 0.0005060565 0.004964915 0.9999875 -0.004387425 -0.05465853 0.9984955 -0.2573325 0.05057793 0.9649984 -0.4047583 -0.05768975 0.9126021 -0.5369752 0.04052463 0.842624 -0.6502811 -0.02684212 0.7592193 -0.6637595 0.003752918 0.7479366 -0.7317026 -0.001005655 0.6816233 -0.7448495 -0.04127917 0.6659544 -0.8865387 0.05354046 0.459546 -0.9529771 -0.05612622 0.2977993 -0.985256 0.0341225 0.167649 -0.7548168 -0.6306828 -0.1802518 -0.6704134 -0.7266328 -0.1501687 -0.7794514 -0.6261043 -0.02118697 -0.7840778 -0.5895082 -0.1941704 -0.8198555 -0.5644829 -0.09589646 -0.763944 -0.6250999 -0.1601239 -0.8187632 -0.5647507 -0.1033607 -0.8539553 -0.5012811 -0.1395616 -0.88738 -0.4557543 -0.06960456 -0.8705461 -0.4918648 -0.01478099 -0.5038064 -0.8477241 0.1659605 -0.4870628 -0.8400683 0.2388618 -0.5936043 -0.8021793 0.06436075 -0.5989684 -0.8005054 0.02068954 -0.3995514 -0.9020603 0.1632354 -0.2304663 -0.9495432 0.2127273 -0.3809053 -0.867799 0.3191176 -0.3830957 -0.8608829 0.3348406 -0.3993435 -0.8645276 0.3051502 0.05430359 -0.9462796 -0.3187568 0.05685854 -0.9448743 -0.3224588 0.03587697 -0.9487506 -0.3139828 0.04391395 -0.9454163 -0.3228926 0.04338106 -0.9446167 -0.325296 0.04258751 -0.94468 -0.3252169 0.04232714 -0.944389 -0.3260947 0.6449398 -0.4147534 -0.6418975 0.7426371 -0.3128633 -0.5921205 0.6310859 -0.405177 -0.6614848 0.4382429 -0.5015714 -0.7459016 0.5283556 -0.4907253 -0.6928414 0.4282542 -0.481349 -0.7647885 0.6709725 -0.3387693 -0.659569 0.6434764 -0.374139 -0.6678008 0.7533963 -0.2317061 -0.6153912 0.5208758 -0.3944651 -0.7570242 0.483535 -0.3559826 -0.7996689 0.6969541 -0.2527155 -0.6711109 0.7355837 -0.1317423 -0.6645002 0.7233618 -0.2165678 -0.6556264 0.7839171 -0.0421192 -0.6194351 0.5551721 -0.2080576 -0.8052924 0.7370629 -0.1406534 -0.6610257 0.7823219 -0.02130246 -0.62251 0.6104546 -0.1393056 -0.7797046 0.6894692 -0.1164695 -0.7148896 0.5833945 -0.1045301 -0.8054343 0.7529007 -0.05098718 -0.6561562 0.6009731 -0.0325768 -0.798605 0.6810713 -0.04114215 -0.7310603 0.7358102 -0.01817014 -0.676944 0.616196 -0.04273816 -0.7864324 0.6084695 -0.01971193 -0.7933323 0.7161561 -0.01729158 -0.6977259 0.5876147 -0.263336 -0.7650903 0.8677803 -0.3450396 -0.3576383 0.824926 -0.368618 -0.4285065 0.7423058 -0.3453637 -0.5742003 0.7526454 -0.3211813 -0.574776 0.8342018 -0.2726626 -0.4793355 0.8788646 -0.2576039 -0.4015435 0.8366366 -0.2692343 -0.4770242 0.8439034 -0.06557048 -0.532473 0.8301571 -0.04190476 -0.5559526 0.8631058 -0.0555155 -0.5019625 0.9059313 -0.2086119 -0.3684692 0.8065102 -0.2025482 -0.5554417 0.8252576 -0.1391757 -0.547339 0.8138407 -0.1549546 -0.5600468 0.885322 -0.1702036 -0.4327073 0.8790833 -0.1158724 -0.46237 0.884509 -0.1089133 -0.4536316 0.8107307 -0.07012282 -0.5812043 0.818276 -0.08841125 -0.5679858 0.8990625 -0.413563 -0.1437096 0.9086667 -0.3885015 -0.1529421 0.93094 -0.3460584 -0.1165942 0.9610454 -0.2684478 -0.06578244 0.9729261 -0.2267517 -0.04470395 0.915337 -0.3893348 -0.1028416 0.9353157 -0.3339139 -0.1169869 0.9359339 -0.3385199 -0.09711847 0.9588494 -0.276157 -0.06591883 0.9352826 -0.3320342 -0.1224728 -0.008356942 -0.9470717 -0.3209133 0.005596899 -0.9424264 -0.3343668 -0.0006273258 -0.9464605 -0.322819 -0.006123939 -0.9470358 -0.3210696 -0.9995291 -0.03040776 -0.004121031 -0.9998883 -0.01494948 0.0001375724 -0.9999739 0.004206057 -0.00587855 -0.935648 -0.01368524 -0.3526692 -0.9141787 0.02995053 -0.4042034 -0.7246622 -0.03480558 -0.6882246 -0.6520817 0.03704095 -0.7572433 -0.3774842 -0.0374564 -0.9252582 -0.2970113 0.01956438 -0.9546735 -0.8031378 -0.4946302 -0.3321307 -0.8260603 -0.4847842 -0.2874173 -0.6946592 -0.4861611 -0.5301848 -0.5922813 -0.4838894 -0.6442468 -0.5561988 -0.4869788 -0.6734201 -0.2641883 -0.4087158 -0.873588 -0.4711269 -0.459438 -0.7529649 -0.312636 -0.4296278 -0.8471592 -0.1626517 -0.3795919 -0.9107438 -0.4792296 -0.4595198 -0.7477838 -0.5405647 -0.4379489 -0.7183248 -0.7097382 -0.4945412 -0.5016978 -0.5913197 -0.4864753 -0.6431818 -0.5910984 -0.4865139 -0.6433559 -0.01449778 -0.3379405 -0.9410558 0.0001448456 -0.005252633 -0.9999862 0.002958348 -0.03327702 -0.9994417 0.3921055 0.03976438 -0.9190605 0.472499 -0.03432424 -0.8806625 0.7651067 -0.01731645 -0.6436707 0.7822936 0.01248389 -0.6227847 0.9272903 0.03417593 -0.3727796 0.6538617 -0.5502418 -0.5193253 0.759958 -0.5586085 -0.3322955 0.7760379 -0.5546741 -0.3001696 0.7800735 -0.561169 -0.2767214 0.7944623 -0.5760402 -0.1923731 0.974338 -0.01810059 -0.2243609 0.9744724 -0.01948392 -0.2236602 0.9760946 -0.001834883 -0.2173382 0.9744951 -0.0212251 -0.2234026 0.9994528 0.02528741 0.02132102 0.9888712 -0.05871378 0.1366978 0.9410955 0.04806645 0.3347073 0.7806894 -0.02603001 0.6243768 0.7976614 0.008579186 0.6030446 0.5053982 -0.02384093 0.8625568 0.468684 0.01361732 0.8832609 0.203961 -0.01071829 0.9789203 0.1916661 -0.00191671 0.9814584 0.4941876 -0.8569961 0.1460695 0.5836103 -0.8110784 -0.03938111 0.5678798 -0.8171124 0.09919673 0.4408139 -0.8937402 0.08313613 0.4736313 -0.8806253 -0.0131355 0.4920591 -0.8679314 0.06762353 0.4393201 -0.8977439 -0.03245984 0.3088811 -0.9454458 0.1035596 0.4044554 -0.8934304 -0.1954429 0.398783 -0.9156666 -0.05026865 0.3854773 -0.868698 0.3110806 0.2109469 -0.849669 0.4832846 0.110234 -0.7155912 0.6897663 0.1586009 -0.8645751 0.4768181 0.1135661 -0.8173602 0.5648229 0.3836166 -0.880748 0.2777072 0.2647263 -0.8460276 0.4627712 0.2703757 -0.9281766 0.2557054 0.2698851 -0.8962963 0.3518738 0.2269129 -0.9054428 0.3587252 0.006956715 -0.7603244 0.6495064 0.02009003 -0.8356869 0.5488386 -0.03804057 -0.8943891 0.4456693 -0.158255 -0.926816 0.3405396 -0.1820406 -0.9442101 0.2744608 0.04120786 -0.9462026 -0.3209399 0.04837804 -0.9495643 -0.3098179 0.05600432 -0.9468029 -0.3169034 0.03052682 -0.9744652 -0.2224538 0.02795235 -0.9518424 -0.3053109 0.009393604 -0.0989816 -0.9950449 0.004739279 -0.08986251 -0.9959429 0.009719454 -0.2336619 -0.9722694 0.00315865 -0.3398466 -0.9404756 0.01174782 -0.3718009 -0.9282382 0.009448194 -0.4417165 -0.8971049 0.01250969 -0.5271325 -0.8496911 0.02263415 -0.2596643 -0.9654337 0.06503014 -0.5471427 -0.8345094 0.2795534 -0.573454 -0.7700651 0.1673806 -0.5443324 -0.8220012 0.231103 -0.5071138 -0.8303174 0.1910249 -0.4732783 -0.8599519 0.3615616 -0.369652 -0.8559384 0.3548365 -0.3688761 -0.8590817 0.09926904 -0.2668451 -0.9586133 0.3924373 -0.2146908 -0.8943717 0.1777006 -0.1253843 -0.9760642 0.7506196 0.04049803 -0.6594923 0.6593199 3.014636e-06 -0.7518625 0.7138692 0.00712176 -0.7002429 0.6764256 0.009776197 -0.7364461 0.7322668 0.01632048 -0.6808222 0.7479339 0.005994806 -0.6637461 0.8518204 0.07196736 -0.5188668 0.7942362 0.07202857 -0.6033247 0.8449047 0.06263693 -0.531237 0.7721503 0.0265305 -0.6348858 0.8515076 0.02942744 -0.5235159 0.7590423 0.007828147 -0.6509944 0.7783703 0.02929296 -0.6271217 0.8347496 0.01460152 -0.5504361 0.8077739 0.01215183 -0.5893671 0.809471 -0.01987573 -0.5868233 0.8792334 -0.02729481 -0.4756086 0.8884376 -0.3426796 -0.3053676 0.9380325 -0.2206701 -0.2672071 0.9414463 -0.2241378 -0.2518752 0.9341484 -0.29322 -0.2034421 0.9196479 -0.2988113 -0.2548718 0.9724997 -0.1505732 -0.1776854 0.99582 -0.07952869 -0.04491865 0.9821847 -0.01804531 -0.1870498 0.9380051 -0.02970308 -0.3453463 0.9996401 -0.02593325 -0.006871433 0.9995542 -0.02887153 -0.007615007 0.9994875 -0.03112359 -0.007499564 0.9996625 -0.02549446 -0.004985816 0.9990901 -0.04258678 0.002274279 0.9964703 -0.08131975 -0.02083319 0.9959744 -0.08708014 -0.02125965 0.9865339 -0.1462307 -0.07326286 0.9817177 -0.1807326 -0.05971743 0.9814675 -0.1804841 -0.06439674 0.9666378 -0.2270705 -0.1185335 0.9333732 -0.3375927 -0.1218419 0.9570739 -0.2656816 -0.115858 0.9432215 -0.2960567 -0.1506108 0.9986196 -0.0493781 -0.01791153 0.9944768 -0.02172032 -0.1026842 0.9950938 -0.09837117 -0.01056578 0.9959146 -0.08880971 -0.01633462 0.9902242 -0.1384396 -0.01704113 0.9917642 -0.1255026 -0.02554824 0.977912 -0.2047213 -0.04215721 0.9865988 -0.1621068 -0.01855469 0.7977115 -0.1479675 -0.5846042 0.6583355 -0.1422966 -0.7391523 0.961225 -0.1170539 -0.2496896 0.4432602 -0.5701532 -0.6916977 0.6671188 -0.5462011 -0.5065736 0.9140745 -0.103989 -0.3919874 0.7403103 -0.1539916 -0.6543908 0.8889552 -0.09536384 -0.4479557 0.8542508 -0.1917327 -0.4832122 0.8306904 -0.21451 -0.5137497 0.9369201 -0.2414592 -0.2527416 0.6244647 -0.4653976 -0.6272551 0.8876714 -0.3828869 -0.2558066 0.9403049 -0.03402643 -0.3386278 0.7349671 -0.07131617 -0.6743423 0.6725058 -0.2610301 -0.692531 0.9270558 -0.2212345 -0.3026924 0.9413559 -0.2003337 -0.271506 0.818781 -0.3023202 -0.4880576 0.7837126 -0.3108006 -0.5377709 0.5651685 -0.3925123 -0.725616 0.5797338 -0.3918819 -0.714379 0.7521346 -0.417485 -0.5099017 0.7669569 -0.4146332 -0.4897514 0.9174981 -0.2839941 -0.2784684 0.9341682 -0.3021267 -0.1898661 0.7298065 -0.07433873 -0.6796 0.644726 -0.2571555 -0.7198607 0.7820803 -0.4637814 -0.4162419 0.6787463 -0.5427065 -0.4947455 0.8738294 0.171506 -0.4549813 0.8838218 0.1722407 -0.4349624 0.666266 0.3344434 -0.6665112 0.9296852 -0.02384849 -0.3675824 0.7168695 0.06463995 -0.6942045 0.7972612 0.03738227 -0.6024759 0.7127634 0.139886 -0.6873139 0.673363 0.1201781 -0.729479 0.9605276 0.01711796 -0.2776577 0.8205849 0.02620757 -0.5709234 0.5949688 -0.0118396 -0.8036616 0.7210309 0.2162648 -0.6582887 0.9030154 0.1066445 -0.4161611 0.8746446 0.09421902 -0.4755202 0.8763362 0.09366415 -0.472506 0.6707524 0.2072199 -0.7121454 0.8870054 0.06529076 -0.4571198 0.4681171 0.3594231 -0.8072679 0.424296 0.4300901 -0.796866 0.3690166 -0.5325134 -0.7617455 0.3773773 -0.5489876 -0.7457875 0.4290318 0.2948806 -0.8538017 0.4157324 0.1967819 -0.8879433 0.4236145 0.2876872 -0.8589452 0.4309938 0.1435346 -0.890866 0.4128156 0.09515806 -0.9058301 0.4192986 0.002595287 -0.9078447 0.4219947 -0.004445101 -0.9065874 0.4091108 -0.06058376 -0.9104713 0.3977612 -0.1800059 -0.8996577 0.4134417 -0.1358707 -0.9003361 0.4091288 -0.3010878 -0.8613708 0.3879673 -0.4228713 -0.8189391 0.4142796 -0.2966703 -0.8604413 0.3810018 -0.407923 -0.8297206 0.3483959 -0.257444 -0.9013007 0.3760916 -0.4136763 -0.8291122 0.6707643 -0.5475968 -0.5002129 0.3395512 -0.6403373 -0.6889653 0.9999997 0.0005713941 0.000598856 0.9999997 0.000704157 0.0003060268 1 -3.881379e-05 0.000154344 0.9999996 -0.0002736765 0.0008284095 0.9999998 0.0003525947 0.0005270242 1 1.132198e-05 0.0001341811 1 4.25406e-05 0.000120072 1 -3.330519e-06 8.667559e-05 1 0.0002110748 -5.354091e-05 0.9999999 5.252242e-05 -0.000205086 1 -0.000241041 -4.2479e-05 1 -3.086603e-05 1.74411e-05 1 -2.957965e-05 2.246047e-05 0.9999998 -0.0005566769 7.025168e-05 0.9999998 -0.0004346688 0.0004325896 0.9999999 -3.910972e-05 0.0004557934 0.9999996 0.0004296498 -0.0008196329 1 4.928032e-05 -1.811324e-05 0.9999994 0.001056317 -6.795525e-05 0.9999999 -5.338568e-05 0.0002666289 1 4.269525e-05 -2.22768e-05 1 0.0001614951 -1.373974e-05 0.999999 -0.0008959659 -0.001089739 1 0.0001736813 -6.138962e-05 0.9999992 0.0002248465 -0.001251761 0.9999996 0.0004062848 -0.0008127248 1 -8.273937e-05 3.697265e-05 1 0.0001128052 -0.0001156944 0.9999996 0.0005729626 -0.00074219 1 -9.341445e-06 -0.0001505537 0.9999945 -0.002677909 -0.002007887 1 7.450396e-05 -1.051998e-05 1 -8.297097e-05 3.536844e-05 1 -4.191142e-05 -0.0001425722 0.9999965 0.0009292317 -0.002440749 1 4.932502e-05 2.485136e-05 1 -2.083842e-05 -1.129699e-05 1 2.94248e-05 -0.0001479086 1 5.008674e-07 -5.419634e-05 1 -2.158902e-05 -4.124393e-05 1 0.0001295608 1.517415e-06 1 2.011877e-05 0.0001450227 1 0.0001051508 0.0001341365 0.0001252547 -1 -3.819139e-05 7.384322e-05 -1 7.53228e-06 -0.0003452811 -0.9999999 -0.0001832715 -0.0002412124 -0.9999999 -0.0001698609 -0.0003694351 -0.9999999 -0.0002417587 -0.0001999664 -0.9999999 -0.0001597568 0.001092555 -0.9999988 0.001060803 0.001781739 -0.9999933 0.003204691 0.001326615 -0.9999991 0.0001041041 0.002191002 -0.9999976 1.844822e-05 0.001778539 -0.999997 -0.001699002 -0.0008934568 -0.9999995 0.0005862877 0.0003442133 -0.9999999 4.551464e-05 0.0003592747 -0.9999999 -0.0001598326 0.00527204 -0.9999846 -0.001739378 -0.003144552 -0.9999945 0.00104755 -0.002433289 -0.9999959 0.001488749 -1.413555e-07 -1 -2.023357e-05 8.510593e-06 -0.9999999 0.0004181836 -0.0004564457 -0.9999998 0.0003926306 -0.0003071526 -0.9999999 0.0004842991 3.706088e-05 -1 -0.0001508299 0.001300657 -0.9999991 -0.0004129235 0.002335588 -0.9999958 -0.001737767 0.001843067 -0.999997 -0.001618155 0.001863881 -0.9999968 -0.001673487 -0.0002255726 -0.9999999 0.0001407145 -0.0002593407 -0.9999999 4.526054e-06 0.0008616993 -0.9999996 0.000111871 0.0005501346 -0.9999986 -0.001578764 -0.0007216484 -0.999997 0.002366042 -0.001043541 -0.9999989 0.001071414 -0.000774608 -0.9999989 0.001208265 -0.0006191601 -0.9999993 0.001054494 -0.001442756 -0.9999989 -0.0001065654 -0.8259531 -0.002868007 0.5637315 -0.9314409 -0.04485365 0.3611178 -0.7037559 -0.009749017 0.7103749 -0.6921095 -0.00193808 0.72179 -0.9361233 0.108483 0.3345214 -0.9084682 0.1481227 0.3908262 -0.6857067 0.2451688 0.6853455 -0.7811967 0.2549482 0.5698537 -0.9687317 -0.03172613 0.2460738 -0.7291427 -0.3226993 0.6035033 -0.666075 -0.08789529 0.7406879 -0.3593999 0.1319284 0.9238108 -0.9375323 -0.2178481 0.2712479 -0.7711553 -0.2367773 0.5909788 -0.9341761 -0.1341048 0.3306521 -0.90946 -0.1582827 0.3844855 -0.9763471 -0.08236682 0.1999047 -0.6987604 -0.1567996 0.6979597 -0.8585714 -0.1306386 0.495771 -0.5599326 -0.2049313 0.8027943 -0.8791013 -0.05193169 0.4737975 -0.6567131 -0.08322687 0.749534 -0.9026805 0.03934281 0.4285092 -0.7216322 0.08918954 0.6865073 -0.7904841 -0.2897527 0.5396093 -0.6862532 -0.318317 0.6540112 -0.929783 -0.1337833 0.3429366 -0.9308792 0.04453301 0.3626027 -0.8429742 0.1048066 0.5276458 -0.6701227 0.1186085 0.7327124 -0.868818 0.09738408 0.4854602 -0.7322452 0.2119106 0.6472333 -0.4356448 0.4166626 0.7978759 -0.4246498 0.3947837 0.8147505 -0.4358303 0.2751428 0.8569413 -0.4163004 0.30628 0.8560879 -0.4309397 0.1454861 0.8905755 -0.4357095 0.1367207 0.889643 -0.4179666 0.111633 0.9015775 -0.4050313 0.008773845 0.9142607 -0.4022225 -0.1644897 0.9006443 -0.4187828 -0.04203182 0.9071131 -0.4004174 -0.1027983 0.9105484 -0.4139933 -0.1886441 0.8905183 -0.3834533 -0.3278174 0.863423 -0.4176127 -0.2774858 0.8652174 -0.3725083 -0.3971051 0.838776 -0.2874822 -0.8115163 0.5087193 -0.2875394 -0.8224129 -0.4908748 -0.3055186 -0.7912793 -0.5296558 -0.3763891 -0.4882485 0.7873656 -0.3426962 -0.4606994 0.8187278 -0.3355071 -0.5858254 0.7377287 -0.3669355 -0.4977154 0.7858993 -0.302246 -0.6167377 0.7268301 -0.319391 -0.7194782 0.6167175 -0.3141038 -0.7238121 0.6143573 -0.3789006 -0.6007516 0.7039402 -0.3388976 -0.6928472 0.6364834 -0.3559668 -0.7476181 0.5606735 -0.3756303 -0.6033393 0.7034796 -0.2608379 -0.8528075 0.4524191 -0.2925205 -0.8591167 0.4199407 -0.3736493 -0.8024817 0.4651982 -0.2877384 -0.8810192 0.3755153 -0.2811306 -0.9129267 0.2958554 -0.2321529 -0.9338797 0.271981 -0.2847576 -0.9368194 0.2031811 -0.2491676 -0.957869 0.142837 -0.2957528 -0.9181693 0.2636202 -0.2603503 -0.9456955 0.1946222 -0.2650537 -0.9576409 0.1125633 -0.2485549 -0.9681666 0.0295606 -0.2660373 -0.9462408 -0.1839907 -0.2566313 -0.9662551 -0.0221691 -0.2502524 -0.9669847 -0.04810642 -0.2523445 -0.9570221 -0.142937 -0.286421 -0.9238625 -0.2538524 -0.2514766 -0.9569197 -0.1451354 -0.2796552 -0.884887 -0.3725158 -0.2787706 -0.8845856 -0.3738921 -0.2283867 -0.9375262 -0.2624581 -0.2841675 -0.9250995 -0.2518727 -0.2806776 -0.8832105 -0.3757119 -0.9999996 0.0006683974 -0.0006509311 -0.9999995 0.0008039169 -0.000493489 -1 -0.000105568 -1.590172e-05 -1 -1.53684e-05 3.555292e-05 -1 -4.905605e-06 8.355236e-05 -1 -3.392133e-05 6.841037e-05 -1 4.845367e-06 1.452627e-05 -1 0.0001361744 8.443491e-05 -1 4.935186e-05 0.0002499269 -0.9999999 0.0001390633 0.0002668625 -0.9999999 0.0001554496 0.000224196 -0.9999999 0.0001493754 0.0002237716 -1 0.0001555295 0.0001986821 -1 6.078433e-05 0.000201157 -1 0.0001174025 -1.061334e-05 -1 0.0001473301 5.429778e-05 -1 1.768527e-05 9.160577e-05 -0.9999999 -0.0001686177 0.0003836062 -0.9999999 0.0001871655 0.0004420141 -1 0.000152788 9.153962e-05 -1 0.0001372145 7.136459e-05 -0.9999998 2.860929e-05 0.0006545981 -0.9999997 0.0001861483 0.0006721723 -1 0.0001238298 0.0001648979 -1 -8.139457e-05 -3.724234e-05 -0.9999998 0.0002904744 0.0005300391 -1 2.352709e-05 0.0003288629 -1 6.826386e-05 3.8947e-05 -1 -7.052568e-05 -7.217064e-05 -0.999999 -0.0009945384 0.0009728188 -0.999999 -0.0002148736 0.001469911 -1 4.783368e-05 0.0001200954 -1 -0.0003127876 3.756122e-05 -0.9999993 0.001012362 0.000627341 -1 -2.214336e-05 6.745734e-05 -1 -0.0002209094 0.0001108944 -0.9999999 -0.0002882582 0.0002385534 -1 -0.0001874835 -3.786645e-05 -1 -8.95889e-05 0.0001445371 -0.9999999 -4.800258e-05 0.0003441717 -1 1.158636e-05 1.357798e-06 -1 -3.384166e-05 0.0001580426 -1 -5.387168e-05 2.602201e-05 -1 1.031255e-05 2.994758e-05 -0.01453611 -0.5698923 -0.8215907 0.004251259 -0.5554026 -0.8315708 -0.03477337 -0.4895593 -0.8712763 -0.01352282 -0.4196686 -0.9075767 -0.002083402 -0.413794 -0.9103681 -0.01650971 -0.2483736 -0.9685236 -0.008114909 -0.2432126 -0.9699391 -0.02496957 -0.1115602 -0.993444 0.02921904 -0.06860983 -0.9972156 -0.04146653 0.009681995 -0.9990931 0.004810624 0.1475525 -0.9890425 0.0002914892 0.1446441 -0.9894837 -0.0399855 0.2547779 -0.9661725 0.02773095 0.3237782 -0.9457265 -0.04936767 0.3897645 -0.9195904 -0.0250419 0.4772601 -0.8784051 -0.02783203 0.5718354 -0.8198961 0.03162109 0.5171806 -0.855292 0.02977343 0.6716834 -0.74024 0.01085612 0.6787401 -0.7342983 -0.06366641 0.7442454 -0.6648649 -0.02964028 0.8148715 -0.5788832 0.03442493 0.8374208 -0.5454735 -0.05099148 0.8888153 -0.4554197 0.01232678 0.934709 -0.3552003 -0.002809846 0.9317597 -0.3630648 -0.01325456 0.9737079 -0.2274141 0.01336449 0.9785867 -0.2054009 -0.03535397 0.9921283 -0.1201312 0.007410656 0.9996039 -0.02715202 0.002529932 0.999712 -0.02386303 -0.04802983 0.9963624 0.0703923 -0.003624927 0.9855758 0.1691956 0.01538298 0.9833797 0.1809079 -0.0532238 0.9474625 0.3154078 0.05592689 0.9216889 0.3838772 -0.06181475 0.8713383 0.4867735 -0.02172514 0.7854106 0.6185938 0.04102415 0.8097841 0.5852919 -0.02614661 0.7042624 0.7094581 0.05551567 0.6668201 0.7431481 -0.05122298 0.5670665 0.8220777 0.02906942 0.4918219 0.8702104 -0.03737513 0.4439005 0.8952963 0.01225465 0.292661 0.9561377 0.02362497 0.2978418 0.9543229 -0.04154276 0.1475275 0.9881852 0.07738878 0.05637963 0.9954056 -0.04063686 -0.009709143 0.9991268 -0.01619283 -0.2043466 0.9787647 0.01405737 -0.2176376 0.9759284 -0.03548644 -0.3723521 0.9274129 0.02946209 -0.4227793 0.9057537 -0.03350696 -0.4833646 0.8747776 -0.02465067 -0.6087701 0.7929636 0.01863068 -0.576349 0.8169913 -0.001568681 -0.9999987 -9.770961e-05 0.001003237 -0.9999977 -0.001898786 -0.0003643929 -0.9999999 -0.0002708154 -0.0001531978 -0.9999998 -0.0005574035 -0.001100882 -0.9999995 7.38957e-06 0.0004983084 -0.9999999 5.791976e-05 0.001305916 -0.9999992 0.0001136937 0.001469297 -0.9999987 0.0005711208 -0.003079638 -0.9999923 -0.002470897 -0.003898874 -0.9999889 -0.002660714 -0.000100013 -0.9999952 0.003105464 -0.003159208 -0.9999943 0.001197558 1 -5.817213e-06 1.019449e-06 1 4.597193e-05 -2.026948e-05 1 -1.651088e-05 -2.937897e-05 1 -6.546059e-05 5.034389e-06 1 1.791422e-05 2.26018e-05 0.9999999 0.0003488902 -0.0001676385 1 -0.0001126866 -0.000237449 0.9999999 -2.59183e-05 -0.0002678469 1 4.404779e-05 -0.0001934767 0.9999999 -0.0003744847 -4.002874e-05 1 5.776299e-05 6.857637e-05 1 2.185641e-05 -1.13066e-05 1 8.353165e-06 -1.851409e-05 0.9999999 0.000558844 -3.642024e-05 0.9999999 0.0003346478 -0.0002737603 1 -8.335603e-06 3.103824e-06 0.9999999 -0.0002197715 -0.0004021827 1 2.608034e-05 3.08742e-05 1 4.614663e-05 -5.121108e-05 1 4.763733e-05 -7.49737e-06 1 -3.859724e-06 2.454485e-05 1 4.325197e-05 7.282401e-05 1 -4.706879e-05 -0.0001155281 1 -1.12207e-05 6.023026e-05 1 -4.050844e-05 1.417742e-05 1 -1.833993e-05 5.281323e-05 1 1.024654e-06 6.575512e-05 1 8.65254e-06 1.952156e-06 0.9999999 0.0002788432 9.623672e-05 1 5.636167e-06 0.0002759526 1 0.0001055773 0.0001594543 0.9999999 9.977819e-05 -0.0002590574 0.9999999 -0.0004370585 0.0001807999 1 -8.157885e-05 -2.426574e-05 1 -8.95642e-06 -6.161922e-05 1 -3.630672e-05 -6.711814e-05 1 -7.419629e-05 4.946621e-05 1 -4.920678e-05 -5.999246e-05 1 0.0001085131 -6.121429e-05 1 8.809365e-06 -2.910823e-06 1 3.253979e-05 6.662029e-06 1 -1.831818e-05 7.63139e-05 1 5.691923e-05 1.080611e-06 1 2.294858e-05 5.459628e-05 -0.04738435 -0.9984384 -0.02958855 -0.04849775 -0.9624299 -0.2671639 0.06221584 -0.9069478 -0.4166232 -0.04569903 -0.8596792 -0.5087861 0.01373924 -0.749929 -0.6613756 -0.02999368 -0.6220867 -0.7823736 0.042562 -0.5120399 -0.8579065 0.001914079 -0.4834462 -0.8753721 -0.03886593 -0.2993923 -0.9533382 -0.03801836 -0.02569446 -0.9989466 -0.01634056 0.2141121 -0.9766724 0.0240885 0.5693527 -0.8217403 -0.009166909 0.5884045 -0.8085148 -0.01366481 0.6435931 0.7652459 0.02675232 0.6090006 0.7927185 -0.02915046 0.4510231 0.8920362 0.026497 0.08293565 0.9962026 -0.03475534 -0.0178894 0.9992357 -0.03355968 -0.2218594 0.974501 -0.03787008 -0.4484276 0.8930166 -0.01828158 -0.647828 0.7615672 -0.03363963 -0.9149248 0.4022201 -0.00967851 0.4645419 0.8854982 0.0311807 0.2667495 0.9632614 -0.03454626 0.1970144 0.9797918 0.03643407 -0.1465946 0.9885255 0.03623378 -0.3897856 0.9201926 0.02648273 -0.6136133 0.7891625 0.01659373 -0.7501423 0.6610683 -0.03263786 -0.7915483 0.6102346 0.03679857 -0.858965 0.5107102 0.02553968 -0.9433163 0.3309111 -0.02806604 -0.978862 0.2025871 0.0398624 -0.9915137 0.1237399 0.05175284 -0.987586 -0.1483094 0.04107854 -0.7355742 -0.6761975 0.05500523 -0.2256576 -0.9726526 0.008067489 0.01401052 -0.9998693 0.006205034 0.1929645 -0.9811861 0.01338048 0.3717726 -0.9282274 -0.01256849 0.3966932 -0.9178652 1 3.735313e-07 -1.63519e-06 1 -9.985381e-06 -2.638141e-06 1 1.7701e-05 -3.582485e-05 1 4.444854e-05 -8.331292e-05 1 -0.0001359759 2.202133e-05 1 3.259029e-05 -1.579189e-05 1 6.382036e-05 -2.60672e-05 1 -5.122991e-05 2.293395e-05 1 6.673538e-06 -9.842019e-06 1 1.653955e-05 -1.490711e-05 1 2.750623e-05 -2.55909e-05 1 -2.02377e-05 2.868518e-05 1 3.758294e-07 -1.634751e-06 1 -1.377633e-05 4.48936e-05 1 7.206441e-05 1.806108e-05 1 -1.537293e-05 -5.075246e-05 1 2.909893e-06 4.279784e-06 1 3.244256e-06 -4.95152e-06 1 -3.666081e-05 -1.475337e-05 0.4245946 -0.3786585 0.8223972 0.4361397 -0.4318654 0.7894772 0.3269967 0.6211013 0.7122545 0.3071943 0.6855888 0.6599997 0.3455642 0.6629841 0.6641066 0.3366436 0.7182086 0.6089724 0.360644 0.4752115 0.8025646 0.3145012 0.6114898 0.7260642 0.3931021 0.6016634 0.6953216 0.3847807 0.4801147 0.7883106 0.3720502 0.5765208 0.727463 0.3889827 0.3075316 0.8683989 0.3311508 0.449602 0.8295766 0.4279229 0.4344788 0.7925341 0.3939914 0.3649006 0.8435748 0.4156535 0.1452039 0.8978574 0.3484628 0.2615099 0.9001034 0.4529099 0.2568074 0.8537696 0.4152652 0.2153939 0.8838327 0.4200973 0.1520892 0.8946435 0.4050414 0.1000115 0.9088119 0.4194166 -0.006618991 0.9077697 0.4177747 -0.001935933 0.9085486 0.4038084 -0.05691069 0.9130718 0.4003414 -0.1805985 0.8983935 0.3886763 -0.3313897 0.859716 0.412128 -0.1905196 0.8909842 0.4349807 -0.2855156 0.8539746 0.4759189 -0.1141045 0.8720559 0.4570928 -0.3026913 0.8363279 0.4383907 -0.2065315 0.8747333 0.2962739 0.7579731 0.5811184 0.3229166 0.7906519 0.5201869 0.3044311 0.7516514 -0.5850999 0.3117449 0.7608438 -0.5691502 0.9820024 0.1601118 0.1001772 0.268274 0.9119976 -0.3103053 0.2553662 0.856588 -0.4483806 0.28016 0.8657184 -0.4147795 0.2696788 0.9023657 -0.3361689 0.3466849 0.8266086 -0.4433144 0.2642508 0.9545069 -0.1381592 0.2335161 0.9371645 -0.2592161 0.2527059 0.9599326 -0.1211161 0.2993607 0.9182333 -0.259289 0.2558016 0.9474749 -0.1919814 0.2672544 0.9592759 -0.09145914 0.2450673 0.9693865 -0.01522947 0.2575591 0.9515243 0.1681217 0.256365 0.9656172 0.04313109 0.2502742 0.9639297 0.09056626 0.2644457 0.9463236 0.18585 0.2616223 0.9420757 0.209874 0.2212073 0.9348523 0.2777022 0.2906807 0.8710038 0.3960519 0.2778002 0.8672583 0.4131467 0.3134012 0.844763 0.4337684 0.2693361 0.9057631 0.3271869 0.2931918 0.9185328 0.2652093 0.6999894 0.4988935 0.5109991 0.8990176 0.3913284 0.1965435 0.8581047 0.3148884 0.4055879 0.9213908 0.2912101 0.257363 0.7234938 0.4058015 0.5584638 0.8896034 0.3841051 0.2471216 0.7285968 0.4793383 0.4892663 0.7531099 0.5233085 0.3987147 0.6935409 0.5852851 0.4200503 0.8520932 0.4926492 0.1767315 0.6228651 0.669921 0.4040357 0.663359 0.443117 0.6029943 0.7172703 0.5828931 0.3817841 0.9883285 0.1522073 0.006308289 0.9572816 0.2891384 -0.003316813 0.9800031 0.1989358 0.004304285 0.9665453 0.256397 0.007127311 0.8996117 0.4365661 0.01043559 0.931918 0.3626109 -0.006507238 0.2686649 0.804847 0.5291885 0.9445229 0.3282899 0.01010752 0.910534 0.4133951 0.005687295 0.989925 0.141526 0.004362423 0.9064972 0.422152 -0.007095556 0.902583 0.4305038 -0.003223514 0.9804963 0.1964749 0.004962559 0.9516163 0.3072391 0.005518708 0.9351613 0.3539633 -0.01353802 0.9968767 0.07854328 0.008235093 0.9995288 0.03042088 0.004089604 0.9995574 0.02954375 0.003496117 0.9971126 0.07542095 0.008841032 0.998495 0.05472778 0.003558899 0.9573224 -0.004894397 0.2889809 0.9320616 -0.004297813 0.3622747 0.9362484 0.02482894 0.3504602 0.9426638 0.04319199 0.3309372 0.9854837 0.08179975 0.1487639 0.9350163 0.1740054 0.3089767 0.9671423 0.1322585 0.2171255 0.9605686 0.2092481 0.1830931 0.9247996 0.2560001 0.281442 0.9240912 0.3131122 0.2191262 0.9124791 0.3225274 0.25171 0.8744385 0.3959953 0.280259 0.8820093 0.4402042 0.1681662 0.9484799 0.02953062 0.3154581 0.9632495 0.1102047 0.2449597 0.7660608 0.6128149 0.1939299 0.7782036 0.6039727 0.1720932 0.8271393 0.5013687 0.2539095 0.8329138 0.4995296 0.2381696 0.8456847 0.5291051 0.06974995 0.4712942 0.6098911 0.6371143 0.8083327 0.2278744 0.5428365 0.8367488 0.1678993 0.5212113 0.8181583 0.2176102 0.5322244 0.8240765 0.3156697 0.4703729 0.74889 0.0533036 0.6605471 0.7527574 0.1590688 0.6387906 0.7464849 0.07068224 0.6616376 0.8080863 0.3752114 0.4541067 0.80675 0.2113827 0.5517896 0.795589 0.1706841 0.5812961 0.7539685 0.1692375 0.6347363 0.6139686 0.4701337 0.634048 0.7529334 0.6162859 0.2308311 0.5132224 0.5976883 0.6159314 0.510617 0.5999131 0.6159339 0.7552639 0.3303333 0.5660887 0.7942011 0.4316171 0.427728 0.8053404 0.3800303 0.4549768 0.757522 0.3569243 0.5465942 0.7518004 0.5691337 0.3329909 0.7734947 0.5288229 0.34936 0.7779595 0.46558 0.4219174 0.6569115 0.4026285 0.6374618 0.7120616 0.3325262 0.6183806 0.7341884 0.2426644 0.6340989 0.7278337 0.2454944 0.640305 0.6812736 0.4971839 0.5372843 0.703438 0.4744175 0.5292476 0.7520008 0.5535625 0.3578593 0.7321783 0.5922045 0.3364652 0.6742529 0.5458918 0.4973781 0.6826401 0.6300852 0.3701286 0.6349573 0.6193086 0.4618291 0.6435657 0.5855727 0.4928771 0.5343204 0.5629465 0.6305498 0.6058452 0.5019166 0.6172774 0.8302158 0.1020101 0.5480289 0.7781966 0.02265066 0.6276121 0.80799 0.01182823 0.5890774 0.816673 0.0168358 0.5768551 0.8316481 0.05616563 0.5524554 0.8001756 0.07842302 0.5946166 0.819213 0.08460609 0.5672141 0.7788419 0.02046303 0.6268864 0.7833385 0.04271644 0.6201258 0.7312194 0.01158339 0.6820441 0.7161878 -0.002609468 0.6979027 0.3712635 0.5978855 0.7104198 0.487147 0.4146736 0.768592 0.4394993 0.5262268 0.7279599 0.2773436 0.5539218 0.7850165 0.4437788 0.572298 0.6895907 0.4305932 0.1509965 0.8898255 0.3373706 0.2708393 0.9015693 0.3880091 0.4798702 0.7868758 0.4156426 0.5393755 0.7323354 0.4259748 0.03980599 0.9038589 0.5032688 0.06824542 0.8614308 0.4228221 0.1454651 0.8944615 0.3576531 0.2803994 0.890764 0.3696486 0.37168 0.8515949 0.4655649 0.3925804 0.7931771 0.4093034 -0.001471944 0.9123971 0.41333 -0.001850555 0.9105794 0.4145957 -0.001897341 0.9100037 0.8091276 -0.1535247 0.5672238 0.7140414 -0.003566387 0.7000944 0.7161849 -0.002590249 0.6979057 0.7572849 -0.02366459 0.6526558 0.8110278 -0.03262845 0.584097 0.7614278 -0.02060923 0.647922 0.8044069 -0.04412491 0.5924379 -0.005910388 0.001837382 0.9999809 0.004662427 -0.01676337 0.9998487 0.03211613 0.02309599 0.9992173 -8.564453e-05 -0.002274666 0.9999974 0.0002755003 0.004765223 0.9999886 0.002632194 -0.0008426192 0.9999962 -0.0001021437 -0.002204077 0.9999976 -0.0001533218 -0.001940759 0.9999981 5.121113e-05 0.001785344 0.9999984 0.001483483 0.009453184 0.9999543 0.005164852 -0.003113355 0.9999818 0.0003081659 -0.005010311 0.9999874 -0.002573293 0.0005939231 0.9999965 -0.00537444 0.002506678 0.9999824 -7.282558e-05 -0.002222323 0.9999975 -7.591647e-06 0.006749602 0.9999772 -0.003623283 -0.001884034 0.9999917 0.0001082849 -0.003790177 0.9999928 -0.0001124633 0.01121513 0.9999371 0.006211772 0.02649925 0.9996295 0.002695163 0.01516741 0.9998814 -1.329044e-05 0.001525758 0.9999989 0.006970755 -0.003799156 0.9999685 -8.015334e-05 -0.0005680262 0.9999999 -1.95504e-05 -0.0002656418 1 -0.0003765563 0.001106103 0.9999993 -0.02782106 0.01290964 0.9995295 0.0001712094 -0.006573846 0.9999784 -0.0003434622 -0.01020389 0.9999479 -0.004334101 -0.01998399 0.9997909 0.0002176086 -0.004810214 0.9999884 -0.000104303 -0.008089365 0.9999672 6.837612e-05 -0.006635342 0.999978 0.0001853471 -0.006510829 0.9999788 -0.0001249871 -0.008484201 0.9999639 0.0001463565 -0.00643031 0.9999793 -0.007161138 0.004027306 0.9999663 0.007323787 0.0005788302 0.999973 0.004966876 0.001675506 0.9999864 -0.9968562 0.01202291 0.07831553 -0.7817127 0.3466383 0.5184276 -0.5401282 0.3975551 0.7417624 -0.01683234 0.5684609 0.822538 0.005599166 0.5147835 0.857302 0.6710812 0.403219 0.6221449 0.6013257 0.4107286 0.6853536 0.9980485 0.006707483 0.0620821 0.9981831 0.001497128 0.06023451 0.9989048 -0.00162541 0.04676286 0.9996432 -0.0006010159 0.02670512 0.999586 0.000898529 0.02875865 0.999599 4.979736e-05 0.028316 0.9996535 -0.0003661669 0.02632171 0.9995764 0.00294093 0.02895304 -0.05951128 -0.2841692 0.9569254 -0.9996608 5.667588e-05 0.02604334 -0.999657 -2.734293e-05 0.02618892 -0.9996533 -2.832556e-06 0.02633075 -0.9996528 0.0001045404 0.02634998 -0.9996511 -2.04161e-05 0.02641506 0.002422376 -0.6106247 0.7919164 0.05313935 -0.5915449 0.804519 0.02413793 -0.331745 0.9430602 -0.02874973 -0.2856186 0.9579121 -0.03249134 0.004218363 0.9994631 0.02443844 -0.0009264973 0.9997008 0.0336603 0.3308807 0.943072 -0.02707695 0.3861305 0.9220467 0.0187159 0.6080524 0.7936763 0.03706465 0.601823 0.797769 -0.05607208 0.2502218 0.9665635 -0.005001361 0.06683015 0.9977518 -0.01140822 0.2294166 0.9732615 0.0007070749 0.08328225 0.9965257 -0.01507626 0.1766296 0.9841619 -0.008618291 0.235341 0.9718746 -0.009263611 0.2886842 0.9573795 -0.01650287 0.3828733 0.9236534 -0.02085735 0.3787028 0.9252833 0.02151922 0.3396197 0.9403166 -0.02135187 0.453385 0.891059 -0.01165486 0.4719819 0.8815312 -0.02595257 0.5544717 0.8317978 -0.01645655 0.5378727 0.8428654 -0.1423238 0.5484832 0.8239601 -0.00575076 0.370986 0.9286207 -0.04466043 0.3539414 0.9342006 -0.009765266 0.4672225 0.884086 -0.01285635 0.4837702 0.8751007 -0.01346196 0.4667372 0.8842936 -0.007050983 0.3927987 0.9195974 -0.00793079 0.4418486 0.8970547 -0.01775425 0.5566409 0.8305635 -0.01978033 0.536682 0.8435527 -0.0412818 0.582198 0.8119984 0.0009309126 0.459953 0.8879427 -0.02854418 0.5604799 0.827676 -0.004338657 0.4186957 0.9081162 -0.01618784 0.4608136 0.8873493 -0.01468666 0.4589449 0.8883433 -0.08392197 0.7727039 0.6291946 -0.08829301 0.6781147 0.7296333 -0.01054306 0.6440229 0.7649335 -0.04123356 0.5852768 0.8097845 -0.2283212 0.7720699 0.5931084 -0.1311184 0.7255048 0.6756113 -0.07401954 0.5589477 0.8258925 0.08147376 0.9682299 0.2364169 0.07609843 0.9659407 0.2473208 0.05678872 0.9649533 0.2562032 0.04240633 0.9655643 0.2566854 0.05699879 0.9664118 0.250598 0.03223185 0.9640082 0.2639116 0.03990751 0.9657797 0.2562753 0.03181985 0.9656714 0.2578105 0.08394688 0.9575963 0.2756126 0.05848683 0.9714938 0.2297369 0.04637162 0.9835038 0.1748427 0.04902312 0.9842743 0.1697077 0.04208473 0.9863524 0.1591787 0.04284463 0.9868068 0.1561309 0.06832607 0.9817034 0.1777358 0.09419682 0.9653978 0.2431749 -0.68695 0.6977867 0.2029618 -0.785403 0.5778142 0.2219753 -0.7535317 0.6347624 0.1710751 -0.7006879 0.627054 0.3403525 -0.7145284 0.6423756 0.2771327 -0.7703826 0.5513763 0.3201482 -0.7751392 0.5642324 0.2842551 -0.7280767 0.5604348 0.3947369 -0.8102925 0.5511833 0.199055 -0.7358064 0.5625521 0.3769934 -0.7704892 0.5761763 0.2727034 0.04762646 0.9988281 -0.008619676 0.04467688 0.9989375 -0.01131106 0.04494376 0.9989574 -0.008004133 0.04418752 0.9989796 -0.00934006 0.04237255 0.999065 -0.008572783 0.04258537 0.999018 -0.01223038 0.0403493 0.9991806 -0.003180669 0.04175836 0.9990829 -0.009470329 0.04221445 0.9990617 -0.009679568 0.04219693 0.9990627 -0.009664648 0.04365974 0.9989735 -0.01206926 0.04178058 0.9990819 -0.009478502 0.04275801 0.9990387 -0.009667845 0.06463498 0.8078985 -0.5857665 -0.08271438 0.8763213 -0.4745728 -0.1124748 0.8921435 -0.4375263 -0.1198996 0.8350393 -0.5369669 -0.07702798 0.9294072 -0.3609279 0.7087555 0.3949098 0.5845612 0.7009104 0.4005779 0.5901372 0.9741682 0.2199567 -0.05114086 0.9534305 0.2073963 -0.2189909 0.9534916 0.2070597 -0.2190436 0.6690599 0.556639 -0.492455 0.4940279 0.4174827 0.7626562 0.8932828 0.3084854 0.3269292 0.9260284 0.3304887 0.1823422 0.6418849 0.5818325 -0.4994545 0.4120713 0.7191995 -0.5594187 0.3332606 0.7406847 -0.5833725 0.1435432 0.8056245 -0.5747736 0.4824333 0.4213364 0.7679412 -0.3736139 0.8239564 0.4260382 -0.1705244 0.7485748 0.6407474 0.02231057 0.6142807 0.7887722 0.001282818 0.5398101 0.8417858 0.02122918 0.425857 0.9045414 -0.451369 0.8094736 0.3755245 -0.2679543 0.7522036 0.6019885 0.3358084 0.4328801 0.836569 0.2976381 0.444902 0.8446737 -0.5565535 0.828916 0.0560936 -0.2491908 0.9317786 -0.2639938 -0.2054901 0.9391354 -0.2753152 -0.3362935 0.9270013 -0.1660576 -0.3748205 0.9152523 -0.1477256 -0.5492823 0.8337343 0.05635734 -0.4750921 0.8534085 0.2144328 0.04241352 0.9990675 -0.008071391 0.04173816 0.9990973 -0.007901165 0.04370414 0.9989856 -0.01085363 0.04066197 0.9991367 -0.008511687 0.04335614 0.9990461 -0.005212517 0.04642086 0.9988984 -0.006855979 0.05078676 0.998676 -0.008175346 0.03579258 0.9993446 -0.005404193 0.03625346 0.99933 -0.005006937 0.02740571 0.769844 -0.6376435 0.02348144 0.8076872 -0.5891435 0.03167339 0.7820019 -0.6224707 0.01098127 0.50979 -0.8602288 0.004510291 0.3623046 -0.9320489 0.01480483 0.418393 -0.9081454 -0.003015675 0.4052855 -0.9141852 -0.0008870561 0.4423116 -0.896861 0.02443029 0.7681846 -0.6397621 0.004126599 0.7698681 -0.6381896 0.02156568 0.7674937 -0.6406937 0.01874529 0.7675436 -0.6407225 0.02238672 0.7675656 -0.6405792 0.2677953 0.7848489 -0.558836 0.2864158 0.7398676 -0.608738 0.2742987 0.8149166 -0.5105596 0.2644958 0.8729285 -0.4099241 0.2865757 0.8892832 -0.3564407 0.9385626 0.01251619 -0.3448819 0.8422646 -0.01439162 -0.5388722 0.6471633 0.01543507 -0.7621952 0.4405391 -0.01525646 -0.8976038 0.001458807 -0.999999 0.0002026092 1.446105e-05 -1 3.853016e-08 0.002012215 -0.9999974 -0.001100369 0.002540561 -0.9999966 0.0006328797 1.721727e-05 -1 -2.248979e-05 1.910683e-05 -1 2.195588e-06 9.241271e-06 -1 -4.484029e-06 1.156504e-05 -1 -1.043099e-05 -0.8994762 -0.02147098 0.4364418 -0.9628459 0.01426732 0.2696747 -0.9999883 -0.001946426 0.004426352 -0.2836373 -0.73794 0.612368 -0.2848169 -0.7393389 0.610129 -0.2578385 -0.8179983 0.5141966 -0.2709197 -0.8350641 0.478822 -0.2780118 -0.8934764 0.3527174 -0.2778118 -0.8938252 0.3519903 -0.9999847 -0.005034351 0.002297677 -0.9980847 -0.06144709 -0.0071653 -0.9889292 -0.1465399 0.02334681 -0.2867882 -0.9546399 0.08009582 -0.3062086 -0.9184968 0.2501997 -0.2859065 -0.9550986 0.07774466 -0.2965784 -0.9548429 0.0177872 -0.2887423 -0.9572629 0.01659951 -0.168999 -0.9572719 -0.23467 -0.1678841 -0.9571606 -0.2359206 -0.09116856 -0.8865335 -0.4535931 0.0007171839 -0.999871 -0.0160432 0.001036815 -0.9999952 0.002934329 0.3411603 -0.09333633 0.9353598 0.56501 0.0975195 0.8193007 0.7143112 -0.04346083 0.6984773 0.8927064 0.03914155 0.4489357 0.9225261 -0.01829968 0.3855008 0.1510935 0.9439466 0.2934885 0.2809023 0.9596752 0.01083572 0.2368317 0.967932 0.08377614 0.1890983 0.9530341 0.2365753 0.2842631 0.9552097 -0.08227281 0.3144694 0.9381057 -0.1451436 0.3103898 0.9188324 -0.2437317 0.2938142 0.9143118 -0.2787602 0.03957788 0.9591659 -0.2800615 0.03647637 0.966068 -0.2556992 0.01508073 0.49962 -0.8661134 0.01992697 0.5091327 -0.8604574 0.01900184 0.5422612 -0.839995 0.00583477 0.3812813 -0.9244407 0.01333819 0.4403342 -0.8977349 0.005682941 0.3834725 -0.9235349 -0.01650759 0.3287432 -0.9442751 0.01670779 0.3627437 -0.9317392 0.006047475 0.334336 -0.9424345 -0.01013705 0.2256251 -0.9741615 0.004044153 0.3192444 -0.9476637 0.004480963 0.328963 -0.9443321 -0.01476568 0.0757179 -0.9970199 0.9993514 0.0006228001 -0.03600708 0.9995041 0.001571843 -0.03145081 0.9991413 0.001340236 -0.04141054 0.4967973 0.4239504 -0.7572705 0.5347793 0.3626654 -0.7632071 0.999665 -7.085419e-05 -0.02588272 0.9996604 -1.777072e-05 -0.02606116 0.999658 2.197789e-06 -0.02615104 0.9996585 -8.549712e-06 -0.02612972 0.9996656 -3.183228e-05 -0.02585953 0.9970191 0.001675476 -0.07713732 0.002266207 0.5073978 -0.8617089 -0.9996476 0.002119136 -0.02645889 -0.9995912 0.0004859004 -0.02858788 -0.9998702 0.002528406 -0.01591307 -0.9996634 -0.0008245369 -0.02593027 -0.9997931 -7.899169e-05 -0.02033883 -0.9993163 0.0001374733 -0.03697119 -0.9927575 0.003425117 -0.1200865 -0.4096167 0.3664112 -0.8354381 -0.981529 0.06589039 -0.1796088 -0.5689275 0.3803443 -0.72915 -0.01234544 0.4466873 -0.894605 -0.01525227 0.4398935 -0.8979204 0.9960133 0.00106367 -0.08919937 0.09870392 0.4319043 -0.8965023 0.2641433 0.4623941 -0.846416 0.4160596 0.3561773 -0.8366792 0.7986578 0.2850607 -0.529987 0.9993359 0.0004678859 -0.03643621 0.9996098 0.00239913 -0.0278313 0.0009082031 0.001168628 -0.9999989 7.086113e-05 8.552616e-05 -1 3.55819e-05 -9.508382e-05 -1 4.66685e-05 0.001657982 -0.9999987 -0.004134094 0.003054968 -0.9999867 0.006300644 0.08671334 -0.9962134 0.006408523 0.0866136 -0.9962214 -0.008132753 0.2564611 -0.9665203 0.01699968 0.2480676 -0.9685935 -0.9993253 -8.110951e-05 -0.0367273 -0.42077 0.3647644 -0.8306019 -0.5371229 0.3758528 -0.7551382 -0.0003668269 0.4619699 -0.8868956 0.0003960601 0.4600045 -0.8879164 0.4320915 0.361852 -0.8260509 0.5992371 0.3738235 -0.7079341 0.9994588 0.001114604 -0.03287454 0.9992776 0.0002923676 -0.03800147 0.9994518 0.001208766 -0.03308608 -7.616427e-05 -0.0004206173 -0.9999998 3.25309e-06 -3.531865e-05 -1 9.411498e-06 0.00200282 -0.999998 -0.001879096 0.002627062 -0.9999948 -0.0009310459 0.08004132 -0.9967911 0.008624325 0.08839971 -0.9960477 0.002509298 0.3003685 -0.95382 -0.07002464 0.4103804 -0.9092219 -4.712184e-05 0.4851199 -0.8744476 -0.007128215 0.3639135 -0.9314055 0.000210175 0.3737751 -0.9275193 -0.003532581 0.5042058 -0.8635764 -0.006561663 0.3642 -0.9312976 -0.01107715 0.3076627 -0.951431 0.001259278 0.4922379 -0.8704598 0.009247409 0.5158792 -0.8566115 -0.001679968 0.3590128 -0.9333311 -0.007466773 0.3639258 -0.931398 -0.004100529 0.3541568 -0.9351771 -0.01056423 0.3796324 -0.9250771 -0.0134459 0.3685941 -0.9294932 0.9994461 0.001562815 -0.03324063 0.9993023 0.0006469167 -0.03734286 0.9994829 0.001080629 -0.03213943 0.6084617 0.3443613 -0.7149752 0.5776417 0.3903828 -0.7168902 0.9997643 -0.001344214 -0.02166975 0.9996793 0.0003103388 -0.0253245 0.99968 0.000311636 -0.02529208 0.998776 -0.002718632 -0.04938864 0.003105861 0.5172939 -0.8558021 -0.9998246 -0.001658215 -0.01865279 -0.9997461 -0.0004761124 -0.02253043 -0.9996489 -7.953844e-05 -0.0264984 -0.9995761 0.001002313 -0.02909777 -0.9994513 -2.3467e-05 -0.03311968 -0.9992095 -0.007937122 -0.03895286 -0.9990707 0.0005902254 -0.04309683 -0.9991015 0.0007082116 -0.04237777 -0.4899973 0.4112585 -0.768615 -0.5344267 0.3487122 -0.7699272 0.001868063 0.4184757 -0.9082261 0.0002186409 0.4224501 -0.9063862 0.4687537 0.4269492 -0.7732945 0.5447428 0.3386084 -0.7672025 0.9784704 0.1015531 -0.1796736 0.9993864 0.0005127156 -0.03502186 0.9993383 0.0002426228 -0.0363717 -0.008332527 0.101128 -0.9948386 0.003033541 0.09118813 -0.995829 -0.01291172 0.2956514 -0.9552086 -0.0001051144 0.0003856291 -0.9999999 6.214965e-06 -0.0001773807 -1 1.156017e-05 0.001805519 -0.9999983 -0.004426039 0.003310716 -0.9999847 -0.02306497 0.2739817 -0.9614583 -0.01587883 0.271574 -0.9622866 0.001329119 0.5243727 -0.8514878 -0.9996931 -0.0003054095 -0.02477095 -0.9996774 -0.0001099333 -0.02539658 -0.9996375 0.01972426 0.01832136 -0.999571 0.0007824841 -0.02927788 -0.9994722 -3.556672e-05 -0.03248634 -0.9985546 -0.02322941 -0.04846764 -0.9992257 0.000595596 -0.03933975 -0.9978653 0.009395596 -0.06462704 -0.9992248 0.0005929982 -0.0393623 -0.5404915 0.3324578 -0.7728782 -0.7971146 0.3007594 -0.5235953 -0.03842843 0.4879852 -0.8720056 -0.02255094 0.453932 -0.8907509 0.6799763 0.3396736 -0.6498109 0.3819953 0.3509529 -0.8549337 0.2510699 0.4451284 -0.859549 0.9991753 0.0008621027 -0.04059747 0.9993879 0.002076695 -0.03492214 0.9994596 0.001177721 -0.03285058 0.0003507818 -0.0007087492 -0.9999998 3.001609e-05 0.0005413627 -0.9999999 1.204436e-05 0.001760244 -0.9999984 -0.008468967 0.00470931 -0.999953 -0.02209461 0.1173922 -0.9928398 0.009385056 0.07882477 -0.9968443 0.001268448 0.2022747 -0.979328 -0.0383561 0.2302509 -0.9723751 0.004904718 0.2793578 -0.9601746 -0.9996692 0.0001002468 -0.02572074 -0.9996586 -4.048645e-05 -0.02612896 -0.9996558 1.38706e-05 -0.02623394 -0.9996531 -9.229443e-05 -0.02633805 -0.9996569 -4.872507e-08 -0.02619465 -0.9996571 1.085919e-06 -0.02618791 -0.004977034 0.5286258 -0.8488404 0.001459397 0.5333045 -0.8459222 0.9998164 -0.002106645 -0.01904636 0.9988847 -0.01632999 -0.04430261 0.9991555 -0.005816186 -0.04067475 0.9993536 0.0005346347 -0.0359472 0.9987265 0.002109584 -0.05040567 -0.07344402 0.126737 -0.9892137 -0.0116545 0.2189157 -0.9756742 0.06947835 0.1932174 -0.9786929 -0.006240144 -0.003978401 -0.9999726 0.08233636 0.009565108 -0.9965587 -0.01031188 -0.3535335 -0.935365 0.008660382 -0.3713604 -0.9284485 0.005955493 -0.673109 -0.7395192 0.05362336 -0.6400911 -0.7664254 -0.0743835 -0.4291869 -0.9001477 -0.004723075 -0.01814822 -0.9998242 -0.002562231 -0.01193854 -0.9999254 0.00634649 0.001267213 -0.9999791 -0.0001658038 -0.001272902 -0.9999992 0.005608486 -0.0131488 -0.9998978 -0.0001691167 -0.00150011 -0.9999988 0.0001806246 0.009368042 -0.9999561 0.01228471 -0.01609765 -0.9997949 0.003738086 0.002542495 -0.9999897 0.002507443 -0.01121497 -0.999934 3.03105e-05 0.002135255 -0.9999977 -0.0001164006 0.003647572 -0.9999934 -0.01303714 -0.02666608 -0.9995595 -1.262092e-06 0.00587727 -0.9999827 -0.01453688 -0.02716618 -0.9995252 0.0004605948 0.002404496 -0.999997 0.01868021 -0.009690446 -0.9997785 1.94804e-05 -0.001828043 -0.9999983 0.008725316 -0.02595152 -0.9996251 -0.0004241014 -0.0003505806 -0.9999999 -4.669948e-05 -0.001476634 -0.9999989 1.663596e-05 -0.001816088 -0.9999984 -0.006375649 0.0008342951 -0.9999793 0.002082212 0.004807788 -0.9999863 -5.209867e-05 -0.0008651791 -0.9999996 -7.585379e-05 -0.001019793 -0.9999995 5.827145e-05 -0.002404204 -0.9999972 0.000341474 -0.006065352 -0.9999816 -0.0001071697 -0.0005499843 -0.9999998 -5.758663e-06 -0.001632289 -0.9999987 -1.649633e-05 -0.001531697 -0.9999989 3.356022e-05 -0.001965078 -0.999998 8.125834e-05 -0.00231822 -0.9999973 0.9975551 0.001402298 -0.0698701 0.5303169 0.3964676 -0.7493847 0.4094354 0.3804343 -0.8292361 0.9993048 0.000464328 -0.03727878 0.9993522 0.0007396075 -0.03598145 0.9992279 0.0008532247 -0.03927721 0.9975334 0.002634367 -0.07014369 -9.626018e-05 -0.000151029 -1 1.924358e-05 0.0004425221 -0.9999999 5.002724e-05 0.002456286 -0.999997 -0.001978938 0.003117481 -0.9999931 -0.9994649 0.001063916 -0.03269209 -0.9986424 0.001486545 -0.05206742 -0.9946197 0.001932293 -0.1035763 -0.9997987 0.004061192 -0.01964634 -0.9946707 0.0002250872 -0.1031026 -0.3460326 0.3510015 -0.8700916 -0.6826792 0.33187 -0.6510081 -0.7063154 0.3207621 -0.6310548 -0.0005719853 0.4512002 -0.8924226 -0.01923183 0.4956694 -0.8682983 -0.03397404 0.02504636 -0.9991089 0.07177971 -0.3627403 -0.9291217 -0.005646402 -0.6796386 -0.7335253 -0.06541862 -0.6319498 -0.7722434 0.9996585 -4.465236e-06 -0.02613116 0.9996545 4.234486e-05 -0.02628469 0.9996555 5.92841e-06 -0.02624534 0.9996604 4.131475e-05 -0.02605792 0.9996589 4.3017e-07 -0.02611626 0.9996569 -1.208864e-05 -0.02619088 -0.0006138756 0.5029257 -0.8643294 -0.02642187 0.4786946 -0.8775839 -0.9996727 -0.0001173204 -0.02558431 -0.9997439 0.001733926 -0.02256126 -0.999668 -7.145393e-05 -0.02576657 -0.9996867 1.536063e-05 -0.02503237 -0.0239773 -0.4436934 -0.8958579 0.01105206 -0.4784069 -0.8780687 -0.08259691 0.006534234 -0.9965616 0.03204538 -0.01062853 -0.9994299 0.07254376 0.1265995 -0.9892977 -0.06028853 0.1884725 -0.9802262 0.02009093 0.2152308 -0.9763566 0.02918894 0.2491652 -0.968021 0.09607819 0.3139245 -0.9445742 0.09649019 0.3170564 -0.9434855 0.001534093 0.3161 -0.9487246 0.0137522 0.2407262 -0.9704956 0.003708106 0.06422883 -0.9979283 0.002120099 0.07017836 -0.9975322 0.08773164 0.2461652 -0.9652491 0.07924275 0.2793184 -0.9569231 0.02266982 0.1550178 -0.9876515 0.007071424 0.2492225 -0.9684204 0.06170313 0.1933612 -0.9791855 0.6552366 0.3485875 -0.6701878 0.6564898 0.3263645 -0.6800788 0.6354822 0.3721738 -0.6764976 0.6207181 0.4106461 -0.6678913 0.4893414 0.4413041 -0.7521938 0.5132058 0.4510486 -0.7301883 0.280329 0.4833281 -0.8293428 0.2976671 0.4678442 -0.8321757 0.4698429 0.4756463 -0.7436453 0.3173842 0.4986584 -0.8066022 0.2223417 0.5371252 -0.8136711 0.4828767 0.3266879 -0.8124685 0.164342 0.3856474 -0.9078919 0.7222921 0.1277258 -0.6796913 0.3137539 0.1244187 -0.9413174 0.6807423 0.2721027 -0.6801102 0.694559 0.1878734 -0.6944721 0.7111094 0.1663914 -0.6831087 0.6864498 0.08442651 -0.7222596 0.3937835 0.1228224 -0.9109606 0.455182 0.1788382 -0.8722536 0.6783285 0.2215518 -0.7005607 0.4263017 0.2397989 -0.8722174 0.4184941 0.3812703 -0.8243152 0.5061498 0.4223296 -0.7519642 0.427091 0.1060215 -0.8979715 0.5239214 0.3072847 -0.794407 0.5344093 0.2856203 -0.7955047 0.2138593 -0.0001003857 -0.9768645 0.3638382 0.00345119 -0.9314558 0.4427678 -0.0008514135 -0.8966358 0.2692356 -0.002415561 -0.9630713 0.454808 0.002548732 -0.8905858 0.8557518 -0.0093741 -0.5173016 0.7459201 -0.006944985 -0.6659992 0.7855195 -0.0318708 -0.6180156 0.7963321 -0.02706388 -0.6042538 0.8181263 -0.03017166 -0.5742465 0.8204058 -0.03324494 -0.5708144 0.8386189 -0.03729571 -0.5434403 0.8531134 -0.08487634 -0.5147753 0.6903858 0.003635817 -0.7234322 0.7225997 -0.02257602 -0.690898 0.6835984 -0.0028895 -0.7298526 0.7656161 -0.01991151 -0.6429896 0.7572696 0.02179647 -0.6527385 0.7965818 -0.000545177 -0.6045305 0.7719513 -0.009269728 -0.6356141 0.8443477 0.02878098 -0.5350222 0.8125868 0.02147067 -0.5824447 0.8371517 0.03261406 -0.5459974 0.8459315 0.0127063 -0.5331402 0.838423 0.02174548 -0.5445862 0.8645905 0.0767192 -0.4965858 0.872896 0.1168082 -0.4737176 0.9197994 0.1495265 -0.3627822 0.9744091 0.007641012 -0.224652 0.9453353 0.01038114 -0.3259347 0.9669249 0.04800934 -0.2505019 0.9692241 0.08757436 -0.2300768 0.9563617 0.03545181 -0.2900268 0.9712865 0.08676248 -0.2215284 0.8602481 0.168344 -0.481283 0.9859096 0.1548829 -0.0631937 0.9297463 0.1710147 -0.3260765 0.9703407 0.1961188 -0.1413382 0.8630844 0.2388215 -0.4450277 0.8624135 0.2401009 -0.4456393 0.7686738 0.5590112 -0.3108812 0.9595616 0.2560169 -0.1170344 0.8829525 0.3370746 -0.3267654 0.9131198 0.3759677 -0.1576722 0.9140876 0.3721575 -0.1610672 0.841161 0.3482172 -0.4137548 0.8223038 0.3700803 -0.4322696 0.8697165 0.4430282 -0.21753 0.846718 0.3758698 -0.3765511 0.8098651 0.4229063 -0.4065325 0.8585004 0.4659084 -0.2142576 0.8029816 0.4573876 -0.3821221 0.839992 0.4775381 -0.2576253 0.7842447 0.5359468 -0.3126039 0.7982382 0.4666591 -0.3808477 0.7962284 0.5372692 -0.2781402 0.8699663 0.2415878 -0.4298767 0.944023 0.286151 -0.1641292 0.8907931 0.2729255 -0.3633171 0.9923425 0.1015891 -0.07025659 0.9991278 0.04174357 -0.001075792 0.9996288 0.02695802 -0.003916573 0.9997552 0.02132238 -0.005902525 0.9998277 0.009941738 -0.01567392 0.9992801 0.03623474 -0.01123978 0.9972208 0.07368801 -0.01099342 0.9989705 0.04483358 -0.00691917 0.9968953 0.07826099 -0.008661211 0.776098 -0.1037409 -0.6220207 0.8427681 -0.1716116 -0.5101876 0.664758 -0.2342095 -0.7093961 0.8009466 -0.2055511 -0.5623462 0.8939558 -0.165949 -0.4162979 0.7316875 -0.2995979 -0.6122701 0.5613128 -0.05306322 -0.8259009 0.8220482 -0.1044486 -0.5597564 0.9620513 0.01995954 -0.2721378 0.9445965 -0.05207079 -0.3240774 0.6694254 -0.1299019 -0.7314337 0.8146005 0.19913 -0.5447689 0.4515397 -0.2111847 -0.8668984 0.7978073 0.2914854 -0.5277686 0.9509311 0.16108 -0.2641652 0.7272502 0.2656588 -0.6328764 0.8106039 0.2134387 -0.545312 0.7205929 0.1251624 -0.6819679 0.9097273 0.1425163 -0.3899811 0.8259841 0.06132592 -0.5603476 0.8438204 0.05353263 -0.5339488 0.8390822 -0.02779328 -0.5432941 0.8272124 -0.02536389 -0.5613167 0.7293173 0.5762562 -0.3688156 0.7599394 0.5214788 -0.3880102 0.6525828 0.5409963 -0.5305269 0.8785911 0.3463516 -0.3288133 0.7639907 0.3816688 -0.5202376 0.9540372 0.2098624 -0.2139411 0.9262998 0.2502012 -0.2817234 0.6960666 0.3834627 -0.6069988 0.7266011 0.5770364 -0.3729341 0.8247303 0.4576812 -0.3321863 0.8959913 0.3317888 -0.295154 0.6926634 0.4809063 -0.5375375 0.6956699 0.4800003 -0.5344558 0.5901722 0.7795464 -0.209772 0.6965333 0.7036685 -0.1403285 0.7510243 0.6412127 -0.1575077 0.7607229 0.6315122 -0.1499769 0.7174025 0.6542632 -0.2393183 0.6898211 0.6791801 -0.2507212 0.6940157 0.6341932 -0.3407949 0.7500684 0.602228 -0.2733476 0.3709929 0.7807432 0.5027966 0.732119 0.6322435 0.2535149 0.7559555 0.6089609 0.2402038 0.5402008 0.8133224 0.2160778 0.5790328 0.8122487 -0.07052042 0.4857679 0.874057 0.007342969 0.6109162 0.7827728 0.1185252 0.6423394 0.7587067 -0.1084627 0.5407639 0.8345871 -0.1050658 0.5603869 0.8282276 -0.002373636 0.6179676 0.7832497 0.0680875 0.4944785 0.8612132 0.117486 0.6224361 0.755712 0.2036487 0.7764466 0.6132967 0.1449061 0.5574077 0.7683684 0.3144942 0.5858579 0.75072 0.3052702 0.8370681 0.5464531 0.02657331 0.8505681 0.5257085 0.01282271 0.894344 0.4435248 0.05860475 0.8964959 0.4422095 0.02731032 0.8724083 0.4886951 0.008992268 0.8475932 0.5306366 0.003247567 0.8713797 0.4901598 0.02099756 0.8742322 0.4854713 0.005964456 0.8700879 0.4926543 0.01545013 0.8733445 0.486971 -0.01134258 0.8588341 0.5122522 -0.001261081 0.8576418 0.5142449 -0.00164608 0.8169141 0.5767594 -0.0002728408 0.8154564 0.5788162 -0.001593516 0.7804549 0.6235861 -0.04506232 0.8004966 0.5992705 -0.008944509 0.7086315 0.7054452 -0.01372688 0.6732504 0.7363391 -0.06736926 0.7872668 0.6165819 0.006141937 0.641912 0.7665393 -0.0191434 0.7122225 0.7019162 -0.007263772 0.7826312 0.6224838 0.001579116 0.7000731 0.7140455 0.006055864 0.8462037 0.5326743 -0.01405705 0.6634719 0.7480506 -0.015008 0.7783291 0.6273047 0.02631759 0.8130165 0.5818717 -0.02072018 0.6481172 0.7614471 -0.01193188 0.6381563 0.7686753 0.04352947 0.8162714 0.5776436 -0.005372514 0.7204003 0.6934278 -0.01345961 0.7077122 0.705394 0.03953219 0.7808618 0.6243499 -0.02102669 0.4780653 0.8778981 0.02735917 0.574693 0.8183675 -0.001642467 0.6925387 0.7207414 0.03036426 0.5403617 0.8405094 0.03941 0.30657 0.9510202 -0.03969119 0.5234508 0.8510065 -0.04227448 0.301862 0.9526692 -0.03606593 0.06099345 0.8148478 -0.5764571 0.05483443 0.816101 -0.5753019 0.1100997 0.820437 -0.5610359 0.05394188 0.8300277 -0.5551074 -0.06903159 0.9016331 -0.426957 0.02630449 0.8734427 -0.4862159 -0.001226574 0.8698907 -0.4932429 0.03657616 0.955604 -0.2923754 0.03586502 0.9550149 -0.294381 -0.04276093 0.9415506 -0.3341468 -0.01965576 0.9237087 -0.382591 0.05687735 0.8426502 -0.5354489 -0.7877628 0.5899485 -0.177174 -0.5957663 0.8011693 -0.0564811 -0.5477514 0.8350927 0.05087994 -0.3922054 0.9150952 0.09367872 -0.2765218 0.9432217 0.1840343 -0.2051125 0.9654616 0.1606632 -0.7720878 0.5532042 -0.3128026 -0.7162932 0.6132895 -0.3328663 -0.1655028 0.521399 -0.8371092 -0.3703955 0.4507761 -0.8121626 -0.3893327 0.4905672 -0.7795922 -0.5709613 0.5318419 -0.6254177 -0.7058936 0.4742124 -0.5261528 0.0001360246 0.004689017 -0.999989 0.001168585 0.008850522 -0.9999602 0.109177 0.4989335 -0.8597358 0.2099701 0.6123997 -0.7621542 0.2584684 0.669166 -0.6967144 0.2188051 0.6296791 -0.7454048 0.1131801 0.5060033 -0.8550736 1.772999e-05 -1 2.635314e-06 5.99682e-07 -1 8.913432e-08 -3.708917e-07 -1 -2.316775e-05 -0.4468242 0.005957321 0.8946019 -0.5277291 -0.01765326 0.8492293 -0.7862261 0.01662593 0.6177153 -0.2562448 -0.6593475 0.7068234 -0.1452261 -0.5370724 0.8309408 -0.1057051 -0.5108426 0.8531508 -0.2179403 -0.6351141 0.7410344 -0.02445177 -0.7666866 0.6415558 -0.01798992 -0.7664664 0.6420324 -0.02367413 -0.7664878 0.6418224 -0.006281058 -0.7714535 0.6362547 -0.01061374 -0.9309241 0.3650584 -0.003911079 -0.9336411 0.3581885 -0.004756366 -0.8673158 0.4977357 -0.002016919 -0.8692386 0.4943888 -0.01514888 -0.9648672 0.2623006 -0.008098857 -0.9641472 0.2652441 0.02125011 -0.8495706 0.5270467 0.1906981 -0.8517802 0.4879598 0.006690898 -0.9079489 0.4190274 0.2621697 -0.8613888 0.435059 0.006403239 -0.9077721 0.419415 0.2662559 -0.8774436 0.3989996 0.3347574 -0.8749954 0.3497438 0.5335121 -0.7837218 0.3180332 0.2050555 -0.94201 0.265649 0.3337786 -0.9002032 0.2796893 0.6782833 -0.7053469 0.2059553 0.4849318 -0.8490797 0.2095344 0.6671804 -0.7177004 0.1994404 0.01941769 -0.9506473 0.3096656 -0.001538387 -0.9601178 0.2795915 0.003481636 -0.8312449 0.5558955 0.8906392 -0.3092071 -0.3333957 0.964458 -0.2499325 -0.08575904 0.9190068 -0.3050734 -0.2497132 0.9626571 -0.2473739 -0.1099891 -0.9777646 -0.2045084 0.04639728 -0.9603913 -0.246126 -0.130654 -0.9736471 -0.2086999 0.09195547 -0.8951502 -0.288936 -0.3394437 -0.9643611 -0.2583957 -0.05691516 -0.9193456 -0.3485025 -0.1826191 -0.887925 -0.3179932 -0.3323698 -0.7591891 -0.3592027 -0.5427755 -0.7822236 -0.3862846 -0.4887848 -0.5671464 -0.4455486 -0.6926987 -0.6487461 -0.3957495 -0.6500082 -0.5093781 -0.4390261 -0.7401284 -0.3989849 -0.4795923 -0.7815384 -0.3619023 -0.464776 -0.8080903 -0.1553857 -0.5009356 -0.8514216 -0.1733533 -0.5155278 -0.8391541 0.1314529 -0.5283913 -0.8387626 0.05077447 -0.4865194 -0.8721931 0.2533697 -0.47517 -0.8426253 0.4138506 -0.4802683 -0.7733498 0.3934512 -0.4641848 -0.7935544 0.6175553 -0.4301244 -0.6584973 0.6048949 -0.4223016 -0.6751027 0.7589943 -0.3611081 -0.5417828 0.8896171 -0.3083208 -0.3369267 0.7865485 -0.3719268 -0.4929624 0.003873589 -0.9683123 0.2497122 0.005047048 -0.9677398 0.251901 0.2056702 -0.9413951 0.2673479 0.2235159 -0.9386402 0.262669 0.5066619 -0.8228461 0.2573283 0.6317667 -0.7028635 0.3268848 0.4302075 -0.8433282 0.3220544 0.1600586 -0.9341789 0.3188902 0.5901064 -0.7245021 0.3561899 0.450706 -0.7892661 0.4170407 0.502361 -0.6485854 0.5718133 -0.01318703 -0.9671953 0.2536915 -0.03660651 -0.9657583 0.2568481 -0.0337951 -0.9653608 0.2587206 -0.03619915 -0.9658474 0.2565703 -0.02696056 -0.9657543 0.258054 -0.02242498 -0.9666113 0.2552641 -0.0138638 -0.9670643 0.2541543 -0.02238177 -0.9666526 0.2551112 -0.03896449 -0.9580919 0.2837991 -0.03698629 -0.9647517 0.2605499 -0.01670516 -0.9730465 -0.2300031 -0.0218219 -0.9403371 -0.3395439 -0.03083934 -0.9410296 -0.3369159 -0.01053354 -0.8345519 -0.5508288 -0.01127524 -0.7731075 -0.6341747 0.05044717 -0.9736248 0.222508 -0.01834436 -0.9969552 0.07578731 -0.007461413 -0.9722033 0.2340192 -0.009843946 -0.9803283 0.1971278 8.135826e-05 -0.995145 0.09842028 -0.004029076 -0.9998947 -0.01394258 0.001645993 0.07750542 0.9969906 -0.0002736571 0.005312761 0.9999858 0.01532728 0.9874297 0.1573135 0.03389625 0.9633647 0.2660444 0.03431724 0.8858824 0.4626387 0.02306066 0.8407694 0.5409021 0.0218102 0.9364516 0.350118 0.02092585 0.9360556 0.3512293 -0.0011614 0.9691302 0.2465465 0.001937402 0.8712825 0.4907782 0.0006054224 0.9343322 -0.356403 0.03790214 0.9535697 -0.2987784 0.03635529 0.9546019 -0.2956579 0.03866946 0.9541955 -0.2966743 0.04401966 0.9507062 -0.3069525 0.1128832 0.5004908 -0.8583509 0.085764 0.4360934 -0.8958053 0.1144673 0.4744041 -0.8728333 0.1435013 0.4191061 -0.8965253 0.08691645 0.4312335 -0.8980441 0.03811421 0.3793676 -0.9244607 0.01189085 0.3718637 -0.9282112 -0.0003893663 0.09633183 -0.9953492 0.01062335 0.105835 -0.9943269 0.7875006 0.4658532 -0.403514 0.7764079 0.4135815 -0.4755431 0.7953931 0.3988081 -0.456401 0.6823425 0.417587 -0.6000247 0.7392105 0.3987955 -0.5427063 0.8107929 0.3324258 -0.4817759 0.8105916 0.3326931 -0.48193 0.7648519 0.3270966 -0.5549859 0.8175128 0.2492369 -0.5191855 0.825877 0.2350678 -0.5125139 0.7593894 0.3113325 -0.5713142 0.8345948 0.1398924 -0.5328054 0.8300332 0.1440647 -0.5387858 0.7851095 0.2220081 -0.5782002 0.7830209 0.2250222 -0.579865 0.7521222 0.2189906 -0.6215749 0.8075637 0.04671266 -0.5879276 0.8138877 0.1257579 -0.5672493 0.7977669 0.1431491 -0.5857273 0.7681745 0.07194317 -0.6361857 0.7661732 0.08609906 -0.6368402 -0.9126185 -0.01196595 0.4086374 -0.8687531 0.06952856 0.4903404 -0.6852385 -0.06196128 0.7256782 -0.4688658 0.05313766 0.8816696 -0.3910492 -0.03278729 0.9197856 -0.9999791 0.006374361 -0.001120541 -0.9999762 0.006755115 -0.001390525 -0.3293263 -0.008960943 -0.9441737 -0.5491254 0.009791808 -0.8356826 -0.6673157 -0.005420971 -0.7447553 -0.8844354 0.006211861 -0.4666213 -0.9268007 -0.007422654 -0.3754804 5.754887e-05 -1 -7.352608e-07 3.294442e-05 -1 2.725691e-06 3.233873e-05 -1 2.120773e-05 4.666162e-05 -1 1.30121e-05 4.312286e-05 -1 2.738588e-05 -1.343385e-06 -1 3.11506e-05 0.3574395 0.008516351 0.9338974 0.3125864 -0.001294621 0.9498884 -0.00109511 -0.001072491 0.9999989 -0.001047705 -0.00126804 0.9999986 -0.01150985 -0.5201541 0.8539948 -0.01250742 -0.3732324 0.9276536 0.0009771985 -0.4341411 0.9008444 -0.03090133 -0.7715214 0.6354524 -0.02781617 -0.7728036 0.6340353 -0.03124478 -0.781902 0.6226179 -0.02418744 -0.8090397 0.5872561 -0.04061043 -0.9991447 0.007775266 -0.04088894 -0.9991102 0.01033767 -0.04052345 -0.9991305 0.009810231 -0.03893031 -0.9992018 0.008947513 -0.3251548 -0.4554965 -0.8287323 -0.2710322 -0.4154653 -0.8682915 -0.01221038 -0.6302914 -0.7762626 -0.01167356 -0.4499027 -0.8930013 -0.01087178 -0.4440093 -0.8959562 -0.004083291 -0.5120792 -0.8589285 0.4720258 -0.7916222 -0.3879767 0.4451536 -0.8553118 -0.2651038 0.3523295 -0.8276387 -0.4368959 0.2709136 -0.7360857 -0.6203092 0.203322 -0.7677429 -0.6076438 0.5867551 -0.8074709 -0.06090356 0.5676557 -0.8210481 -0.06038988 0.4746448 -0.8800883 0.01253095 0.181923 -0.9333318 0.3095087 0.1968331 -0.9400234 0.2785905 0.3465883 -0.9223416 0.1707704 0.3654597 -0.9158198 0.1664732 0.9836907 0.03623052 0.1761812 0.9652476 -0.08519739 0.2470597 0.8639801 0.09584507 0.4943198 0.8247067 -0.05556069 0.562825 0.6193374 -0.01583761 0.7849651 0.5887182 0.07715231 0.804648 0.9941895 0.02672474 -0.1042738 0.9943857 -0.005281379 -0.1056837 0.3839954 0.03091501 -0.9228173 0.429056 -0.05271746 -0.9017382 0.6589892 0.04753114 -0.7506491 0.7167178 -0.05682129 -0.6950446 0.8724487 0.06909396 -0.4837967 0.911012 -0.05952863 -0.4080606 0.0005763536 -0.005234213 -0.9999861 0.0006432044 -0.003867476 -0.9999923 -0.3630855 0.01429562 -0.9316462 -0.338483 -0.01444767 -0.9408616 -0.9961049 -0.04783635 -0.07407174 -0.9867002 0.03327475 -0.1591079 -0.9159326 0.002896612 -0.4013216 -0.8796776 -0.07114807 -0.4702184 -0.7844629 0.0484418 -0.618281 -0.5917147 -0.0320093 -0.8055117 -0.602687 -0.01614293 -0.7978144 -0.5883073 -0.3734972 -0.7172129 -0.5389038 -0.4137293 -0.7337648 -0.8317153 -0.334704 -0.4429705 -0.9496276 -0.2756165 -0.1491406 -0.9495628 -0.2789671 -0.1432059 -0.7257872 -0.4124165 -0.5505866 -0.8589176 -0.356249 -0.3678956 -0.9537736 -0.207449 0.2174417 -0.9578888 -0.1844845 0.2200329 0.00207927 -0.9999974 0.0008691562 -0.004956585 -0.9999873 -0.0009008624 -0.001054205 -0.9999903 0.004273294 -0.02815801 -0.9996034 -0.0004361758 -0.003891597 -0.9999921 0.0007521321 -0.004442332 -0.9999896 0.001004558 -0.0005092943 -0.9999983 -0.001781295 0.002239714 -0.9999955 0.001964379 6.074876e-05 -0.9999988 -0.001560845 -5.710822e-05 -0.9999968 -0.002526816 2.83265e-05 -0.9999965 -0.002624462 -0.0008537218 -0.9999946 0.003163722 0.01850742 -0.7939535 0.6076967 0.2305626 -0.8129321 0.5347732 0.2415705 -0.8169889 0.5236153 0.480094 -0.7870029 0.3874742 0.3888319 -0.8135739 0.4323277 0.0009879321 -0.7694957 0.6386512 0.01045336 -0.7626472 0.6467302 0.0006857905 -0.7692426 0.6389565 0.005138946 -0.7659179 0.6429178 0.006440451 -0.7604839 0.6493248 0.001134959 -0.776442 0.6301876 0.003686032 -0.745304 0.6667145 0.001557521 -0.7472918 0.6644943 -0.01096088 -0.7384037 0.6742699 -0.007796761 -0.773834 0.6333404 0.04072113 -0.7704751 0.6361682 0.01325898 -0.7832848 0.6215216 0.005799677 -0.7766151 0.6299487 0.002514815 -0.7702409 0.6377481 0.004837475 -0.7675402 0.6409824 -0.01364858 -0.772919 0.6343578 -0.1126678 -0.7789083 0.6169342 0.0007287742 -0.7690486 0.6391898 0.001028255 -0.7641329 0.645058 0.007844495 -0.7702419 0.6377037 0.008321941 -0.758321 0.6518282 -0.005391191 -0.7729737 0.6344153 0.9758693 -0.1973824 0.09337708 0.9767646 -0.1969159 0.0845874 0.9517949 -0.1504183 0.2673217 0.9445574 -0.1527991 0.2906265 0.8431222 -0.1021749 0.5279253 0.8870595 -0.1335956 0.4419024 0.7978212 -0.1066691 0.5933827 0.4453786 -0.07262343 0.8923921 0.3746826 -0.06271897 0.9250293 0.2666656 -0.0679628 0.9613899 0.1031632 -0.06470728 0.9925575 0.1647758 -0.06001045 0.9845037 -0.04971121 -0.06219113 0.9968255 -0.04530276 -0.0616409 0.9970697 -0.2299295 -0.06241344 0.9712039 -0.3981254 -0.07009146 0.9146492 -0.2427774 -0.06459846 0.9679288 -0.5393552 -0.07647702 0.8385984 -0.430848 -0.06754258 0.8998933 -0.6805335 -0.08687245 0.727549 -0.5856476 -0.07402056 0.807179 -0.794272 -0.1005257 0.5991883 -0.7193339 -0.08501158 0.6894431 -0.9080529 -0.1239166 0.4001057 -0.8277851 -0.09932562 0.5521833 -0.8911223 -0.1261554 0.4358737 -0.9591221 -0.1517015 0.2388963 -0.95241 -0.1544821 0.2627746 0.7763898 -0.0633603 0.6270601 0.530706 -0.06300769 0.8452108 0.5247871 -0.08712715 0.8467629 0.6129392 -0.08244052 0.7858174 0.6818874 -0.08252313 0.7267871 0.688714 -0.08871559 0.7195851 0.5007346 -0.07452264 0.8623869 0.3280606 -0.07608302 0.9415878 0.9944345 0.06823334 0.08027639 0.9777767 -0.1151807 0.1751744 0.9565718 0.07059451 0.2828195 0.8964289 -0.03973872 0.4414024 0.8988504 -0.02850031 0.4373278 0.8072951 0.01241709 0.5900171 0.7747096 -0.06150034 0.6293192 -0.8948545 0.009678224 0.4462529 -0.9675757 0.04130872 0.2491801 -0.9759297 -0.1347034 0.1715118 -0.9941627 0.1021896 0.03460739 -0.9880384 -0.05853559 -0.1426663 -0.9882306 -0.05650645 -0.1421526 -0.9318252 -0.06485633 -0.357065 -0.9265258 0.0188234 -0.3757598 -0.8043392 0.09431606 -0.5866369 -0.768641 -0.1258884 -0.6271707 -0.5994797 0.06966442 -0.7973524 -0.6240032 -0.09980264 -0.7750221 -0.4418206 0.14745 -0.8849029 -0.3444864 -0.219512 -0.912767 -0.1678615 0.2400684 -0.9561327 -0.07029134 -0.1768306 -0.9817281 0.1544641 0.07115614 -0.9854327 0.1574814 0.09338249 -0.9830969 0.4341525 -0.01284552 -0.9007478 0.4305302 0.009636075 -0.9025247 0.6583659 -0.07611261 -0.7488399 0.6768175 0.05513911 -0.7340829 0.8429286 0.04549397 -0.5360985 0.8593636 -0.2282418 -0.4576023 0.922994 0.03926573 -0.3828059 0.9592507 0.09301844 -0.266806 0.9904409 -0.08263516 -0.1104452 0.99057 -0.08013871 -0.1111256 8.103371e-05 -1 -2.475187e-05 3.386701e-05 -1 2.161117e-06 -1.814216e-05 -1 -2.312975e-05 0.0001432596 -1 0.0001296674 -3.796981e-05 -1 -1.755039e-05 -3.02024e-05 -1 -5.636971e-05 0.0001492896 -1 0.0001249728 2.953994e-05 -1 -4.939391e-05 -7.672444e-05 -1 1.021983e-05 1.090977e-05 -1 -4.165474e-05 -2.744e-05 -1 8.621933e-06 -1.425687e-06 -1 2.742304e-05 -4.576333e-05 -1 5.478076e-05 1.815865e-05 -1 1.173955e-05 5.611676e-05 -1 -2.561684e-05 9.088624e-06 -1 -2.026256e-07 0.001588993 -0.9999979 0.001326636 3.36188e-05 -1 -1.733293e-05 0.0009656519 -0.9999964 0.002515975 8.266015e-05 -0.9999988 0.00156197 -9.533711e-06 -1 -6.985722e-05 -0.0002802655 -0.9999964 0.00269288 -5.536522e-05 -1 6.244798e-05 -0.003074658 -0.9999934 -0.001927311 -0.001528846 -0.9999967 -0.002038875 -5.867122e-05 -1 5.324023e-05 -0.0005388436 -0.9999998 -0.0004355102 0.0001030747 -0.9999999 -0.0004911272 -5.867934e-05 -1 5.323979e-05 0.0001766169 -1 -0.0002072002 -1.006332e-05 -1 -2.55887e-05 -0.0007778466 -0.9999995 -0.0006416055 -0.0002287707 -0.9999997 0.0006646323 0.0009387628 -0.9999991 0.0009524107 5.231707e-06 -1 -1.403913e-05 -4.629825e-05 -1 2.508694e-05 0.001681509 -0.9999959 0.002286295 -0.001916129 -0.9999978 0.0008263572 -9.596581e-06 -1 1.798972e-05 -4.396062e-05 -1 3.164775e-05 -0.0007522419 -0.9999997 -5.865702e-05 0.0007819301 -0.9999989 0.001258743 0.0005945865 -0.999999 0.001286143 0.001659354 -0.9999939 -0.003066842 -1.901229e-05 -1 -3.786889e-05 -0.002744781 -0.9999961 0.000557183 -0.00216044 -0.9999951 -0.002280003 -0.002907204 -0.9999951 -0.00116129 -0.002196701 -0.9999967 -0.001328793 0.9887384 -0.1235666 0.08442503 0.9458239 0.01149376 0.3244765 0.9515857 0.1055562 0.2886913 0.8288895 -0.04004186 0.5579774 0.8111098 0.04547905 0.583123 0.6404555 -0.04074284 0.7669138 0.6169207 0.02811524 0.7865229 0.4816407 -0.01794527 0.8761849 0.4200255 0.07366494 0.9045176 0.3657043 0.005910054 0.9307123 0.1617692 -0.004960831 0.9868162 0.1769134 0.03089639 0.9837414 -0.04741121 0.02840418 0.9984715 -0.05191047 0.01762226 0.9984962 -0.2103619 -0.05509222 0.97607 -0.3873764 0.009533679 0.9218724 -0.3389637 0.1190107 0.9332417 -0.5464658 -0.09721719 0.8318197 -0.6379044 0.1024728 0.7632675 -0.7211022 -0.03612528 0.6918863 -0.8087562 0.06804483 0.5841945 -0.8481295 -0.05241258 0.52719 -0.9368078 0.02137299 0.3491911 -0.9426653 0.08360829 0.3230972 -0.9832458 -0.07622132 0.1655842 0.7689466 0.3729593 0.5192516 0.5767434 0.4392412 0.6887918 0.6438971 0.3823559 0.662722 0.4392577 0.3953978 0.806668 -0.653437 0.3976936 0.6440962 -0.9070559 0.3111144 0.2836501 -0.9704783 0.24055 -0.01753214 -0.9524003 0.2618251 0.1561452 0.7784458 0.3810247 0.4988408 0.8762037 0.3225635 0.3580779 0.7694805 0.3723251 0.5189162 0.6343029 0.4512673 0.6277083 0.5567828 0.4217388 0.7156321 0.4915271 0.4711128 0.73243 0.3018156 0.4706177 0.8291118 0.140875 0.5153199 0.84534 0.0423587 0.4958566 0.8673707 -0.04021113 0.5156482 0.8558564 -0.1919766 0.4953451 0.8472179 -0.1847389 0.4927105 0.8503575 -0.3397792 0.4392008 0.8316568 -0.441223 0.4880358 0.7530892 -0.6617874 0.4006189 0.6336733 -0.4973412 0.4601704 0.7354556 -0.8221551 0.3648389 0.4369823 -0.9439178 0.2846246 0.1673559 -0.7947727 0.3555785 0.4918334 -0.9544809 0.2652233 0.1364649 -0.8892775 0.3058512 0.3400599 -0.9711655 0.2273989 0.07160493 0.3191836 0.4751778 0.8199561 0.9658311 0.2584502 -0.01933282 0.9705844 0.2250719 0.08549044 0.966162 0.2532387 0.04900192 0.9689469 0.2472405 -0.003748733 0.9686766 0.2463823 0.03101039 0.9065483 0.2876641 0.3089007 0.9345635 0.3146384 0.1661139 0.9556151 0.2080478 -0.2086045 0.9766935 0.1772038 -0.1211142 -0.9699517 0.1744258 -0.1696154 -0.918758 0.1695202 -0.3565761 -0.9784998 0.1955376 -0.06559848 -0.970136 0.2097673 -0.1217937 -0.9525065 0.1430385 -0.2688332 -0.9201701 0.145915 -0.3633122 -0.6995905 0.08522183 -0.7094437 -0.4980325 0.07082639 -0.8642612 -0.2997345 0.07569578 -0.9510149 -0.2904676 0.05435846 -0.9553396 -0.08970483 0.05746163 -0.9943094 0.155989 0.06050989 -0.9859036 -0.21426 0.04231308 -0.9758598 0.2532166 0.07397985 -0.9645768 0.3833247 0.06364343 -0.9214184 0.2094727 0.06394495 -0.9757214 0.02017769 0.05215216 -0.9984352 0.07954812 0.06974319 -0.9943882 0.4323177 0.06864353 -0.8991048 0.2507027 0.05835605 -0.9663036 0.6401704 0.07727368 -0.7643367 0.9106834 0.1252085 -0.3936732 0.90609 0.1272085 -0.4035081 -0.8598589 0.1092143 -0.4987133 -0.7878128 0.1117426 -0.6056935 -0.8240913 0.03693345 -0.5652517 -0.6478041 0.08928394 -0.7565568 -0.5159468 0.07818367 -0.8530452 -0.6759037 0.08462343 -0.7321154 -0.2892278 0.05403666 -0.9557339 -0.275769 0.08131276 -0.9577786 -0.109347 0.08041693 -0.9907453 0.08019558 0.07140904 -0.994218 -0.08169036 0.05949992 -0.9948801 0.5836474 0.08602433 -0.8074375 0.4090653 0.07348083 -0.9095417 0.8392163 0.1188155 -0.5306589 0.7051192 0.09733725 -0.7023762 0.7876622 0.09906086 -0.6080914 0.7721275 0.06603114 -0.6320277 0.9742242 0.1783254 -0.1381564 0.9218573 0.1429046 -0.3602184 -0.5197977 0.07445434 -0.8510386 -0.4929413 0.0614852 -0.8678873 -0.6688066 0.07838746 -0.7392923 0.4981778 0.0420922 -0.8660526 0.655027 0.08334264 -0.750995 0.7972455 0.08306404 -0.597913 0.9315199 0.1418893 -0.3348703 0.9135411 0.1152884 -0.3900659 -0.01467255 0.8621639 -0.506417 -0.0128679 0.8602404 -0.5097262 -0.01196745 0.930193 -0.3668757 -0.003460617 0.9135064 -0.4068095 -0.00492465 0.9669407 -0.254954 -0.01100275 0.9642922 -0.2646119 -6.673436e-05 0.947736 -0.3190557 -0.02324525 0.7508417 -0.660073 -0.007270621 0.7537116 -0.6571652 -0.004508169 0.7679434 -0.6405018 -0.01141077 0.7918544 -0.6106033 0.003656094 0.7483258 -0.6633212 0.001325158 0.7468422 -0.665 -0.009025095 0.7943032 -0.6074546 0.02787769 0.744526 -0.6670111 8.367206e-05 0.7706851 -0.6372161 -0.003842331 0.7841006 -0.6206219 -0.00161217 0.767799 -0.6406888 0.004783088 0.7701477 -0.6378477 -0.01947814 0.783559 -0.6210119 -0.0006228338 0.7626017 -0.6468681 -0.0055155 0.7693409 -0.6388146 -0.003120068 0.7680686 -0.6403601 -0.003038086 0.7680542 -0.6403776 -0.005174006 0.7660064 -0.6428121 -0.009890631 0.7808672 -0.6246188 -0.01846735 0.7697775 -0.6380451 -0.685164 0.6997402 -0.202272 -0.3553048 0.8995432 -0.2541269 -0.3526947 0.9007352 -0.2535399 -0.3353519 0.8907494 -0.3067649 -0.6653855 0.7135707 -0.2192689 -0.3132411 0.8448315 -0.433751 -0.5835662 0.7511086 -0.3086848 -0.368692 0.8214947 -0.4349859 -0.3699036 0.8726535 -0.3188214 -0.3402033 0.8169515 -0.4656736 -0.6586652 0.7299838 -0.1824386 -0.3026502 0.8673404 -0.3951246 -0.5482673 0.7134972 -0.4362623 -0.5482817 0.7134475 -0.4363253 -0.4225576 0.6138607 -0.6667984 -0.3008865 0.8687285 -0.3934183 -0.3387695 0.9039763 -0.2608872 -0.6509328 0.7012206 -0.2908194 0.0001078498 0.9625109 -0.2712427 -0.001120423 0.9674469 -0.2530715 -0.005765133 0.9658915 -0.2588828 0.0008327704 0.9667825 -0.2555989 -0.003694654 0.9668453 -0.255336 0.0003513908 0.9667103 -0.2558733 0.00078413 0.966898 -0.255162 -0.4212105 0.6916456 -0.5866925 -0.4014217 0.6088556 -0.6842189 -0.1048122 0.9093937 -0.4025141 -0.4148778 0.6030468 -0.6813303 -0.2710781 0.7506527 -0.6025256 -0.3392647 0.5000849 -0.7967525 -0.2281658 0.7354436 -0.6380149 -0.2553422 0.7126229 -0.6534287 -0.00477676 0.7838837 -0.6208892 -0.09690358 0.8799328 -0.4651107 -0.002605082 0.5899405 -0.8074425 -0.04428224 0.4180789 -0.9073308 -0.2026271 0.495559 -0.8446085 -0.178606 0.5196002 -0.8355331 -0.1968156 0.8589196 -0.4727798 -0.1351145 0.7052362 -0.6959785 0.02709428 0.966427 -0.2555091 0.03376855 0.9663861 -0.2548678 0.01804267 0.9677421 -0.2512958 0.0253011 0.9669694 -0.2536339 0.02219226 0.9655074 -0.2594282 0.01034629 0.9673939 -0.253065 0.01382441 0.9645699 -0.2634651 0.01396669 0.9645892 -0.263387 0.003237494 0.9356104 -0.3530194 0.001275601 0.8432471 -0.5375246 0.02423476 0.873481 -0.4862548 -0.005285687 0.9301768 -0.3670738 0.01159402 0.77072 -0.6370686 -0.0009686995 0.966961 -0.2549227 0.001158214 0.967372 -0.2533576 0.0004803505 0.9673815 -0.2533235 0.0006440813 0.9669351 -0.2550217 0.0004348319 0.9673886 -0.2532964 0.0009612501 0.9675007 -0.2528665 -0.1525772 0.443222 -0.8833314 -0.05900588 0.3392112 -0.9388579 -0.1386399 0.4484855 -0.8829721 -0.2942593 0.4595706 -0.8379775 -0.1237653 0.4021491 -0.9071704 -0.3942455 0.4789518 -0.7843313 -0.422532 0.4647743 -0.7781076 -0.3656533 0.4194138 -0.8308969 -0.3340013 0.4524945 -0.8268566 -0.3178822 0.3937584 -0.8624994 -0.3570458 0.3295999 -0.8740035 -0.09631924 0.1331893 -0.9863991 -0.317942 0.3024476 -0.8985757 -0.3739609 0.2473247 -0.8938589 -0.3583409 0.2334637 -0.9039283 -0.3855568 0.1843096 -0.9040885 -0.3331558 0.1471937 -0.9313115 -0.4371587 0.1004538 -0.8937569 -0.7258621 0.2983377 -0.6197731 -0.7318076 0.3189891 -0.6022487 -0.6728342 0.3212378 -0.6664085 -0.6273431 0.3736304 -0.6832576 -0.7080497 0.3419104 -0.6178696 -0.6201839 0.3882661 -0.6816313 -0.5836037 0.3809705 -0.717125 -0.0007563836 0.9667852 -0.2555892 0.03478603 0.8757517 -0.481507 -0.01763301 0.9339027 -0.3570921 0.01403685 0.8821534 -0.4707531 0.02461815 0.9658204 -0.2580405 0.01856516 0.9639181 -0.2655508 -0.7379561 0.4109294 -0.5353108 -0.7903164 0.3515902 -0.5017811 -0.8133271 0.3715472 -0.4477184 -0.8360888 0.3633357 -0.4110263 -0.831872 0.3818728 -0.4026935 -0.9489126 0.2755381 -0.1537654 -0.9409605 0.2825316 -0.1864651 -0.9064353 0.3226299 -0.2725526 -0.8998604 0.3427489 -0.2697673 -0.9066033 0.3266207 -0.2671877 -0.9663363 0.2371195 -0.09984233 -0.9719971 0.2047851 -0.1152594 -0.9665107 0.2175127 -0.1361814 -0.9536827 0.2605744 -0.1503005 -0.9246159 0.3124561 -0.2178453 -0.954168 0.2598878 -0.1483973 -0.9363099 0.3000378 -0.1824856 -0.9365825 0.2182403 -0.2741976 -0.9847795 0.1478348 -0.09140105 -0.9725011 0.1689504 -0.1603039 -0.9187769 0.2841151 -0.2740939 -0.9569404 0.2243775 -0.1841735 -0.8898548 0.4040548 -0.2118916 -0.9400876 0.2746504 -0.2019965 -0.9168493 0.3351089 -0.2170008 -0.9555874 0.1995586 -0.2168616 -0.9712674 0.1726113 -0.1638443 -0.2900891 0.7600707 -0.5814987 -0.3533497 0.8211795 -0.4481162 -0.2868792 0.8687194 -0.4037658 -0.245414 0.6123526 -0.7515293 -0.3752784 0.7216469 -0.5817146 -0.2489365 0.701747 -0.6675191 0.5337145 0.1610469 0.8301883 0.6781922 0.2127968 0.7034009 0.7601175 0.1844123 0.6230677 0.8387218 0.200214 0.506419 0.8912709 0.241139 0.3840418 -0.6493914 0.594968 0.4736072 0.8143138 0.2553123 0.5212567 0.8366408 0.2266655 0.498653 0.9063599 0.2515431 -0.3394668 0.8464363 0.275178 -0.4558755 0.7445147 0.2926794 -0.6000305 0.7420537 0.2995204 -0.5997031 0.6659018 0.3148685 -0.6763377 0.6936713 0.3276761 -0.6414425 0.5312514 0.2584651 0.8068258 0.6285954 0.2061261 0.74992 -0.4490159 0.7825621 -0.4312555 -0.382183 0.5587544 0.7360228 -0.3202763 0.5742278 0.7534491 -0.2006386 0.2983329 0.9331353 -0.2605557 0.3515666 0.8991727 -0.214895 0.3900514 0.8953659 -0.1086098 0.3026453 0.9468948 -0.1018181 0.3059164 0.9465982 0.01016714 0.2251357 0.9742743 0.0700747 0.249665 0.9657934 0.1223984 0.2112693 0.969734 0.2730013 0.1640274 0.9479268 0.2654752 0.2328181 0.9355846 0.2741466 0.2215488 0.9358203 0.4196475 0.1947803 0.886542 0.9014869 0.2850157 0.3257105 0.9392884 0.2380792 0.2470942 0.9528568 0.2892489 0.09164506 0.9552615 0.2829443 0.08612853 0.9638839 0.258725 -0.06316013 0.9661274 0.2498401 -0.06463532 0.9240261 0.3372622 -0.1800832 0.9296767 0.2967798 -0.2182271 0.2411097 0.2951317 -0.9245342 0.2556132 0.3645531 -0.8954121 0.2408491 0.3509398 -0.9048939 0.07285005 0.3487186 -0.9343919 0.1381548 0.311693 -0.9400855 0.1227499 0.4180012 -0.9001153 -0.3285362 0.6608528 -0.674787 -0.2040316 0.5868874 -0.7835396 -0.238512 0.6258319 -0.7425944 -0.1956079 0.6501024 -0.7342373 -0.3147736 0.7545506 -0.5758218 -0.2535187 0.6679998 -0.6996459 -0.3190179 0.7475284 -0.5826051 -0.4310201 0.620977 0.6546826 -0.5339504 0.5954736 0.6002567 -0.5313444 0.5871773 0.6106521 -0.5310135 0.5973604 0.600987 -0.5199468 0.5171222 0.6798822 -0.2789993 0.4479094 0.849433 -0.391679 0.5020437 0.7710639 -0.3908974 0.4835004 0.7832155 -0.4054983 0.4897861 0.7718035 -0.3254067 0.3923282 0.8603424 0.5043277 0.2926178 0.8124213 0.7091008 0.2483537 0.6599215 0.745343 0.2271276 0.6267989 0.9048955 0.2675587 -0.3310232 0.831836 0.3205903 -0.453068 0.8135297 0.3480081 -0.4658966 0.5690168 0.3471426 -0.7454609 0.5580667 0.3288319 -0.7618603 0.51012 0.3086547 -0.8028138 0.3779498 0.3034621 -0.8746797 0.416179 0.3406084 -0.8430783 0.3779578 0.3124779 -0.8714961 0.02569375 0.4036196 -0.914566 0.02176822 0.3982757 -0.9170074 -0.113967 0.4710968 -0.8746881 -0.06618704 0.4609965 -0.8849303 -0.06721403 0.4594234 -0.8856706 -0.07269097 0.5121213 -0.8558317 -0.2198234 0.5796859 -0.7846286 -0.1345904 0.4720072 -0.8712603 -0.1645583 0.65689 -0.7358098 -0.2040646 0.5788636 -0.7894774 -0.06714793 0.509019 -0.8581321 -0.2022352 0.5789359 -0.789895 -0.03239948 0.3713889 -0.9279119 -0.1215445 0.7522883 -0.6475254 -0.2283699 0.8129624 -0.5356672 -0.1072563 0.6800309 -0.7252958 -0.2187206 0.7277735 -0.6500053 0.05735318 0.5349168 -0.8429559 0.09558871 0.3992375 -0.9118509 0.05098587 0.2830595 -0.9577461 0.1799644 0.2702268 -0.9458279 0.1902193 0.5998091 -0.7772038 0.169608 0.3815593 -0.9086505 0.1265267 0.4830897 -0.8663806 -0.05234738 0.4492263 -0.8918831 0.1298465 0.7698351 -0.624895 -0.08110235 0.8191369 -0.5678355 -0.02763882 0.7819976 -0.6226681 0.061563 0.5822515 -0.8106745 0.1114849 0.8901393 -0.4418407 0.07070016 0.9191901 -0.3874159 0.0005148741 0.8183264 -0.5747535 0.04732699 0.5910393 -0.8052532 -0.1056667 0.6902809 -0.7157842 -0.007292803 0.3074072 -0.9515501 -0.01118729 0.6395981 -0.7686281 0.1352879 0.989693 0.0469562 0.04845703 0.9982623 -0.03353015 0.008086448 0.9998434 -0.01573882 0.1756478 0.9065762 0.3837546 0.08407371 0.9927788 0.08556835 0.5973858 0.6489733 0.4711305 0.0594732 0.9978309 0.02822366 0.4813162 0.8761763 -0.02549257 0.1109025 0.993811 -0.00635486 0.0636 0.9977039 -0.02327887 0.1894797 0.976079 -0.106617 0.01602425 0.999709 -0.01803246 0.232073 0.5429087 -0.8070887 0.2410306 0.4847095 0.8408097 0.2467763 0.5572074 0.7928565 0.2420495 0.8117562 0.5314735 0.2376721 0.8213671 0.5185248 0.3753002 0.4611167 0.8040654 0.241033 0.8929629 0.3801584 0.2468917 0.9301727 0.2717044 0.5680367 0.4484194 0.6901119 0.555421 0.5927082 0.5832705 0.6260233 0.5201098 0.5810168 0.6571637 0.6272931 0.4178984 0.6397075 0.6766231 0.3646307 0.4689054 0.86677 0.169816 0.6712267 0.7275763 0.1417311 0.6633287 0.7446398 0.07420796 0.7494736 0.6609564 0.03776156 0.823284 0.5442985 -0.1610674 0.6088948 0.7894683 -0.07737594 0.6564111 0.7228643 -0.2158506 0.3632624 0.9143 -0.1791534 0.7654099 0.5485502 -0.3365119 0.6316202 0.6721399 -0.3863725 0.509957 0.7968814 -0.3239196 0.6283569 0.6527632 -0.4231641 0.510976 0.7960029 -0.3244731 0.2756723 0.9297591 -0.2440341 0.5969437 0.5066844 -0.6220363 0.2735076 0.9308292 -0.242385 0.3373476 0.8638083 -0.3742082 0.2649464 0.8765596 -0.4018043 0.5256184 0.01309169 -0.8506197 0.3229117 0.823255 -0.4668824 0.2442248 0.8167288 -0.522789 0.1964557 0.9095652 -0.3661919 0.145036 0.8787679 -0.4546775 0.2204472 0.7748732 -0.592431 0.1047958 0.9063705 0.4092803 0.345055 0.8114489 0.4716862 0.3347707 0.8986524 0.2834651 0.5995129 0.6980926 0.3914727 0.4255558 0.8678864 0.2562724 0.3510709 0.9230352 0.1573379 0.3714824 0.9220486 0.1087531 0.4534906 0.8888905 0.06496202 0.647882 0.7579143 -0.07625592 0.6141651 0.7649183 -0.1941682 0.177249 0.9790201 -0.1005101 0.4413807 0.8187902 -0.3671044 0.5809895 0.8116628 0.06045486 0.1345338 0.1100502 0.984779 0.1268151 0.1229647 0.9842752 0.007487337 0.1958738 0.9806005 -0.1083886 0.2720616 0.956156 -0.2792181 0.4517891 0.8473038 -0.2106502 0.8214622 0.5299305 -0.05830999 0.9286714 0.3662916 0.02257128 0.9957869 0.08887596 -0.1228122 0.3633076 0.9235393 -0.2826289 0.449524 0.8473778 -0.1203644 0.7155812 0.6880813 -0.2418077 0.6486429 0.7216588 -0.09443017 0.8244076 0.5580636 -0.2314838 0.7694367 0.5953004 -0.3971515 0.7128734 0.5779984 -0.2873139 0.8362846 0.4669892 -0.03903714 0.8491381 0.5267263 -0.04246106 0.9163223 0.3981839 0.09883567 0.6701938 0.7355758 -0.03528783 0.1693181 0.9849296 -0.003398346 0.4404485 0.8977715 -0.0006124818 0.8667712 0.4987055 -0.07472122 0.6181457 0.7825041 -0.2779289 0.7519388 0.5977821 0.1217511 0.5798714 0.8055593 0.1620162 0.2324983 0.9590074 -0.002876712 0.4357863 0.9000455 0.007798559 0.5768047 0.8168449 -0.02221683 0.6925077 0.7210682 -0.1227327 0.3524827 0.9277352 0.1231154 0.5873842 0.7998891 0.0307814 0.6687567 0.7428438 0.08450226 0.4126878 0.9069444 0.003712527 0.8465628 0.532276 0.02557247 0.4971069 0.8673124 -6.756039e-05 0.9655468 0.2602292 -0.9579262 0.2538432 0.1339447 -0.9599992 0.2504786 0.1251475 -0.9623345 0.2046447 0.1789773 -0.9369266 0.3357459 0.09717656 -0.9657742 0.213315 0.1475702 -0.9189147 0.2550201 0.3009326 -0.9327667 0.3356872 0.1313795 -0.9277379 0.3405214 0.1527991 -0.9185521 0.3082329 0.2474966 -0.9311183 0.3027698 0.2033449 -0.8604417 0.4493243 0.2403073 -0.9561071 0.2065262 0.2078607 -0.9682958 0.1757566 0.1775181 -0.9137836 0.2580214 0.3137265 -0.05598589 0.9472721 0.3155015 -0.05014442 0.9475833 0.3155493 -0.05135329 0.9458799 0.3204279 -0.04589687 0.9453493 0.3228129 -0.04530336 0.9457625 0.3216847 -0.0426419 0.9442096 0.3265733 -0.0403892 0.9461036 0.3213358 -0.03970503 0.9450729 0.3244392 -0.03512473 0.943758 0.3287661 -0.03177979 0.9463951 0.3214443 -0.006844582 0.9475605 0.3195029 -0.0266931 0.9463013 0.3221822 0.0001838853 0.9491763 0.3147448 -0.001664927 0.9478189 0.3188051 0.002330708 0.9488282 0.3157842 0.8198057 0.491148 0.2944357 0.7564569 0.4922834 0.4306158 0.0010124 0.3390956 0.9407514 0.4495588 0.4471285 0.7732872 0.5321586 0.4647734 0.7076672 0.001880742 0.3402211 0.9403436 0.0006470756 0.3377942 0.9412198 0.3448917 0.4389493 0.8296826 0.6705256 0.4906321 0.5564849 0.4601752 0.454826 0.7624776 0.6836341 0.5025499 0.5292333 0.3814261 0.4654023 0.7986956 0.2177768 0.383362 0.8975561 0.2505248 0.3942438 0.8841997 0.7393152 0.4855698 0.4665138 0.2013725 0.3920075 0.8976521 0.8442333 0.4727874 0.2524719 0.6806119 0.4865094 0.5477919 0.5567961 0.4802413 0.6777509 0.7179545 0.5015839 0.4826541 0.2145385 0.4000236 0.8910412 0.6901272 0.7005078 0.1816957 0.7112414 0.7018443 0.03937262 0.7324444 0.6448838 0.2182893 0.8265894 0.5437605 0.1451703 0.7442248 0.6553461 0.1290381 0.8910306 0.451887 0.04315777 0.8651554 0.4686402 0.1785569 0.8722742 0.4612842 0.1623408 0.7692432 0.6389549 0.001223075 0.8831924 0.4682491 0.02672124 0.8152211 0.5775706 0.04274103 0.8700195 0.4836262 0.0957691 0.8370613 0.5335124 0.1212144 0.3686952 0.8711835 -0.324196 0.4754203 0.8399572 -0.2616246 0.5196813 0.8382769 -0.1649945 0.4206875 0.8847775 -0.2004763 0.6610028 0.7362872 0.1447637 0.5438625 0.8295943 -0.1264395 0.5096549 0.8341735 -0.2107282 0.6397192 0.7684063 -0.0176329 0.6228287 0.782325 0.007215129 0.3119761 0.9446438 -0.1015823 0.2490606 0.9268736 -0.2808456 0.4623038 0.8816113 -0.09506062 0.4005286 0.9061421 -0.1359536 0.3841123 0.8915533 -0.2399803 0.3761983 0.8989861 -0.2242742 0.9998971 0.01433989 -0.0005936676 0.9999961 0.002077564 0.001859442 0.9999095 0.01325159 -0.002323657 0.354947 0.01369934 0.9347861 0.3876234 -0.002703267 0.921814 0.635351 -0.006547503 0.7721958 0.7019898 0.02449642 0.7117655 0.8292256 -0.02028416 0.5585459 0.9326932 0.0213506 0.3600383 0.960383 -0.009532469 0.2785205 0.001068342 -0.009543026 0.9999539 -0.0006374823 0.005308622 0.9999857 -0.005852706 0.3320568 0.9432412 -0.2445723 0.4360622 0.8660451 -0.5088716 0.5217317 0.6847231 -0.382496 0.4756259 0.7921343 -0.3838618 0.4758634 0.7913306 -0.6165664 0.5387061 0.5741441 -0.485417 0.5241461 0.6997437 -0.003537147 0.9999883 0.003315062 0.00338192 0.9999893 -0.003141326 0.0002939174 0.9999986 0.001686757 -0.0009534011 0.9999974 0.002052495 0.002901085 0.9999936 -0.002076053 -0.01113743 0.9999208 0.005864711 -0.0001539213 0.999911 0.01334147 0.01884973 0.9998022 -0.00634867 0.0002842086 0.9999999 -0.000299762 0.006158811 0.999981 -0.0004109716 -0.001155364 0.9999948 -0.002983246 0.002323576 0.9996775 -0.02529038 -0.8771689 -0.03232779 0.4790926 -0.7390275 0.04655586 0.6720646 -0.5714908 -0.0346605 0.8198762 -0.3653947 0.02389738 0.9305458 -0.2675577 -0.004875362 0.9635295 0.9667194 -0.02337453 -0.2547691 0.9308616 0.03841967 -0.3633463 0.7577288 -0.05463696 -0.6502784 0.71732 0.02442924 -0.6963155 0.6264163 0.02176782 -0.7791848 0.6520867 -0.01024983 -0.7580751 0.3900131 -0.03189573 -0.9202567 0.2905768 0.02336355 -0.9565664 0.1380946 0.9362044 -0.3231893 0.2066192 0.9409141 -0.268308 -0.9112025 0.3845097 0.1478591 -0.8935061 0.3797483 0.2396624 -0.8939434 0.3887642 0.2229966 -0.9599408 0.2718898 0.06774624 -0.9745984 0.2175957 0.05301046 -0.972596 0.2293354 0.03824019 -0.9542931 0.290624 0.069731 -0.9341728 0.3422988 0.1007601 -0.8959817 0.4309444 0.1072554 -0.9297364 0.348878 0.1177893 -0.9547168 0.2892391 0.06968857 -0.951631 0.2934828 0.09091861 -0.98256 0.1827807 0.03416184 -0.9799544 0.1972655 0.02785111 -0.9754953 0.2093145 0.06779665 -0.9769719 0.1801298 0.1143641 -0.9753156 0.2081337 0.07375611 -0.9829781 0.164102 0.0826107 -0.9862363 0.1248333 0.1084183 -0.9834158 0.1632693 0.078972 -0.9844475 0.1697702 0.04517902 -0.4996591 0.7259507 0.4725847 -0.7921185 0.5746138 0.2058328 -0.8470105 0.5300214 0.04062613 -0.747244 0.664459 0.01098782 -0.6725485 0.5894085 0.4475222 -0.8699105 0.4140132 0.2680464 -0.8035649 0.5180405 0.2931167 -0.8018025 0.5367419 0.2627187 -0.756349 0.5973924 0.2665678 -0.791051 0.5564617 0.2541429 -0.7938488 0.5722513 0.2057488 -0.774627 0.6112993 0.1620684 -0.787185 0.5945281 0.1639395 -0.7157116 0.6912476 0.09966734 -0.7912124 0.599856 0.1189774 -0.4967361 0.8676411 0.02126722 -0.665347 0.7445061 -0.05499162 -0.8470277 0.524353 -0.08716676 -0.8586805 0.5058886 -0.0821242 -0.5557893 0.8232954 -0.1152516 -0.744417 0.6544455 -0.1324555 -0.9790031 0.1881855 -0.07835299 -0.9935898 0.1111569 -0.02057885 -0.9899675 0.136161 0.03774301 -0.9781605 0.1781685 0.1070416 -0.9863538 0.1550274 -0.05543298 -0.9887387 0.1452736 0.03593546 -0.9757004 0.1877393 0.112973 -0.9759958 0.1920194 0.1027659 -0.9839875 0.1728311 -0.04356748 -0.988465 0.1223959 -0.08919799 -0.9894247 0.1400363 -0.03779752 -0.9933201 0.1089619 -0.0379789 -0.989361 0.1405254 -0.03764756 -0.9934245 0.1077486 -0.03870318 -0.9935254 0.08594581 -0.07430147 -0.9886413 0.1369565 -0.06189859 -0.981181 0.1620677 -0.1049652 -0.9883457 0.1442727 -0.04855938 -0.989342 0.1364241 -0.05090132 -0.9814335 0.1820838 -0.06028096 -0.987944 0.140435 -0.0651513 -0.9814903 0.1817326 -0.06041526 -0.990679 0.1308686 -0.03779903 -0.8655949 0.4136458 -0.2822103 -0.6823158 0.5748376 -0.4516714 -0.9225936 0.3105139 -0.2289149 -0.7256097 0.503918 -0.4685695 -0.7437741 0.6377912 -0.2000564 -0.931842 0.3358186 -0.1374642 -0.8998826 0.4010858 -0.171294 -0.6886065 0.6743498 -0.2665963 -0.9381453 0.3032216 -0.1671527 -0.5122259 0.723271 -0.4631455 -0.8433898 0.4333378 -0.3176665 -0.6510397 0.5843272 -0.4844677 -0.9188548 0.2974929 -0.259237 -0.7657269 0.3018193 -0.5679503 -0.6380549 0.7202654 -0.2722198 -0.613801 0.7000483 -0.3649392 -0.7641769 0.5624547 -0.3157187 -0.7235695 0.5046554 -0.4709247 -0.7821595 0.4281197 -0.4527029 -0.7623768 0.4072614 -0.5029114 -0.776654 0.3886838 -0.4957151 -0.7633175 0.3736589 -0.5269967 -0.804412 0.3137479 -0.5044637 -0.7785069 0.2931463 -0.5549706 -0.8960522 0.2306435 -0.3793337 -0.7579761 0.2049314 -0.6192539 -0.8387159 0.2001125 -0.5064688 -0.967234 0.1026629 -0.2322042 -0.871719 0.1025602 -0.4791529 -0.8678449 0.1007649 -0.4865097 -0.7920368 0.1348336 -0.595397 -0.9081322 0.05371641 -0.4152233 -0.5756849 0.05716197 -0.8156712 -0.8369626 0.009939396 -0.5471699 -0.7025596 0.02651214 -0.7111309 -0.912022 -0.00832398 -0.4100567 -0.905563 0.2981803 -0.3017352 -0.9623991 0.1824011 -0.2012901 -0.9614645 0.2456322 -0.1234948 -0.9810821 0.1531723 -0.1183902 -0.9863333 0.1309092 -0.1000473 -0.9709612 0.2072295 -0.1195418 -0.9952578 0.0738862 -0.06326691 -0.9903708 0.119376 -0.07010704 -0.9920484 0.1142469 -0.05279732 -0.9982747 0.05581284 -0.01823984 -0.996026 0.08624375 -0.022227 -0.99863 0.05061718 -0.01327151 -0.999064 0.03700332 -0.02240258 -0.9996563 0.02611875 -0.002280121 -0.941103 0.2507243 -0.2268533 -0.9422441 0.2414809 -0.232084 -0.9724955 0.216601 -0.08565339 -0.9499291 0.2509858 -0.1861208 -0.9999118 0.01083172 -0.007696813 -0.9992728 0.03601148 -0.01253477 -0.9997762 0.02097626 -0.002750705 -0.9307241 -0.08595657 -0.3554774 -0.6540389 -0.0563261 -0.754361 -0.9462675 -0.06459451 -0.3168679 -0.5919506 -0.03291712 -0.8053018 -0.8797108 -0.0570679 -0.4720721 -0.675126 -0.1342119 -0.725391 -0.8265507 -0.145492 -0.5437335 -0.8195867 -0.1461786 -0.5539941 -0.8053653 -0.2217208 -0.5497513 -0.8240942 -0.2207904 -0.5216516 -0.3646017 0.533754 -0.7630021 -0.419556 -0.386512 -0.8213289 -0.4303576 -0.4331248 -0.7919566 -0.4034587 0.5767089 -0.7103716 -0.3628837 0.6616606 -0.6561408 -0.3960311 0.7243464 -0.5643418 -0.3536562 0.7112527 -0.6074923 -0.3296409 0.7290933 -0.5997999 -0.379236 0.6032271 -0.7016389 -0.3406416 0.5885155 -0.7332208 -0.424689 0.2771842 -0.8618632 -0.4000016 0.3719577 -0.8376433 -0.4724941 0.4644251 -0.7490386 -0.3772917 0.4124555 -0.8291751 -0.3788134 0.4110185 -0.829195 -0.4037001 0.1338066 -0.9050536 -0.4438538 0.2591039 -0.8578222 -0.3563465 0.256951 -0.8983281 -0.4115092 0.2111634 -0.886606 -0.390756 0.1524662 -0.9077796 -0.4048356 0.005961033 -0.9143701 -0.4134827 0.02492429 -0.9101708 -0.4093727 -0.0902023 -0.9078974 -0.4206364 -0.1407303 -0.8962477 -0.4356073 -0.2778828 -0.8561701 -0.4533357 -0.1333143 -0.8813139 -0.3941239 -0.3252285 -0.8595888 -0.4403992 -0.2831751 -0.8519744 -0.3918369 -0.1940968 -0.8993277 -0.9368101 0.1090381 -0.3324115 -0.9641522 0.02594022 -0.2640786 -0.9730111 0.003547581 -0.2307309 -0.986319 0.06801404 -0.1501634 -0.9512025 0.07551279 -0.2991848 -0.968131 0.004895632 -0.2503964 -0.7631117 0.3098938 -0.5671211 -0.7925537 0.3414891 -0.5052165 -0.8409222 0.3574008 -0.4063429 -0.8933474 0.333388 -0.301302 -0.8421673 -0.09493219 -0.5307938 -0.8501914 -0.03248426 -0.5254707 -0.8503233 -0.07142697 -0.5213909 -0.8518252 0.0394777 -0.5223364 -0.8588739 0.008964371 -0.5121085 -0.8485197 -0.02902643 -0.528367 -0.8153725 -0.02898913 -0.5782104 -0.8165704 -0.02629473 -0.5766467 -0.8702 0.1089916 -0.4804922 -0.8696627 0.02299252 -0.4931106 -0.8018911 -0.03694418 -0.5963269 -0.7923412 0.006353057 -0.6100452 -0.8258551 0.01601173 -0.5636549 -0.8132867 0.003301685 -0.5818539 -0.8940178 0.1623544 -0.4175802 -0.8899541 0.07978397 -0.4490167 -0.9019289 0.1516565 -0.4043817 -0.8446712 0.07455868 -0.5300674 -0.8268618 0.1254954 -0.5482249 -0.8858851 0.2258113 -0.405237 -0.8844772 0.2154082 -0.4138833 -0.8388997 0.1115757 -0.5327272 -0.8047374 0.08948562 -0.5868475 -0.822136 0.2023125 -0.5321297 -0.8599112 0.2983074 -0.4142045 -0.8496931 0.3090002 -0.4272477 -0.8167869 0.3052045 -0.4896011 -0.8350459 0.1814445 -0.5193998 -0.8103244 0.2690082 -0.5205852 -0.7837849 0.2822138 -0.5532058 -0.7294017 0.0003236516 -0.6840854 -0.7640463 -0.01832357 -0.6449011 -0.7743058 -0.01469059 -0.632641 -0.7815548 0.003321881 -0.6238278 -0.7380554 0.006409548 -0.6747096 -0.7282683 0.08467635 -0.6800405 -0.7727161 0.01085653 -0.6346589 -0.7833331 0.09821638 -0.6137937 -0.7261638 0.1502002 -0.6709143 -0.713399 0.2086632 -0.6689704 -0.7396707 0.1217805 -0.6618585 -0.6816437 0.2738994 -0.6784844 -0.7140399 0.2133447 -0.6668065 -0.7758578 0.1822542 -0.60401 -0.7773266 0.1133119 -0.6188082 -0.7631266 0.2080197 -0.6118544 -0.7595776 0.2314378 -0.6078474 -0.1223675 0.002743504 -0.992481 -0.4334569 -0.0006814362 -0.901174 -0.3470778 0.002482718 -0.9378331 -0.8845382 0.3817341 -0.2680882 -0.9069604 0.2858764 -0.3093503 -0.8892542 0.3752002 -0.2616331 -0.8572174 0.3482505 -0.3793416 -0.7285775 0.5690441 -0.3812659 -0.7394717 0.6069869 -0.2911159 0.0004176383 0.9999998 -0.0004921398 -5.03185e-05 0.9999993 -0.00112365 0.0002951275 0.9999999 -0.0004346078 -0.00100084 0.9999992 0.0006768822 0.000299122 0.9999999 -0.0002863126 -0.0004881021 0.9999996 0.0007575501 -0.0005968112 0.9999997 0.0004773226 6.033666e-05 1 -0.0002489178 1.860792e-05 1 -0.0002016994 -0.0002394488 0.9999999 5.892397e-05 -0.0001281097 0.9999999 -0.0004007132 4.406587e-06 1 0.0001941758 0.0001428878 1 -3.162304e-05 0.0001512585 1 -0.000176405 -4.894102e-05 0.9999999 -0.0004498633 -0.0003322526 0.9999999 -0.0004244687 -0.0007368476 0.9999996 0.0003703638 9.910283e-05 1 1.769781e-05 -0.0001079928 0.9999999 -0.0002955117 3.004122e-05 1 -0.0001167147 0.003748453 0.9999821 0.004672221 -0.000111098 1 -0.0002954484 0.004369706 0.9999862 -0.002921242 -0.003026995 0.9999928 -0.002278065 -6.980588e-05 1 -9.658784e-05 -0.0018642 0.9999983 0.0001688177 -0.0001921051 0.9999999 -0.0001139646 0.00101507 0.9999995 -0.000137984 -0.0008641002 0.9999989 -0.001202718 -0.0001799308 0.9999999 -0.0003831467 0.000208939 0.9999999 0.0002021551 -0.001152666 0.9999992 -0.0006067253 0.0001547065 1 0.0002506855 -0.0003172563 0.9999999 -0.0002222322 -3.54705e-05 0.9999999 -0.0003604524 0.0008447107 0.9999871 -0.005014404 -0.00223586 0.9999946 -0.002372654 -0.0004302738 0.9999999 -6.70295e-05 -0.0003855345 0.9999999 -4.028403e-05 -7.469494e-05 1 -0.0001895173 -0.0001243182 1 -0.0001220249 -0.0004400882 0.9999999 2.636634e-05 7.150177e-05 1 -1.363189e-05 0.0003965645 0.9999999 -0.0004249994 4.951761e-05 1 0.0001262141 -0.0002742903 0.9999999 -0.0003014717 0.0001006901 1 -0.0001318926 -9.4879e-05 1 7.654673e-05 -0.0001328605 1 0.0001716222 -0.0002755091 0.9999999 0.0002582127 -8.013722e-05 1 0.0002625888 -0.8717757 0.413521 0.2626928 -0.860418 0.3592711 0.3613934 -0.8283764 0.3880053 0.4040351 0.6818254 0.7228177 -0.1124661 0.7036613 0.690175 -0.1688762 0.6447496 0.7273653 -0.2350273 0.6131868 0.7061536 -0.3540467 0.6180252 0.6856599 -0.3845973 0.5104973 0.7366893 -0.4434878 0.4369179 0.7007273 -0.5639895 0.4327837 0.6800288 -0.5918269 0.2993406 0.7373685 -0.6055435 0.182372 0.6980467 -0.6924385 0.1813509 0.6965612 -0.6942005 0.03407422 0.7283507 -0.6843568 -0.01734351 0.6986722 -0.7152317 -0.1267057 0.7273869 -0.6744286 -0.198239 0.6903421 -0.6957937 -0.2618489 0.7354622 -0.6249244 -0.395168 0.7099861 -0.582891 -0.4417537 0.6771166 -0.5885293 -0.4828651 0.7348896 -0.4762129 -0.5956053 0.7084287 -0.3786597 -0.5973966 0.7071024 -0.3783167 -0.6722044 0.7085805 -0.2146039 -0.6690489 0.7134791 -0.2081373 -0.6884866 0.7225484 -0.06253002 -0.7220318 0.6917287 -0.01347248 -0.6825793 0.7287364 0.05503362 -0.6775342 0.7098302 0.1925843 -0.6850117 0.6978784 0.2091046 -0.6120735 0.7243097 0.3173979 -0.6098836 0.692004 0.3862285 -0.5131155 0.7417042 0.4319575 -0.3999226 0.7101532 0.5794346 -0.440667 0.679078 0.5870824 -0.2582031 0.7346218 0.6274249 -0.1983164 0.6900486 0.6960629 -0.1250497 0.7267642 0.6754084 -0.004947369 0.6950245 0.7189689 0.03368796 0.7251484 0.687768 0.1765433 0.7213492 0.6696922 0.2171517 0.6948274 0.685609 0.3147345 0.728589 0.6083587 0.3894597 0.6895342 0.6106256 0.453564 0.7405408 0.4958618 0.5822854 0.7009305 0.411874 0.5865123 0.6806203 0.4390436 0.6186545 0.7370637 0.2720362 0.6826931 0.7149158 0.1510815 0.6981864 0.6892151 0.1936962 0.7010067 0.712877 0.01989894 0.7006908 0.7131755 0.02032485 -0.992115 0.02684999 0.1224207 -0.9963452 -0.01930697 0.08320694 -0.9487481 0.02586641 0.3149731 -0.9616529 -0.02701202 0.272936 -0.8652409 0.03144536 0.5003694 -0.887509 -0.02601884 0.460055 -0.76436 -0.0437858 0.6433014 -0.7375237 0.02067485 0.6750047 -0.597411 0.02037382 0.8016764 -0.5673606 -0.03679563 0.822647 -0.4069837 0.02585816 0.9130694 -0.3805827 -0.01409074 0.9246395 -0.2100137 0.01442422 0.9775921 -0.180003 -0.02792601 0.9832696 -0.01421906 0.03154289 0.9994012 0.04726842 -0.04210442 0.9979945 0.2162638 0.04784556 0.975162 0.2532011 -0.01380161 0.9673153 0.4608111 -0.02588288 0.8871208 0.4887166 0.03491209 0.8717438 0.6850207 -0.00658595 0.7284939 0.6746447 0.02519787 0.7377124 0.8136367 -0.06275056 0.5779771 0.8746387 0.07207727 0.4793869 0.9157426 -0.03278975 0.4004251 0.9670774 0.02481381 0.2532696 0.9759294 -0.0191541 0.2172437 0.9976739 0.02464129 0.06355834 0.999314 -0.02146649 0.03017963 6.387381e-05 -1 7.516859e-05 -1.724522e-06 -1 5.07738e-05 7.622441e-05 -1 6.308929e-05 1.189411e-05 -1 1.449984e-05 -1.157012e-05 -1 1.93415e-06 7.71359e-06 -1 -5.334028e-05 8.415385e-06 -1 -5.353882e-05 -4.29188e-06 -1 -1.75726e-05 6.768868e-05 -1 5.582233e-05 5.715056e-06 -1 -6.9045e-06 9.01088e-05 -1 4.105135e-05 2.685126e-05 -1 -1.898401e-05 3.315863e-05 -1 -4.005975e-05 -3.063723e-05 -1 4.449503e-05 3.657309e-06 -1 -8.380901e-05 -2.813967e-05 -1 -7.073369e-05 -6.969919e-05 -1 1.669393e-05 -3.915449e-06 -1 1.8226e-05 -6.454649e-05 -1 1.01144e-05 -6.42652e-06 -1 3.736453e-05 -3.370254e-05 -1 1.043081e-05 -1.273772e-05 -1 -8.756335e-06 5.16827e-05 -1 -4.543379e-05 -8.905603e-05 -1 8.034172e-05 2.246085e-05 -1 3.543505e-05 5.223575e-05 -1 -4.478891e-05 -7.390483e-06 -1 -2.935988e-05 -9.721394e-05 -1 3.902104e-05 8.861521e-06 -1 3.52038e-05 -4.25746e-05 -1 5.35285e-05 1.403689e-05 -1 3.347957e-05 1.534294e-05 -1 3.054599e-05 -6.76096e-05 -1 1.583937e-05 -2.63094e-05 -1 -1.930114e-06 -2.816879e-05 -1 6.467003e-06 -5.59393e-06 -1 4.6841e-05 -2.399002e-05 -1 8.769385e-08 6.630633e-06 -1 2.695003e-05 5.057857e-07 -1 4.418806e-05 2.206916e-05 -1 0.0001175983 2.025677e-05 -1 1.015247e-05 -1.578836e-05 -1 -2.607956e-05 -1.538181e-05 -1 -2.745257e-05 1.283484e-05 -1 -1.182258e-05 2.703874e-05 -1 0.0001140968 -3.145209e-05 -1 2.932632e-05 -1.636437e-06 -1 -4.239347e-06 5.399572e-06 -1 1.978913e-05 5.946069e-05 -1 2.167358e-05 -1.957542e-05 -1 -1.907434e-05 1.832796e-05 -1 -3.060946e-05 1.575497e-05 -1 2.673987e-05 -8.073901e-06 -1 1.650184e-05 5.727427e-05 -1 3.136983e-05 -9.540702e-06 -1 1.949977e-05 -0.9964238 -0.06400717 0.0551598 -0.98291 0.07101022 0.1698394 -0.9597308 -0.06051239 0.2743265 -0.9426575 0.03805713 0.3315849 -0.8853694 -0.03888338 0.4632595 -0.8643597 0.04439378 0.5009106 -0.7792081 -0.04484515 0.6251589 -0.7357141 0.08111484 0.6724174 -0.6311977 -0.1038034 0.7686445 -0.5168455 0.1037959 0.849763 -0.476294 -0.01018557 0.8792271 -0.3239628 -0.04172479 0.9451493 -0.2721136 0.0729044 0.9594994 -0.1086196 -0.08535546 0.9904122 -0.07264987 0.01297868 0.997273 0.1032661 0.08200049 0.9912679 0.1915146 -0.09168077 0.9771984 0.2859058 0.05694018 0.9565645 0.3887656 -0.04665245 0.9201548 0.4776243 0.07448759 0.8754008 0.5309818 -0.04067375 0.8464065 0.6609871 -0.02647794 0.74993 0.6902931 0.07315122 0.7198224 0.7997178 -0.07175412 0.5960728 0.826142 0.02482972 0.5629146 0.9016743 0.03993375 0.4305679 0.9259164 -0.1121493 0.3606957 0.9690992 0.07410755 0.2352761 0.9901062 -0.06911907 0.1221165 0.9971904 0.05044382 0.05537719 0.9980264 -0.01594075 -0.06073964 0.9885987 0.0572369 -0.1392718 0.978717 -0.04335996 -0.2005815 0.9486603 0.03624161 -0.3142136 0.9274053 -0.0526813 -0.3703296 0.8813073 0.06695133 -0.4677765 0.8081952 -0.09603074 -0.5810325 0.7641144 0.07873089 -0.6402583 0.6261897 -0.0632889 -0.7770978 0.5682989 0.09893496 -0.8168527 0.4266945 -0.1292743 -0.8951089 0.2960156 0.150576 -0.94324 0.1739864 -0.1029676 -0.97935 0.008678339 0.08879285 -0.9960123 -0.05096103 -0.05855835 -0.9969824 -0.2469655 0.06242226 -0.9670116 -0.3187001 -0.106 -0.9419099 -0.4310556 0.07331926 -0.8993416 -0.5490698 -0.06999592 -0.8328403 -0.6042448 0.05644872 -0.7947967 -0.7124507 -0.05389215 -0.6996496 -0.7493581 0.0444392 -0.6606721 -0.8371692 -0.04717639 -0.5449055 -0.8652999 0.05737006 -0.4979606 -0.929538 -0.06491522 -0.3629672 -0.9516844 0.07070021 -0.2988279 -0.9863387 -0.08584455 -0.1405939 -0.9947799 0.08648357 -0.05416112 -0.6787857 -0.7336989 -0.03059052 -0.6819192 -0.7309113 -0.02747425 0.6989058 -0.7133906 -0.05103384 0.6619311 -0.7438214 -0.09261214 0.6801633 -0.7154332 -0.1597918 0.6268648 -0.750282 -0.2100417 0.6169862 -0.715418 -0.3278796 0.6293679 -0.7056676 -0.3254679 0.5244154 -0.7297711 -0.4386601 0.5325474 -0.7028994 -0.4715143 0.4007243 -0.7140325 -0.5740885 0.3942143 -0.7643667 -0.5102341 0.2798757 -0.6980388 -0.659099 0.1939661 -0.755595 -0.6256623 0.1386837 -0.6778112 -0.7220379 0.004782156 -0.7419017 -0.6704916 -0.03475862 -0.6941161 -0.7190234 -0.2182748 -0.6875574 -0.6925467 -0.1628289 -0.7344633 -0.6588249 -0.3530989 -0.6946076 -0.6267707 -0.2991839 -0.7294792 -0.6151009 -0.4100395 -0.7339053 -0.5415263 -0.4915298 -0.6802088 -0.5437962 -0.50564 -0.7397556 -0.443948 -0.6135109 -0.6879767 -0.3876757 -0.5973827 -0.7247114 -0.3434057 -0.6399713 -0.734803 -0.2247253 -0.6687534 -0.711171 -0.2168058 -0.7204832 -0.6843175 -0.1123097 -0.690717 -0.72308 -0.008083186 -0.6957757 -0.7105829 0.1047279 -0.6792766 -0.7248384 0.1148591 -0.6313357 -0.7506518 0.1947745 -0.6505427 -0.7236975 0.2303387 -0.6072088 -0.7102006 0.3562479 -0.6132907 -0.7052802 0.3556039 -0.5114442 -0.722834 0.4646891 -0.5116739 -0.7220409 0.4656681 -0.4299388 -0.6907187 0.5814297 -0.3425598 -0.7494051 0.5666081 -0.3036408 -0.6809916 0.6663727 -0.1817395 -0.7493319 0.6367671 -0.1395996 -0.7068225 0.6934796 -0.04892687 -0.7326733 0.6788195 -0.02104159 -0.7104785 0.7034042 0.06897509 -0.7374041 0.6719208 0.1279303 -0.6951627 0.7073773 0.191671 -0.7475236 0.6359801 0.3029384 -0.6975595 0.6493374 0.3198456 -0.7453467 0.5849418 0.4478852 -0.700412 0.5557173 0.4523188 -0.7569732 0.4715922 0.5722519 -0.6984295 0.4297954 0.5626956 -0.7316753 0.3847403 0.6317511 -0.7212424 0.2840776 0.6137553 -0.7341658 0.2903531 0.6611999 -0.7301848 0.1721771 0.6542514 -0.7389513 0.1609533 0.6887586 -0.7204235 0.08125143 0.663337 -0.7473297 0.0385022 0.0001269261 -1 0.0002498099 -0.0009777335 -0.9999992 0.0008352979 0.003383484 -0.9999912 -0.002481732 -0.0095953 -0.9998677 0.01313183 0.002883254 -0.9999833 -0.005013765 0.004154067 -0.9999843 -0.003783417 0.002148969 -0.9999969 -0.001214529 -0.0008968388 -0.9999989 0.001133377 0.0003900616 -0.9999963 -0.002699273 0.001789757 -0.9999903 -0.004045882 -0.0005376822 -0.9999936 0.003513011 0.010082 -0.9999357 -0.005196751 0.0002195897 -0.9999924 0.003912587 -0.001652412 -0.9999982 -0.0009470556 -0.001213947 -0.9999989 -0.0008089084 0.0003307389 -0.9999999 0.0004164448 5.692784e-05 -0.9999996 0.000890493 0.001480406 -0.9999958 0.002463321 0.001410577 -0.9999951 0.002782863 0.0001140267 -0.9999999 0.0004315042 -0.0001052336 -0.9999996 -0.0008452127 0.0004833784 -0.9999928 -0.003781362 0.0003144485 -0.9999989 -0.001504509 0.04033018 -0.9964674 -0.07366346 0.00795269 -0.99965 -0.0252286 0.4179808 -0.8362504 0.354933 -0.1071722 -0.4136112 0.9041238 -0.1698631 -0.3180495 0.9327331 0.09371807 -0.5091982 0.8555315 -0.0357716 -0.3922017 0.9191834 0.4332303 -0.7348484 0.5218328 0.3575166 -0.8137991 0.4581627 0.1872929 -0.8408341 0.5078576 0.2897698 -0.7732407 0.5640321 0.4273537 -0.7648016 0.4821279 0.06287932 -0.5336148 0.8433868 0.1548388 -0.4950117 0.8549786 0.1342702 -0.5380205 0.8321691 0.2472244 -0.6414322 0.726254 0.2934373 -0.6159198 0.7311206 0.268034 -0.7436158 0.6125303 0.3434126 -0.7103375 0.614401 0.2188824 -0.657255 0.721184 0.2215539 -0.6235724 0.7497142 0.385184 -0.6351293 -0.6695103 0.4725687 -0.6910684 -0.5469035 0.5427622 -0.6060506 -0.5814738 0.5242227 -0.6209301 -0.5827833 0.3108118 -0.5688159 -0.7614752 0.4582157 -0.5899916 -0.6647919 0.4671439 -0.5147282 -0.7189099 0.3114698 -0.4440627 -0.840116 0.1266614 -0.3102721 -0.942172 0.237714 -0.3438421 -0.9084408 0.1264405 -0.3105257 -0.9421182 0.02665721 -0.2919615 -0.9560585 -0.003209676 -0.2410768 -0.9705008 -0.1757285 -0.2521851 -0.9515893 -0.1565198 -0.2193927 -0.9629996 -0.3211187 -0.1682574 -0.9319723 -0.4062604 -0.2655709 -0.8743138 -0.4789381 -0.1854462 -0.8580373 -0.6110954 -0.2331704 -0.756435 -0.611523 -0.2345898 -0.7556502 -0.7600551 -0.3064473 -0.5730674 -0.7353855 -0.2157406 -0.6423894 -0.842012 -0.2032236 -0.4997158 -0.8734927 -0.2852762 -0.3944969 -0.8358304 -0.2433445 -0.4921086 -0.9211218 -0.2306225 -0.3136048 -0.9269444 -0.2876019 -0.2409549 -0.9507086 -0.2877434 -0.1155728 -0.9544476 -0.2595119 -0.1472524 -0.9501086 -0.3038277 0.07058618 -0.964948 -0.2622168 0.01084707 -0.921742 -0.3239381 0.2132039 -0.9516232 -0.2850531 0.1147086 -0.9222878 -0.3089635 0.2322213 -0.8515384 -0.3412345 0.3980472 -0.8830249 -0.2992348 0.3615599 -0.8139305 -0.3090622 0.4919326 -0.7315297 -0.3396903 0.591164 -0.8239002 -0.2650402 0.5009413 -0.7227327 -0.3070017 0.619199 -0.6290066 -0.2878501 0.7221448 -0.5467403 -0.3662987 0.7529278 -0.4852035 -0.3137439 0.8161753 -0.375115 -0.3778824 0.8464594 -0.3382851 -0.3234441 0.8837121 0.4081911 -0.4820512 -0.7752461 0.2928346 -0.4497409 -0.8437896 0.4241326 -0.5174859 -0.7431822 0.2024212 -0.8363108 -0.5095193 0.09143065 -0.7841126 -0.6138469 0.02766995 -0.88794 -0.4591262 0.02709283 -0.8933571 -0.4485298 0.1679864 -0.8220391 -0.5440885 0.05597856 -0.9171824 -0.3945158 0.3111437 -0.5700222 -0.760437 0.0908709 -0.7803264 -0.6187351 0.3015255 -0.5869061 -0.7514144 0.2832769 -0.7849348 -0.5510277 0.2841121 -0.7744972 -0.5651853 -0.1576525 -0.1661681 -0.9734135 -0.004704465 -0.1995077 -0.9798849 -0.08921722 -0.1095501 -0.9899692 0.1258461 -0.6699896 -0.7316261 0.1490321 -0.5326443 -0.8331143 0.236095 -0.3863184 -0.8916374 0.2671663 -0.373798 -0.8881989 0.09345129 -0.5417058 -0.8353572 0.1271745 -0.2770284 -0.9524085 0.08369313 -0.3092308 -0.9472971 -0.08014727 -0.219405 -0.9723363 3.416102e-05 -0.6460345 -0.7633082 0.02065862 -0.803385 -0.5951015 -0.1077108 -0.6394498 -0.7612506 -0.08475483 -0.9157372 -0.3927365 -0.1277362 -0.3290842 -0.9356212 -0.05585476 -0.4512173 -0.8906644 -0.02917398 -0.7532827 -0.6570495 -0.03297805 -0.5381559 -0.8421999 -0.02660375 -0.5968803 -0.8018891 -0.007493082 -0.3693958 -0.9292419 -0.07571023 -0.6893387 -0.7204721 0.0005462481 -0.3379838 -0.9411518 -8.216135e-05 -0.339097 -0.9407514 0.005425666 -0.3331046 -0.9428743 0.005030983 -0.3334953 -0.9427384 0.6361873 -0.5504292 -0.5406417 0.2519274 -0.4315774 -0.8661833 0.5037833 -0.5157893 -0.6929386 0.482535 -0.4672232 -0.7408524 0.2649397 -0.4366692 -0.8597249 0.4708175 -0.5000712 -0.7268147 0.2338417 -0.4268676 -0.8735572 0.4370389 -0.4989242 -0.7483794 0.2583553 -0.4442418 -0.8578471 0.4370854 -0.4988318 -0.7484137 0.2637168 -0.4364725 -0.8602006 0.4429992 -0.5020981 -0.7427309 0.6351824 -0.5512425 -0.5409945 0.3116077 -0.4873408 -0.8157203 -0.03675642 -0.9992868 0.008658974 -0.0401857 -0.9991806 0.004819029 -0.044488 -0.9989257 0.0129637 -0.04526225 -0.9989113 0.01128776 -0.04623954 -0.9988655 0.01137832 -0.04569241 -0.9988863 0.01176623 0.120714 -0.8328277 0.5402092 0.08422916 -0.8759252 0.4750374 0.1100882 -0.8829911 0.4562975 0.07310644 -0.9297233 0.3609293 -0.3128012 -0.7591876 0.5707797 -0.1008154 -0.8023992 0.5882107 -0.3603538 -0.7289679 0.5820231 -0.1266244 -0.8043744 0.5804724 -0.5756602 -0.6172868 0.5362576 0.2496728 0.006920556 0.9683055 0.2511643 -0.05852427 0.9661736 -0.04353705 -0.9990213 0.00780968 -0.04291092 -0.9990388 0.00894429 -0.03891748 -0.9992028 0.008894119 -0.03925946 -0.9991977 0.007909735 -0.0427603 -0.9989966 0.01332203 -0.03694296 -0.9992967 0.006426408 -0.02405496 -0.9997017 0.004212403 -0.03280972 -0.9994475 0.005305659 -0.04256576 -0.9988593 0.02163389 -0.04409234 -0.998914 0.01505597 -0.09748966 -0.9747823 -0.2007368 -0.1072785 -0.9669868 -0.2311447 -0.1078761 -0.965264 -0.2379667 -0.1118416 -0.960179 -0.2560227 -0.04149802 -0.4287709 -0.9024597 -0.2519066 -0.47725 -0.8418881 -0.1725356 -0.4271065 -0.8875875 -0.2683997 -0.4301878 -0.8619165 -0.3416294 -0.4908771 -0.8014543 -0.2470057 -0.4051573 -0.8802476 -0.352697 -0.4969423 -0.7928764 -0.2680727 -0.5088803 -0.8180329 -0.4118081 -0.6195935 -0.66822 -0.4115219 -0.619501 -0.6684821 -0.4365631 -0.5641326 -0.7008331 -0.7595316 -0.6483815 -0.05208775 -0.3797755 -0.5714853 -0.7274442 -0.4284253 -0.5989136 -0.6765754 -0.4438696 -0.6472467 -0.6197188 -0.546046 -0.695353 -0.4672448 -0.4887548 -0.6592845 -0.5713691 -0.5441071 -0.6941229 -0.4713183 -0.3524585 -0.4968423 -0.7930452 -0.6292555 -0.711248 -0.313311 -0.6679215 -0.7145377 -0.208127 -0.7265007 -0.664619 -0.1745807 -0.6355641 -0.7085992 -0.3065052 -0.6209598 -0.6995898 -0.3535293 -0.769922 -0.6229097 -0.1385774 -0.8207815 -0.5707856 0.02283658 -0.7156221 -0.6658326 -0.2110734 -0.07031209 -0.9657519 -0.2497585 -0.09230047 -0.965619 -0.2430237 -0.03944871 -0.9660276 -0.2554106 -0.02756305 -0.9654998 -0.2589408 -0.02820197 -0.9654905 -0.2589067 -0.08804661 -0.9574873 -0.2747102 -0.07698941 -0.9720042 -0.221992 -0.07426798 -0.972091 -0.2225387 -0.05324746 -0.9865701 -0.1544154 -0.04773136 -0.9836497 -0.1736519 -0.04300493 -0.9912819 -0.1245423 -0.05600814 -0.965845 -0.2529953 -0.01016351 -0.9606753 -0.2774881 0.01002224 -0.4406308 -0.8976325 -0.0001862784 -0.4093172 -0.9123921 0.001584603 -0.4704152 -0.8824438 0.02526017 -0.5337008 -0.845296 0.05900627 -0.554475 -0.8301058 0.06234596 -0.7109936 -0.7004292 0.171914 -0.7363747 -0.6543684 0.04825395 -0.5566363 -0.8293536 0.006712472 -0.5556887 -0.8313633 0.04564852 -0.5633023 -0.824989 0.008266119 -0.4410335 -0.8974526 0.005809661 -0.444724 -0.8956488 0.01676017 -0.5442941 -0.8387271 0.2669692 -0.8879357 -0.3745632 0.2584977 -0.9271479 -0.2712484 0.2024448 -0.9298863 -0.3071279 0.1162967 -0.9622934 -0.245899 0.1085409 -0.9593 -0.260696 0.04433012 -0.9593924 -0.2785696 0.2542351 -0.906615 -0.3367698 0.4563587 -0.8585065 -0.2338876 0.5301656 -0.8267897 -0.1879982 0.4495023 -0.8582031 -0.2478611 0.5221085 -0.8264548 -0.2106543 0.4734495 -0.837514 -0.2727928 0.6102268 -0.7241064 -0.3213927 0.6297404 -0.7395599 -0.2376515 0.5828111 -0.7652091 -0.2734706 0.654238 -0.6956731 -0.2966672 0.6668935 -0.7004892 -0.2541022 0.6826447 -0.6853373 -0.253592 0.7524098 -0.6337605 -0.1795189 0.7710503 -0.5797051 -0.2634833 0.7077981 -0.6266385 -0.3261076 0.6411908 -0.7283374 -0.241659 0.6866585 -0.7015972 -0.1904248 0.6103793 -0.7758049 -0.1598866 0.6092007 -0.771947 -0.1815827 0.6567544 -0.738144 -0.1543278 0.4855823 -0.8702073 0.0833611 0.03166875 -0.4767681 -0.8784585 0.01717488 -0.5443656 -0.8386722 0.01787925 -0.5226992 -0.8523297 0.008764219 -0.4684411 -0.8834512 0.009900607 -0.4326003 -0.9015314 0.004938381 -0.4308162 -0.9024262 0.0006427338 -0.03517631 -0.9993809 -0.006729728 -0.03652445 -0.9993101 0.0001683253 -0.03486855 -0.9993919 3.679829e-06 -0.03489395 -0.999391 -0.004290637 -0.03716747 -0.9992998 -2.347906e-06 -0.03490962 -0.9993905 1.277759e-05 -0.03490824 -0.9993905 -0.9993868 -0.03500198 -0.000910082 -0.9993735 -0.03528569 -0.002715783 -0.9992261 -0.03735176 -0.01232888 -0.9986629 -0.04064451 0.03194485 -0.001646565 0.000972566 -0.9999982 -0.00171248 0.000862711 -0.9999982 -0.002481137 -7.905866e-05 -0.999997 0.0007447322 -0.00166172 -0.9999983 0.001344329 0.0004163019 -0.999999 0.0007640076 0.001501129 -0.9999986 0.002902177 -0.001495753 -0.9999946 0.003449218 -0.000860243 -0.9999937 0.007000273 -0.003464718 -0.9999695 0.006095625 -0.001371542 -0.9999804 -8.77663e-05 0.00455682 -0.9999896 -7.887534e-07 0.003351931 -0.9999944 -0.6430931 0.00263003 -0.7657835 -0.3774912 -0.5867568 -0.7163916 -0.377207 -0.6023348 -0.7034968 -0.4631749 -0.3072029 -0.8313214 -0.4206764 -0.4054841 -0.8115504 -0.811658 -0.02433186 -0.583626 -0.8185292 -0.0599759 -0.5713255 -0.8081008 -0.03499744 -0.5880036 -0.7714479 -0.02559285 -0.6357777 -0.7671404 -0.006603504 -0.6414452 -0.7653796 -0.03646255 -0.6425454 -0.7648786 -0.03661379 -0.643133 -0.7290263 -0.01606566 -0.6842971 -0.7354281 -0.01198525 -0.6774968 -0.8138556 0.07572915 -0.5761112 -0.7318318 0.03162953 -0.680751 -0.7019107 0.005720985 -0.712242 -0.721872 0.001934436 -0.692024 -0.7460824 0.01583126 -0.6656654 -0.777347 0.05543976 -0.6266243 -0.7454557 0.008349013 -0.6665028 -0.8052741 0.01661846 -0.5926698 -0.8009502 0.04081354 -0.5973382 -0.8025891 0.006305545 -0.5964988 -0.9743618 -0.02092743 -0.2240113 -0.8469609 -0.4100772 -0.3383696 -0.9737083 -0.1367704 -0.1821705 -0.928741 -0.07386295 -0.3632966 -0.7791304 -0.597189 -0.1905811 -0.7763634 -0.6048377 -0.1772888 -0.8232273 -0.5660111 -0.04391089 -0.7852463 -0.6051872 -0.1309072 -0.8496562 -0.5262696 -0.03353474 -0.8276319 -0.5590608 -0.04976474 -0.8774627 -0.479644 0.0008972492 -0.8620126 -0.5067785 -0.01048319 -0.9905675 -0.137023 -0.0008644566 -0.8936194 -0.4488105 0.00369408 -0.9799855 -0.1987671 -0.0109565 -0.9686502 -0.2484279 -0.0007200062 -0.9993486 -0.03592202 -0.003439115 -0.9983237 -0.05748407 -0.006720121 -0.997085 -0.07624996 -0.002692953 -0.9995868 -0.02805772 -0.006257662 -0.9995328 -0.02968531 -0.00728446 -0.9996701 -0.02550947 -0.002988143 -0.9993162 -0.03632868 -0.00688868 -0.8126708 0.03629927 -0.5815914 -0.7999049 -0.1815514 -0.5720063 -0.8786068 0.1772882 -0.4434173 -0.8687523 0.1726369 -0.4641831 -0.9818492 0.03687937 -0.1860431 -0.7114704 -0.1825005 -0.6786039 -0.8802722 0.1469496 -0.4511395 -0.8510551 0.1450655 -0.5046397 -0.6268549 0.2276101 -0.7451487 -0.5392039 0.1117763 -0.8347246 -0.7734388 -0.03630468 -0.6328304 -0.6120799 -0.00707052 -0.7907643 -0.7837047 -0.2043626 -0.5865517 -0.9372762 -0.1728675 -0.3027046 -0.6752619 -0.3296932 -0.6597908 -0.7569884 -0.3026336 -0.5791213 -0.9323072 -0.2614744 -0.2498688 -0.6272452 0.3824686 -0.6784403 -0.9279388 0.1437925 -0.3438798 -0.7233849 0.2567358 -0.6409376 -0.966149 0.008041986 -0.2578595 -0.9705703 -0.03800302 -0.2378003 -0.8444694 -0.01565116 -0.535375 -0.6003443 -0.01067695 -0.7996703 -0.9077456 -0.0815017 -0.411528 -0.8927132 -0.1184868 -0.4347689 -0.7214887 -0.0920806 -0.6862764 -0.6482404 -0.1228491 -0.7514602 -0.9433544 -0.08269234 -0.3213169 -0.9544872 -0.1360889 -0.265394 -0.8156456 -0.2409231 -0.5260022 -0.5384689 -0.3119525 -0.782775 -0.9506817 -0.1754327 -0.2557881 -0.7277651 0.153357 -0.6684605 -0.9182706 0.04135613 -0.3937879 -0.8656157 0.0519646 -0.4980052 -0.698361 0.1501908 -0.6998104 -0.4198249 0.3540721 -0.8356913 -0.4434777 0.4010645 -0.8015453 -0.450346 0.3847877 -0.805684 -0.3307255 -0.6896945 -0.64416 -0.297843 -0.7327686 -0.6118332 -0.3613509 -0.7681958 -0.5284889 -0.327417 -0.6958045 -0.6392608 -0.2953175 -0.6287902 -0.7193125 -0.3672255 -0.5493868 -0.7505462 -0.3916891 -0.6177131 -0.6819167 -0.3605833 -0.5791156 -0.7311668 -0.4012462 -0.4744365 -0.783525 -0.3199082 -0.4676588 -0.8239866 -0.3947216 -0.3865006 -0.833554 -0.3864333 -0.3820106 -0.8394863 -0.4207079 -0.4542307 -0.7852893 -0.3381566 -0.2850573 -0.8968793 -0.4251452 -0.1971185 -0.8834002 -0.4070511 -0.2395379 -0.8814369 -0.4450953 -0.2744292 -0.852396 -0.3836616 -0.1427334 -0.9123765 -0.4376586 -0.09538922 -0.894067 -0.4146447 0.02081954 -0.9097452 -0.4198223 0.01337315 -0.9075078 -0.4254984 0.2476726 -0.8704076 -0.4460854 0.2196092 -0.8676288 -0.3878945 0.1721175 -0.9054907 -0.4179407 0.2371878 -0.8769649 -0.4759078 0.1034243 -0.8733929 -0.9105639 -0.332612 -0.2454436 -0.7572529 -0.4611542 -0.4624987 -0.9187397 -0.2636638 -0.2939367 -0.741317 -0.3894418 -0.5466116 -0.7790689 -0.3513602 -0.5192279 -0.4814565 -0.4730781 -0.7378325 -0.8876293 -0.3653382 -0.280432 -0.8745044 -0.4372046 -0.2099865 -0.9114593 -0.3809025 -0.1554194 -0.7160857 -0.4759045 -0.5106233 -0.715019 -0.476813 -0.5112702 -0.7257606 -0.4852926 -0.4876091 -0.6050243 -0.6192634 -0.5004582 -0.6747243 -0.6001142 -0.4296628 -0.7366609 -0.556009 -0.3849477 -0.549184 -0.7185842 -0.4266542 -0.6019887 -0.6854246 -0.4096374 -0.8056384 -0.5546941 -0.2079931 -0.9220396 -0.2392561 0.3043016 -0.8168147 -0.548889 0.1775797 -0.6535669 -0.7135078 0.2525012 -0.7806597 -0.6055415 0.1545634 -0.5530524 -0.8005176 0.230878 -0.8137488 -0.5723703 0.1010198 -0.7289026 -0.6759409 0.1086499 -0.5996311 -0.5625598 0.5691829 -0.3429079 -0.7980328 0.4955378 -0.5012293 -0.864733 -0.03171902 -0.707911 -0.6997603 -0.09590358 -0.7450837 -0.4270675 0.5123119 -0.5295857 -0.4961126 0.6880489 -0.8325323 -0.3432357 0.4348324 -0.9363258 -0.2553415 0.2410282 -0.8900229 -0.3720149 0.2635606 -0.8809076 -0.3861166 0.2737074 -0.713483 -0.5052248 0.4854791 -0.7307586 -0.4888947 0.4764177 -0.8917015 -0.3997261 0.2123384 -0.8088987 -0.5291416 0.2563045 -0.7960736 -0.5376307 0.277885 -0.5796795 -0.7331147 0.3556888 -0.4304758 -0.8845308 0.1797104 -0.5066888 -0.8608226 0.04744419 -0.7640877 -0.6419758 0.06353688 -0.4546738 -0.8900895 0.03181913 -0.7369506 -0.6759341 0.004087359 -0.4217519 -0.9057291 0.04219138 -0.5185638 -0.8461792 -0.1227692 -0.4559555 -0.8726457 -0.1749114 -0.7642422 -0.637938 -0.09470562 -0.5726458 -0.7995656 -0.1810296 -0.6209809 -0.4508379 0.6411926 -0.9006255 -0.3210398 0.2929286 -0.66142 -0.6540464 0.367079 -0.4973121 -0.7031553 0.5081862 -0.6018494 -0.7929394 0.0949979 -0.694643 -0.7189065 0.02538517 -0.4371369 -0.8954729 -0.08390182 -0.6774164 -0.7336597 -0.05339007 -0.7134805 -0.6995315 -0.04001683 -0.7177453 -0.6774415 -0.1609803 -0.8327821 -0.5401258 -0.1214001 -0.7825322 -0.5795692 -0.2274707 -0.868388 -0.48228 -0.1153619 -0.6892223 -0.5906808 0.4196056 -0.6142956 -0.6066632 0.5045798 -0.5919642 -0.7252185 0.3516198 -0.7652537 -0.6092937 0.2077207 -0.6018091 -0.7758741 0.1893283 -0.5674728 -0.7758589 -0.2757127 -0.6001173 -0.7537531 -0.2677974 -0.6569602 -0.6921266 -0.2989382 -0.8891578 -0.4562281 0.03541598 -0.878832 -0.4691055 0.08714514 -0.8731146 -0.4790385 0.09051532 -0.8801922 -0.4643094 0.09837951 -0.9479372 -0.3123772 0.06193197 -0.9239655 -0.3787726 0.05309474 -0.908438 -0.4110502 0.07601479 -0.9231454 -0.3827512 0.03611033 -0.9274906 -0.3730255 0.02476094 -0.97698 -0.2115841 0.02724494 -0.9631008 -0.2690521 0.006913679 -0.9474464 -0.3160199 0.04976576 -0.9547595 -0.2931626 0.04989932 -0.9277909 -0.3713927 0.03565795 -0.9666737 -0.2547961 0.02491725 -0.9930348 -0.117484 0.008909004 -0.9850565 -0.1669976 0.04213479 -0.981805 -0.1893467 0.01437846 -0.9806294 -0.1950574 0.01784568 -0.7114028 -0.6944082 0.1081816 -0.8382514 -0.5212219 0.1601951 -0.8538973 -0.5100644 0.1034106 -0.8350083 -0.5478566 0.05113196 -0.834901 -0.548143 0.04979589 -0.8100756 -0.5793236 0.09034266 -0.8277476 -0.5312273 0.1806417 -0.7884507 -0.5567065 0.2615786 -0.8333022 -0.5200166 0.1875904 -0.8682677 -0.1451363 0.4743909 -0.8719847 -0.1349015 0.4705788 -0.8600046 -0.2448509 0.4477054 -0.8689188 -0.2285322 0.4390365 -0.8408536 -0.3277245 0.430769 -0.9814984 -0.1745469 0.07870289 -0.9754094 -0.1945076 0.1036502 -0.9491374 -0.2867353 0.1300806 -0.9499851 -0.2820523 0.1340697 -0.7683208 -0.5603276 0.3093801 -0.7988707 -0.4931492 0.3443974 -0.8193253 -0.5235612 0.2336446 -0.7877448 -0.5582491 0.2604151 -0.8393639 -0.3559043 0.4108532 -0.9190301 -0.361705 0.1566942 -0.9038391 -0.4053469 0.1369989 -0.8150532 -0.4344297 0.3833527 -0.8048916 -0.4320733 0.4067705 -0.8661236 -0.466071 0.1805759 -0.869599 -0.4576673 0.1853058 -0.8058809 -0.4542335 0.3797733 -0.8155286 -0.532364 0.2269399 -0.7944816 -0.4993159 0.3456625 -0.8604591 -0.3827692 0.3363 -0.8569306 -0.435762 0.2752841 -0.7983787 -0.4672216 0.3798622 -0.7746365 -0.4742651 0.4183431 -0.7821949 -0.414552 0.4651 -0.7403669 -0.4038872 0.537338 -0.7975538 -0.4005314 0.4510904 -0.6176937 -0.4284969 0.6594276 -0.638682 -0.454303 0.6210428 -0.8029127 -0.3395352 0.489946 -0.7375062 -0.366087 0.5675076 -0.8192223 -0.3163711 0.4783139 -0.767171 -0.3296456 0.5502567 -0.8263407 -0.2301383 0.5140014 -0.8278552 -0.2270603 0.5129321 -0.8355988 -0.1198066 0.5361165 -0.7709434 -0.2812009 0.571465 -0.7907852 -0.228368 0.5678969 -0.8283087 -0.1343435 0.543927 -0.7863548 -0.1891764 0.5880973 -0.7922149 -0.1168187 0.5989565 -0.7880763 -0.04228914 0.6141232 -0.7946239 -0.06070089 0.6040599 -0.7995251 -0.0995578 0.5923241 -0.002320483 -0.944378 0.3288538 0.1422739 -0.9389848 0.3131543 0.01362273 -0.8904588 0.4548601 0.01766785 -0.8906055 0.4544334 -0.03349511 -0.8697346 0.4923817 0.09661666 -0.8570406 0.5061093 -0.03430642 -0.9543802 0.2966168 -0.0391578 -0.9540203 0.2971731 -0.03567651 -0.9535865 0.2989982 -0.03715751 -0.9545774 0.2956372 -0.04893237 -0.5154796 0.8555036 -0.1940237 -0.4968757 0.8458542 -0.2683516 -0.5259513 0.8070704 -0.5058618 -0.4394341 0.7422948 -0.7101141 -0.1520425 0.6874745 -0.6744769 -0.2913735 0.6783675 -0.7079113 -0.06175383 0.7035965 -0.7206287 -0.1253667 0.6818926 -0.7082074 -0.2029855 0.6761946 -0.6754814 -0.2639823 0.6885044 -0.6304148 -0.3655806 0.6847832 -0.653946 -0.3911683 0.6475662 -0.7215714 -0.01871629 0.692087 -0.7205501 -0.01940286 0.6931314 -0.7353169 0.02382351 0.6773046 -0.7463037 0.01481433 0.6654407 -0.6799169 0.005678364 0.7332672 -0.3575816 -0.0009872752 0.9338813 0.0003800946 0.0006114788 0.9999998 0.0005808752 0.000270726 0.9999998 0.0009899924 -0.0001846237 0.9999995 -0.003836983 -0.002961625 0.9999883 -1.379396e-06 0.00142205 0.999999 3.032073e-05 0.001036861 0.9999995 -0.0004889061 -5.759561e-06 0.9999999 -0.0002758386 0.0002991627 0.9999999 -0.001265632 -0.0007163101 0.999999 0.003311477 -0.003354299 0.9999889 0.3867913 -0.002171227 0.9221647 0.1906441 -0.2666309 0.9447554 0.5462391 -0.3153501 0.7760007 0.57091 -0.1746511 0.8022212 0.3951283 -0.05841453 0.9167668 0.4130488 -0.4806387 0.7735484 0.3548164 -0.4684329 0.8091205 0.4260576 -0.4461733 0.7870224 0.2963485 -0.419742 0.857901 0.747034 -0.2716971 0.6067299 0.7006996 -0.3122301 0.6415079 0.6782003 -0.3138944 0.6644657 0.6340542 -0.3434051 0.6928551 0.671564 -0.3710291 0.6413572 0.59981 -0.4086789 0.6879023 0.5791858 -0.3817704 0.7202744 0.6773365 -0.283935 0.6786723 0.7397455 0.001042342 0.672886 0.7585076 0.01787766 0.651419 0.7454155 -0.002429707 0.6665956 0.7430504 -0.09389493 0.662616 0.7205963 -0.1487313 0.6772148 0.7442751 -0.1030192 0.6598801 0.7646721 -0.1082605 0.6352606 0.7789267 -0.1700938 0.6036069 0.7567148 -0.2005274 0.6222311 0.7279659 -0.2042313 0.6544885 0.8484693 -0.3232128 0.4190865 0.8658047 0.03964218 0.4988094 0.8627316 0.04546295 0.5036142 0.8158906 0.04932469 0.5760986 0.7968057 0.06865211 0.6003229 0.783897 0.02167546 0.6205124 0.8668262 -0.0198485 0.4982152 0.8587667 -0.0020675 0.5123626 0.8143014 0.01346639 0.5802858 0.7887529 0.004314639 0.6146952 0.7868515 -0.005126057 0.6171211 0.8835276 -0.08633807 0.460353 0.8639526 -0.06132933 0.4998246 0.8532369 -0.06105032 0.5179377 0.7922056 -0.01614342 0.6100406 0.8941905 -0.1582861 0.4187706 0.8377727 -0.07913534 0.5402541 0.8003897 -0.06782041 0.5956314 0.8059748 -0.02820287 0.5912776 0.8765234 -0.2333584 0.4210113 0.8759521 -0.1831387 0.4462827 0.8369228 -0.160552 0.5232431 0.8479732 -0.1758124 0.5000313 0.8490263 -0.2915403 0.4406344 0.7971445 -0.1685067 0.5797983 0.8076472 -0.1546743 0.5690182 0.7861001 -0.2761044 0.5530036 0.8047811 -0.2755215 0.525752 0.789068 -0.2831366 0.5451653 0.9299061 -0.1690352 0.326652 0.9751519 -0.1415098 0.1704518 0.9267349 -0.0939959 0.363768 0.9724931 -0.07990766 0.2187968 0.915144 -0.03102649 0.4019314 0.9996596 -0.02578229 0.004008322 0.782487 0.2418907 0.5737622 0.9865029 -0.02300371 0.1621191 0.9423862 0.06554398 0.328043 0.6400385 0.2334 0.732035 0.6459407 0.2328541 0.7270073 0.9756476 0.05757223 0.2116535 0.6326726 0.3496386 0.690998 0.6529717 0.09209597 0.7517622 0.8963105 0.03890514 0.4417169 0.6358775 0.1038884 0.764766 0.7155516 0.1077529 0.6901993 0.8515345 0.1265892 0.5087868 0.8504658 0.1266403 0.5105587 0.7897248 0.2421972 0.5636269 0.9002555 0.08669321 0.4266433 0.4168627 0.2980344 0.8587205 0.4281523 0.4098899 0.8054042 0.4390795 0.3928239 0.8080214 0.3964998 -0.3397859 0.8528385 0.3924429 -0.3401449 0.8545701 0.3964569 -0.3266893 0.8579603 0.4492977 -0.2681729 0.8521824 0.415824 -0.2204539 0.8823211 0.4266685 -0.1134576 0.8972633 0.4183722 -0.1921515 0.8877175 0.3377729 -0.2746432 0.9002669 0.3950972 -0.1526944 0.9058601 0.4036693 0.01431532 0.914793 0.4196236 -0.03724855 0.9069336 0.4259747 0.1186042 0.8969273 0.41777 0.1823973 0.8900559 0.4592503 0.06315231 0.8860592 0.4271491 0.2762097 0.8609599 0.3692635 -0.7232286 -0.5835965 0.358553 -0.7123258 -0.6033505 0.3198228 -0.7983969 -0.5101723 0.4066275 -0.3659647 0.8370925 0.3858058 -0.4568048 0.8015505 0.378067 -0.4348784 0.8172797 0.3187644 -0.8724202 -0.3705026 0.3384601 -0.8447044 -0.4146314 0.3487659 -0.8451297 -0.4051148 0.3657807 -0.8917439 -0.2664531 0.3540785 -0.9003882 -0.2528428 0.3460633 -0.9281852 -0.136793 0.3646153 -0.9150549 -0.1724242 0.2750343 -0.921006 -0.2758698 0.3318049 -0.9418916 -0.05240048 0.3421991 -0.9285284 -0.1439958 0.3398223 -0.938594 0.05968422 0.3807114 -0.9225719 0.06260957 0.3490105 -0.9369777 0.01626865 0.3776341 -0.9188206 0.1147221 0.3535548 -0.9117888 0.2089025 0.3239491 -0.9386169 0.1185544 0.3889226 -0.8797277 0.2735292 0.3577142 -0.8778986 0.3183311 0.3758815 -0.8223641 0.4271188 0.3903604 -0.8560203 0.3388925 0.3060475 -0.9088433 0.2834409 0.3583353 -0.781151 0.5112719 0.3880225 -0.8105442 0.4386988 0.3575859 -0.7352085 0.5758477 0.293466 -0.8421454 0.4524034 0.3926821 -0.7153634 0.5779759 0.3768262 -0.7076644 0.5976731 0.3775166 -0.6390968 0.6701018 0.4322478 -0.5584078 0.7080555 0.3688832 -0.6075405 0.7034342 0.3362436 -0.7306764 0.594182 0.3344609 -0.5953537 0.7305409 0.8548118 -0.4375477 -0.2790139 0.6250379 -0.6651158 -0.4085934 0.932018 -0.3271439 -0.155946 0.8875297 -0.4355821 -0.1501976 0.4952607 -0.8377835 -0.2298599 0.7315251 -0.642226 -0.2289471 0.8680332 -0.4765158 -0.1394667 0.6745142 -0.7224327 -0.1520573 0.3807171 -0.9139438 -0.1405739 0.9289315 -0.3684933 -0.03604012 0.7753245 -0.630109 -0.04283334 0.6737006 -0.7386484 -0.02293639 0.6818104 -0.605569 -0.4103906 0.4933955 -0.6755053 -0.5479539 0.6284263 -0.6835852 -0.371203 0.7120338 -0.6244218 -0.3211003 0.4698485 -0.7826402 -0.4083096 0.8285309 -0.5150736 -0.219626 0.7537165 -0.6495256 -0.1001408 0.8764129 -0.4751333 -0.07841404 0.6021863 -0.7956203 -0.0660309 0.8920769 -0.4354975 -0.1205851 0.4885195 -0.8079197 -0.3295672 0.7094168 -0.6452799 -0.283446 0.9743538 -0.2177855 -0.05660589 0.9843145 -0.170049 -0.04699329 0.9817912 -0.1878783 -0.02806639 0.9762385 -0.2066046 -0.0653683 0.9843077 -0.1588173 -0.07691128 0.9749829 -0.1854418 -0.1225549 0.9843545 -0.1359718 -0.1120619 0.9855917 -0.1580803 -0.06016513 0.956252 -0.2823297 -0.07662908 0.9631681 -0.2496875 -0.09981707 0.930227 -0.3414742 -0.1344355 0.9563898 -0.255265 -0.1419797 0.96263 -0.1923435 -0.1906502 0.9673092 -0.2084637 -0.1444154 0.9483756 -0.2611448 -0.1799641 0.9287696 -0.3453877 -0.1345154 0.9291918 -0.3448747 -0.132906 0.9151226 -0.279456 -0.2906115 0.9133613 -0.3288112 -0.240113 0.9268265 -0.3306429 -0.1779551 0.8698457 -0.3929538 -0.2982546 0.9372496 -0.2342481 -0.258246 0.9704922 -0.180003 -0.1604489 0.9127899 -0.2795881 -0.2977332 0.9317281 -0.2270097 -0.2834595 0.9300818 -0.2193096 -0.2947055 0.8585255 -0.3459873 -0.3784531 0.8765528 -0.3582943 -0.3213727 0.9662568 -0.2188354 -0.1358637 0.9867381 -0.1618603 0.01221471 0.9904144 -0.1335435 -0.03529137 0.9933217 -0.1127038 0.02469647 0.9910012 -0.1303867 -0.03026359 0.9773634 -0.1803161 -0.1106659 0.9859814 -0.1563174 0.05835653 0.9890873 -0.1433464 -0.03403163 0.9771749 -0.1830074 -0.1078768 0.9824525 -0.1821915 0.03991682 0.8818958 -0.3359576 0.330745 0.8660939 -0.4457097 0.2263274 0.8898648 -0.3738874 0.2614364 0.8944564 -0.3234656 0.3087357 0.9464709 -0.1937733 0.2581565 0.9696145 -0.1906624 0.1532825 0.9675719 -0.1783393 0.1788844 0.9718401 -0.2032569 0.1192205 0.913556 -0.348812 0.2091549 0.9787146 -0.182448 0.09396967 0.9757547 -0.1669827 0.1414905 0.9516349 -0.2250113 0.2091914 0.9312356 -0.2588886 0.2564702 0.9452693 -0.2052685 0.253635 0.9526163 -0.2200325 0.2100191 0.9801645 -0.1387222 0.1415409 0.9672158 -0.1819053 0.1772124 0.9626677 -0.2464437 0.1119659 0.9626684 -0.2463067 0.1122615 0.9716375 -0.2034 0.1206187 0.9410902 -0.2902959 0.1734288 0.9367246 -0.3010537 0.178644 0.9544566 -0.2628414 0.1411633 0.9280457 -0.3086061 0.2085504 0.944178 -0.2677802 0.1918891 0.1918128 -0.7014598 0.6864123 -0.03467493 -0.3832971 0.9229741 0.2844598 -0.699464 0.6556165 0.1340512 -0.7949281 0.5917091 0.1368469 -0.4969538 0.8569189 -0.003114663 -0.4189342 0.9080112 0.04447664 -0.3743348 0.9262264 -0.06748725 -0.5351972 0.842027 -0.1368597 -0.2809548 0.9499125 -0.1786556 -0.4457659 0.8771402 -0.174103 -0.2970801 0.9388459 -0.1931586 -0.27079 0.9430603 -0.1785191 -0.445191 0.8774599 -0.6243731 -0.1615969 -0.7642282 -0.8203886 -0.1465409 -0.5527099 -0.9665462 -0.2239607 0.1250192 -0.952805 -0.2050989 0.2238239 -0.9383503 -0.2392798 0.2494874 -0.906612 -0.219589 0.3603265 -0.4848435 -0.3154102 0.8157471 -0.3295927 -0.2751743 0.9031321 -0.2009932 -0.1323478 -0.970611 -0.7396606 -0.1941367 -0.6443703 -0.8570477 -0.441002 -0.266433 -0.9220499 -0.2261765 -0.3141148 -0.7598076 -0.513272 0.3990544 -0.7387964 -0.2626368 0.6206463 -0.2087521 -0.3889748 -0.8972854 -0.2101271 -0.3867612 -0.8979211 -0.3212928 -0.1781532 -0.9300711 -0.3403104 -0.1562208 -0.9272453 -0.4726259 -0.1855314 -0.8615121 -0.4794381 -0.1755897 -0.8598298 -0.5875043 -0.187529 -0.7871922 -0.6617266 -0.2775928 -0.6964626 -0.7116609 -0.1410065 -0.6882268 -0.7802039 -0.2592902 -0.5692543 -0.8713899 -0.1985844 -0.4486022 -0.8701551 -0.167423 -0.463465 -0.9141051 -0.2431341 -0.3244961 -0.9598524 -0.2247064 -0.1678997 -0.9578166 -0.2466097 -0.1475503 -0.9822794 -0.1874225 0.0001297539 -0.9645188 -0.2619562 0.03289945 -0.9523625 -0.2638501 0.1529339 -0.9010825 -0.2999258 0.3132009 -0.86189 -0.3808538 0.3348075 -0.8330816 -0.2727123 0.4812516 -0.8124986 -0.2985064 0.5007394 -0.7520068 -0.4897355 0.4411859 -0.7422435 -0.2862023 0.6059396 -0.6236096 -0.3006223 0.7216213 -0.6281219 -0.2940397 0.720419 -0.4689213 -0.3310545 0.8188503 -0.4691926 -0.2959711 0.8320213 -0.2911538 -0.3490449 0.8907284 -0.3171931 -0.3925613 -0.8632984 -0.3205157 -0.3853345 -0.8653249 -0.4589931 -0.4245544 -0.780435 -0.6888771 -0.2422685 -0.6831942 -0.6882021 -0.3179309 -0.6521487 -0.7457422 -0.4084281 -0.5263603 -0.7483202 -0.4034646 -0.5265294 -0.7895688 -0.4550236 -0.4117457 -0.7818201 -0.4668436 -0.4132969 -0.8900723 -0.4167536 -0.1846286 -0.8882121 -0.4409386 -0.1290435 -0.8812773 -0.4667409 0.07418475 -0.8695459 -0.4453049 0.2135266 -0.9110996 -0.3657061 0.1901492 -0.8334281 -0.2759142 0.4788204 -0.6319155 -0.5657359 0.5297412 -0.6411667 -0.436309 0.6313001 -0.4915291 -0.6162475 0.6153358 -0.4642371 -0.3081516 0.8303773 -0.3040785 -0.409797 0.8600016 -0.02821491 -0.9932402 -0.1125959 -0.2030131 -0.9213978 -0.3313787 -0.03829446 -0.9960241 -0.08043378 -0.1522492 -0.9771397 -0.1483858 -0.2414168 -0.9385973 -0.2464814 -0.1897999 -0.9740498 -0.1233005 -0.2513161 -0.9597476 -0.1253985 -0.3371795 -0.923582 -0.1825003 -0.003824064 -0.9995117 0.0310134 -0.432169 -0.48337 -0.7613037 -0.549543 -0.407567 -0.729309 -0.534086 -0.554283 -0.6383748 -0.5731314 -0.6088498 -0.5484728 -0.6393974 -0.5236799 -0.5629656 -0.6563175 -0.6355241 -0.4066405 -0.7708398 -0.6359149 -0.03766024 -0.8189874 -0.5631817 0.1099365 -0.7274107 -0.6308175 0.2700794 -0.6390905 -0.6760048 0.3668525 -0.6730058 -0.5917705 0.4437011 -0.5234951 -0.7332286 0.4339685 -0.502628 -0.5854195 0.6361204 -0.4226938 -0.6904948 0.5869811 -0.354228 -0.6843773 0.6372991 -0.3511651 -0.6435197 0.6801217 -0.2419458 -0.6477685 0.7223976 -0.2460207 -0.6857246 0.6850224 -0.2040676 -0.6379916 -0.7425113 -0.2517671 -0.7020141 -0.6661752 -0.2127057 -0.8589893 -0.4657184 -0.1732709 -0.8954752 -0.4100016 -0.2950088 -0.6533352 -0.6972252 -0.2223388 -0.8888839 -0.4005632 -0.2433874 -0.8775313 -0.4131603 -0.3495105 -0.7621306 -0.5449765 -0.2256396 -0.9319773 -0.2837343 -0.4299268 -0.6887251 -0.5837984 -0.3909913 -0.7920523 -0.4688058 -0.3415167 -0.881362 -0.3264467 -0.425258 -0.8378952 -0.34218 -0.4605002 -0.8151084 -0.3514796 -0.408528 -0.8874169 -0.2135323 -0.5083036 -0.807505 -0.2992712 -0.7664948 -0.5014266 -0.4013193 -0.6573229 -0.7433373 0.1240014 -0.1705866 -0.6702253 -0.7222868 -0.1074866 -0.9274899 -0.3580629 -0.3556483 -0.6993412 -0.6200292 -0.472266 -0.739358 -0.4799109 -0.5972843 -0.7758904 -0.2030897 -0.7019735 -0.6820874 -0.2049146 -0.7605988 -0.5840849 -0.2834332 -0.8215435 -0.5514815 -0.1446879 -0.6045058 -0.7830482 -0.1463162 -0.4246301 -0.9044611 -0.0404873 -0.609603 -0.7926937 -0.004542547 -0.7882155 -0.593519 0.1626392 -0.5585805 -0.8135278 0.1617413 -0.5617923 -0.8106601 0.1649839 -0.7466598 -0.5923592 0.3026711 -0.4231593 -0.8677666 0.2606096 -0.3968503 -0.8442688 0.3601668 -0.5040089 -0.644904 0.5745206 -0.2251459 -0.8723552 0.433942 -0.1100353 -0.8816398 0.4589155 -0.2037527 -0.9774225 -0.05594769 -0.4785116 -0.8645255 -0.1536955 -0.7734907 -0.6326128 -0.0388978 -0.5750867 -0.818006 0.01188742 -0.3018092 -0.9523633 0.04376571 -0.4345126 -0.882472 0.1801165 -0.2623701 -0.8921228 0.3678026 -0.150057 -0.890415 0.4297023 -0.08876079 -0.9663201 0.2415513 -0.3263809 -0.943252 -0.06124692 -0.2035508 -0.9789761 -0.01315349 -0.3124921 -0.9431201 0.1134596 -0.3416407 -0.9308954 0.1292875 -0.1509202 -0.9846618 0.08754572 -0.5053155 -0.8170074 0.2777682 -0.6628094 -0.3905391 0.6388763 -0.1699474 -0.9559661 0.2392625 -0.4185437 -0.7904378 0.4472463 -0.2322987 -0.9083134 0.3478565 -0.0168541 -0.9993978 0.03033375 -0.2410029 -0.8203557 0.5185886 -0.07111185 -0.9869706 0.1443333 -0.3267184 -0.9442254 0.04115391 -0.1664068 -0.9744374 0.1509321 -0.3166237 -0.9126074 0.2586448 0.1477648 -0.6212519 0.7695529 0.02289663 -0.5682902 0.8225096 0.0610338 -0.7065744 0.7050017 -0.1402434 -0.6183982 0.7732499 -0.05477545 -0.9777961 0.2022732 -0.005492827 -0.3709007 0.9286563 0.0498136 -0.6291342 0.7756988 -0.08901747 -0.8998926 0.42693 -0.125857 -0.8208198 0.5571488 -0.01435538 -0.9579681 0.2865153 -0.04316884 -0.790756 0.6106073 -0.03718827 -0.7163845 0.6967139 -0.07459967 -0.687688 0.7221636 0.8989143 -0.3417032 0.2742116 0.9064495 -0.331401 0.2617683 0.9403136 -0.2866403 0.1834328 0.9093752 -0.3226418 0.2625621 0.7275581 -0.3483792 0.5910087 0.7859643 -0.3604627 0.5023214 0.8122813 -0.3869124 0.4364605 0.7820329 -0.3933153 0.4834538 0.8300236 -0.3838606 0.404613 0.07321079 -0.8203889 0.5671 -0.2203236 -0.9061186 0.3611184 0.8203216 -0.3566519 0.4470703 0.7872996 -0.342112 0.512951 0.7768276 -0.3189737 0.54295 0.84154 -0.354864 0.407286 0.8383636 -0.3472524 0.4201931 0.8987944 -0.3368528 0.2805335 0.9249735 -0.2618653 0.2754097 0.9159194 -0.3058767 0.2598675 0.9191791 -0.2758749 0.2810743 0.946044 -0.2728227 0.1748387 0.9434761 -0.287113 0.1655868 0.9513379 -0.2063417 0.2288655 0.984143 -0.1406355 0.1080938 0.9828513 -0.1465656 0.1119013 0.9674696 -0.2144163 0.1342687 0.9720399 -0.2107328 0.1035855 0.9944428 -0.08402032 0.06343506 0.9909123 -0.1169094 0.06652214 0.9924943 -0.1135718 0.04534827 0.9995158 -0.02981425 0.008905442 0.9994596 -0.03154475 0.00924641 0.9937306 -0.1048808 0.0387227 0.9988867 -0.04382281 0.01746627 0.9926933 -0.1126989 0.04311595 0.9990605 -0.042712 0.00733141 0.9992808 -0.03237772 0.01974033 0.9446863 -0.2341857 0.229619 0.9669219 -0.2289453 0.1124561 0.6493353 -0.2771099 0.7082188 0.7506888 -0.1747054 0.6371377 0.7720464 -0.1818741 0.6089878 0.8549861 0.02081536 0.5182329 0.9003749 -0.1825802 0.394955 0.7699397 -0.2812422 0.5727964 0.9565752 -0.1053061 0.2717989 0.9068708 -0.1818049 0.3801741 0.9465317 -0.05655184 0.3176156 0.9163342 -0.07910253 0.3925233 0.9196128 -0.05598243 0.3888165 0.7762644 -0.09377303 0.6233941 0.7650091 -0.08644267 0.6381918 0.9198984 -0.03891468 0.3902211 0.6433353 -0.03074249 0.7649671 0.7802377 0.006749874 0.6254466 0.7295754 -0.6080325 0.3130754 0.720611 -0.4547452 0.5233799 0.7552675 -0.4178205 0.5049722 0.7364518 -0.3453949 0.5816709 0.8769746 -0.4684737 0.1069948 0.9175376 -0.3805724 0.1152792 0.7237502 -0.6606127 0.1994404 0.7537609 -0.6196532 0.2188023 0.9079299 -0.3827225 0.1708414 0.6814421 -0.6663111 0.3027642 0.8333968 -0.4172891 0.3623805 0.6941639 -0.5652375 0.4456939 0.9450393 -0.2528332 0.2073064 0.9112124 -0.278185 0.3038173 0.9587966 -0.1666354 0.2300909 0.6195191 -0.7323479 0.2826 0.8817773 -0.426104 0.202248 0.7173534 -0.5921335 0.3671266 0.880222 -0.4170982 0.2263587 0.6146554 -0.6400594 0.4610019 0.8394226 -0.4620218 0.2861913 0.688135 -0.567669 0.4519095 0.4945145 -0.4114079 0.7656363 0.917272 -0.3242243 0.2312808 0.7503387 -0.4757718 0.4589476 0.8752475 -0.2841479 0.3914101 0.6894878 -0.3770746 0.6184021 0.9877051 -0.121845 0.09794093 0.9852231 -0.1573614 0.06762174 0.9885827 -0.1248985 0.08428923 0.9881931 -0.1420827 0.05733234 0.9848776 -0.1665973 0.04755408 0.9880744 -0.141583 0.0605245 0.9813323 -0.1820966 0.06186849 0.983416 -0.1672048 0.0702543 0.9900702 -0.1343523 0.04135848 0.8127702 -0.5747983 0.09492909 0.5782803 -0.7985336 0.1671405 0.6899305 -0.7053896 0.1625468 0.5694618 -0.8208658 -0.04350541 0.9261866 -0.3737791 0.04967437 0.7998181 -0.5999889 -0.01744204 0.9007927 -0.4342478 -0.001160807 0.6763015 -0.7337075 0.06549421 0.002238655 -0.9619953 0.2730567 0.000243059 -0.9666082 0.2562588 -0.004342393 -0.968824 0.2477119 -0.00338054 -0.9687008 0.2482082 -0.004795849 -0.9703193 0.2417795 -0.001038297 -0.9684486 0.2492108 -0.001018711 -0.9685443 0.248839 -0.0002366175 -0.9679281 0.2512272 0.0004625554 -0.966777 0.2556207 0.003987665 -0.9673084 0.2535716 0.01567152 -0.9560781 0.2926928 0.0005668684 -0.9666334 0.2561632 0.0002041196 -0.9676147 0.2524318 0.0001314904 -0.9681532 0.2503586 0.4512179 -0.668653 0.5910208 0.4693291 -0.7015626 0.5362275 0.2988889 -0.8025019 0.5163876 0.1915785 -0.8990669 0.3936704 0.2725107 -0.7463804 0.607169 0.4297631 -0.5812902 0.6909452 0.1693268 -0.9044574 0.3915166 0.3105273 -0.5914065 0.744185 0.2160811 -0.6694359 0.7107491 0.1344101 -0.8317553 0.5386251 0.07057305 -0.9353557 0.3465967 0.2938057 -0.5336416 0.7930352 0.1612296 -0.5619228 0.8113247 0.03531013 -0.4491717 0.8927475 0.120946 -0.7170613 0.6864367 0.1987144 -0.7393656 0.6433126 -0.02154429 -0.54402 0.8387957 -0.01428362 -0.494865 0.8688524 -0.01229155 -0.4348453 0.9004214 -0.006768374 -0.3863441 0.9223298 0.008444188 -0.3489369 0.9371081 0.004912423 -0.3831434 0.9236758 0.004456456 -0.3797207 0.9250904 0.02785911 -0.3896218 0.9205534 0.224423 -0.4694934 0.853938 0.01522944 -0.3484219 0.9372141 0.09546854 -0.415025 0.9047872 0.04450046 -0.3895692 0.9199215 0.1329077 -0.4186263 0.8983805 0.1383074 -0.4206399 0.8966232 -0.0002619533 -0.03504037 0.9993859 -0.0001320937 -0.03497859 0.999388 -0.0002108816 -0.03488681 0.9993913 4.893521e-06 -0.03510867 0.9993834 0.0005509554 -0.0351897 0.9993805 0.0001095314 -0.03499793 0.9993874 0.0001887603 -0.03489331 0.999391 -0.9957612 -0.04063645 -0.08251303 -0.9993462 -0.03591303 0.004161128 -0.9993268 -0.03585465 0.007762338 0.02793 -0.2840396 0.9584057 0.01039961 -0.3001195 0.953845 0.049771 -0.301651 0.9521185 0.07693508 -0.2623327 0.9619057 0.01313825 -0.1354706 0.9906943 0.02436469 -0.1586152 0.9870398 0.01341281 -0.1497978 0.9886256 0.01255185 -0.08770075 0.9960678 -0.3643383 -0.5378467 0.760249 -0.834197 -0.2740016 0.4785796 -0.5046365 -0.4187059 0.7550016 -0.8223907 -0.3607985 0.4398841 0.00103357 -0.5183944 0.855141 -0.0003896951 -0.475137 0.8799118 0.5586599 -0.4061622 0.7231399 0.5466264 -0.4636069 0.6973293 0.9073492 -0.2673023 0.3244488 0.9134691 -0.2135938 0.3463407 0.9986978 -0.03710147 -0.03501608 0.9993808 -0.03518266 0.0003491558 0.9993785 -0.03518164 0.00220743 -0.1260273 -0.398303 0.9085548 -0.1156318 -0.4167833 0.9016213 -0.01790838 -0.3287132 0.9442599 -0.02140036 -0.3791064 0.9251056 -0.06980257 -0.3075763 0.9489596 -0.00974092 -0.1897507 0.9817839 -0.03711203 -0.2870177 0.9572061 -0.01239538 -0.0599621 0.9981237 -0.01741343 -0.1637968 0.9863404 -0.006080039 -0.3960848 0.9181938 -0.0511766 -0.4653775 0.8836316 -0.1795253 -0.4660352 0.8663613 -0.1270581 -0.4395621 0.8891802 -0.5102729 -0.44857 0.733762 -0.3940139 -0.1914292 0.8989482 -0.3486331 -0.3822465 0.8557702 -0.2988911 -0.0974063 0.949303 -0.4512037 -0.2862269 0.8452747 -0.3494335 -0.3165791 0.8818582 -0.5653327 -0.3984295 0.7222553 -0.5254596 -0.05198165 0.849229 -0.370347 -0.1869204 0.9098922 0.007593104 -0.490495 0.8714109 -0.0009374266 -0.5167604 0.8561295 -0.0007422324 -0.4209597 0.907079 0.004532479 -0.4850136 0.8744948 -0.8476583 0.01166064 0.5304145 -0.8449146 0.08016852 0.5288594 -0.7625419 0.02760483 0.6463496 -0.772018 0.02658081 0.6350447 -0.7995434 0.05269465 0.5982924 -0.8080168 0.04203172 0.5876581 -0.837213 0.04502337 0.5450205 -0.8706474 -0.1192437 0.4772359 -0.7817597 0.01111795 0.6234806 -0.7855263 0.01401937 0.6186696 -0.8547268 -0.05987575 0.5156131 -0.8542635 -0.03436778 0.5187029 -0.8051914 0.001100981 0.593014 -0.843639 -0.00113433 0.5369098 -0.8118523 0.007991684 0.5838081 -0.8599395 -0.04288397 0.5085912 -0.8270358 -0.04051534 0.5606872 -0.8289658 -0.03237075 0.5583618 -0.9568736 -0.007668893 0.2904033 -0.958736 -0.0443835 0.2808121 -0.9808697 -0.1044838 0.1642497 -0.9877486 -0.01152994 0.1556271 -0.981409 -0.1149091 0.1537288 -0.9871268 -0.1433646 0.07090293 -0.9944575 -0.06917132 0.07918125 -0.9998137 -0.01851513 0.005455626 -0.9993989 -0.03326076 0.009772107 -0.9994131 -0.03420423 0.001904069 -0.9980387 -0.06198487 0.008756119 -0.9980833 -0.06123019 0.008977629 -0.9946116 -0.1026163 0.01475598 -0.9996591 -0.02590439 0.003247771 0.438711 -0.8438431 -0.3089681 0.5766401 -0.7999749 0.165911 0.8283529 -0.554227 -0.08163247 0.3631751 -0.9317076 -0.004989054 0.1619111 -0.9830356 -0.08617393 0.6480677 0.2081609 -0.7325826 0.8925346 -0.2104257 -0.3988773 0.9441091 0.1047433 -0.3125492 0.007692583 -0.996514 0.08307107 -0.01970667 -0.9997773 -0.007552937 3.730935e-05 -1 -0.0001222012 0.9999935 -0.002372335 0.002730874 0.9992936 -0.03755678 -0.001412762 0.9546193 0.005323298 0.2977809 0.9365368 -0.005238038 0.3505302 0.7615677 0.006596817 0.6480519 0.7152585 -0.007709822 0.6988174 0.5892751 -0.634685 0.4999299 0.4861714 -0.41249 0.7703826 0.4546548 -0.5694883 0.6848153 0.7454051 -0.4008098 0.5326564 0.1853609 -0.4966572 0.8479227 0.2116807 -0.5287133 0.8219815 -0.05280032 -0.8151508 0.5768374 -0.0507396 -0.814425 0.5780462 -0.09260716 -0.8191411 0.5660668 -0.07498725 -0.8256484 0.5591795 -0.07932501 -0.8286294 0.5541487 -0.06917068 -0.8495088 0.5230203 0.8852158 -0.3977111 0.2412858 0.8110889 -0.5226536 0.2626177 0.3175898 -0.8333058 0.4524798 -0.3091004 -0.9501309 0.04133017 -0.4186535 -0.9081094 0.008148593 -0.5243074 -0.8502641 0.04639653 -0.4594918 -0.8876913 -0.02952203 -0.740207 -0.6721827 -0.01625017 -0.7454894 -0.6665078 -0.003586042 -0.54523 -0.8382057 -0.01163932 -0.661265 -0.7489885 -0.04177226 -0.6991826 -0.713877 0.03902981 -0.5281063 -0.8490115 0.01682559 -0.5253351 -0.8508279 0.01072187 -0.8249874 -0.5651478 -0.001914575 -0.8035532 -0.594174 0.03548763 -0.7947808 -0.6065722 0.01984251 -0.7527382 -0.6579681 0.02152248 -0.6084417 -0.7920099 0.05018892 -0.7295759 -0.6819504 0.05159861 -0.8071173 -0.59026 -0.01244401 -0.7192827 -0.694714 0.002230495 -0.7488131 -0.6627257 0.008579569 -0.8068669 -0.5905975 -0.01266706 -0.6635725 -0.7478802 0.0186196 -0.5570336 -0.8301364 0.02423136 -0.6719366 -0.7406031 0.002888859 -0.645633 -0.7635705 -0.01086785 -0.7342936 -0.6780314 -0.03295722 -0.8174974 -0.5750316 -0.0321964 -0.7621962 -0.6469377 -0.02298876 -0.8282886 -0.5602368 0.008531884 -0.8171047 -0.5762469 0.01671227 -0.07882442 -0.9765572 -0.2003065 -0.06991278 -0.97865 -0.1932776 -0.07146233 -0.9785234 -0.1933526 0.006322405 -0.9804092 -0.1968699 -0.1513018 -0.971101 -0.1845818 -0.09474307 -0.9765091 -0.1935298 -0.09206082 -0.9775708 -0.1894208 -0.08095193 -0.9794963 -0.1844827 0.484989 -0.7227972 -0.4922905 0.7608278 -0.6044502 -0.2361802 0.5556948 -0.6992335 -0.4497508 0.2538036 -0.751545 -0.6089038 0.3417184 -0.7774099 -0.5280743 0.5479829 -0.7342543 -0.400731 0.2004817 -0.7715871 -0.6037055 0.3409224 -0.7777364 -0.5281081 0.3546011 -0.7797517 -0.5159896 0.5951422 -0.6924837 -0.4077649 0.5367411 -0.7457685 -0.3946371 0.6613194 -0.7039701 -0.259003 0.5903767 -0.7230301 -0.3587241 0.163622 -0.7557506 -0.634089 0.01043727 -0.7228734 -0.6909016 0.08702657 -0.7064281 -0.7024143 -0.07722791 -0.6547413 -0.7518973 -0.1251594 -0.6422547 -0.7562038 -0.2273533 -0.490342 -0.8413532 -0.1922039 -0.5672983 -0.8007686 -0.1164233 -0.5280064 -0.8412223 -0.2191201 -0.4643596 -0.8581122 -0.0867906 -0.6234938 -0.7769961 -0.1894928 -0.5765085 -0.7948147 -0.08994927 -0.597018 -0.7971691 -0.0202528 -0.4980383 -0.8669186 -0.1189396 -0.5844116 -0.8026932 0.07514852 -0.647828 -0.7580709 0.1794602 -0.7515056 -0.6348491 0.06866252 -0.7035774 -0.7072937 0.07844967 -0.6473113 -0.7581779 0.1963364 -0.7451233 -0.6373721 0.99869 0.04591918 -0.02257561 0.9614118 -0.1032557 -0.2550013 0.9751549 0.02578413 -0.2200183 0.9206868 0.05331071 -0.3866441 0.8801932 -0.1345082 -0.4551564 0.8685445 0.008973093 -0.49553 0.7725792 0.05415497 -0.6326047 0.7453086 -0.1624144 -0.6466349 0.6511379 0.138679 -0.746182 0.5705763 -0.2809984 -0.7716753 0.4998777 0.3237761 -0.8033003 0.3728985 -0.3647625 -0.8531677 0.3398564 0.2056992 -0.9177067 0.1818162 -0.1795792 -0.9667959 0.1551325 0.07207154 -0.9852611 -0.03872431 0.01134767 -0.9991855 -0.08197165 -0.1804804 -0.9801568 -0.167522 0.06985097 -0.9833907 -0.3100161 -0.007533343 -0.9507015 -0.338762 -0.1489885 -0.9290009 -0.4280717 0.08053775 -0.900149 -0.5601066 -0.1253787 -0.8188777 -0.5496422 -0.002179925 -0.8353973 -0.6684906 0.1177371 -0.734342 -0.7101904 -0.1684426 -0.6835617 -0.7606617 0.1187007 -0.6382037 -0.8271163 -0.1591536 -0.5390259 -0.8483815 0.1631191 -0.503628 -0.916758 -0.1808985 -0.3561328 -0.936281 0.1711214 -0.3067498 -0.9730524 -0.159576 -0.1664473 -0.99073 0.03113421 -0.1322291 -0.8100408 -0.5798555 -0.08718676 -0.7521474 -0.6496735 0.1104475 -0.8390711 -0.5438179 0.01489561 -0.8549267 -0.5159725 0.05359884 -0.8036952 -0.5868949 0.09812409 -0.6456338 -0.7603935 0.07041852 -0.8131766 -0.5779141 0.06898757 -0.5398141 -0.8284745 0.1490999 -0.7450858 -0.6562673 0.1189983 -0.4595839 -0.8747901 0.1533787 -0.5743327 -0.8137257 0.08940121 -0.2633016 -0.9500235 0.1677133 -0.1957837 -0.9503657 0.2418138 -0.1316056 -0.9593543 0.2496381 -0.09105375 -0.8904555 0.445868 -1.504244e-05 -1 -8.083232e-05 -7.318069e-05 -1 -9.065049e-05 -6.850203e-05 -1 -3.70199e-05 -6.709149e-05 -1 -8.198567e-07 -3.07816e-05 -1 3.158995e-06 2.674064e-05 -1 -2.997458e-05 8.892454e-06 -1 0.0001200802 -5.508653e-05 -1 -2.761303e-05 3.297094e-05 -1 -3.042632e-05 -9.10199e-06 -1 0.000111942 1.793216e-05 -1 -9.442513e-06 1.433635e-05 -1 5.410058e-05 5.450196e-05 -1 1.775019e-05 5.274156e-05 -1 1.918665e-05 2.546932e-05 -1 6.618789e-05 1.497472e-05 -1 7.810629e-05 3.501026e-05 -1 -1.769508e-06 3.273057e-05 -1 1.273622e-07 -4.074864e-05 -1 -1.525766e-05 -9.241842e-05 -1 7.842766e-06 0.006867752 -0.999945 -0.007934951 5.425147e-05 -1 5.530662e-05 -5.887456e-05 -1 0.0001604562 8.380341e-06 -1 0.000154751 0.006753965 -0.99996 -0.005862361 0.001360502 -0.9999968 0.002130625 2.531388e-05 -1 -9.212472e-05 3.297647e-05 -1 -9.003507e-05 0.002902224 -0.9999879 0.003982378 -1.11748e-05 -1 2.206127e-05 -0.008097138 -0.9998932 0.01216361 -4.101309e-06 -1 2.965076e-05 1.248763e-05 -1 7.672738e-06 -0.01120576 -0.9998883 0.009891139 0.0001114546 -0.9999999 -0.0005676601 -1.816991e-06 -1 -3.678812e-05 -0.0001406279 -1 6.369124e-05 0.0002302875 -0.9999999 -0.0003451984 -9.526355e-05 -1 -5.977864e-05 -7.936924e-06 -1 -0.0001276887 0.0001587513 -1 4.892e-05 0.04805211 -0.996881 0.06260452 0.004833647 -0.9997743 0.02068683 -0.006168166 -0.9991485 0.04079358 0.0001905641 -1 -3.066885e-05 -0.0002263493 -0.9999999 5.744625e-06 0.02356035 -0.9991487 0.03386159 0.02016418 -0.9990956 0.03743461 -0.0001593949 -1 -0.0001062944 -0.008319194 -0.999808 0.01774674 -7.439918e-05 -1 2.567322e-05 -0.0001562819 -1 -0.0001665375 -5.435631e-06 -1 1.166526e-05 -2.029814e-05 -1 -0.000136346 -0.3419562 0.2010967 0.9179467 -0.1324472 -0.2352841 0.9628599 -0.03029496 0.5906987 0.8063233 0.487062 -0.24323 0.8388145 0.683482 0.0781113 0.7257761 0.7123715 -0.1131828 0.6926156 0.8366712 0.02200672 0.5472631 0.8527082 -0.1423416 0.5026209 0.9105512 0.1644823 0.3792652 0.9602504 -0.1440821 0.2390803 0.9817622 0.07795812 0.1733938 0.996475 -0.08312289 0.01132004 0.05339126 -0.9890329 -0.1377073 -0.04262984 -0.9816729 -0.1857446 0.04743853 -0.9940363 -0.09819112 0.2582355 -0.8072741 0.5306816 0.02761545 -0.9985553 0.04609363 -0.1382079 -0.5132943 -0.847011 -0.1727698 -0.5114297 -0.841778 -0.09858289 -0.4850597 -0.8689066 -0.02066057 -0.4801521 -0.8769419 -0.03036401 -0.4996549 -0.8656923 -0.02284675 -0.2776817 -0.9604014 -0.17718 -0.5095993 -0.8419714 -0.04356892 -0.4328145 -0.9004295 -0.007926799 -0.09039194 -0.9958747 -0.04589766 -0.2136993 -0.9758207 -0.1289221 -0.4604287 -0.8782849 -0.05689838 -0.4287649 -0.9016225 -0.09734831 -0.4539458 -0.8856955 0.9990546 -0.04037431 -0.01612534 0.9994078 -0.03402746 0.005105123 0.9990131 -0.0401829 -0.01892525 0.9993966 -0.03264658 0.0118612 0.5303279 -0.4723309 -0.7040282 0.7055504 -0.3427866 -0.6202386 0.8298419 -0.3112575 -0.463121 0.3365085 -0.4749929 -0.8131075 0.00108121 -0.5418549 -0.8404714 -0.0007732569 -0.5037956 -0.8638226 -0.8178841 -0.2969604 -0.4928287 -0.8044982 -0.3343807 -0.4908891 -0.4516257 -0.4488425 -0.7710867 -0.373853 -0.5055104 -0.7776201 -0.4042373 -0.6011354 -0.6893682 -0.2960413 -0.5571322 -0.775863 -0.1501562 -0.5183589 -0.8418771 -0.1147403 -0.4239877 -0.8983702 -0.1818976 -0.4783312 -0.8591347 -0.1161059 -0.4740682 -0.8727995 -0.09067348 -0.3701287 -0.9245448 -0.04920028 -0.3716533 -0.9270669 -0.09069333 -0.3700577 -0.9245713 -0.04778808 -0.2700058 -0.961672 -0.02295945 -0.2256681 -0.9739336 -0.0009096118 -0.1584918 -0.9873598 -0.01055637 -0.07324749 -0.9972579 -0.0308054 -0.05873147 -0.9977984 -0.2871279 -0.5471817 -0.786225 -0.2366856 -0.5689077 -0.7876065 -0.7046539 -0.6516623 -0.2807119 -0.7037312 -0.6283848 -0.3315041 -0.6488773 -0.6284049 -0.4290285 -0.5717664 -0.6358026 -0.518496 0.7247791 -0.4932711 0.4810186 0.8664707 -0.3357723 0.3694395 0.8616183 -0.366024 0.3516252 0.9685299 -0.1000962 0.2278831 0.9639949 -0.2070946 0.1668101 0.9931874 -0.1152076 0.01749633 0.9845784 -0.1736399 -0.02132024 0.9574422 -0.2371983 -0.164442 0.9632519 -0.1530787 -0.2207091 0.8765671 -0.3606071 -0.3187359 0.8875953 -0.4061277 -0.2173359 0.7051335 -0.6313779 -0.3227208 0.8016115 -0.4830972 -0.3521875 0.6033204 -0.665073 -0.4400935 0.8921539 -0.3586597 -0.2746354 0.7715678 -0.4706008 -0.42804 0.1431869 -0.6318883 -0.7617182 -0.8371828 -0.5463037 -0.02602385 -0.8383698 -0.544742 -0.0198027 -0.8239753 -0.5653385 -0.03817133 -0.8618867 -0.5069967 -0.01028311 -0.834645 -0.5506787 -0.01098421 -0.8834145 -0.4685843 -0.002769255 -0.8727286 -0.4880075 -0.01390263 -0.8621134 -0.506715 -0.0006886774 -0.8577187 -0.5134706 -0.02581904 -0.9029007 -0.4283824 -0.03548075 -0.8866369 -0.4624637 0.001521442 -0.8792792 -0.4755509 -0.02682199 -0.8516587 -0.5240965 -0.0006124009 -0.8529971 -0.5219136 -0.001434747 -0.8775367 -0.4792659 -0.01528641 -0.8661854 -0.4997227 -0.0002443563 -0.8652676 -0.5013094 -0.0009671005 -0.8780612 -0.4777639 0.02738729 -0.8792627 -0.476252 0.009001456 -0.8539073 -0.5201319 -0.01746925 -0.989556 -0.1439034 -0.008404993 -0.9867435 -0.1622692 0.002431552 -0.9677724 -0.2518201 0.001795067 -0.9874835 -0.1476375 -0.05549424 -0.9821039 -0.1879338 -0.01235461 -0.9020013 -0.4316619 0.007850185 -0.9246033 -0.3808947 0.005275893 -0.9496015 -0.3129998 0.01697434 -0.9609035 -0.2764198 -0.01601716 -0.969235 -0.2461373 4.083553e-05 -0.9309266 -0.3652049 -0.0009839311 -0.9095909 -0.4154469 -0.006948198 -0.9404112 -0.3397894 -0.01303191 -0.8984049 -0.4389742 -0.01305393 -0.8822648 -0.47059 0.01240158 -0.845672 -0.5332627 0.02167432 -0.9227883 -0.3821003 0.04960925 -0.8929455 -0.4479605 0.04449371 -0.8828579 -0.4696121 0.00515049 -0.4428989 -0.6155565 -0.6518671 -0.8144387 -0.1117033 -0.5693961 -0.8325478 -0.1607657 -0.5301118 -0.8306271 -0.1934354 -0.5221508 -0.7978981 -0.1196644 -0.5907954 -0.8329657 -0.2548521 -0.4911402 -0.8318613 -0.1887102 -0.5219151 -0.8289732 -0.3222356 -0.4571297 -0.8310236 -0.2619291 -0.4907067 -0.7961124 -0.1893331 -0.5747677 -0.7917974 -0.2625981 -0.5514518 -0.7878336 -0.1612779 -0.5943969 -0.7301597 -0.07605152 -0.679031 -0.7347868 -0.1596787 -0.6592352 -0.7735894 -0.1615264 -0.6127551 -0.7158138 -0.2328487 -0.6583251 -0.7481016 -0.1324538 -0.6502308 -0.7615112 -0.1309836 -0.6347787 -0.7616532 -0.5791604 -0.290616 -0.7249497 -0.2861416 -0.626555 -0.64528 -0.6237278 -0.4411092 -0.4963459 -0.5608611 -0.6626278 -0.5070984 -0.5970838 -0.6215643 -0.5405815 -0.5962002 -0.5935629 -0.8243384 -0.4049126 -0.3956159 -0.818543 -0.3604294 -0.4473009 -0.7860791 -0.5005553 -0.3626625 -0.7683855 -0.5214168 -0.3710907 -0.7770182 -0.3706976 -0.5087494 -0.7659019 -0.3284842 -0.5527136 -0.7777058 -0.3714311 -0.5071614 -0.7510524 -0.5147585 -0.4134536 -0.7006273 -0.5343224 -0.4728858 -0.6757824 -0.5120484 -0.5302118 -0.7139204 -0.3284184 -0.6184328 -0.7271847 -0.3441353 -0.5939473 -0.5852907 -0.4792038 -0.654063 -0.6435133 -0.4008368 -0.6520894 -0.6456906 -0.4935221 -0.5826831 -0.6472524 -0.5089821 -0.5674518 -0.5818081 -0.4930466 -0.6468419 0.004978174 -0.3901365 -0.9207436 0.00783493 -0.3583598 -0.9335507 -0.9971839 0.07261826 0.01872883 -0.9928797 -0.1047181 0.05677977 -0.9568574 -0.1662857 0.2382706 -0.9720179 0.1062198 0.2095197 -0.8954804 0.1667491 0.4126858 0.9970441 -0.07468995 -0.01800884 0.9856715 0.0009905054 -0.1686735 0.9712849 0.1142961 -0.2086674 0.9275928 -0.1229825 -0.3527706 0.8843997 0.08597927 -0.4587425 0.8381511 -0.07579733 -0.5401458 0.7596865 0.1004091 -0.6424907 0.7146541 -0.06981821 -0.6959848 0.5565194 0.08924055 -0.826028 0.5268356 -0.04668877 -0.848684 0.311793 0.007132515 -0.9501233 0.2805999 0.1095585 -0.9535516 0.1459976 -0.0799911 -0.9860457 0.001480988 0.006856817 -0.9999754 -0.02118241 0.0909254 -0.9956324 -0.2269519 0.08628964 -0.9700757 -0.1930591 0.004795519 -0.9811755 -0.3030946 -0.03158943 -0.9524368 -0.4737283 0.03513514 -0.8799699 -0.4686428 0.01403258 -0.8832763 -0.6292716 -0.01795827 -0.776978 -0.6509405 0.0534602 -0.757244 -0.7881372 0.04171475 -0.6140844 -0.7735597 -0.01654207 -0.6335074 -0.8928286 0.02259703 -0.4498295 -0.8841795 -0.02424745 -0.4665174 -0.9542469 -0.009563885 -0.2988669 -0.9633135 0.1181215 -0.2409864 -0.9856653 -0.1027564 -0.1338099 -0.9996911 0.01285294 0.02127477 -0.9941591 0.0959172 0.04947292 -0.9805965 -0.05320669 0.1886779 -0.9589891 0.0642769 0.2760588 -0.9321595 -0.08474253 0.3519904 -0.8829075 0.1026698 0.4581847 -0.8130344 -0.07776095 0.5769995 -0.7792044 0.05052476 0.6247301 -0.6874256 -0.041986 0.7250402 -0.6437737 0.05972931 0.7628813 -0.5754034 -0.04847675 0.8164318 -0.4769318 0.06572287 0.8764796 -0.4359539 -0.03437817 0.8993122 -0.3013512 0.03140317 0.9529959 -0.2843806 -0.01273888 0.9586268 -0.1040111 0.01176645 0.9945065 -0.08686209 0.06404174 0.9941598 0.07974957 -0.07984795 0.9936118 0.1833027 0.0848679 0.9793863 0.2348604 -0.03508779 0.9713956 0.4039773 0.05121024 0.9133345 0.4025947 0.05544101 0.9136979 0.5301895 -0.08417602 0.8436904 0.6352393 0.1129032 0.7640183 0.6508473 0.06433646 0.7564778 0.7395055 -0.08720294 0.6674782 0.8244085 0.08566201 0.5594753 0.8601558 -0.09066638 0.5019079 0.9289471 0.1040785 0.3552816 0.9536594 -0.06828987 0.2930362 0.9909021 0.0002835912 0.1345849 0.9875705 0.1332511 0.08335776 0.2625756 0.9431566 -0.2037392 0.1960709 0.9564604 -0.2161933 0.2036721 0.9268124 -0.315494 0.1118809 0.953124 -0.2811358 0.06716149 0.9217103 -0.3820203 0.1509423 0.8410032 -0.5195479 0.1556474 0.8300331 -0.5355548 0.08870635 0.697615 -0.7109604 -0.006346499 0.6290996 -0.7772987 0.005626708 0.5960366 -0.8029375 -0.3936281 0.5164375 -0.7604927 -0.399008 0.643043 -0.6536729 -0.5396712 0.5437835 -0.6426932 -0.6453044 0.3942768 -0.6543149 -0.9300588 0.2067124 -0.3037444 -0.9772462 0.1634264 -0.1352097 -0.9896183 0.1412363 0.02660625 -0.9913767 0.1217469 0.04847578 -0.9598817 0.2195829 0.1743861 0.1856095 0.8076817 -0.5596421 -0.2308543 0.5938982 -0.7707083 -0.1400827 0.6901786 -0.7099509 -0.25055 0.6373221 -0.7287285 -0.7010952 0.4269866 -0.5710937 -0.8005913 0.2774608 -0.5311016 -0.8312073 0.3422863 -0.4381033 -0.9773817 0.1675984 -0.1289797 -0.9303439 0.2077944 -0.3021285 0.1125772 0.8343343 -0.5396413 -0.8656459 0.3707129 0.3364953 -0.9515498 0.2269955 0.2074274 -0.8925065 0.4156767 0.1750572 -0.9504111 0.2531339 0.1806707 -0.6703656 0.5706027 0.4743653 -0.6872584 0.6200585 0.3784222 -0.8706187 0.3740322 0.319567 -0.8394921 0.4694752 0.2735802 -0.7834364 0.5718469 0.2433487 -0.7836553 0.506552 0.3595684 -0.8127365 0.5460299 0.2032503 -0.2703817 0.762073 0.5883354 -0.2098768 0.7675771 0.6056212 -0.3847594 0.7664117 0.5143668 -0.3807571 0.7659516 0.5180175 -0.1097372 0.7384608 0.6653071 -0.2202859 0.7824491 0.5824496 -0.4043573 0.7761132 0.4838839 -0.3305529 0.7908852 0.5150102 -0.750872 0.6231622 0.2187694 -0.5699102 0.7050473 0.4220316 -0.5660686 0.7516633 0.3384798 -0.4894002 0.7108248 0.5051885 -0.5330604 0.7288534 0.4296735 -0.59502 0.664884 0.4515313 -0.735995 0.617824 0.2767759 -0.09512865 0.5657563 0.8190668 0.01023038 0.4838085 0.8751141 0.1318526 0.5124988 0.8485045 -0.06703191 0.6977354 0.7132124 -0.009199626 0.6868359 0.7267543 -0.1854638 0.7372436 0.649673 -0.140908 0.7354199 0.662799 0.06727764 0.5419327 0.8377247 0.006084665 0.6161326 0.7876189 -0.08038016 0.6474847 0.7578275 0.07460524 0.3762093 0.9235262 0.2261374 0.4099866 0.8836135 0.189725 0.4508657 0.8721952 0.2458101 0.4133891 0.8767478 0.1920717 0.4890772 0.8508303 0.2427579 0.4051661 0.8814244 0.3368707 0.4887614 0.8047549 0.3339525 0.5827776 0.7408414 0.3583513 0.5014226 0.7875022 0.245484 0.4997229 0.8306711 0.3967958 0.5920551 0.7014441 0.5706556 0.6985809 0.4316675 0.4872681 0.7021233 0.5192232 0.4435287 0.5736156 0.6886563 0.399095 0.5820659 0.7084649 0.4843864 0.655206 0.5797198 0.5053445 0.6640305 0.5510811 0.5370636 0.689938 0.4853331 0.8058228 0.5918719 -0.01837054 0.8229021 0.5681759 0.002895273 0.3225493 0.4853413 0.8126536 0.3777302 0.5688458 0.7305713 0.6849778 0.7213451 0.1023073 0.748727 0.6433491 0.1597182 0.73736 0.6373386 0.2238296 0.7284403 0.6775522 0.1014776 0.6886948 0.6978868 0.1966049 0.5939229 0.7178653 0.3632148 0.695172 0.6939931 0.1873756 0.6167424 0.6998469 0.3603377 0.6212321 0.7047101 0.3427162 0.09828973 0.9737977 0.2050782 0.108823 0.96252 0.2484207 0.1029074 0.970623 0.217488 0.1074141 0.9667207 0.2321923 0.09114128 0.9775362 0.1900432 0.07803641 0.9803203 0.1813348 0.07838031 0.9764994 0.2007622 0.06981552 0.9787886 0.1926105 0.05160335 0.9795689 0.1943754 0.06246342 0.9795882 0.1910636 0.08809581 0.9787226 0.1853137 0.8374017 0.5451077 -0.04019934 0.8252634 0.5647467 0.001265217 0.8238595 0.5666889 -0.01092307 0.7782841 0.6255369 -0.05456511 0.7869736 0.6112954 0.08360937 0.8583522 0.5126662 0.02011959 0.8431622 0.537315 0.01923368 0.8139292 0.580266 0.02847036 0.8410502 0.5407558 0.01476023 0.8366331 0.5476552 0.01090045 0.8584571 0.5128083 0.008894102 0.8924103 0.4511817 -0.006238926 0.8742493 0.48536 0.01065982 0.7983655 0.5917516 0.1115464 0.8164372 0.5740151 0.06274471 0.8061721 0.5860956 0.08110788 0.678313 0.6534599 0.3359787 0.5475023 0.6577429 0.5173156 0.301499 0.5651405 0.7679288 0.1452354 0.5177245 0.8431299 0.4200362 0.559087 0.7148365 0.3400438 0.5977112 0.7260245 0.2224646 0.5339468 0.8157269 0.2413931 0.5160144 0.8218628 0.2375486 0.5782253 0.7805294 0.1626287 0.4680491 0.8686092 0.0932195 0.4693811 0.8780612 0.1245896 0.4313975 0.8935175 0.09189209 0.3841743 0.9186761 0.02259192 0.1308475 0.9911451 0.03440444 0.2391321 0.9703774 0.05259222 0.3298666 0.9425614 0.0408215 0.2286125 0.9726613 0.009909441 0.0427106 0.9990383 -0.001475456 0.0935341 0.995615 0.02301579 0.08244959 0.9963294 0.01682779 0.09963065 0.9948822 0.03915587 0.2468984 0.96825 0.01979534 0.239209 0.9707663 0.02947652 0.2204702 0.9749482 0.9996663 0.0002209286 0.02582781 0.9996579 -1.156267e-05 0.02615532 0.999657 -6.163307e-06 0.02619046 0.9996567 4.936458e-05 0.0262011 0.999657 -1.51598e-07 0.02618913 0.05056619 -0.2841099 0.9574574 -0.9908007 0.0041716 0.1352651 -0.8259057 0.1324582 0.5480279 -0.9987278 -0.003220174 0.05032356 0.0288225 0.03824143 0.9988527 0.9992263 0.0002566253 0.03932912 0.9969922 0.001908363 0.07747921 0.9971227 -0.005127805 0.07563096 0.4659974 0.4385892 0.7684308 0.572639 0.4377886 0.6931276 0.9179193 0.2108301 0.336117 -0.000892601 0.5690752 0.8222849 -0.01264041 0.5390164 0.8422003 -0.9902849 0.01098883 0.1386183 -0.7837223 0.3726885 0.4968728 -0.3836461 0.4386928 0.812628 8.122879e-05 -0.0006526264 0.9999998 -1.743637e-05 7.518825e-05 1 -0.003781178 0.001663979 0.9999915 -6.906337e-06 0.0006104825 0.9999998 -0.002270211 -0.007474397 0.9999695 -2.039384e-05 0.01192712 0.999929 -0.008483941 -0.2891277 0.957253 0.01926505 -0.3383856 0.9408103 -0.3902184 0.5242075 0.7569254 -0.7454361 0.3505245 0.5669723 -0.7894942 0.270543 0.5509133 0.007543128 0.5141693 0.8576555 -0.01284661 0.4699462 0.8826016 0.5521635 0.4663559 0.6911061 0.6176374 0.3876332 0.6842986 0.9981192 -0.0006260767 0.06129891 0.9996583 4.327097e-06 0.0261406 0.9996547 1.844793e-05 0.02627563 0.9993473 0.0001658019 0.03612128 0.9996592 -2.877082e-07 0.0261079 0.9996637 -0.0001099603 0.02593146 0.9970646 0.04539823 0.0616543 -0.02908873 -0.212614 0.9767032 0.009052085 -0.2890426 0.9572734 -0.9970608 0.008455252 0.07614782 -0.3671798 0.5149311 0.7746128 -0.8475178 0.2934245 0.4422844 -0.5496706 0.4045641 0.7308831 0.01486868 0.5472052 0.8368664 -0.01478155 0.4862602 0.873689 0.6061549 0.4534501 0.6534212 0.3933671 0.4548849 0.7989631 0.9942926 -0.008999391 0.1063072 0.9980288 0.0009238407 0.06275147 0.994204 0.003023461 0.1074668 0.01247618 -0.2368043 0.9714773 -0.0243883 -0.2968134 0.954624 0.006985136 0.5424129 0.840083 -0.5790234 0.4338011 0.6903249 -0.504941 0.432751 0.7468342 0.002380772 0.553758 0.8326742 0.7069117 0.4006095 0.5829133 0.7905401 0.3140988 0.5257264 0.3573897 0.4541061 0.8161252 0.9986778 -0.001161107 0.05139302 0.9996443 0.0002833383 0.0266683 0.9993837 -0.004786137 0.03477501 0.9995525 -5.34758e-05 0.02991458 0.99954 1.774197e-05 0.03032671 0.9994168 0.002764992 0.0340354 0.9909142 0.06957518 0.1151018 0.999092 0.00813421 0.04182103 -0.01337752 -0.2611642 0.9652017 0.0131133 -0.2094764 0.9777257 -0.0001489202 0.5566615 0.8307394 -0.3851884 0.4301515 0.8164555 -0.6450577 0.4244674 0.635396 0.01645193 0.5178658 0.8553037 0.6137066 0.4215217 0.6675954 0.5726662 0.4236206 0.7018539 0.9992257 -0.000839432 0.03933642 0.9996477 0.0003260653 0.02654102 0.9989734 -0.0106214 0.04403808 0.9996244 -4.819255e-05 0.02740387 0.999464 0.001102401 0.03271667 0.9996203 0.0004607262 0.02754799 0.9996246 0.001539514 0.02735413 0.9984292 0.01432617 0.05416565 -0.02428147 -0.2524394 0.967308 0.02536855 -0.3458793 0.937936 -0.9995303 0.003546203 0.03043971 -0.3672264 0.514769 0.7746985 -0.8577067 0.2898864 0.4246235 -0.5617203 0.3953705 0.7267411 0.01867171 0.5530728 0.8329238 -0.01365061 0.4862977 0.8736866 0.6519221 0.4177225 0.632855 0.4595911 0.4256918 0.779463 0.998241 -0.005885595 0.05899214 0.6478726 0.1781422 0.7406257 0.9996564 3.911826e-06 0.02621161 0.999069 -0.009033785 0.04218532 0.999611 -3.440347e-06 0.02789287 0.9995044 0.0007222643 0.03147429 0.9995906 0.0008690251 0.02859874 0.9994965 0.006328752 0.03109292 0.9983711 0.01840629 0.0540025 -0.02215051 -0.2767013 0.9607006 -0.0009847422 -0.243967 0.9697831 -0.02300539 -0.6028801 0.7975 -0.001750901 -0.6101447 0.7922881 -0.9996752 0.0002239904 0.02548582 -0.9992887 -0.006689113 0.0371119 -0.9995959 -0.0003142073 0.02842524 -0.9996588 -1.957122e-06 0.02612229 -0.9995402 0.001717014 0.03027222 -0.9994748 0.004862392 0.03203958 0.01790736 0.6049477 0.7960638 0.01137576 0.6071078 0.7945381 -0.008682801 0.2918303 0.9564307 -0.007056993 0.2280124 0.9736326 0.03845556 0.2467313 0.9683206 -0.9975508 0.001331 0.06993335 -0.9989126 -0.003272846 0.04650565 0.0002410379 -0.0005868181 0.9999998 6.074235e-05 0.0005963737 0.9999998 6.092265e-05 0.0004803674 0.9999999 0.0007959272 0.0006953689 0.9999995 -0.005001608 0.02329231 0.9997162 -0.01157883 0.02963189 0.9994938 0.009746044 0.2883634 0.9574715 -0.01616068 0.9993986 0.03067864 -0.0370115 0.2915677 0.9558339 -0.02122878 0.2285435 0.9733023 -0.002285646 0.3403877 0.9402824 -0.003407208 0.3407229 0.9401576 0.003054724 0.3369407 0.9415209 -0.005371842 0.2674739 0.9635502 -0.007131689 0.3572746 0.9339722 -0.004006591 0.3528221 0.9356819 0.007959292 0.2301525 0.973122 -0.01040338 0.3336894 0.9426256 0.007125816 0.3296733 0.9440682 -0.009462397 0.2410828 0.9704584 -0.9989887 -0.0005609128 0.04495958 -0.9995564 0.005371157 0.029295 3.689781e-06 -0.0004338949 0.9999999 -0.0009003 -0.006337416 0.9999795 -0.00104871 0.003498814 0.9999934 -0.0001069598 0.003712451 0.9999931 -0.00353019 0.2606405 0.9654294 -0.999449 -0.004081464 0.03293907 -0.9996732 0.0002688699 0.02556143 -0.9996928 0.0008982147 0.02476975 -0.9996706 -9.848573e-06 0.0256639 -0.999665 -5.135715e-05 0.02588326 -0.9996876 7.598414e-05 0.02499111 -0.01253043 0.2254228 0.9741805 -0.005206387 0.2223879 0.9749444 -0.009583759 0.2605959 0.9654004 0.02472106 0.2927353 0.9558739 0.05174441 0.3852798 0.921348 0.07599687 0.3608235 0.9295326 0.07165098 0.4171083 0.906028 0.1015375 0.4572678 0.8835136 0.01796735 0.3316297 0.9432386 0.01418629 0.3661889 0.9304324 0.03665122 0.3085268 0.9505093 0.01370473 0.4267788 0.9042522 0.02402982 0.4086081 0.9123936 0.0525145 0.3299202 0.942547 0.02724293 0.2927163 0.9558111 0.01559775 0.1357039 0.9906266 -0.0251349 0.5252939 0.8505495 -0.005515531 0.4782242 0.8782205 0.1007115 0.4727523 0.8754213 0.1866179 0.5161647 0.8359113 0.01779425 0.4750976 0.8797532 0.03493258 0.4931216 0.8692588 0.05118484 0.9797428 0.1936086 0.04392118 0.9795105 0.1965454 0.04252499 0.9800903 0.1939452 0.03422526 0.9806326 0.1928425 0.03621183 0.979363 0.1988387 0.02331055 0.9805973 0.194642 0.02711253 0.9822915 0.1853869 0.01196106 0.9832501 0.1818685 0.02188698 0.9842934 0.1751786 0.01163743 0.9849048 0.1727049 0.01866077 0.9863866 0.1633807 0.02323708 0.9861431 0.1642617 0.01349323 0.9876978 0.1557913 0.03039825 0.9868525 0.1587391 0.02783791 0.9874217 0.1556388 0.9996391 -0.0006945552 0.02685543 0.999671 4.958731e-05 0.02564887 0.9996998 -0.0008111533 0.024487 0.9996682 3.64169e-05 0.02575863 -0.006817281 -0.6144156 0.7889531 -0.01225576 -0.6163166 0.7874031 0.03337521 -0.3512054 0.9357033 -0.03455561 -0.2932914 0.9553984 0.009674073 0.001924303 0.9999514 0.04355793 0.004904022 0.9990389 -0.03862112 0.3785087 0.9247916 0.02080409 0.4314553 0.9018944 -0.008184155 0.6097013 0.7925889 -0.009773222 0.6091488 0.7929957 -0.015125 0.2569348 0.9663104 -0.002841829 0.2285777 0.9735215 -0.01378796 0.2332443 0.9723204 -0.9974779 0.00148782 0.07096027 -0.99836 -0.003801653 0.05712168 -4.226464e-05 0.0005006121 0.9999999 -3.761019e-06 0.0002914208 1 -0.01181501 0.0033163 0.9999247 8.139685e-07 0.0001658641 1 0.0006591537 0.01966634 0.9998064 0.001173212 0.2567654 0.9664731 -0.9992866 -0.00684697 0.03714254 -0.9996635 0.0003134757 0.02593781 -0.9996354 -0.0002338951 0.0270019 -0.999604 -1.812605e-05 0.02814098 -0.9995726 0.001168579 0.02921053 -0.9993849 0.00926139 0.03382501 0.01526722 0.6039837 0.7968504 0.02090316 0.6021146 0.798136 0.02350524 0.334164 0.9422218 -0.02091949 0.3733679 0.9274475 -0.02587963 0.001078166 0.9996645 0.007946493 -0.001900549 0.9999666 0.01590134 -0.3571832 0.9338989 -0.01491714 -0.3821661 0.9239733 0.01084968 -0.6114475 0.7912106 -0.0211949 -0.6236579 0.78141 0.008125284 0.2314322 0.9728171 0.001232686 0.2286751 0.973502 -0.9991376 -0.0002307161 0.04152004 0.0006098255 0.0003001914 0.9999997 -5.641293e-05 -0.007970549 0.9999682 -0.001289256 -0.001224539 0.9999984 -0.001241001 0.0007777106 0.9999989 0.01511439 0.004902889 0.9998738 -0.006596679 0.04945413 0.9987547 -0.9988094 0.02744792 0.04032743 -0.9996197 -0.0008615796 0.02756663 -0.9996694 0.0003099534 0.02571127 -0.9996421 -1.06301e-05 0.02675187 -0.9996804 0.0002626765 0.02528146 -0.9997479 -0.001575764 0.02240002 0.01524973 0.6039215 0.796898 0.009704961 0.6057267 0.7956136 0.999651 -0.0003409997 0.0264181 0.9996665 3.039494e-05 0.0258238 0.9997631 -0.00157879 0.02170606 0.9996985 0.0001895086 0.02455033 -0.02588709 0.001078393 0.9996642 0.007935548 -0.001900315 0.9999667 0.01590727 -0.3572423 0.9338763 -0.01478426 -0.3821132 0.9239972 0.01118205 -0.616017 0.7876535 0.01447969 -0.6146447 0.7886712 0.02350871 0.3341728 0.9422186 -0.02092326 0.3733784 0.9274432 0.004807104 0.2339201 0.9722439 -0.0115643 0.2272608 0.9737653 -0.9989658 -0.001262299 0.0454514 -8.878874e-06 -1.341113e-05 1 -1.071186e-05 7.918528e-08 1 -8.025529e-06 0.0001399837 1 0.001360592 0.0005554719 0.999999 -0.0142468 0.03028722 0.9994397 -0.009419197 0.02620494 0.9996122 -0.9975011 0.02744215 0.06510441 -0.9987432 -0.01384888 0.04816923 -0.9996693 0.0003064822 0.02571725 -0.9994323 0.0008491152 0.03367786 -0.99958 -6.254147e-06 0.02898026 -0.9995122 0.001937486 0.03117067 -0.9992279 0.01002246 0.03799067 0.01522415 0.6043252 0.7965922 0.01256752 0.6051928 0.7959797 0.02353171 0.3343388 0.9421592 -0.02094496 0.373517 0.9273868 -0.02588025 0.00107823 0.9996645 0.007907708 -0.001897422 0.999967 0.01597057 -0.3571987 0.9338918 -0.01479872 -0.38213 0.9239901 0.01081864 -0.6128284 0.7901419 0.01322812 -0.6118648 0.7908517 -0.007566944 0.2313222 0.9728478 -0.008423582 0.2309624 0.9729262 -0.9983013 -0.0006812406 0.0582584 0.000485281 -0.01830099 0.9998325 -0.002502413 -0.002714363 0.9999931 -0.002536906 0.0004219863 0.9999967 0.01654366 0.005761952 0.9998465 0.0004817075 0.0245839 0.9996976 -0.009229782 0.2418988 0.9702576 -0.9991337 -0.0091144 0.04060597 -0.9996747 0.0004710217 0.02549918 -0.9996305 -0.0003584552 0.02718044 -0.9996393 -1.75051e-05 0.0268573 -0.9996759 0.0002424595 0.0254587 -0.9997349 -0.00133746 0.02298279 0.01529863 0.6048192 0.7962159 0.01651419 0.6044218 0.7964933 0.02352447 0.3342893 0.9421769 -0.02091284 0.3734539 0.927413 -0.02587971 0.001077999 0.9996645 0.007910765 -0.001897637 0.9999669 0.01596554 -0.3572167 0.9338851 -0.01487712 -0.3822003 0.9239597 0.01096754 -0.6133233 0.7897558 -0.01573387 -0.6237424 0.7814716 0.02471599 0.3358312 0.9415978 -0.02807971 0.3807679 0.9242442 -0.01254978 0.001884949 0.9999194 0.001345415 0.003138656 0.9999942 -0.02813835 -0.2827262 0.9587879 0.02217221 -0.2388861 0.9707944 -0.9990529 -0.01038111 0.04225725 -0.9996774 0.0002673258 0.02539852 -0.9996464 -0.0002817682 0.02658763 -0.9996078 -1.405969e-06 0.0280066 -0.9995902 0.0008205989 0.02861476 -0.9995447 0.004327611 0.02986158 -0.01926459 0.6068628 0.7945731 -0.030016 0.6032276 0.7970041 -0.03355963 0.3304398 0.9432302 0.02727355 0.3860299 0.922083 -0.007978115 -0.001941842 0.9999663 0.03299651 0.001671238 0.9994541 0.00777648 -0.378956 0.925382 -0.01592446 -0.3604071 0.9326592 0.005066831 -0.5994442 0.8004005 -0.06178018 -0.6210562 0.7813274 0.01558609 0.7143785 0.6995859 0.2057749 0.5100203 0.8351862 0.1325275 0.516399 0.8460311 0.2263359 0.5604103 0.7966883 0.09947316 0.629662 0.7704745 0.1337112 0.6112937 0.7800265 0.1073952 0.970314 0.2166958 0.1064539 0.9695249 0.2206559 0.08357154 0.9660437 0.2444902 0.04403498 0.9989147 -0.0151782 0.04415363 0.9989178 -0.01461869 0.8152778 0.5679261 0.1130578 0.7998456 0.5834824 -0.1406961 0.8419466 0.5392721 -0.01764917 0.8517089 0.5214397 -0.05189202 0.3006006 0.9364027 -0.1810784 0.5346526 0.8350316 -0.1298797 0.6783873 0.7331638 -0.04755223 0.8251073 0.5634301 -0.04176784 0.49294 0.8597377 -0.1336458 0.4853613 0.8548707 -0.1833588 0.4816312 0.8651491 -0.1398163 0.7337204 0.6715384 -0.1033957 0.8291823 0.5563708 -0.05392888 0.704382 0.6925868 -0.1554655 -0.1061906 -0.9701649 -0.2179533 -0.1045921 -0.9691513 -0.2231733 -0.09435682 -0.9678512 -0.2331544 -0.09217083 -0.9687006 -0.2304858 -0.04259429 -0.999006 0.01313927 -3.253477e-06 -1 -1.555964e-05 -1.496704e-05 -1 1.573078e-05 3.23354e-05 -1 -2.93561e-05 4.06103e-06 -1 1.596953e-05 5.401903e-05 -1 3.897165e-05 -2.968486e-06 -1 2.856775e-05 4.425894e-05 -1 5.019671e-05 5.674691e-06 -1 2.837111e-05 -4.017026e-05 -1 -9.501791e-05 -1.432861e-05 -1 -1.46173e-06 4.815726e-06 -1 4.912752e-07 1.014589e-05 -1 1.847804e-05 1.319426e-05 -1 -2.746204e-06 3.691865e-05 -1 -9.419638e-06 2.813062e-05 -1 2.518752e-05 2.555443e-05 -1 -4.596551e-05 1.976577e-05 -1 -4.648037e-05 5.337239e-05 -1 -1.245816e-05 4.883206e-05 -1 -6.902115e-05 9.044903e-06 -1 -8.248128e-05 5.978324e-05 -1 2.117917e-05 2.384656e-05 -1 -9.997997e-07 2.85512e-05 -1 -1.197048e-06 5.717566e-06 -1 2.7394e-05 2.933244e-05 -1 -9.241555e-06 -6.895316e-06 -1 -1.241281e-05 -9.743041e-05 -1 -0.0001496963 -0.0001160828 -1 1.279843e-05 -1.239799e-05 -1 -9.343474e-06 -3.658217e-05 -1 -1.769359e-05 -2.219412e-07 -1 -9.603158e-05 -0.9736528 0.04070476 0.2243731 -0.9744453 0.02217946 0.2235276 -0.798735 -0.4389111 0.4115573 -0.6864461 -0.5688512 0.4529902 -0.1637996 0.009751811 0.9864455 -0.1950261 -0.04663546 0.9796887 -0.4660507 0.04578002 0.8835728 -0.545085 -0.07201563 0.835282 -0.7728187 0.0837317 0.6290788 -0.8426407 -0.05192294 0.535967 0.8277555 0.02576457 -0.5604972 0.7973931 -0.01152727 -0.60335 0.5895401 -0.0002729513 -0.8077391 0.5692565 0.01771916 -0.821969 0.2076312 0.01151854 -0.9781393 0.2409261 -0.01965947 -0.9703444 0.9741908 -0.02399563 -0.224447 0.9744998 0.04338922 -0.2201538 0.3239352 -0.03156753 0.9455525 0.4618279 0.04709086 0.8857187 0.5331569 0.00777522 0.8459806 0.7656643 -0.01756594 0.6430005 0.7713963 -0.009470285 0.6362845 0.9460896 0.04477385 0.3207957 0.9770741 -0.0537719 0.2059972 0.001683409 0.005687682 0.9999824 -0.002422618 0.07238372 0.9973739 -0.912734 -0.02091317 0.4080189 -0.8797952 0.03122364 0.4743263 -0.6545636 -0.04118988 0.754884 -0.5620984 0.05953033 0.8249251 -0.2592054 -0.05557758 0.9642218 -0.9942874 0.0181601 0.1051802 -0.9939311 -0.04588956 0.09997539 -0.6603691 0.01979715 -0.7506802 -0.6570184 0.02486865 -0.7534642 -0.8983452 -0.06588118 -0.4343218 -0.9589866 0.07472925 -0.2734229 -0.2505689 -0.01174079 -0.9680276 -0.249402 0.006197564 -0.9683802 0.9864283 -0.0008511703 -0.1641908 0.9844446 0.01680018 -0.1748902 0.9159926 0.05489011 -0.3974225 0.9391846 -0.01360754 -0.3431429 0.8642232 -0.06031286 -0.4994804 0.7541345 0.02128622 -0.6563749 0.754768 0.01950535 -0.6557018 0.6124758 -0.01640998 -0.790319 0.593388 0.01581516 -0.8047612 0.4434274 -0.01606059 -0.8961664 0.4162335 0.02545233 -0.9089015 0.2538083 -0.02903456 -0.9668187 0.1774548 0.06804983 -0.9817734 0.05171599 -0.06367651 -0.9966297 -0.1251287 0.05728298 -0.9904855 -0.1853473 -0.03068745 -0.9821938 -0.3599218 0.03263221 -0.9324117 -0.3864934 -0.01234316 -0.9222096 -0.561461 -0.01932122 -0.8272776 -0.6005877 0.05449537 -0.7976997 -0.7113868 -0.04525533 -0.7013421 -0.7873892 0.05082793 -0.6143572 -0.8416516 -0.05082807 -0.5376237 -0.9170652 0.08737569 -0.3890459 -0.9535767 -0.06576264 -0.2938823 -0.9953455 0.02270199 -0.09365842 -0.9953383 0.02245366 -0.09379491 0.4269664 0.1674506 0.8886281 0.4962593 0.1408916 0.8566658 0.6014282 0.1270213 0.7887646 0.8004587 0.1420218 0.5823191 0.9077353 0.1388158 0.3959126 0.9485241 0.2009629 0.2447777 0.9769781 0.1888393 0.09926417 0.9640386 0.2580132 -0.0637091 0.9566225 0.2067995 -0.2052007 0.895932 0.2381862 -0.3749308 0.6479905 0.1963885 -0.735894 0.2861188 0.2627278 -0.9214717 0.5100404 0.3008246 -0.8058308 0.2816375 0.1544155 0.9470143 0.4329421 0.1739628 0.8844761 0.498742 0.366076 0.7856492 0.5668028 0.1941018 0.8006616 0.6850387 0.1825305 0.7052692 0.6948951 0.1703789 0.6986358 0.6653209 0.5197298 0.5359375 0.8570595 0.1736848 0.4850593 0.9097904 0.2353637 0.341885 0.9464003 0.2266577 0.2301144 0.9353707 0.314083 0.1625841 0.9589472 0.2733849 -0.07537179 0.9394473 0.3078353 -0.1505861 0.9148282 0.2390305 -0.3255055 0.85476 0.3108625 -0.4156318 0.7832781 0.2550125 -0.5669604 0.7119171 0.2417036 -0.6593583 0.6177812 0.3348632 -0.7114864 0.5919296 0.2782952 -0.75642 0.4967569 0.2822543 -0.8207101 0.360385 0.3238564 -0.8747798 0.3757576 0.3543326 0.8563029 0.443556 0.4339465 0.7841865 0.5464121 0.4852245 0.6826354 0.779905 0.3357484 0.5282245 0.8181196 0.443021 0.3666237 0.7754066 0.4960624 0.3907257 0.794018 0.5160583 0.3212773 0.8696357 0.4276009 0.2467617 0.8509394 0.4805416 0.2120896 0.8978986 0.4247775 0.1155089 0.8511325 0.5247933 -0.01285613 0.8501848 0.4724677 -0.2322932 0.7901702 0.4884486 -0.3702012 0.7281726 0.5009213 -0.467806 0.6854425 0.4132359 -0.5995037 0.600696 0.5386082 -0.5908177 0.6052696 0.4886735 -0.6283684 0.5055029 0.5853769 -0.6338776 0.4984287 0.4624417 -0.7332916 0.4112705 0.5901848 -0.6946498 0.3803107 0.4955937 -0.7808654 0.3509863 0.5377582 -0.7665669 0.2652171 0.4982986 -0.8254443 0.2771539 0.4780951 -0.8334332 0.8970361 0.4319103 0.09370012 0.9819996 0.1886704 -0.008960104 -0.02807643 0.2387275 -0.9706807 -0.0139767 0.1252406 -0.9920279 -0.01930236 0.1364448 -0.9904597 0.640574 0.1413967 -0.7547662 -0.05188264 0.2651119 -0.9628208 -0.9967372 0.07707276 0.02397099 -0.9947474 -0.0779595 -0.06633136 -0.9652714 0.1048666 -0.2392783 -0.934122 -0.1044078 -0.3413429 -0.8392848 0.08114517 -0.5376025 -0.2478681 0.09023934 -0.9645818 0.4368026 0.0755976 -0.8963752 0.7918609 0.09074425 -0.603922 0.921133 0.01712786 -0.3888708 0.9722744 0.1879954 -0.1390693 0.9963449 0.0225713 -0.08238489 -0.305081 -0.9194111 0.2482115 0.7416849 0.6655979 -0.0829636 0.8653603 0.4994398 -0.04136903 0.8410557 0.5341943 -0.08521645 0.7861783 0.6104719 -0.09616576 0.8125777 0.5808266 -0.04855715 0.7996001 0.5533019 -0.2334453 0.8354089 0.5087891 -0.2079075 0.7631876 0.5771201 -0.2906493 0.8476404 0.522558 -0.09186365 0.8339725 0.522777 -0.1766187 0.8508264 0.5118096 -0.1189337 0.8804816 0.4628942 -0.1023778 0.8941728 0.4406793 -0.07909995 0.8579757 0.478793 -0.1861047 0.8223714 0.5686463 0.0186245 0.8587354 0.512295 0.01128315 0.882662 0.4638637 -0.07575145 0.8844247 0.4654358 -0.03409656 0.9067957 0.4208237 -0.02507639 0.8690887 0.4909176 0.06070197 0.8696238 0.4936429 -0.008427828 0.8994539 0.43701 -0.002210526 0.88695 0.4610641 -0.02719627 0.8973467 0.4399607 -0.03469392 0.9926127 0.1208594 -0.0106355 0.9913177 0.1308002 -0.01343061 0.988806 0.1487819 -0.01125166 0.9417476 0.333555 -0.0430414 0.9649488 0.2601039 -0.03492583 0.9732515 0.2277188 -0.03042506 0.9762707 0.2134894 -0.03630209 0.9861315 0.1599061 -0.04443681 0.9318895 0.3612503 -0.03286711 0.9452196 0.3251592 -0.02883392 0.9580068 0.2841775 -0.03828778 0.9143288 0.3972101 -0.07891227 0.9225784 0.3735405 -0.09652244 0.9693239 0.2392557 -0.05628458 0.9559922 0.287954 -0.05622628 0.3185478 0.6744555 -0.6660609 0.4351676 -0.4240214 -0.7942513 0.4135737 -0.3692181 -0.8322468 0.4161623 -0.2718954 -0.8676877 0.4232641 -0.2584134 -0.8683721 0.7408442 -0.2009038 -0.640927 0.4206493 -0.08050301 -0.9036445 0.4034372 -0.1689984 -0.8992652 0.4225375 -0.08416237 -0.9024295 0.3537796 0.2237455 -0.9081729 0.3983657 0.05885866 -0.9153363 0.4229164 0.1683195 -0.890399 0.4212088 0.1654825 -0.8917392 0.4314901 0.04604955 -0.9009416 0.407337 0.07037771 -0.9105622 0.3963519 0.3855588 -0.8332163 0.3630393 0.316209 -0.8764784 0.3880229 0.3889215 -0.8355705 0.4400801 0.2595862 -0.8596188 0.3391518 0.6025717 -0.722415 0.3594509 0.5855715 -0.7265679 0.3199716 0.4625979 -0.8268141 0.4123436 0.4474114 -0.7935967 0.352135 0.5769956 -0.7369376 0.3808345 0.4798491 -0.790386 0.009318843 0.2345594 -0.9720571 -0.02392106 0.2500244 -0.967944 -0.9744521 0.04882879 -0.2192235 -0.9977509 0.002850155 -0.06696969 -0.9995113 0.0007035671 -0.03125389 -0.9993229 0.003228027 -0.03665256 -0.9939749 -0.01178731 -0.1089734 -0.4071586 0.3644362 -0.8375012 -0.9840915 0.05866306 -0.1676982 -0.5815928 0.3766126 -0.7210497 0.001212884 0.449596 -0.8932312 -0.006427261 0.4294888 -0.9030493 -0.0001845832 -0.0002938947 -0.9999999 1.401724e-06 0.000615196 -0.9999998 3.288095e-05 0.002142317 -0.9999977 -0.002036285 0.002827439 -0.9999939 -0.0002738893 0.08542286 -0.9963448 0.01454755 0.09827691 -0.9950528 0.02152756 -0.9271634 -0.3740383 0.01025385 -0.2176502 -0.975973 -0.07545549 -0.4263572 -0.9014022 0.9996986 3.887794e-05 -0.02454975 0.9996424 3.818906e-05 -0.02673967 0.9996452 4.448958e-05 -0.02663777 0.9996366 -2.27351e-07 -0.02695852 0.9995985 -0.0008978006 -0.02832091 -0.005106833 0.5015538 -0.8651114 0.004169801 0.5099013 -0.8602228 -0.9997784 -0.001626511 -0.02098203 -0.9999128 0.003274143 -0.0127908 -0.9998418 0.0003087057 -0.01778217 -0.03599666 -0.6363327 -0.7705744 0.04725838 -0.6796741 -0.7319902 0.06794345 -0.3931639 -0.9169546 -0.04022246 -0.233374 -0.9715548 -0.07590493 0.01207582 -0.9970419 0.03492999 -0.005538453 -0.9993744 0.07247888 0.1264556 -0.9893209 -0.06652974 0.1914391 -0.9792471 0.01129402 0.2161349 -0.9762982 0.01203273 -0.2006509 -0.9795889 -0.07230968 -0.4246841 -0.9024493 -0.01606105 -0.6721941 -0.7402008 0.0434159 -0.6375148 -0.7692139 0.06076738 -0.3672405 -0.9281389 -0.03752944 -0.2424284 -0.9694432 -0.07760446 0.01227991 -0.9969085 0.03096604 -0.005047665 -0.9995077 0.07003675 0.1223324 -0.990015 -0.06466149 0.1908554 -0.9794862 0.01778721 0.2162177 -0.9761831 -0.01583293 0.4900407 -0.8715557 -0.01093007 -0.05935198 -0.9981773 0.02128539 -0.2896158 -0.9569063 -0.09010726 -0.5140979 -0.8529854 -0.993326 0.05433605 -0.1017395 -0.9996223 0.001700133 -0.02742833 -0.9995854 0.0004980165 -0.02878739 -0.9999065 0.00492209 -0.01276375 -0.9995298 0.001361712 -0.03063184 -0.9993259 0.0001040674 -0.0367121 -0.9983745 -0.02085857 -0.0530403 -0.004961086 -0.6601306 -0.7511345 0.9996543 1.956194e-06 -0.02629363 0.9996542 2.374226e-06 -0.02629499 0.9996535 8.422401e-06 -0.02632191 0.9996486 2.976888e-05 -0.02650969 0.9994476 0.000335903 -0.0332329 0.007304617 0.497167 -0.8676241 0.01330005 0.4921703 -0.8703973 0.07380081 0.1268004 -0.9891791 -0.06709674 0.1925307 -0.9789944 0.005796901 0.2160611 -0.9763626 -0.08208727 0.01038856 -0.9965711 0.05073863 -0.01008052 -0.998661 0.113335 -0.5526511 -0.8256706 -0.05436825 -0.3442323 -0.937309 0.01966477 -0.354105 -0.9349989 -0.01896006 -0.4135178 -0.9102985 0.9986035 0.005076832 -0.05258691 0.9997045 -0.001060779 -0.02428312 0.9988469 -0.01703309 -0.04488673 0.9991377 -0.006092487 -0.04107032 0.9993425 0.0005174383 -0.03625214 -0.0249211 0.4724694 -0.8809947 -0.9996435 0.002434915 -0.02658778 -0.9995939 0.0005167903 -0.02849133 -0.9996049 0.0002430125 -0.02810963 -0.9998295 0.002978882 -0.01822457 -0.999658 -0.0004726842 -0.02614372 -0.999737 1.185472e-06 -0.02293466 -0.9993039 -0.0001089092 -0.03730645 -0.9960147 0.01362231 -0.0881433 -0.9926622 0.01787881 -0.1195912 -0.9932066 0.004759794 -0.1162677 -0.4833922 0.4171994 -0.7695951 -0.3919629 0.4027159 -0.8271547 0.01448799 0.4220492 -0.9064571 0.000378983 0.4578127 -0.8890486 -2.433996e-07 -0.0001819412 -1 -1.572697e-06 -0.0001876065 -1 0.0001283941 0.002108309 -0.9999977 -0.002641696 0.003018633 -0.999992 -0.002931115 0.08995523 -0.9959415 0.002279062 0.09457624 -0.995515 0.00127826 0.3003823 -0.9538181 0.05139307 0.2443508 -0.968324 0.03248307 0.23466 -0.9715346 0.005817709 -0.6723838 -0.7401798 0.01260449 -0.667934 -0.7441138 -0.01846717 -0.3486993 -0.9370527 0.008629291 -0.3755457 -0.9267637 0.05383758 -0.002059065 -0.9985476 0.01853058 0.002617438 -0.9998249 -0.08061601 0.126728 -0.9886562 -0.009838272 0.2163263 -0.9762716 0.07172381 0.189952 -0.9791701 0.004919698 0.4991405 -0.8665071 0.004786745 -0.3618992 -0.9322049 0.009894345 -0.368694 -0.9294981 -0.9975219 0.03449469 -0.0613199 0.9980087 0.0177236 -0.06053653 0.005866261 -0.6689113 -0.7433191 0.003896997 -0.6701081 -0.7422532 -0.01847439 -0.3486896 -0.9370562 0.008625123 -0.3755398 -0.9267661 0.05316023 -0.002060435 -0.9985839 0.0185184 0.002537518 -0.9998254 -0.08030795 0.1267316 -0.9886808 -0.003791684 0.215463 -0.9765046 0.07398576 0.1906874 -0.9788587 -0.01171699 0.5045966 -0.8632757 0.01971966 -0.05584504 -0.9982447 -0.03033038 -0.2059272 -0.9780971 0.9996623 -1.901331e-05 -0.02598598 0.9989021 -0.02431218 -0.04004454 0.9994304 -0.003110379 -0.03360706 0.9995906 0.0006482711 -0.02860127 0.999506 2.420878e-05 -0.03142814 -0.01203487 0.5137457 -0.8578581 -0.08008336 0.1267637 -0.988695 -0.003479031 0.2150399 -0.976599 0.07365102 0.1904542 -0.9789294 0.05398256 -0.003667366 -0.9985351 0.006701315 0.002539634 -0.9999744 -0.02124516 -0.4027216 -0.9150759 0.01369496 -0.3683019 -0.9296054 0.0113045 -0.643259 -0.7655652 0.04812953 -0.6224834 -0.7811517 -0.009435628 0.2586444 -0.9659265 -0.01203785 0.2594894 -0.9656709 0.01519223 0.2571687 -0.9662471 -0.007876622 0.2647384 -0.9642881 0.9999648 0.003297309 0.007720023 0.9999444 0.01019522 0.002664262 0.9999988 0.001298624 -0.00086739 0.9998309 -0.007752156 -0.01667669 -0.8324176 0.3465397 -0.4324248 -0.5497783 0.8021032 0.233183 -0.6397306 0.6923802 0.3336979 -0.5040126 0.8189546 0.2743804 -0.6304917 0.7193612 0.291547 -0.6622234 0.6967081 0.2757863 -0.5425976 0.8224275 0.1708825 -0.6176893 0.7526711 0.2279171 -0.6546354 0.7379875 0.1637892 -0.6255243 0.7681059 0.1368675 -0.5819868 0.809683 0.07553059 -0.6364878 0.7640606 0.1053313 0.9996716 0.02549648 0.002577082 0.9995639 0.02904445 0.005328681 0.9996014 0.02782903 0.004753779 0.7541751 -0.07553373 0.6523148 0.9477224 -0.02484513 0.318127 0.9528909 0.04863789 0.2993884 0.9259502 0.04614776 0.3748153 0.8860797 0.2470435 0.3922146 0.7551813 0.4172798 0.5055482 0.9675639 -0.008926569 0.2524687 0.8308579 0.1565343 0.5340151 0.8896572 -0.1847144 0.4176011 0.9493816 -0.08972444 0.3010384 0.8165857 -0.1737312 0.5504592 0.7951639 -0.189351 0.5760733 0.6724288 -0.1063078 0.7324876 0.7807924 -0.007855049 0.6247412 0.7555493 0.03562022 0.6541227 0.6996851 0.0561371 0.7122425 0.7967302 0.08258604 0.5986655 0.9680678 0.1162727 0.222093 0.7646756 0.1872524 0.6166099 0.7987535 0.2552058 0.5448512 0.8364158 -0.1374442 0.5305825 -0.4258243 0.9045706 -0.02063121 -0.3799297 0.9154362 -0.1327774 -0.4845986 0.87049 -0.08608878 -0.9175509 0.3965958 -0.02849674 -0.7612842 0.6434518 -0.08010111 -0.7584838 0.6465592 -0.08162972 -0.3775533 0.9025986 -0.2068073 -0.3510321 0.9101397 -0.2200507 -0.9864765 0.1601703 -0.03477992 -0.7479784 0.6463765 -0.150751 -0.7611531 0.6289698 -0.1582496 -0.3786851 0.8764711 -0.2973144 -0.9534293 0.2879419 -0.08978744 -0.5116912 0.7997745 -0.3138992 -0.8809633 0.4511335 -0.1427665 -0.5959808 0.7481178 -0.2917646 -0.779762 0.5653253 -0.2690324 -0.3791004 0.8230829 -0.4228682 -0.790861 0.5449822 -0.2784479 -0.513562 0.7285356 -0.45331 -0.8793784 0.4112451 -0.2399399 -0.4880138 0.7177151 -0.4967168 -0.5600085 0.6521555 -0.5109635 -0.9042723 0.3567754 -0.2345269 -0.7784616 0.4815291 -0.4026501 -0.4369444 0.6665685 -0.6039587 -0.9967355 0.0567928 -0.05738479 -0.3599039 0.6036749 -0.711369 -0.8094094 0.4066502 -0.4236651 -0.4722114 0.5871279 -0.6574932 -0.7051508 0.4545261 -0.5442134 -0.2666501 0.5511879 -0.7906261 -0.745611 0.3795871 -0.5477023 -0.3747807 0.486 -0.789521 -0.9715596 0.1450416 -0.1871756 -0.738992 0.3808729 -0.5557217 -0.4027576 0.4757503 -0.7819514 -0.9332951 0.1946308 -0.3017932 -0.5154294 0.3718993 -0.7720255 -0.6951406 0.3233273 -0.6420584 -0.4441689 0.3409693 -0.8285251 -0.4769124 0.3076012 -0.8233687 -0.840238 0.1997749 -0.5040734 -0.9098653 0.1587191 -0.383345 -0.7428856 0.195086 -0.6403612 -0.366497 0.2435156 -0.8979867 -0.7460524 0.1940423 -0.6369877 -0.9641306 0.08158789 -0.2525777 -0.8166996 0.1263692 -0.5630565 -0.4731542 0.1868381 -0.8609394 -0.3628114 0.1166805 -0.9245288 -0.4704449 0.1277538 -0.8731327 -0.8974069 0.08098052 -0.4337083 -0.6084591 0.09001119 -0.788464 -0.2765238 0.006534651 -0.9609849 -0.9182267 0.0258968 -0.3952078 -0.6872591 0.02537888 -0.7259688 -0.9406959 0.01046373 -0.3390897 -0.4126503 -0.04107755 -0.9099628 -0.6341546 -0.01720879 -0.7730148 -0.3460741 -0.08806679 -0.9340648 -0.7797241 -0.09716022 -0.6185388 -0.4961605 -0.1701227 -0.8514006 -0.7806988 -0.09374581 -0.6178359 -0.3478771 -0.2441743 -0.9051853 -0.4363551 -0.219482 -0.8725948 -0.806278 -0.1067691 -0.5818216 -0.7296368 -0.236655 -0.6415796 -0.7674451 -0.2204488 -0.6020218 -0.9725036 -0.06887184 -0.222471 -0.3510155 -0.3699746 -0.8601784 -0.4888265 -0.3661371 -0.7918285 -0.8589416 -0.1986849 -0.4719572 -0.8739403 -0.2228899 -0.4319125 -0.4975438 -0.4395315 -0.7478383 -0.5559503 -0.456131 -0.6948841 -0.7518666 -0.3647889 -0.5492045 -0.4440114 -0.5329335 -0.7203025 -0.9807472 -0.1094089 -0.1617548 -0.8740156 -0.3312283 -0.355506 -0.9999668 -0.008085174 0.00100503 -0.999995 0.00313631 -0.0004143609 -0.9999958 0.002855593 -0.0004212419 -0.9995562 -0.02886291 -0.007373851 -0.9999882 -0.004546861 -0.001699126 -0.9999965 0.00195148 0.001732058 -0.9999983 0.001205221 0.001425924 -0.9999931 0.003285069 0.001756136 -0.9999889 0.004244326 0.002037939 -0.9999941 -0.003206028 -0.001245323 -0.9999985 0.00138946 0.001111457 -0.9999956 -0.002647613 -0.001363017 -0.9999998 -0.0005911771 0.0003469883 -0.8329243 -0.3554282 0.4241555 -0.294448 -0.5463093 0.7841215 -0.4825627 -0.5164361 0.7074086 -0.519248 -0.4976456 0.6947879 -0.9016516 -0.2461045 0.3556079 -0.182112 -0.4805031 0.8578764 -0.6123536 -0.3755865 0.6956707 -0.39779 -0.3988331 0.8262537 -0.8611391 -0.2474309 0.4440918 -0.5683798 -0.3715652 0.734087 -0.3076432 -0.3642887 0.8790048 -0.8945722 -0.1636733 0.4158745 -0.7028206 -0.2365928 0.6708704 -0.461328 -0.2741816 0.8438014 -0.8994561 -0.1632865 0.4053593 -0.6388046 -0.2282638 0.7347274 -0.2460426 -0.1901457 0.950425 -0.2201529 -0.1874254 0.9572901 -0.6461446 -0.1545198 0.7474095 -0.7438397 -0.08807117 0.66253 -0.920629 -0.06751765 0.3845564 -0.3646054 -0.05026179 0.9298046 -0.6294701 -0.03319307 0.7763155 -0.7107671 -0.05441588 0.7013195 -0.1970761 -0.006304166 0.9803678 -0.986459 -0.006879038 0.1638637 -0.3305113 0.08331646 0.9401174 -0.6172501 0.06450713 0.7841181 -0.2329092 0.1398873 0.9623849 -0.6853595 0.0890727 0.7227367 -0.8787026 0.02977528 0.47644 -0.3612024 0.1880751 0.9133239 -0.9426104 0.02557115 0.3329138 -0.6602874 0.1412157 0.7376168 -0.2536919 0.2861263 0.923998 -0.7373212 0.1838662 0.650039 -0.3637982 0.3146543 0.8767232 -0.9320499 0.08493332 0.3522349 -0.7281405 0.2020276 0.654978 -0.5242812 0.3016372 0.7963318 -0.1529268 0.432377 0.8886302 -0.4637374 0.4284908 0.7754633 -0.5456095 0.3862571 0.7437176 -0.88748 0.2020886 0.4141731 -0.974021 0.08207115 0.2110622 -0.2056577 0.5648926 0.7991254 -0.8041983 0.3008128 0.5126176 -0.4486972 0.471961 0.7588964 -0.851873 0.2590847 0.4551785 -0.6564883 0.4458727 0.6084576 -0.6539598 0.4595277 0.6009749 -0.3475087 0.6060001 0.7155428 -0.9380161 0.2158307 0.2711878 -0.287271 0.6650236 0.6893613 -0.7574469 0.4392404 0.483055 -0.88459 0.3183612 0.3408032 -0.4029718 0.6682502 0.6253442 -0.6122547 0.5860243 0.5307728 -0.255971 0.7634712 0.5929506 -0.679738 0.5836788 0.4441567 -0.3760826 0.762346 0.5266787 -0.9119706 0.3197548 0.2570341 -0.6037004 0.6569804 0.4515779 -0.899472 0.3457279 0.2672493 -0.1763894 0.8597876 0.4792202 -0.6592571 0.6593073 0.3615162 -0.4020415 0.8346276 0.3765095 -0.4273321 0.8247643 0.3703391 -0.9113634 0.3687624 0.1828416 -0.8394922 0.4919566 0.2307197 -0.08475929 0.9448628 0.3163069 -0.7363795 0.6404428 0.2181241 -0.5697668 0.7751585 0.272938 -0.9631909 0.2469158 0.1062819 -0.4243826 0.8721005 0.2435983 -0.9355907 0.3426923 0.08504046 -0.8001539 0.5813743 0.1475044 -0.4506145 0.8781087 0.1608468 -0.7404748 0.6619346 0.1163605 -0.4904723 0.8596496 0.1429667 -0.4488739 0.8916805 0.0584636 -0.4848697 0.8739575 0.03315945 -0.9582832 0.2824158 0.04398406 -0.7409207 0.6712433 0.02165492 -0.8189355 0.572053 0.04582655 -0.8958492 0.443357 0.02981436 -0.02528646 0.9996002 -0.01265087 0.03411258 0.9968955 -0.07096344 -0.01646721 0.9791806 -0.202322 0.03591726 0.9712545 -0.2353184 -0.01279792 0.93166 -0.3631059 0.03879509 0.9168273 -0.3973946 0.02961402 0.8667523 -0.497859 -0.03272752 0.8454052 -0.5331219 0.04722296 0.7760607 -0.6288877 -0.02167434 0.7232761 -0.6902188 0.01699933 0.6992731 -0.7146524 -0.04615718 0.5703516 -0.8201028 -0.01120325 0.5597071 -0.8286148 0.07776344 0.4273573 -0.9007323 -0.06473441 0.3314252 -0.9412581 0.04713504 0.2405187 -0.9694994 0.006850482 0.1422576 -0.989806 -0.0004321785 0.1472236 -0.9891031 0.04880518 0.007191941 -0.9987824 -0.02652084 -0.08951489 -0.9956324 0.008178563 -0.1104719 -0.9938456 0.0501374 -0.2074958 -0.9769503 -0.04276639 -0.3375554 -0.9403337 0.01293056 -0.3615763 -0.9322529 0.0634815 -0.5306457 -0.8452131 -0.006293895 -0.5619762 -0.8271295 0.01851954 -0.5759247 0.8172929 0.03125362 -0.5678152 0.8225626 -0.001294694 -0.4293287 0.9031474 -0.03235092 -0.4130107 0.9101514 0.06329793 -0.2801656 0.9578626 -0.07088372 -0.1732611 0.9823217 0.04943781 -0.1021284 0.993542 0.02614027 0.05210331 0.9982995 -0.04880899 0.09641925 0.9941434 0.03970044 0.1881675 0.9813342 -0.0206977 0.3141818 0.9491372 -0.005956104 0.3056571 0.952123 0.03758398 0.4211784 0.9061987 0.01670562 0.5180318 0.8551983 -0.02219282 0.4942797 0.8690196 0.05084911 0.6042464 0.7951734 -0.04193614 0.6715755 0.7397484 0.03220994 0.7150204 0.6983613 0.004024977 0.8094152 0.5872231 -0.02724634 0.7996129 0.5998974 0.05729396 0.8624047 0.5029668 -0.0349502 0.9228963 0.3834591 -0.01762289 0.9269085 0.3748735 0.04463927 0.9619317 0.2696195 -0.008737864 0.9828733 0.1840754 0.01941183 0.9864169 0.16311 0.03674025 0.9980381 0.05069667 0.3877337 0.9210455 0.03657408 0.7960626 0.6031004 0.05053792 0.455961 0.877871 0.1464308 0.4992508 0.8524576 0.1551281 0.8881868 0.4575108 0.04252043 0.6302553 0.7635457 0.1406279 0.9450402 0.3198498 0.067787 0.3533228 0.8968669 0.2660691 0.785742 0.5858204 0.1985545 0.7726369 0.6059847 0.189248 0.442055 0.8394439 0.3161034 0.8344238 0.5239813 0.1708229 0.5833043 0.7563668 0.2960834 0.2983173 0.877275 0.3760258 0.6734623 0.6581821 0.3365184 0.3039274 0.83502 0.4586608 0.8151752 0.5195118 0.256119 0.4937285 0.7466164 0.4458655 0.5993723 0.6925901 0.4013376 0.9147625 0.3436574 0.2123895 0.7403098 0.5792637 0.3411672 0.7756537 0.5110844 0.3703434 0.4101666 0.7277378 0.5496918 0.5415043 0.6312518 0.5552425 0.9665779 0.2056393 0.1530996 0.7393424 0.5173963 0.430899 0.3405083 0.6519691 0.6774884 0.4730772 0.6234734 0.6224779 0.8656679 0.3508649 0.3570897 0.6257368 0.5072941 0.5925421 0.2670325 0.6015825 0.752856 0.8618113 0.3404523 0.3759966 0.547612 0.4809825 0.6846729 0.8850005 0.2978451 0.3578581 0.5382503 0.4933474 0.6832971 0.7766443 0.3330789 0.5346794 0.8605241 0.2868668 0.420958 0.4293468 0.4602453 0.7770686 0.7485827 0.3213069 0.5799878 0.5140674 0.3724067 0.7726888 0.5683599 0.3573732 0.741115 0.4617076 0.3677108 0.8072267 0.3327876 0.2744656 0.9021758 0.9849372 0.06418857 0.1605568 0.414084 0.2744897 0.867865 0.7807545 0.1894056 0.5954393 0.8849227 0.1528616 0.4399377 0.1815623 0.1853625 0.9657515 0.9438033 0.1022159 0.3143046 0.6614686 0.1827058 0.7273775 0.662818 0.1541225 0.7327472 0.3771959 0.1183776 0.9185368 0.3477325 0.0541819 0.9360269 0.8063821 0.06332015 0.5879953 0.8607342 0.05159707 0.506433 0.4165012 0.0248697 0.908795 0.6194578 0.005308778 0.7850119 0.9384134 -0.002995774 0.3455017 0.2826151 -0.09829023 0.9541844 0.3812692 -0.1206451 0.916558 0.6730147 -0.0578319 0.7373646 0.8205174 -0.08115564 0.5658311 0.8688397 -0.06759055 0.490458 0.4170762 -0.1962186 0.8874377 0.2449767 -0.2739842 0.9300103 0.7041353 -0.1803778 0.6867731 0.9435111 -0.08772334 0.3195175 0.7265648 -0.2126739 0.6533556 0.3944353 -0.3318243 0.8569209 0.8892176 -0.1582526 0.4292415 0.6232694 -0.2897476 0.7263481 0.2626706 -0.4153321 0.870921 0.668296 -0.3278031 0.6677765 0.3773468 -0.4457689 0.8117262 0.8927652 -0.2024202 0.4024876 0.7888268 -0.2978427 0.5376264 0.3295853 -0.5141491 0.7918486 0.9793428 -0.1096164 0.1699174 0.5821655 -0.499033 0.6419107 0.7523953 -0.374326 0.542016 0.9242217 -0.2528584 0.2861415 0.4907077 -0.5550702 -0.6716421 0.8483596 -0.3295833 -0.4143197 0.6730466 -0.4170333 -0.6108121 0.9271269 -0.218169 -0.3046932 0.223514 -0.5207656 -0.8239203 0.7201886 -0.3890544 -0.5744259 0.4367917 -0.4518082 -0.7778704 0.9428021 -0.1642084 -0.2901031 0.8055068 -0.2906978 -0.5163851 0.5039311 -0.3639283 -0.7833323 0.2193163 -0.3442881 -0.9128888 0.674471 -0.2832485 -0.6818058 0.961532 -0.1260136 -0.2440835 0.6798266 -0.2759034 -0.6794948 0.3934876 -0.2549153 -0.8832812 0.9007485 -0.132637 -0.4135934 0.6008359 -0.2321648 -0.7649155 0.3440441 -0.224235 -0.9117852 0.9085456 -0.09703352 -0.4063612 0.7157843 -0.1323629 -0.6856625 0.7576374 -0.1174694 -0.6420174 0.4972056 -0.1300065 -0.8578374 0.9577695 -0.0529273 -0.2826239 0.4234115 -0.09127704 -0.9013274 0.514977 0.005425395 -0.8571868 0.5148292 0.005480255 -0.8572752 0.7630869 -0.001549058 -0.646294 0.8382512 0.01917825 -0.544947 0.9396551 0.008594577 -0.3420153 0.9767398 0.0194329 -0.213546 0.4444431 0.1065544 -0.8894473 0.3229378 0.2641194 -0.9088191 0.779802 0.1195502 -0.6145052 0.6009385 0.1768054 -0.7794952 0.6346538 0.1739765 -0.7529587 0.9239959 0.1076464 -0.3669384 0.3358068 0.3658906 -0.8679619 0.9210693 0.1094771 -0.3736925 0.7471206 0.2359561 -0.6213981 0.1975733 0.4186728 -0.8863847 0.7070333 0.2899492 -0.6450065 0.9739869 0.09072017 -0.2076517 0.7303149 0.3066203 -0.6104295 0.3808731 0.4898506 -0.7842079 0.7854185 0.2967657 -0.5431832 0.9074851 0.2101475 -0.3637431 0.2266935 0.5589139 -0.7976373 0.3684918 0.5099184 -0.7773011 0.6020525 0.4847064 -0.6345018 0.7056904 0.4239069 -0.5677182 0.3404772 0.6378357 -0.6908263 0.4189186 0.6231156 -0.6604802 0.4603335 0.6052859 -0.6494012 0.8750993 0.3218905 -0.3613692 0.9223128 0.2436838 -0.2999288 0.4169174 0.6881089 -0.5938737 0.8631521 0.3542618 -0.3598153 0.1652728 0.77078 -0.615291 0.7533472 0.4895355 -0.4391159 0.638875 0.6107116 -0.4678356 0.6875519 0.5737976 -0.4450042 0.3169985 0.8091761 -0.4947181 0.8499081 0.4529956 -0.2691675 0.43057 0.7751725 -0.4622955 0.9699678 0.2004644 -0.1377549 0.5064124 0.7651742 -0.3975612 0.8997856 0.37834 -0.2173583 0.3694072 0.8556809 -0.3624202 0.6401936 0.687465 -0.3428471 0.4879486 0.8271152 -0.2789025 0.6798844 0.6993811 -0.2205068 0.9190464 0.3721667 -0.1297908 0.6931992 0.6887841 -0.2122531 0.2448263 0.9446164 -0.2185402 0.8822427 0.4504465 -0.1369152 0.6312131 0.7604191 -0.1527509 0.3638163 0.9166227 -0.1656522 0.3147928 0.9454016 -0.08438737 0.7485428 0.6598746 -0.06518628 0.4945761 0.8689486 -0.01796517 0.9045907 0.422563 -0.05618005 0.667853 0.7440014 -0.02083834 0.9508808 0.30857 -0.02470065 0.9999943 0.002990689 0.001514957 0.9999984 -0.001533831 -0.0009421932 0.9999965 -0.002325365 -0.00122057 0.9999997 -0.0002224861 -0.0007707098 0.9992654 -0.03820315 -0.003031795 0.9999996 -0.0009235503 -0.0002008996 0.9999867 0.004434024 0.002647792 0.9999964 -0.002406571 -0.001200612 0.9999996 0.0007248723 0.0003946189 0.9999996 0.0007401386 0.0003997591 0.9999953 0.002721764 0.001467448 0.9999858 -0.005288534 -0.0006969423 0.9999526 0.009523861 0.002062944 0.9999871 -0.004919086 -0.001234215 0.9999247 -0.01150681 -0.004274961 -0.7601821 -0.05141705 0.6476723 -0.7168936 -0.02094834 0.6968678 -0.7389573 -0.02156297 0.6734071 -0.6871287 0.0008006366 0.7265353 -0.6682068 -0.02012717 0.7437032 -0.7363897 -0.003168512 0.6765501 -0.7429283 -0.01223914 0.669259 -0.9996008 0.02818063 0.002051664 -0.9996956 0.0246685 0.0003003085 -0.9996101 0.02768496 0.00361722 -0.8717246 -0.1547424 0.4649204 -0.9652847 -0.04984136 0.2564005 -0.8614041 -0.02174869 0.5074544 -0.9061822 -0.1371586 0.4000265 -0.7442178 -0.2894195 0.601977 -0.8031551 -0.186682 0.5657665 -0.7991344 -0.1443589 0.5835621 -0.7656142 -0.1689623 0.6207147 -0.7845796 -0.08274589 0.6144818 -0.9579171 -0.01342186 0.286731 -0.7164245 -0.0721407 0.6939248 -0.7881721 -0.01065217 0.6153627 0.9994873 0.03184083 0.003376892 0.9954917 -0.03183393 0.08934609 0.9722494 0.04197503 0.2301504 0.9552548 -0.02954607 0.2943046 0.872104 0.01233881 0.4891649 0.8735876 0.008085568 0.4865998 0.7410443 0.01061232 0.6713722 0.753369 -0.0106149 0.6575124 0.6002737 -0.01061198 0.7997243 0.5689717 0.03314238 0.821689 0.4205866 -0.0436358 0.9062024 0.3021014 0.05896212 0.9514506 0.2231879 -0.02954716 0.9743275 -0.006570322 0.02267043 0.9997215 0.000247906 0.01090096 0.9999406 -0.2965942 0.01233619 0.9549239 -0.2748441 -0.02019448 0.9612767 -0.5021185 0.01060896 0.8647338 -0.486001 -0.0106093 0.8738939 -0.685245 0.02019227 0.7280326 -0.6686592 -0.01233459 0.7434668 -0.8592331 -0.01090173 0.5114681 -0.8555556 -0.02267236 0.5172143 -0.9513136 0.0295549 0.3068044 -0.9691799 -0.04216256 0.2427192 -0.9957023 0.04240194 0.08233517 -0.9994324 -0.02992317 0.01546834 -0.9805655 0.01236194 -0.1958018 -0.9811553 0.008301665 -0.1930421 -0.9121065 0.01061789 -0.4098159 -0.9195496 -0.01061595 -0.3928307 -0.8069693 0.01061855 -0.590498 -0.8177822 -0.01061833 -0.5754298 -0.6687503 -0.0123471 -0.7433846 -0.6665772 -0.008098885 -0.745392 -0.4968337 0.02957478 -0.8673417 -0.43794 -0.04201631 -0.8980219 -0.2866994 0.04201549 -0.9570988 -0.2226042 -0.02957409 -0.9744602 -0.01514253 0.008098683 -0.9998526 0.007267882 0.04025995 -0.9991628 0.1928892 -0.04367274 -0.9802481 0.3153787 0.05901446 -0.9471291 0.3926825 -0.02957011 -0.9191986 0.575448 0.008095511 -0.8177984 0.5778419 0.01234778 -0.8160553 0.7582614 0.02021527 -0.6516371 0.7433865 -0.01234912 -0.6687481 0.9084699 -0.01090471 -0.4178079 0.9054155 -0.02269704 -0.4239193 0.9784231 0.02956882 -0.2044846 0.9893994 -0.0420005 -0.1390133 0 1 0 -0 1 0 0 1 0 0 1 0 0 1 0 0 1 0 0 1 0 0 1 0 0 1 0 0 1 0 0 1 0 0 1 0 0 1 0 0 1 0 0 1 0 0 1 0 0 1 0 0 1 0 0 1 0 0 1 0 0 1 0 0 1 0 0 1 -0 0 -1 0 0 -1 0 0 -1 0 0 -1 0 0 -1 0 0 -1 0 0 -1 0 -0 -1 0 -0 -1 0 -0 -1 0 0 -1 0 0 -1 0 0 -1 0 0 -1 0 -0 -1 0 0 -1 0 -0 -1 0 -0 -1 0 0 -1 0 0 -1 0 0 -1 0 -0 -1 0 -0 -1 -0 0 -1 0 -0 -1 -0 0.002289207 0.003028521 0.9999928 0.001701893 0.01058457 0.9999426 -0.0002741542 0.9999998 0.0006337148 0.0007647701 0.9999995 -0.0007422771 0.0002152151 0.9999999 -0.0003261212 -0.008088996 0.9999396 -0.007443481 -0.001073113 0.9999987 -0.001161761 0.0008584701 0.9999987 0.001295315 -0.000546924 0.9999998 -9.23519e-05 -9.235997e-05 1 -1.5198e-07 0.001028431 0.9999992 0.0006853642 0.001022277 0.9999993 0.0006831913 0.0002043979 0.9999999 0.000235557 -2.24506e-05 1 2.119908e-05 -8.051735e-05 1 1.224689e-05 -1.895943e-05 1 -1.368309e-05 8.25178e-06 1 1.012893e-05 9.242655e-06 1 -1.582181e-05 0.2719221 -0.06153692 -0.9603497 0.5037594 0.05081244 -0.8623483 0.5671644 -0.01283026 -0.8235047 0.7978088 0.01403847 -0.6027471 0.8174815 -0.01942855 -0.575627 0.001899646 -0.9999968 0.00166651 -0.0007990183 -0.999999 -0.001116749 -0.0003460684 -0.9999998 -0.0005191725 -0.001639048 -0.9999986 0.0001299095 -0.00049382 -0.9999999 7.401888e-05 -1.143211e-05 -1 1.659906e-05 -2.100734e-06 -1 7.419181e-06 -4.552951e-05 -1 6.59955e-05 1.016581e-05 -1 -1.710295e-05 -0.0018578 -0.9999881 0.004502836 -0.0004965781 -0.9999995 0.0008354421 -3.528617e-05 -1 -3.14092e-05 0.0001255906 -1 -6.217267e-05 0.0001679624 -1 1.497826e-05 2.111863e-05 -1 1.794861e-05 0.001169385 -0.999999 0.0007687283 0.00274281 -0.9999936 0.002300383 -0.004703348 -0.9999862 -0.002356589 -0.002058461 -0.9999974 -0.0009795229 -0.001585069 -0.003275151 -0.9999934 0.002939859 0.05720504 -0.9983581 -0.9527093 -0.002692315 -0.3038712 -0.955033 -0.009026963 -0.2963619 -0.8230457 0.01945442 -0.5676419 -0.8579386 -0.0449167 -0.5117849 -0.6593049 0.05004995 -0.7502081 -0.5635749 -0.04468425 -0.8248556 -0.3137348 0.02399092 -0.9492075 -0.3386403 -0.0008707156 -0.9409155 -0.9998857 0.01502557 0.00167026 -0.9999521 -0.008757286 0.004390323 -0.9284663 0.02094626 0.3708256 -0.9341269 0.001733595 0.356937 -0.6504389 -0.05667138 0.7574415 -0.7249846 -0.01859627 0.6885139 -0.7399954 0.06302397 0.6696528 -0.2523103 0.01966908 0.9674464 -0.2165322 -0.0125287 0.9761952 -0.5556427 0.06036051 0.8292273 -0.4839558 -0.006788073 0.8750661 0.9874194 0.052335 0.1492111 0.9994889 -0.02669079 0.01759526 0.951981 -0.04060969 0.3034519 0.8522972 0.05866244 0.5197579 0.7761051 -0.03041937 0.6298694 0.6098023 -0.003176596 0.7925472 0.5888997 0.0185673 0.8079928 0.3412536 -0.0174068 0.9398101 0.3552497 -0.003004217 0.9347666 0.974293 0.01698827 -0.2246437 0.9747638 -0.0002363538 -0.2232385 -0.001581255 0.999996 0.002337089 -5.919263e-07 1 0.0001745024 0.005884472 0.9999825 -0.0006509783 -0.00296813 0.9999762 0.006247157 0.000106889 1 0 -0.0001539345 1 -1.896107e-05 7.152415e-05 1 -0.0003206383 0.0007644292 0.9999996 -0.0005253609 1.504761e-05 0.9999998 -0.0005885002 -0.0002581634 0.9999997 -0.0007121313 -2.216376e-07 0.7209595 -0.6929771 0 0.7213867 0.6925325 0.007502646 0.7291349 0.6843288 -0.009470213 0.8336795 0.5521673 0.01498797 0.8439789 0.536167 -0.01414131 0.9455664 0.3251218 0.01089559 0.9518117 0.3064896 -0.008887345 0.9933843 0.1144926 0.005319307 0.9947111 0.1025747 0.005156239 0.9946556 -0.1031198 -0.008728426 0.9933516 -0.1147886 -0.01414091 0.9455667 -0.3251209 0.01080638 0.9517912 -0.3065561 -0.009014669 0.8335425 -0.5523818 0.01507598 0.843594 -0.5367699 0.006759484 0.7279956 -0.6855485 -0.000402088 0.9999999 0.0002253308 -0.0006663658 0.9999998 -1.586898e-05 -0.0006551697 0.9999996 0.0005237099 -0.0006547646 0.9999996 0.0005530096 -0.0008279267 0.9999994 0.0007298593 -0.0008184775 0.9999994 0.0007417508 -0.0006365149 0.9999996 0.0005242464 -0.0004112081 0.9999996 0.0008352413 -0.0003221759 0.9999999 -5.485827e-06 -0.003792309 0.9999856 0.003784274 0.002407495 0.9999971 -0.0002655469 0.002366852 0.9999968 0.0008734334 0.0001569055 1 -0.0003548685 0.0007438574 0.9999996 -0.0004515088 0.0008242555 0.9999996 -6.076015e-05 -0.007443105 0.9999719 -0.0008402822 0.0002515207 0.999999 0.001382832 7.135856e-07 1 9.915829e-05 1.238885e-06 1 0.0001299274 1.398684e-05 1 0.0001237137 -0.0004378502 0.9999998 -0.0004587319 -0.0003776637 0.9999999 -7.438724e-05 0.005569469 0.9999789 0.003345518 0.001951398 0.9999974 0.001214706 0.003385743 0.9999907 0.002683999 0.001152431 0.9999972 0.002078037 0.001184919 0.9999993 2.476423e-05 0.0006723661 0.9999998 -2.320621e-05 0.0006696031 0.9999998 1.702476e-05 -0.0001729108 0.9999996 0.0008125941 2.629743e-05 0.9999999 -0.0002230661 0.0001821765 1 -0.0002950945 0.0004470205 0.9999999 -1.646444e-05 0.0009601809 0.9999993 -0.0007075169 -0.02969348 0.9995312 -0.007455865 0.8743849 0.311078 -0.3723994 0.8598508 0.3703431 -0.3514292 0.8696311 0.3897231 -0.3030806 0.9077795 0.4161932 -0.05215067 0.8321282 0.01692767 -0.5543249 0.8188905 0.1130827 -0.5626994 0.8319093 0.06486198 -0.5511078 0.8078889 0.09902436 -0.580956 0.8131972 0.1511831 -0.562009 0.8016663 0.1724111 -0.5723684 0.8118314 0.2355409 -0.5342755 0.7903412 0.1732666 -0.587656 0.7824367 0.2199486 -0.5825938 0.7868927 0.2748403 -0.5525059 0.7937456 0.2708081 -0.5446382 0.7720509 0.1987187 -0.6036956 0.7903151 0.280874 -0.544529 0.7709125 0.2195998 -0.5978878 0.7831655 0.2439394 -0.5719662 0.8726847 0.3780234 -0.3090626 0.8804896 0.3924467 -0.2659394 0.7847133 0.3412382 -0.5174761 0.7914237 0.3503715 -0.5008874 0.9859528 0.09505764 -0.1373358 0.772777 0.3180514 -0.5492349 0.7620006 0.3055465 -0.5709611 0.7736633 0.3981661 -0.4928578 0.8555266 0.3960876 -0.3334499 0.8921635 0.4099775 -0.1896385 0.8783073 0.4062163 -0.2521202 0.8858482 0.4392874 -0.1493299 0.8814576 0.4484882 -0.1479547 0.7679598 0.3802212 -0.5154314 0.7582175 0.3683533 -0.5379795 0.7583922 0.4178707 -0.5002252 0.7526401 0.4227954 -0.5047543 0.841346 0.4341178 -0.3219919 0.7540199 0.4276526 -0.4985652 0.8431681 0.4249691 -0.3293462 0.8253087 0.4432177 -0.3498906 0.8620983 0.4290002 -0.2697137 0.6873134 0.4733522 -0.5509428 0.7758276 0.4651962 -0.4262441 0.7654933 0.4529436 -0.4570144 0.8553432 0.4605726 -0.237194 0.8512332 0.4683248 -0.2367991 0.8055107 0.4540108 -0.3808236 0.8196082 0.4508694 -0.3534957 0.7506056 0.4523262 -0.4816557 0.8178686 0.4830666 -0.3126302 0.8007885 0.5089533 -0.3157599 0.7763758 0.4725411 -0.4170678 0.7259945 0.4930834 -0.4793753 0.74892 0.5139933 -0.4182461 0.7206594 0.5223953 -0.4557995 0.7003551 0.5444776 -0.46157 0.7500898 0.5281803 -0.3979836 0.9921308 0.1010551 -0.07392143 0.9766304 0.2013492 -0.07517634 0.9538409 0.2972799 -0.04257171 0.9999568 0.006020681 -0.007083302 0.9999524 -0.008808643 -0.004193814 0.9995494 0.02991013 -0.002496256 0.9995657 0.02935918 -0.002557498 0.9995261 0.03076722 -0.0009351633 0.9994823 0.03217039 -0.0004833574 0.9992875 0.03720884 0.006312867 0.999495 0.02892746 -0.01314324 0.9995674 0.02927491 -0.002828542 0.9995533 0.02979272 -0.002386199 0.9992825 0.03785806 0.001101512 0.9997959 0.0201563 0.001395585 0.9996972 0.02459649 0.0007880679 0.999543 0.02986141 0.004698641 0.9994797 0.03220474 0.001804973 0.9993601 0.03576255 0.0004229797 0.9999573 0.009035816 0.001967173 0.9999974 0.001959402 0.001143134 0.9996703 0.0239046 0.009368038 0.9994798 0.03221795 0.001454835 0.9994568 0.03294775 0.0007131104 0.9994076 0.03430042 -0.002792859 0.9995661 0.02909125 0.004623635 0.9995693 0.02822447 0.008037168 0.9995666 0.02935843 0.00218072 0.9994525 0.03306465 -0.001178046 0.4084186 0.02753262 -0.9123794 -0.3728345 0.005805661 -0.9278798 0.7429506 0.02589481 -0.6688452 0.1007408 0.02888216 -0.9944934 0.5573243 0.02823179 -0.8298147 -0.09164481 0.04858939 -0.9946056 0.3357316 0.02518813 -0.9416208 0.9776318 0.02939691 -0.2082591 0.9064023 0.0281045 -0.4214794 0.5131412 0.02640574 -0.8578979 0.9995854 0.02371587 -0.01632849 -0.06076406 -0.01303183 -0.9980671 0.9332957 0.02535378 -0.3582126 0.7330933 0.02510513 -0.6796646 -0.6104901 0.03043837 -0.7914388 -0.7924423 0.0290132 -0.6092566 -0.5786703 0.02514422 -0.8151738 -0.1109095 0.02759758 -0.9934472 -0.3148394 0.03170365 -0.9486154 0.1345399 0.02603599 -0.9905661 -0.3841542 0.02666052 -0.9228839 -0.1592749 0.02537403 -0.9869081 0.5863404 0.6988203 -0.4097014 0.1379362 0.7391874 -0.6592236 -0.5777122 0.5803239 -0.5739972 -0.6755166 0.6549554 -0.3386898 0.822809 0.3509187 -0.4470363 0.6622546 0.554322 -0.5041289 0.6946482 0.5047491 -0.5125351 0.1301906 0.9906113 -0.0417117 0.4669337 0.5732792 -0.6732934 0.4676189 0.5370225 -0.7020964 0.3203677 0.8984995 -0.3001054 0.3197557 0.4042997 -0.8569119 0.2338022 0.896807 -0.375598 0.2677915 0.8400388 -0.471829 0.1304852 0.3044978 -0.9435331 0.06808864 0.9801016 -0.1864531 -0.06146128 0.5120338 -0.8567637 -0.03850536 0.440519 -0.8969172 0.02966945 0.8055936 -0.5917252 0.001249011 0.7920927 -0.6103995 -0.3016746 0.3835284 -0.8728679 -0.2217794 0.5123469 -0.8296472 -0.1723484 0.8577351 -0.4843413 -0.15689 0.8360213 -0.5257888 -0.4596984 0.5202459 -0.7197372 -0.305341 0.8031743 -0.5115446 -0.5511316 0.4216349 -0.7200541 -0.6365843 0.5529369 -0.5376069 -0.3271767 0.8354117 -0.4416362 -0.2357085 0.9473477 -0.2167346 -0.2483211 0.9686509 -0.007222694 -0.2268202 0.9738718 -0.01123667 -0.3418485 0.9159798 -0.210049 0.8483015 0.5011363 -0.1710171 0.2735477 0.9605513 -0.05012835 0.2232442 0.4632491 -0.8576493 0.7827112 0.6108636 -0.1192007 0.5891414 0.7908838 -0.1655753 -0.3443008 0.56103 0.7527963 0.4361526 0.764413 0.4748091 0.5504717 0.7925503 0.2623831 -0.2152244 0.9198402 0.3279823 -0.09847952 0.98615 0.1334542 -0.2033403 0.4414891 0.8739222 -0.02803739 0.9976087 0.06317299 -0.07246453 0.8074777 0.5854303 0.04601639 0.3886634 0.92023 -0.03808124 0.8302416 0.5561013 0.241284 0.3012677 0.9225074 0.03984297 0.7995293 0.5993043 0.2896681 0.5978138 0.7474698 0.1882166 0.8251626 0.5326172 0.1517037 0.8501176 0.5042678 0.5225154 0.5194817 0.6761038 0.5706872 0.4226892 0.7040241 0.6599795 0.3438239 0.6679912 0.7779724 0.376186 0.5032325 0.378661 0.8138241 0.4408017 0.719386 0.6053875 0.3405725 0.6302769 0.7335492 0.254277 0.2137869 0.9656677 0.1475845 -0.3974964 0.8909858 0.2194104 -0.1648 0.4676254 0.8684281 -0.01160208 0.3306575 0.9436795 -0.198453 0.8038487 0.5607528 0.8654647 0.4111643 0.2862075 0.9175569 0.3768768 0.1267014 0.7913799 0.6109657 0.02094769 0.6044464 0.7900098 0.1026116 -0.003321325 0.9999921 0.002192143 0.005140715 0.9999602 0.007292049 0.001294112 0.9999949 0.002924931 0.004015769 0.9999852 -0.003675681 0.00669575 0.9999158 -0.011112 -0.007242578 0.9999583 0.005565735 -0.2996739 0.02137753 0.9538022 0.4822064 0.0294503 0.8755625 0.9177005 0.02762538 0.3963113 0.3072692 0.0298932 0.951153 0.2993561 0.03104439 0.9536363 0.866145 0.02786076 0.4990157 -0.03265894 0.03989914 0.9986698 0.9947402 0.02860887 0.09835343 0.04972503 0.02238465 0.998512 0.5963945 0.01919423 0.802462 0.9404535 0.02495126 0.3390054 0.9913463 0.03026821 0.1277357 0.718261 0.02881326 0.6951769 0.8468903 0.02627486 0.5311182 0.9407893 0.01816092 0.338505 0.8473204 0.2175175 -0.4844937 0.9124917 0.2521237 -0.3221684 0.6565454 0.7202407 -0.2240567 0.6685789 0.711809 0.2152442 0.5928957 0.7417601 0.3134752 0.681157 0.5400931 0.4942921 0.74879 0.4029351 0.5262668 0.7045222 0.3940646 0.5902216 0.6918615 0.4057218 -0.5972584 0.8743509 0.3270912 -0.3584993 0.6100803 0.5192047 -0.5985218 0.8049954 0.3751603 -0.4596055 0.7632523 0.450222 -0.4634072 0.7760774 0.4697405 -0.4207704 0.6870179 0.5184996 -0.5090821 0.9428167 0.2526236 -0.2174348 0.6523685 0.6368665 -0.4108727 -0.9687334 0.2017953 -0.1443409 0.7571736 0.5636606 -0.3301136 0.6280219 0.6579618 -0.4155414 0.9221815 0.3378047 -0.1883331 0.8349248 0.4789793 -0.2710707 0.8918796 0.4316625 -0.1349748 0.9742106 0.211713 -0.07804623 0.8069149 0.5805674 -0.1087657 0.9195817 0.3841353 -0.08252014 0.7706473 0.6372558 0.002832843 0.931048 0.3648362 -0.00662995 0.9477606 0.3148613 0.05110969 0.6227762 0.7762293 0.09807169 0.9714287 0.2357381 0.02745716 0.7779533 0.6075333 0.1602875 0.8880007 0.4375644 0.1413938 0.813613 0.5296129 0.2398834 0.8471053 0.4904695 0.2045785 0.6480258 0.6351814 0.4202466 0.8099744 0.463204 0.3596992 0.9506827 0.2359925 0.201271 0.7835136 0.4758719 0.3995652 0.6890941 0.5335872 0.4903407 0.8019687 0.4545019 0.3876523 0.8127211 0.3713508 0.44898 0.6401919 0.5297145 0.5563784 0.6992654 0.4346512 0.567544 0.6999102 0.405635 -0.5878656 0.9450917 0.2111019 -0.2494747 0.5560653 0.6347121 -0.5365928 0.8850842 0.4001522 -0.2377061 0.6782831 0.6624819 -0.3178831 0.4978512 0.8142342 -0.2986081 0.790932 0.574061 -0.2118503 0.7619299 0.6099123 -0.2178759 0.5234448 0.8363434 -0.1628963 0.9537346 0.2972806 -0.04488426 0.6984388 0.7147334 0.03659755 0.8005362 0.5987629 0.02499807 0.9394557 0.3426665 -0.00166691 0.8701297 0.4892173 0.0595037 0.6591609 0.7427992 0.1172876 0.6566827 0.7228419 0.2150988 0.9285477 0.3551708 0.1079479 0.9733271 0.2177519 0.07223902 0.6949257 0.6478624 0.312014 0.9741405 0.2063644 0.09199993 0.9221165 0.3330995 0.1968396 0.9655747 0.2212606 0.1367814 0.950895 0.235618 0.200706 0.9786758 0.1350305 0.1547918 0.6738459 0.4204149 0.6076044 0.8578263 0.2706404 -0.4369071 0.8083864 0.4768176 -0.3451902 0.7920861 0.5695572 -0.2195545 0.6561566 0.7476593 -0.1022939 0.7586216 0.6446071 -0.09473595 0.5318216 0.8452762 -0.05170988 0.8064581 0.590195 -0.03598804 0.7359457 0.6672029 0.1149963 0.8579946 0.3028811 0.4148595 0.9704626 0.1496256 0.1892476 0.9632252 0.2142038 -0.1622162 0.8788934 0.4016407 0.257354 0.9366233 0.2144567 -0.277029 0.6524949 0.6620255 0.3687449 0.4257446 0.4592049 0.7796617 0.4306449 0.5616608 0.7064574 0.4344497 0.5656418 0.70093 0.4002596 0.670171 0.6250306 0.4375451 0.7190509 0.5399262 0.4032119 0.8775497 0.2594737 0.409964 0.8713322 0.2696472 0.4063824 0.9033887 0.1369022 0.4305984 0.8846172 0.1789899 0.3962661 0.9077327 -0.1378205 0.4109091 0.8959016 -0.1688616 0.3984903 0.8788666 -0.2622957 0.4162507 0.8597065 -0.2960407 0.4246289 0.7393596 -0.5225301 0.4114013 0.7050924 -0.5775757 0.4073227 0.6128075 -0.6771671 0.4261593 0.643787 -0.6355523 0.4340922 0.5439721 -0.7180936 0.4182171 0.4947697 -0.7617725 0.4122567 0.7558767 0.5086204 0.412663 0.8194445 0.3977685 0.4084664 0.8180454 0.404916 0.417901 0.908329 -0.01723963 0.5239626 0.8393011 0.145041 0.4025462 0.9153587 0.008664141 0.3897021 0.9198883 0.04402233 0.4191478 0.9077853 -0.01552578 0.4152507 0.8195072 -0.3949365 0.4135569 0.7570779 -0.5057703 0.3980949 0.8138171 -0.4233467 1 -2.510245e-05 -4.800442e-05 0.9999999 -9.154218e-06 -0.0001863571 1 -6.323148e-05 -5.210054e-06 0.9999992 0.001223757 0.0001282805 0.9999986 0.0007233085 0.001559438 1 -7.706031e-05 -4.614727e-05 1 -1.290268e-05 -0.0001053043 1 1.263114e-05 -1.82371e-05 1 -0.000166692 9.835179e-05 1 -0.0001539579 -5.141086e-05 1 -2.327824e-05 4.012616e-05 1 2.133011e-05 -7.056749e-05 1 0.000112188 3.854551e-05 1 -8.488986e-05 -1.002503e-05 0.9999992 -0.0003718536 -0.001214089 0.9999993 0.0009350091 -0.0005704641 0.9999996 0.0007536444 0.0004909707 1 -1.974568e-05 -2.632203e-06 1 -5.40757e-06 -4.528716e-06 1 2.541274e-05 4.788838e-05 -0.009349586 -0.9979249 0.06370724 -0.03363033 -0.9980955 0.05171571 0.05960845 -0.9825538 0.1761668 0.02959248 -0.9638933 0.2646394 0.02345424 -0.930769 0.3648547 -0.03228637 -0.9483842 0.3154758 0.01956023 -0.8741128 0.485329 -0.02857984 -0.8540772 0.5193605 0.0339373 -0.8141364 0.579681 0.03906634 -0.7472259 0.6634209 -0.03871459 -0.7070453 0.7061078 0.02328917 -0.6532589 0.7567764 0.441612 -0.5747011 0.688983 0.4809455 -0.589984 0.6485447 0.8530368 -0.3662345 0.3717535 0.2700911 -0.7143571 0.6455577 0.6526253 -0.5466752 0.5246203 0.7844328 -0.4544439 0.4220733 0.4777015 -0.6822803 0.5534393 0.9715255 -0.1821402 0.1515349 0.8163124 -0.4502771 0.3617797 0.5237594 -0.7093523 0.4716944 0.496301 -0.7271004 0.4743526 0.8809778 -0.3838189 0.2766969 0.5338168 -0.7081972 0.4620567 0.4086704 -0.795331 0.4477021 0.8498969 -0.4656267 0.2467123 0.8549554 -0.4620893 0.2356371 0.487969 -0.8122625 0.3195556 0.4894284 -0.8113427 0.3196606 0.7536642 -0.6143647 0.2335515 0.9913673 -0.1232417 0.04474853 0.4179693 -0.8720581 0.2545905 0.7967327 -0.5804122 0.168341 0.9151103 -0.3939186 0.08603153 0.5294329 -0.8349367 0.1502711 0.4660844 -0.8734466 0.140912 0.6061754 -0.783132 0.1387651 0.338546 -0.9397775 0.04695522 0.7680513 -0.6385813 0.04807298 0.8828207 -0.4688475 0.02845478 0.8978631 -0.4399387 0.01720134 0.9999965 -0.00258343 0.0005516313 0.9992883 -0.03734422 -0.005334169 0.9999958 0.001887677 0.002224671 0.9999966 0.001455683 0.002160071 0.4296147 -0.9030052 0.003556434 0.5874437 -0.8091634 -0.01282758 0.2449366 -0.9631728 -0.1109241 0.4187524 -0.8983066 -0.13301 0.6571032 -0.748732 -0.0872681 0.7185561 -0.6893486 -0.09206303 0.9816489 -0.1903479 -0.01153639 0.7734636 -0.6224254 -0.1197524 0.8823615 -0.4592519 -0.1025948 0.2846574 -0.9118611 -0.2957695 0.3941678 -0.8797931 -0.2656984 0.6218232 -0.7461563 -0.2378797 0.930401 -0.3416451 -0.1327884 0.3163529 -0.8579696 -0.4047332 0.6872325 -0.6758694 -0.266293 0.4397259 -0.8015428 -0.4051792 0.8082675 -0.536851 -0.241857 0.9193417 -0.3630721 -0.1516226 0.4902875 -0.7598291 -0.4269401 0.7382504 -0.5813701 -0.3420458 0.3676847 -0.7717015 -0.5189265 0.9527384 -0.2598275 -0.157414 0.7921807 -0.5032266 -0.3452722 0.3938595 -0.7403577 -0.5447431 0.5079214 -0.6706904 -0.5405463 0.7410288 -0.5256241 -0.4178462 0.9898053 -0.1135369 -0.08599319 0.4230141 -0.6493734 -0.6319599 0.7948592 -0.4413896 -0.4163821 0.4634807 -0.6104649 -0.6422758 0.6809818 -0.4873393 -0.5465933 0.316618 -0.6055315 -0.7301265 0.9582655 -0.1916724 -0.2121056 -0.002834909 -0.6585763 -0.7525087 0.01807883 -0.6717794 -0.7405306 0.03708731 -0.7248623 -0.6878947 -0.03078995 -0.7724355 -0.6343464 -0.0155386 -0.7799772 -0.625615 0.04538193 -0.8434935 -0.5352189 0.01036748 -0.8919011 -0.4521117 -0.04922562 -0.9061533 -0.4200752 0.05959659 -0.9535083 -0.2954154 -0.03761546 -0.9814077 -0.1882124 0.04964122 -0.9915861 -0.1195528 0 1 0 -0.0003255778 0.9999999 -0.0001718548 0.001896609 0.9999979 -0.0008148152 -0.0006567792 0.9999998 -0.0001535059 0.0004922934 0.9999993 0.00105276 0.001133467 0.9999989 -0.0008982145 0.0002588342 0.9999993 0.001090054 0.00313326 0.9999949 -0.0006052297 0.001210217 0.9999951 0.002874969 0.0003931632 0.9999999 6.058371e-05 0.000458575 0.9999999 6.696172e-05 0.0003399107 0.9999999 0.000223338 -0.005670636 0.9999722 -0.004837527 -0.002767626 0.9999952 -0.001380378 -0.0002686591 0.9999999 -0.0001601614 -0.001067897 0.9999983 -0.001522099 -0.002050553 0.9999958 -0.002026849 -0.004712841 0.9999888 0.0005042451 0.0001325951 0.9999896 0.004563206 -0.001801361 0.9999981 0.0007584656 -0.003116311 0.9999895 0.00336351 -0.02446182 0.9996867 0.005323722 0.0006017063 0.9999975 0.002166956 -0.0001584672 1 0.0002643825 -0.0003136685 1 5.770463e-05 0.0002188366 1 2.802818e-05 -1.730486e-05 1 5.124087e-05 -1.770766e-05 1 4.998629e-05 0.0004733854 0.9999999 -0.0001801473 0.0001652717 0.9999999 -0.0003128136 9.043146e-06 1 3.698329e-05 2.994318e-05 0.9999992 0.001324779 0.001338218 0.999998 -0.001507496 0.001310365 0.9999979 -0.001578828 -0.0008170758 0.9999992 0.0009612758 0.8621054 -0.5043173 0.04937885 0.7711182 -0.5711033 0.2814567 0.6996706 -0.3577777 -0.6184305 0.897401 -0.2346248 -0.3736612 0.6911029 -0.4520387 -0.5639484 0.6174243 -0.7357203 -0.2783931 0.0421012 -0.9408657 -0.3361538 0.7512397 -0.6599992 0.006320607 0.9435309 -0.2969214 0.1469261 0.9916694 -0.1093123 0.06813692 0.9857278 -0.1228832 0.1150663 0.930517 -0.2082757 0.3012629 0.8544293 -0.2906986 -0.430633 0.620104 -0.4665146 -0.6307418 0.9133769 -0.2412866 -0.3279075 0.820427 -0.3927871 -0.4154731 0.8799039 -0.3228867 -0.3485878 0.5135474 -0.5973421 -0.6159964 0.7549132 -0.4399205 -0.4863909 0.8248745 -0.4617217 -0.3261825 0.7227424 -0.5450487 -0.4249297 0.9576368 -0.2340551 -0.1677796 0.963776 -0.2406607 -0.1149707 0.790089 -0.5529758 -0.2645322 0.7322754 -0.6084355 -0.3059069 0.792731 -0.5768123 -0.1971424 0.8053232 -0.559682 -0.195475 0.8058009 -0.5825309 -0.1065026 0.8349121 -0.539531 -0.1087567 0.8578417 -0.5138098 -0.01035195 0.8514375 -0.5242668 -0.0140897 0.360342 -0.9322973 -0.03123187 0.8101497 -0.5861427 0.009715229 0.8205302 -0.5576565 0.1254967 0.7616969 -0.6365093 0.1211359 0.8473284 -0.5188008 0.1134917 0.7356367 -0.6424336 0.2147502 0.7698483 -0.6090044 0.1909117 0.9575876 -0.2758348 0.08331431 0.7600925 -0.5841143 0.284728 0.5727453 -0.7299887 0.3729332 0.9130512 -0.3627353 0.1864422 0.7515024 -0.5817923 0.3110659 0.8169298 -0.4901148 0.3039953 0.7670706 -0.5013542 0.4003082 0.7846403 -0.4883288 0.3819353 0.8136693 -0.4134316 0.4086767 0.7374853 -0.4488113 0.5046619 0.9590688 -0.2054916 0.1948338 0.8013034 -0.3759501 0.4653755 0.7260582 -0.3539809 0.5895227 0.8845605 -0.2680355 0.3817195 0.6579701 -0.5730515 -0.4885564 0.9046497 -0.3019869 -0.3006871 0.8396907 -0.4695778 -0.2727934 0.9995577 -0.02968278 0.001823524 0.9995691 -0.02920739 0.002951079 0.9994556 -0.03295087 -0.001682361 0.9995942 -0.02847782 0.0007819594 0.9995999 -0.02826107 0.001173805 0.9995971 -0.02813653 0.003737211 0.9995793 -0.02883962 0.003054101 0.9993772 -0.03528945 -5.292191e-05 0.9995304 -0.03057913 -0.001957305 0.9990016 -0.044252 0.006130363 0.9995343 -0.02924597 -0.008713013 0.9995307 -0.03059128 0.001587645 0.9997156 -0.02195453 -0.009312932 0.9994479 -0.03321674 -0.0007973613 0.9994924 -0.03185951 -2.321058e-05 0.9996532 -0.02592569 -0.004598967 0.9995787 -0.02889636 -0.002743369 0.9994994 -0.03153662 -0.002532839 0.9995494 -0.02979882 -0.003591893 0.9392297 -0.1045366 0.3269858 0.9989535 -0.04035995 0.02151909 0.9465353 -0.1554682 0.2826669 0.9749616 -0.1005943 0.1983197 0.9415013 -0.1967379 0.273623 0.9814306 -0.1317522 0.1394107 0.9478678 -0.2344169 0.2158594 0.9495499 -0.2526078 0.1858612 0.9589759 -0.2331703 0.1612352 0.9758695 -0.2183546 8.165746e-05 0.9827462 -0.1849567 0.0008153443 0.9634274 -0.2562955 0.07823266 0.970584 -0.2406165 -0.00838962 0.9897317 -0.1417899 -0.01807693 0.9785481 -0.1964855 -0.06194297 0.932074 -0.31837 0.172854 0.9694826 -0.2364138 0.0649009 0.9561938 -0.2897598 0.0416254 0.9828485 -0.1731075 -0.0635813 0.9557324 -0.2468108 -0.1601877 0.9615737 -0.2204907 -0.1635842 0.9237301 -0.2885829 -0.251878 0.822605 -0.5686128 0.0008009911 0.8197629 -0.572703 1.735412e-05 0.8969596 -0.4421117 0.0008026793 0.8967733 -0.4424897 0.0008706488 0.8578543 -0.5138916 -0.001168264 0.8608232 -0.5089042 4.735147e-05 0.8928157 -0.4044991 0.1981429 -0.007770294 -0.999878 0.01354248 -0.0007807129 -0.9999988 0.001346746 -0.006595698 -0.9999751 0.002516344 -0.003351826 -0.9999828 0.004809034 -0.008945323 -0.9999589 -0.001458216 0.0003074816 -1 -0.0001072436 -0.0001848997 -0.9999998 0.000544067 0.000280389 -0.9999999 -0.0004489289 -0.0003335113 -1 -0.0001983302 -1.747144e-05 -1 9.137662e-05 0.0001130787 -1 3.874486e-06 1.186324e-05 -1 1.611368e-05 -7.710957e-05 -0.9999999 -0.0002613829 -0.008805654 -0.9999586 0.002271062 -0.0001975262 -0.9999999 0.0001246095 -2.860855e-05 -0.9999997 0.0007779149 -0.000498857 -0.9999978 0.002049323 -0.0008331913 -0.9999996 -0.0002547648 -0.0005668812 -0.9999996 -0.0006231297 -0.01333662 -0.9997131 0.01989777 -0.01217827 -0.9999257 -0.0004494471 -0.01694333 -0.9998214 -0.00837395 -0.9397573 0.05951924 -0.336621 -0.9744267 -0.09796297 -0.2022271 -0.9522482 -0.05023039 -0.3011649 -0.9904678 -0.04249272 -0.1310266 -0.9980464 -0.06247686 -0.0003315578 -0.9952035 -0.09780271 0.002115711 -0.8577881 -0.04178208 0.5123024 -0.8586858 -0.05669742 0.5093566 -0.9874393 -0.02741063 0.1556027 -0.9262444 -0.02473929 0.3761107 -0.9585866 -0.1093052 0.2629904 -0.8729454 -0.1009116 0.4772664 0.006798097 -0.7263974 0.6872413 -0.004237803 -0.7543237 0.656489 0.0007833159 -0.0939576 0.9955758 -0.0001759167 -0.09204472 0.9957549 -0.9996458 -0.02661203 5.078487e-06 -0.9996461 -0.02659964 1.581603e-05 -0.9996454 -0.02662715 -2.899687e-05 -0.9996445 -0.02666022 0.0001602098 -0.9996465 -0.02658643 2.833812e-05 -0.999647 -0.02656434 -0.0005562362 -0.9996338 -0.02705559 -0.0004348209 -0.9996321 -0.02709424 -0.00126463 0.02528975 -0.7421754 -0.6697283 -0.01107852 -0.6863247 -0.7272109 -0.01703357 -0.6834041 -0.7298415 -0.998449 -0.05295971 -0.01717128 -0.9985064 -0.05434252 -0.005648633 -0.3427486 -0.9394139 -0.004983697 -0.4371577 -0.8991063 0.02237855 -0.7488033 -0.6618295 -0.03571386 -0.8939874 -0.4466795 0.03555115 -0.0238527 -0.6612442 -0.7497914 -0.2810962 -0.6066897 -0.7435809 0.0006256659 -0.6096362 -0.792681 -0.09108965 -0.6243119 -0.7758463 -0.08664332 -0.6249067 -0.7758766 0.003280557 -0.6093656 -0.7928826 -0.237357 -0.6283467 -0.7408389 -0.3334337 -0.6922809 -0.6399758 -0.32518 -0.6516984 -0.6852351 -0.1816682 -0.6728129 -0.7171607 -0.4470062 -0.5444667 -0.7097474 -0.4644908 -0.5763335 -0.6723748 -0.297741 -0.7454082 -0.5964201 -0.2979215 -0.7454498 -0.5962779 -0.3428338 -0.6877179 -0.6399289 -0.3454094 -0.5856261 -0.7333037 -0.1572484 -0.9438308 -0.290614 -0.1306529 -0.9554907 -0.2645134 0.009686849 -0.771365 -0.6363192 0.006202082 -0.7763669 -0.6302508 0.0007097581 -0.7731262 -0.6342518 0.01142128 -0.7396852 -0.6728562 0.0005290002 -0.725781 -0.6879256 -0.008048042 -0.6856989 -0.7278409 0.004787965 -0.7179262 -0.6961027 0.005762308 -0.6752116 -0.7376016 0.4177532 -0.7201837 -0.5539112 0.3190163 -0.7364613 -0.5965343 0.462043 -0.660534 -0.5917863 0.3456983 -0.7078202 -0.6160222 0.4963593 -0.6239308 -0.6036041 0.3855444 -0.6416805 -0.6630247 0.3935454 -0.647486 -0.6525977 0.5511594 -0.5563341 -0.6218646 0.3448128 -0.4357935 -0.8313773 0.3339097 -0.243646 -0.9105717 0.4716212 -0.5098476 -0.7194643 0.5060341 -0.3251117 -0.798894 0.332407 -0.1030794 -0.9374861 0.452668 -0.1757788 -0.8741816 0.3682329 -0.1850402 -0.9111337 0.3158818 -0.5940439 -0.7398179 0.470704 -0.4769246 -0.7422807 0.3653821 -0.4859208 -0.7939628 0.3696793 -0.4370689 -0.8199439 0.4475058 -0.3722821 -0.813108 0.3890952 -0.3913551 -0.8339341 0.3191035 -0.319861 -0.8921109 0.41874 -0.2677881 -0.8677247 0.432513 -0.1673671 -0.8859575 0.3542898 -0.5560648 -0.7518448 0.9043385 -0.426373 -0.01944036 0.86488 -0.3725554 -0.33643 0.8603426 -0.3675466 -0.3531575 0.8577999 -0.3130099 -0.4076814 0.8681258 -0.2860379 -0.4056353 0.8584573 -0.2749843 -0.4329373 0.8567871 -0.2613209 -0.4445529 0.7505159 -0.4486352 -0.4852342 0.7359143 -0.4861451 -0.4712675 0.8419257 -0.5390412 -0.02440452 0.8367648 -0.5470674 -0.02327938 0.9067578 -0.4020087 -0.1271981 0.8952539 -0.4393917 -0.07386047 0.8135515 -0.5748699 -0.08751225 0.8698964 -0.4872713 -0.07646504 0.8543444 -0.515301 -0.06753109 0.8899257 -0.4280414 -0.1575209 0.85475 -0.5038779 -0.1245371 0.878146 -0.4230015 -0.2234487 0.8586702 -0.4450633 -0.2541733 0.8206308 -0.5478227 -0.1626511 0.8364625 -0.5024707 -0.2187549 0.8490844 -0.4965807 -0.1801755 0.7854836 -0.5453485 -0.2925929 0.8171475 -0.4831856 -0.3143272 0.8206738 -0.4595701 -0.3395434 0.8638325 -0.4148896 -0.2857624 0.8659217 -0.3678056 -0.3389674 0.7863324 -0.5274882 -0.3216169 0.7680277 -0.4854281 -0.4177237 0.811882 -0.4147219 -0.4109177 0.8120108 -0.4139836 -0.4114075 0.8195034 -0.4617545 -0.3394068 0.7233376 -0.5586056 -0.4058849 0.7278066 -0.5296305 -0.4356478 0.7336195 -0.5153362 -0.4429798 0.7617109 -0.4906264 -0.4231812 0.8659025 -0.1967669 -0.4598866 0.8569227 -0.2597839 -0.4451918 0.73491 -0.5174313 -0.4383746 0.7868071 -0.3909708 -0.4775734 0.8141774 -0.2985433 -0.497983 0.8261396 -0.2218479 -0.5179544 0.8423627 -0.01381272 -0.538734 0.8444481 -0.1668823 -0.5089771 0.852009 -0.1413799 -0.5040758 0.8219469 -0.1826106 -0.5394965 0.7504948 -0.4481657 -0.4857004 0.7579738 -0.3922198 -0.5211901 0.7932518 -0.3132606 -0.5221296 0.7897435 -0.3253792 -0.5200322 0.7471395 -0.4429643 -0.4955453 0.8243604 -0.1953949 -0.5312728 0.8315696 -0.1774316 -0.5263175 0.8179011 -0.1042351 -0.5658382 0.7682739 -0.3608894 -0.5286908 0.780392 -0.2407395 -0.57709 0.7723067 -0.3585758 -0.5243717 0.7581539 -0.3179089 -0.56933 0.7604626 -0.3369375 -0.5551304 0.7993765 -0.2438346 -0.5491284 0.7995354 -0.08600108 -0.59443 0.7785134 -0.1155469 -0.6169001 0.7791815 -0.1991384 -0.5943232 0.7637952 -0.2767887 -0.5830994 0.7551485 -0.2393296 -0.6103048 0.767105 -0.2812001 -0.5766077 0.7552795 -0.0425912 -0.6540176 0.7784222 -0.1155253 -0.6170191 0.8915361 0.01678795 -0.4526385 0.7612497 -0.2001979 -0.6167817 0.7557414 -0.2122858 -0.6195077 0.7611094 -0.1607186 -0.6283963 0.9903395 -0.06560723 -0.1221619 0.9669286 -0.1646927 -0.1947443 0.9461266 -0.1926659 -0.2602389 0.9523978 -0.1422154 -0.2696538 0.679981 -0.419025 0.6017008 0.1079136 -0.905962 -0.4093747 -0.3356016 -0.9415342 0.02974475 0.9051196 -0.2943522 -0.3067823 0.9587406 0.01872973 0.2836648 0.4831159 0.3974454 0.7801513 0.5341699 -0.6501145 0.5403829 0.8070394 -0.5886721 -0.04639582 0.4782843 -0.8729797 0.0956585 -0.5819041 -0.793799 -0.1768358 0.958468 -0.2845398 0.01939294 0.8210332 -0.161359 0.5476019 0.9414684 -0.283254 0.182769 0.9050116 -0.4146857 -0.09481449 0.3834839 -0.5376559 0.7509103 -0.09716577 -0.6047196 0.790489 0.3139216 -0.7228776 0.6155496 -0.5446409 -0.5653291 0.6194912 0.188485 -0.9659754 0.1771012 -0.2624661 -0.9646406 0.02408262 0.5113804 -0.8585815 0.03643965 -0.1023749 -0.7749789 -0.6236402 -0.7065874 -0.5476943 -0.4480683 0.9730374 -0.2306005 0.004645869 0.7216055 -0.08484673 0.6870854 0.8765507 -0.2614965 0.4040771 0.7037225 -0.2110765 0.6783962 0.8668779 -0.3877544 0.3133197 0.07843023 -0.07973412 0.9937259 0.7307045 -0.3048246 0.6108623 0.5590253 -0.3556878 0.7489839 0.610958 -0.3657872 0.7020898 0.2344819 -0.2151644 0.9480097 0.9123408 -0.4087592 0.02345635 -0.01245958 -0.2574819 0.9662027 0.2934527 -0.454913 0.8407971 0.002976784 -0.6722386 0.7403286 0.1378022 -0.6937661 -0.706894 -0.1845239 -0.628211 -0.7558452 0.8266267 -0.2960123 0.4786074 -0.6218002 -0.7706368 -0.1395837 -0.6781501 -0.5579298 -0.4783584 0.09674331 -0.8100595 -0.5783114 0.9249665 -0.3725992 -0.07487799 0.6878616 -0.3641319 0.6278968 -0.3577917 0.9335611 -0.02118373 0.7440659 -0.3133894 -0.5900449 -0.3225663 0.1366448 -0.9366319 0.2488974 -0.005711159 -0.968513 0.7820753 -0.2790577 -0.5572118 0.9041404 -0.2058332 -0.374383 0.2971703 -0.3276196 -0.8968585 0.06085684 -0.2375634 -0.9694638 0.2056973 -0.1443467 -0.9679115 -0.8967677 -0.2569565 -0.3602513 0.05849855 -0.5095822 -0.858431 -0.1085825 -0.4881165 -0.8659977 -0.5332441 -0.386084 -0.7527217 -0.4831193 -0.3038064 -0.8211561 0.230274 -0.4088012 -0.8830943 -0.4503536 -0.3178787 -0.8343469 0.09622776 -0.3940575 -0.9140345 -0.241703 -0.3176223 -0.9168946 -0.3173352 -0.2349353 -0.9187512 -0.2316144 -0.1779753 -0.9563888 -0.252333 -0.2481455 -0.9352818 -0.08994918 -0.1967594 -0.976317 0.3318232 -0.2412985 -0.9119586 0.4245616 -0.3936931 -0.8153239 -0.9794467 -0.03550684 -0.1985534 -0.997354 -0.02380519 -0.06869058 -0.8745345 -0.02427107 -0.4843557 -0.7631056 -0.02901531 -0.6456221 -0.6093794 -0.02346368 -0.7925315 -0.9581321 -0.0272537 -0.2850263 -0.7631339 -0.0290191 -0.6455885 -0.2592801 -0.02440777 -0.9654937 -0.4396783 -0.02865966 -0.8976979 -0.04642164 -0.02812655 -0.9985259 -0.4299806 -0.02799746 -0.902404 -0.1219155 -0.03197232 -0.9920254 -0.620262 -0.05892763 -0.7821781 -0.3912794 -0.0338477 -0.9196493 0.9719406 -0.02832409 -0.2335146 0.04037165 -0.02710297 -0.998817 0.4141399 -0.02897781 -0.9097518 0.4732167 -0.0262198 -0.8805557 0.2768346 -0.02554665 -0.960578 0.7040263 -0.02517585 -0.7097276 0.7870336 -0.02878428 -0.6162381 0.9610957 -0.02663886 -0.274928 0.850925 -0.02566439 -0.52466 1.538061e-05 -1 9.279265e-06 8.134351e-06 -1 4.138121e-06 -3.90068e-05 -1 -1.578454e-05 -5.123891e-06 -1 8.572673e-06 -3.023125e-05 -1 1.684807e-05 1.576781e-06 -1 -8.788439e-06 -1.534056e-06 -1 -6.282348e-06 1.473229e-06 -1 -3.117039e-06 3.601079e-07 -1 1.474733e-06 1.179417e-05 -1 4.262684e-07 1.895441e-06 -1 -4.010351e-06 0.5019435 -0.03000639 0.8643798 0.8077506 -0.02599301 0.5889509 0.5045163 -0.02983749 0.8628865 0.6137817 -0.02583757 0.7890528 -0.5819388 -0.03976548 0.8122598 0.9306641 -0.02280281 0.3651636 0.005361324 -0.03405662 0.9994056 -0.7595247 -0.02392465 0.6500383 -0.4239402 -0.02223388 0.9054172 -0.1873492 -0.01853809 0.9821185 -0.5792536 -0.03920399 0.814204 -0.9209198 -0.04647352 0.3869715 0.7744493 -0.02974337 0.6319364 -0.8264107 -0.02621145 0.5624574 -0.9612464 -0.02910234 0.2741505 0.2169574 -0.0186879 0.9760022 -0.9874395 -0.01904743 0.1568454 0.5664306 -0.3094397 0.7638085 0.9839273 -0.02877726 0.1762353 0.4468434 -0.163729 0.8795021 0.3643563 -0.08517613 0.9273562 0.998926 -0.02463182 0.03924306 0.4131399 -0.01690762 0.9105106 0.9595549 -0.2666548 -0.09027611 0.00445847 -0.4446212 -0.8957077 -0.016188 -0.5094488 -0.8603487 0.005943553 -0.4867822 -0.8735031 -0.01311294 -0.5458351 -0.83779 -0.006295743 -0.6054968 -0.7958228 0.004892954 -0.5838377 -0.8118557 -0.002103687 -0.6491066 -0.7606946 -0.001628265 -0.6485266 -0.7611902 0.002614581 -0.4632487 -0.8862244 0.0009171602 -0.523149 -0.8522408 0.007709667 -0.5324858 -0.8464037 -0.009244191 -0.5958738 -0.8030249 0.007677255 -0.570218 -0.8214576 0.01733903 -0.6409602 -0.7673783 0.0009556339 -0.1076784 -0.9941853 0.00164595 -0.1868271 -0.9823914 -0.01673113 -0.03994125 -0.9990619 0.001171502 -0.2678458 -0.9634611 -0.002171719 -0.2411036 -0.970497 0.01878169 -0.07370555 -0.9971032 -0.01202832 -0.1824386 -0.9831436 0.00506998 -0.2472836 -0.9689298 0.001403872 -0.1022422 -0.9947585 -0.004126038 -0.3939595 -0.9191185 -0.02827304 -0.4346346 -0.9001631 -0.001230234 -0.451981 -0.8920267 0.01253654 -0.4443807 -0.8957503 -0.0040632 -0.3586012 -0.9334821 -0.00076184 -0.4189722 -0.9079987 -0.0008935152 -0.4199277 -0.9075571 8.947427e-05 -0.3386841 -0.9409001 0.001113537 -0.3451105 -0.9385614 0.0001321826 -0.3431132 -0.939294 0.005344776 -0.4212389 -0.9069339 -0.006492131 -0.39823 -0.9172626 0.009081432 -0.4739248 -0.8805185 0.006951764 -0.3547811 -0.9349236 0.005657841 -0.2481952 -0.9686935 -0.004042318 -0.3231867 -0.9463267 -0.002241002 -0.2509778 -0.9679903 0.002865903 -0.3364376 -0.9417014 -0.0001225579 -0.2422082 -0.9702243 0.0001422615 -0.2443649 -0.9696833 -0.0006921432 -0.3338295 -0.9426332 0.001889925 -0.339272 -0.9406864 -0.001593662 -0.4217686 -0.9067021 -0.3372972 -0.1639752 -0.9270074 -0.3795036 -0.05992458 -0.9232476 -0.465735 -0.09210962 -0.8801174 -0.471086 -0.1898838 -0.8614071 -0.6023282 -0.318761 -0.7318416 -0.4503155 -0.226484 -0.8636672 -0.3155855 -0.2647533 -0.9112143 -0.3926979 -0.314778 -0.8641199 -0.4773662 -0.3048921 -0.8241131 -0.4402078 -0.3869629 -0.8102325 -0.4047284 -0.3917379 -0.8262786 -0.5131853 -0.396346 -0.7612823 -0.679854 -0.3972982 -0.6164029 -0.2543028 -0.5389698 -0.8030202 -0.2833574 -0.3054182 -0.909081 -0.2447272 -0.3802022 -0.8919389 -0.4438897 -0.4420362 -0.7794651 -0.5070459 -0.5157326 -0.6905971 -0.4234194 -0.5454645 -0.7233151 -0.4040259 -0.5486673 -0.731934 -0.4790666 -0.4493309 -0.7540536 -0.552395 -0.6646832 -0.5030466 -0.4433104 -0.6976234 -0.5628476 -0.4567856 -0.6737338 -0.580887 -0.3818713 -0.6038801 -0.699645 -0.21514 -0.6809128 -0.7000518 -0.2679245 -0.7139926 -0.6468625 -0.3254157 -0.6766425 -0.6604995 -0.4077093 -0.6033471 -0.6853797 -0.7694256 -0.5284114 -0.3588394 -0.7705559 -0.5193533 -0.3694804 -0.8291635 -0.5306492 -0.1757818 -0.8247088 -0.5358029 -0.1810267 -0.8759333 -0.2562188 -0.4087699 -0.8672956 -0.2552514 -0.42737 -0.8482194 -0.3099568 -0.4294772 -0.8482302 -0.3121555 -0.4278603 -0.8910421 -0.3095636 -0.3319855 -0.8742806 -0.3380619 -0.3483499 -0.8692341 -0.3759895 -0.321036 -0.740661 -0.5158409 -0.430499 -0.8528482 -0.1262664 -0.5066622 -0.8154367 -0.06025608 -0.5757015 -0.7655301 -0.07933161 -0.6384906 -0.8051457 -0.0951254 -0.5853986 -0.8686895 -0.1835269 -0.4601048 -0.8457978 -0.1433085 -0.5138956 -0.8508613 -0.1412875 -0.5060365 -0.8590103 -0.2446993 -0.4496928 -0.7649275 -0.08097367 -0.6390063 -0.801735 -0.1472727 -0.5792511 -0.7609855 -0.1238988 -0.6368281 -0.8464364 -0.2634757 -0.4627373 -0.8353339 -0.271946 -0.4777683 -0.7524789 -0.2051844 -0.6258394 -0.7519413 -0.1948091 -0.6297888 -0.7645749 -0.1560194 -0.6253663 -0.7743316 -0.1704995 -0.6093771 -0.8277566 -0.2732892 -0.4900326 -0.8136471 -0.2005192 -0.5456834 -0.8176481 -0.2013552 -0.5393586 -0.7629122 -0.2185891 -0.6084273 -0.7659873 -0.2590189 -0.5883644 -0.7772579 -0.2659842 -0.5701953 -0.7693493 -0.2663626 -0.5806485 -0.7629687 -0.3493586 -0.5439 -0.7597356 -0.304887 -0.5743219 -0.7984369 -0.3354302 -0.4999852 -0.8847971 -0.3743865 -0.2774323 -0.8736964 -0.3810485 -0.3024178 -0.789367 -0.4096058 -0.4572996 -0.7861961 -0.4168455 -0.4562187 -0.7903641 -0.3417539 -0.5084572 -0.7912561 -0.3417279 -0.5070856 -0.7716507 -0.3583608 -0.5254833 -0.7579679 -0.4026693 -0.5131687 -0.7791184 -0.4257221 -0.4601469 -0.7470544 -0.5322496 -0.3982714 -0.7337318 -0.5239496 -0.4325674 -0.7491726 -0.4553989 -0.480991 -0.7530383 -0.448974 -0.4809945 -0.7348613 -0.4878667 -0.4711316 -0.7302442 -0.5088992 -0.4558123 -0.8142087 -0.5803592 -0.0157277 -0.8912683 -0.4111025 -0.1914043 -0.8480827 -0.4317579 -0.3071495 -0.8766865 -0.4803624 -0.02593971 -0.8942772 -0.447197 -0.01682724 -0.9053581 -0.4205325 -0.05898468 -0.8883163 -0.4198827 -0.1859914 -0.8892828 -0.4426484 -0.115058 -0.8469323 -0.4389038 -0.3001151 -0.8704253 -0.4425912 -0.2155755 -0.8562067 -0.5095893 -0.08502268 -0.8272208 -0.4627188 -0.318743 -0.8370894 -0.4566241 -0.30129 -0.8019068 -0.4858754 -0.3476646 -0.8651183 -0.4954614 -0.07802843 -0.8558663 -0.481152 -0.1896985 -0.843769 -0.5331857 -0.06137518 -0.8484249 -0.5259467 -0.05962764 -0.8463934 -0.4898295 -0.2090105 -0.9628326 -0.2500407 -0.102142 -0.9725847 -0.2325489 0.0001337062 -0.9724022 -0.2318761 -0.02583887 -0.9627249 -0.2678328 -0.0377687 -0.9878147 -0.137423 -0.07305452 -0.9582393 -0.2303873 -0.1694084 -0.9588124 -0.2023204 -0.1993622 -0.98209 -0.1314124 -0.1350183 -0.9495266 -0.1703302 -0.2634139 -0.9851277 -0.07937257 -0.1523923 -0.9667813 -0.1174504 -0.2270229 -0.9688483 -0.2476542 0.0005924064 -0.822439 -0.5688534 8.38991e-05 -0.8978496 -0.4403019 0.0006497607 -0.8185506 -0.5744328 0.00132414 -0.8624471 -0.5061469 0.0003590918 -0.8580773 -0.5135187 -0.001399654 -0.8972723 -0.4414774 0.0004357003 -0.8510953 -0.5224518 0.05177939 -0.9656369 -0.087982 0.2445493 -0.9353046 -0.1256326 0.3307896 -0.9399207 -0.1632548 0.299828 -0.9609467 -0.1457885 0.2352172 -0.9278947 -0.2293119 0.2939853 -0.9523091 -0.2116754 0.2197744 -0.9856783 -0.1323085 0.1045595 -0.9302131 -0.3104387 0.1957839 -0.9749854 -0.1914738 0.1128772 -0.9882065 -0.1438178 0.05257636 -0.9541963 -0.2921368 0.06453948 -0.9992993 -0.03702227 -0.005488427 -0.9995261 -0.03045102 0.004490442 -0.999439 -0.03329817 0.003607443 -0.9995632 -0.0295536 0.0002602353 -0.9998096 -0.01418306 0.01340416 -0.9995835 -0.0279732 0.007091045 -0.9992632 -0.03796079 -0.005659414 -0.9995935 -0.0279914 0.005417968 -0.9994264 -0.03369435 0.003414225 -0.999449 -0.03316323 -0.001425304 -0.9995713 -0.02922493 0.001802974 -0.9994119 -0.03428928 -0.0002594981 -0.9990461 -0.04349884 0.003860726 -0.9996018 -0.02750978 -0.006278865 -0.9994044 -0.0344896 0.001154751 -0.9994182 -0.03410634 -1.199366e-05 -0.9996316 -0.02541992 -0.009517684 -0.9995673 -0.02938853 -0.001231252 -0.9993087 -0.03708659 0.002604858 -0.999526 -0.0306266 -0.00311407 -0.9995537 -0.02969754 -0.0032298 -0.9988239 -0.04840174 0.00279906 -0.9996964 -0.0224984 -0.01005028 -0.9996721 -0.02402203 -0.00887405 -0.7859564 -0.5009111 0.3624371 -0.6954297 -0.6368527 0.3328606 -0.6626155 -0.734524 0.1463397 -0.8742933 -0.4848691 -0.0226547 -0.9068326 -0.4176137 -0.05703768 -0.6489511 -0.7384347 -0.1832395 -0.6890037 -0.4557737 -0.5635108 -0.7375211 -0.3565341 0.5735382 -0.9506444 -0.1604099 0.2656009 -0.9331347 -0.2367468 0.2705745 -0.9403737 -0.3005168 0.1593333 -0.614468 -0.7195195 0.323606 -0.7040095 -0.6981769 0.1300757 0.9533983 -0.298207 0.0458715 -0.6905464 -0.7050058 -0.161593 -0.7349311 -0.6155352 -0.2845921 -0.7055503 -0.645879 -0.2916147 -0.7418935 -0.5546901 -0.3767134 -0.8087242 -0.3339456 0.4841957 -0.7201976 -0.4293333 0.5449663 -0.8239874 -0.3297305 0.4607847 -0.8029154 -0.4126063 0.4302126 -0.7970102 -0.4151514 0.4386616 -0.8002866 -0.465442 0.3780279 -0.9073927 -0.3182686 0.2744878 -0.677193 -0.5408711 0.4988667 -0.7263761 -0.5654523 0.3906935 -0.954196 -0.2532664 0.1592675 -0.7555404 -0.5704167 0.3221544 -0.6921819 -0.6390553 0.3353989 -0.8891166 -0.4290301 0.159389 -0.786562 -0.5850182 0.197671 -0.9449455 -0.3041117 0.1208062 -0.7810819 -0.6012393 0.1685894 -0.8611162 -0.4959598 0.1118161 -0.631301 -0.7740785 0.04755596 -0.7395917 -0.6729631 -0.01116325 -0.8615735 -0.5067538 -0.02986051 -0.5793831 -0.8033676 -0.1375334 -0.5195096 -0.8431609 -0.1385261 -0.9240916 -0.3596342 -0.1292973 -0.7860302 -0.5863889 -0.1957157 -0.89772 -0.4084745 -0.1650681 -0.8755663 -0.4489398 -0.1784282 -0.5993513 -0.6971708 -0.3933583 -0.8933264 -0.3946547 -0.2149785 -0.9606717 -0.243868 -0.1328089 -0.8282507 -0.4690076 -0.3066477 -0.8107109 -0.4923095 -0.3168266 -0.7659965 -0.4991871 -0.4050451 -0.8085847 -0.4446066 -0.3853773 -0.9450947 -0.2486989 -0.2120023 -0.798824 -0.4232035 -0.4275267 -0.8737894 -0.34846 -0.3392164 -0.8084543 -0.3703264 -0.4574494 -0.8127475 -0.3082759 -0.4943757 -0.8004575 -0.3222905 -0.5053679 -0.9018175 -0.3730075 0.2181527 -0.9516723 -0.3021919 0.05477265 -0.8712637 -0.4888277 0.04412468 -0.8623196 -0.503965 0.04923635 -0.8666258 -0.4886723 -0.1007922 -0.8758944 -0.2792322 -0.393495 -0.4240297 -0.4640662 -0.7777155 -0.4357406 -0.5178487 -0.7361812 -0.4302592 -0.5285627 -0.7317777 -0.4107444 -0.6363646 -0.6529387 -0.412845 -0.6122103 -0.6743571 -0.4207419 -0.6711111 -0.6103983 -0.4287798 -0.6580689 -0.6189452 -0.4080569 -0.864159 -0.2944805 -0.414874 -0.8664517 -0.2777424 -0.4014609 -0.8924506 -0.2058184 -0.4082347 -0.9009469 -0.1471026 -0.4136036 -0.900624 -0.1334482 -0.3901733 -0.9072141 0.1572492 -0.4105812 -0.8785277 0.2441562 -0.4025212 -0.8562357 0.3237856 -0.4210993 -0.8675473 0.2646452 -0.424867 -0.6823081 0.5949317 -0.4174892 -0.6714661 0.6122386 -0.4154617 -0.6197331 0.6658246 -0.4358556 -0.5555221 0.7081138 -0.4259425 -0.5423468 0.7241774 -0.4139811 -0.4794483 0.7737888 -0.4297616 -0.8134555 -0.3919122 -0.4154726 -0.7594279 -0.5006514 -0.4051053 -0.8138922 -0.4164962 -0.4330123 -0.7858325 -0.4415515 -0.3983095 -0.7729511 -0.4938585 -0.4088133 -0.9112434 0.05007175 -0.443544 -0.8922105 0.08502357 -0.4129869 -0.9097275 -0.04286899 -0.4226305 -0.9055344 0.03729314 -0.397075 -0.9174584 -0.0245245 -0.4600825 -0.7150024 0.5263987 -0.4247313 -0.7864155 0.4485019 -0.4317091 -0.808731 0.3994764 -0.4122471 -0.8060116 0.4247326 -0.388565 -0.7707046 0.5050065 -0.4281457 -0.7898928 0.439045 -0.9999998 -0.0004594595 0.000441051 -0.9999999 0.0002866579 -9.874818e-05 -1 0.0001259316 -3.078299e-05 -0.9999999 0.0005915589 -1.542507e-05 -1 0.0001860018 0.0001336901 -0.9999999 0.0003024121 0.0002334849 -0.9999999 -0.0002342126 -0.0003601253 -1 2.607404e-05 -8.499777e-05 -1 0.0002226354 -0.0001199348 -1 -9.10393e-07 -5.012784e-05 -1 4.623791e-05 -2.75732e-05 -1 5.466622e-05 -1.659866e-05 -1 0.0001925894 -3.845533e-06 -1 4.504485e-05 -7.406631e-06 -1 3.581294e-05 2.239196e-05 -1 3.735541e-05 2.684947e-05 -1 9.664862e-05 4.547057e-05 -1 2.007423e-05 3.15688e-05 -0.8613865 -0.3072208 0.4045104 -0.8297825 -0.242572 0.5026131 -0.8434777 -0.2472162 0.4768958 -0.8532634 -0.2322453 0.4669086 -0.8270556 -0.2971697 0.477147 -0.8493086 -0.314177 0.424226 -0.8496012 -0.3137441 0.4239603 -0.8623577 -0.3584843 0.3575307 -0.8603337 -0.4019311 0.3134921 -0.8425794 -0.2013252 0.4995279 -0.8361307 -0.2110768 0.5062925 -0.8463736 -0.1664833 0.5059003 -0.822571 -0.129752 0.5536618 -0.8299724 -0.2148481 0.5147681 -0.7890363 -0.09331985 0.6072176 -0.8101147 -0.1355536 0.5703852 -0.7737554 -0.1071731 0.6243529 -0.8064647 -0.1827969 0.5623165 -0.8169726 -0.2193682 0.533323 -0.7353287 -0.05679134 0.6753269 -0.7546021 -0.03085757 0.6554565 -0.7715816 -0.1575209 0.6163189 -0.8130698 -0.2460665 0.5276068 -0.7590606 -0.1167899 0.6404586 -0.7798027 -0.1909274 0.5961998 -0.784502 -0.1728804 0.5955409 -0.7797059 -0.2326935 0.5813023 -0.79355 -0.2847487 0.53777 -0.7962375 -0.3097853 0.5196527 -0.8590987 -0.3659606 0.3578019 -0.8602105 -0.4022861 0.3133747 -0.7726956 -0.2575147 0.5801963 -0.7891051 -0.280883 0.5462762 -0.7875246 -0.3429094 0.5120726 -0.7951357 -0.3702165 0.4803112 -0.775786 -0.294887 0.5578511 -0.7601785 -0.3425421 0.5520812 -0.7527983 -0.4334968 0.4953536 -0.7501846 -0.4108858 0.5180693 -0.7643344 -0.3643221 0.5320359 -0.9052614 -0.4137878 0.09634 -0.8948203 -0.4441102 0.04541758 -0.8601612 -0.4040326 0.3112561 -0.8833429 -0.4092389 0.2285365 -0.8190024 -0.4386248 0.3699233 -0.8561444 -0.4114898 0.3125586 -0.7668616 -0.448844 0.4587617 -0.7664008 -0.4208997 0.4852558 -0.768343 -0.4239931 0.479457 -0.8820578 -0.4400231 0.1683853 -0.8799309 -0.4345009 0.1921733 -0.7461184 -0.4256925 0.5119504 -0.732416 -0.4863683 0.4764586 -0.8136248 -0.4447417 0.3744589 -0.8728141 -0.4697173 0.1325183 -0.8636027 -0.5014989 0.05185896 -0.8700317 -0.488346 0.06755042 -0.8504291 -0.4610621 0.2533614 -0.7931932 -0.4611175 0.3977628 -0.8013783 -0.4621642 0.3797328 -0.8454639 -0.4703006 0.2529979 -0.8008396 -0.484345 0.3522296 -0.8357888 -0.5190024 0.1791467 -0.7585792 -0.4702382 0.4510361 -0.7757633 -0.463938 0.4277298 -0.7379501 -0.4902496 0.4637726 -0.8442041 -0.5000685 0.193005 -0.7726717 -0.5390964 0.3351919 -0.7183591 -0.5496321 0.426456 -0.7180451 -0.5284708 0.4529126 -0.8175395 -0.5274842 0.2310618 -0.774803 -0.5261528 0.3504905 -0.8385676 -0.5410277 0.06398 -0.8337536 -0.5447298 0.09013508 -0.5048524 -0.5294045 0.6818027 -0.2671633 -0.03342753 0.9630713 -0.4493347 -0.1925329 0.8723699 -0.433671 -0.02118547 0.9008222 -0.589009 -0.037662 0.8072485 -0.6525446 -0.1322162 0.7461263 -0.6202865 -0.2280178 0.7505015 -0.6855437 -0.380849 0.6204707 -0.2524141 -0.5364301 0.8053136 -0.2469617 -0.1105865 0.9626945 -0.4355247 -0.193161 0.8792082 -0.1800647 -0.2449195 0.9526758 -0.3723538 -0.3361883 0.8650608 -0.5659495 -0.3049784 0.7659565 -0.4776872 -0.331864 0.8134379 -0.4214208 -0.4228433 0.8022519 -0.4334111 -0.5114426 0.7420116 -0.4073327 -0.5718378 0.7120966 -0.3766873 -0.07905941 0.9229606 -0.4475017 -0.07465837 0.8911612 -0.2957536 -0.4536806 0.8406567 -0.3779702 -0.6369919 0.6718481 -0.3536827 -0.6990917 0.6214333 -0.4994379 -0.6625243 0.5582324 -0.3555621 -0.6050187 0.7124099 -0.4734912 -0.6272265 0.6183794 -0.3825991 -0.7281854 0.568651 -0.4392266 -0.5970666 0.6712611 -0.3524938 -0.6822705 0.6405116 0.002832971 -0.6484675 0.7612372 -0.002484142 -0.652544 0.7577468 0.008547097 -0.7122354 0.7018887 -0.009843391 -0.6905797 0.7231894 -0.003114567 -0.7221018 0.6917797 0.001356057 -0.766872 0.6417986 -0.007980137 -0.7574583 0.6528348 -0.008818836 -0.7803149 0.6253245 -0.005551282 -0.3586781 0.9334449 -0.001294049 -0.3722773 0.9281207 -0.007807392 -0.4643507 0.885617 0.006476172 -0.4841767 0.8749462 -0.01158984 -0.5597069 0.8286095 0.001154758 -0.5769099 0.8168069 -0.01092159 -0.6127588 0.7901946 0.006604892 -0.3566416 0.9342179 0.0007870066 -0.3771618 0.9261471 0.008166633 -0.4362806 0.8997737 -0.01190961 -0.4786043 0.87795 0.01515143 -0.5376416 0.8430374 -0.007791288 -0.583537 0.8120492 0.01019806 -0.6077018 0.7940999 0.001704141 -0.09163827 0.9957909 1.356133e-05 -0.2364319 0.971648 0.0005172198 -0.08058421 0.9967477 -0.0001890959 -0.2392048 0.9709691 -0.004909566 -0.2449275 0.969529 0.005626944 -0.1122672 0.9936621 0.009909032 -0.2647302 0.9642716 -8.427972e-05 -0.2361557 0.9717152 -0.004466574 -0.1231982 0.992372 -0.02496753 -0.2830381 0.9587837 -0.06949122 -0.04308354 0.9966517 0.02489067 -0.2879689 0.9573162 0.006212292 -0.09658185 0.9953057 -0.0002398017 -0.239324 0.9709397 -0.007432758 -0.1272593 0.9918417 0.009745387 -0.1893706 0.9818574 -0.003593213 -0.2740571 0.9617067 -0.002501134 -0.2726102 0.9621214 -0.3373038 -0.6132908 0.7142132 -0.3366662 -0.666518 0.6651389 -0.2906089 -0.7455388 0.5997652 -0.2961534 -0.7432871 0.5998478 -0.3228391 -0.6723813 0.6660918 -0.3070614 -0.5167162 0.7991982 0.02355239 -0.5458963 0.8375216 -0.4809413 -0.4450639 0.7553897 -0.2645732 -0.5212142 0.8113796 -0.1462784 -0.5946206 0.7905877 -0.1375622 -0.5179415 0.8442827 -0.4358254 -0.5126501 0.7397609 -0.3794294 -0.5448331 0.7477902 -0.3680641 -0.5974979 0.7124081 0.001760019 -0.5044563 0.8634354 0.001441014 -0.5044662 0.8634302 -0.3730132 -0.927826 -0.0002984389 -0.4133159 -0.9105861 0.001682862 -0.7879829 -0.6156932 -0.002220038 -0.8324274 -0.5541294 0.002293661 -0.997857 -0.06540023 -0.00203235 -0.9996614 -0.02594249 0.002023482 -0.9995582 -0.02970891 0.0008117525 -0.9996462 -0.02659739 1.379523e-05 -0.999646 -0.02660467 -1.046029e-05 -0.9996461 -0.02660057 0.00039576 -0.9996458 -0.02661363 9.255145e-06 -0.9996452 -0.02663331 1.393849e-06 -0.9996484 -0.02651608 2.208413e-06 -0.0003405947 -0.05385025 -0.9985489 0.01005865 -0.09072781 -0.9958249 0.009922007 -0.8577128 -0.5140334 -0.01389537 -0.7188982 -0.6949764 -0.003457902 -0.9999619 -0.00801786 0.007871359 -0.9995063 -0.03041665 0.0005602646 -0.9995559 -0.02979488 0.01424077 -0.9998686 -0.007739117 -0.7351233 -0.6767653 -0.0397801 0.02021812 -0.9988477 0.04352519 0.004509211 -0.9999892 0.001090811 4.346831e-06 -0.9998325 0.0183058 7.23354e-06 -0.9995741 -0.02918344 0.009208892 -0.9999575 0.0004163158 0.000671285 -0.9999996 -0.0004891349 0.004172146 -0.9999912 1.366636e-06 -0.6877831 -0.7259163 -0.00019304 0.001614712 -0.9999961 0.002295144 -0.01543979 -0.9998807 0.0002872368 0.01277956 -0.9573027 -0.2888047 -0.0218085 -0.8816442 -0.4714104 0.9996572 -0.02618278 -8.297062e-06 0.9995558 -0.02978783 -0.0009532989 0.9995341 -0.02857616 0.01071922 0.9996568 -0.02619816 6.048646e-06 0.9996578 -0.02616011 -2.956528e-06 0.9996587 -0.02612627 9.90795e-05 0.9996563 -0.0262183 -1.443448e-05 0.9996572 -0.0261834 -2.138765e-07 0.9996572 -0.02618103 2.922349e-07 0.9996579 -0.02615701 -1.340274e-05 0.9996574 -0.02617548 6.080081e-06 0.9996574 -0.02617622 4.987305e-06 0.9996575 -0.02617055 9.806794e-06 0.9995943 -0.0284808 -0.0002926825 0.9996273 -0.02728346 0.00102176 0.999631 -0.02713909 0.001097518 0.9989796 -0.04505474 -0.003153834 0.9996564 -0.02621255 -7.472177e-09 0.9996579 -0.02615367 5.363826e-06 0.0002327788 -0.6250937 -0.7805496 -0.01188845 -0.64222 -0.7664282 0.002860648 -0.6309908 -0.775785 0.007835892 -0.9999577 0.00482521 0.02623224 -0.9996215 -0.008292086 0.7672147 -0.6412784 -0.0119796 0.7189965 -0.6949353 0.01043862 -4.758936e-06 -0.6113415 -0.7913668 -0.001629729 -0.6117163 -0.7910755 0.0001540967 -0.6099338 -0.7924524 6.244105e-05 -0.6096296 -0.7926864 0.0008617066 -0.6117061 -0.7910846 6.285182e-05 -0.6095673 -0.7927343 -0.0003448677 -0.6114263 -0.7913014 -3.390902e-05 -0.6098454 -0.7925203 -4.947393e-05 -0.6097913 -0.7925621 0.0008545164 -0.6115952 -0.7911704 -3.032136e-05 -0.6113914 -0.7913284 -7.403341e-05 -0.6097449 -0.7925977 -7.989131e-06 -0.6099563 -0.792435 0.0008581644 -0.6115938 -0.7911714 -1.412599e-05 -0.6113928 -0.7913272 0.0008601 -0.6116 -0.7911666 -3.322799e-05 -0.611394 -0.7913262 -3.322325e-05 -0.6098143 -0.7925444 7.071376e-06 -0.6099445 -0.7924442 0.0002867208 -0.6113358 -0.7913713 -0.001706461 -0.6117986 -0.7910118 4.893928e-05 -0.6098639 -0.7925062 5.747645e-05 -0.6098363 -0.7925275 0.001063571 -0.6116976 -0.791091 0.0001038064 -0.6114775 -0.7912619 -0.0001524141 -0.6099005 -0.792478 -6.623859e-05 -0.6096042 -0.792706 -5.546943e-05 -0.6103098 -0.792163 -4.462507e-05 -0.6095119 -0.7927769 -2.411831e-05 -0.6095344 -0.7927596 -2.215277e-05 -0.6095294 -0.7927635 -8.708855e-06 -0.6095562 -0.7927428 0.0001855221 -0.6099567 -0.7924347 -5.071837e-05 -0.6100113 -0.7923927 -8.376371e-05 -0.6100038 -0.7923984 1.729112e-06 -0.6100415 -0.7923695 0.0001524059 -0.6098382 -0.7925259 -1.689016e-06 -0.6100417 -0.7923692 6.352844e-05 -0.6102289 -0.7922251 2.792264e-05 -0.6102707 -0.792193 5.16692e-06 -0.610305 -0.7921667 4.30801e-06 -0.6102791 -0.7921865 8.483077e-05 -0.6101584 -0.7922794 0.0001620304 -0.6098719 -0.7925 0.001963302 -0.9999482 -0.009979041 -0.0008766505 -0.9999141 -0.01308086 5.751159e-05 -0.5974808 -0.8018832 -0.007286542 -0.6240593 -0.781343 -0.007300871 -0.6607041 -0.7506109 -0.9993277 -0.02455162 0.02722883 -0.9996161 -0.02770329 -0.0004016713 -0.9996574 -0.02617567 5.269858e-07 -0.9996574 -0.02617373 -1.994168e-06 -0.999657 -0.02618975 4.883191e-06 -0.9996565 -0.02620774 -3.754995e-05 -0.9996575 -0.02617095 3.506103e-06 -0.999658 -0.02615209 1.111739e-05 -0.9996568 -0.0261985 3.829259e-06 -0.9996573 -0.02617644 2.521616e-06 -0.9996572 -0.02618362 -4.65755e-06 -0.9996572 -0.02618254 -6.155789e-06 -0.9988809 -0.04716683 -0.003512631 -0.9996573 -0.02617696 -1.574771e-06 -0.9995882 -0.02869411 -0.0002610339 -0.9996289 -0.02721448 0.001185095 -0.9996253 -0.02735044 0.001119297 -0.9996572 -0.02618234 -8.257058e-08 -0.9996557 -0.02624073 -5.490442e-06 -0.009326719 -0.8955612 -0.4448407 0.008961576 -0.8595579 -0.5109597 -0.004572699 -0.7124448 -0.7017133 0.02290965 -0.6931612 -0.7204185 0.9996575 -0.02617382 1.293208e-06 0.9996663 -0.02583169 9.942474e-05 0.9994993 -0.03090579 0.006790289 0.9992909 -0.02905528 0.02394471 0.9996575 -0.02616995 -1.33309e-06 0.9996578 -0.02615993 -3.757478e-06 0.9996587 -0.02612506 9.96153e-05 0.9996562 -0.02621779 -1.423031e-05 0.9996572 -0.02618394 -4.394431e-07 0.9996572 -0.02618063 3.245997e-07 0.9996579 -0.02615636 -1.357773e-05 0.9996573 -0.02617729 3.782381e-06 0.9996574 -0.02617542 6.49848e-06 0.9996575 -0.02617135 9.885824e-06 0.9995975 -0.02836712 -0.0002613396 0.9996285 -0.02723638 0.0009773626 0.9996321 -0.02710147 0.00104793 0.9989907 -0.0448063 -0.003160372 0.9996564 -0.02621235 -2.839556e-08 0.999658 -0.02615275 5.421674e-06 0.7655833 -0.6427152 -0.02827013 0.6055233 -0.7954081 0.02583499 0.001340277 -0.7383705 -0.674394 -0.01429089 -0.7417824 -0.6704885 0.01996698 -0.7989575 -0.6010559 -0.03952136 -0.806603 -0.589771 -0.9994434 -0.03281181 0.006009948 -0.9993384 -0.03137492 0.01839638 -0.999665 -0.02588415 0.0002643986 -0.9996616 -0.02601554 -0.0001424921 -0.9996573 -0.02617695 -6.999036e-07 -0.999657 -0.0261903 4.474792e-06 -0.9996566 -0.02620627 -3.728314e-05 -0.9996575 -0.02617102 3.53889e-06 -0.9996579 -0.0261522 1.120478e-05 -0.9996567 -0.02619847 3.824231e-06 -0.9996573 -0.02617656 2.388356e-06 -0.9996572 -0.02618361 -4.656279e-06 -0.9996572 -0.02618252 -6.093145e-06 -0.9988403 -0.04800782 -0.003663624 -0.9996573 -0.02617696 -1.521508e-06 -0.9995863 -0.02875909 -0.0002676548 -0.9996281 -0.02724102 0.001219038 -0.9996244 -0.02737896 0.001151835 -0.9996572 -0.02618238 -7.375546e-08 -0.9996556 -0.02624124 -5.498575e-06 0.003770006 -0.9112549 -0.4118254 -0.01252538 -0.8805631 -0.4737635 -0.02475918 -0.6899617 -0.7234223 0.01591043 -0.7225606 -0.6911244 -0.002384904 -0.6189818 -0.7854017 1.072214e-06 -0.6203924 -0.7842915 0.002010703 -0.6261564 -0.7796949 0.004881393 -0.6615289 -0.7499038 0.003422077 -0.9999487 0.009522819 -0.01821462 -0.9997584 -0.01230635 -0.7300703 -0.6830972 -0.01938228 -0.628105 -0.7779275 0.01769481 0.900219 -0.434835 -0.02289806 0.6354961 -0.7717418 0.02365174 0.4385578 -0.8985984 -0.01370995 0.9996575 -0.02617307 1.95324e-06 0.9996524 -0.02636234 -4.826878e-05 0.9993219 -0.02406001 0.02787188 0.9996576 -0.02616726 -3.117593e-06 0.9996578 -0.0261612 -4.59737e-06 0.9996587 -0.0261258 9.916406e-05 0.9996563 -0.02621844 -1.414506e-05 0.9996572 -0.02618441 -2.968466e-07 0.9996572 -0.02618067 3.182697e-07 0.9996579 -0.02615645 -1.355919e-05 0.9996573 -0.02617724 3.872834e-06 0.9996574 -0.02617547 6.427495e-06 0.9996575 -0.02617133 9.882187e-06 0.9996411 -0.02678892 -6.640257e-05 0.9996493 -0.02647908 0.0002678525 0.9996504 -0.02644234 0.0002865201 0.999303 -0.03726872 -0.00216585 0.9996564 -0.02621269 5.302621e-08 0.9996579 -0.02615394 5.426397e-06 0.001338859 -0.7383704 -0.6743941 -0.01428892 -0.7417816 -0.6704894 0.01996591 -0.7989575 -0.6010559 -0.03952128 -0.8066027 -0.5897713 -0.9993285 -0.02463312 0.02712329 -0.9996129 -0.02781854 -0.0004319329 -0.9996573 -0.0261759 5.346388e-07 -0.9996573 -0.02617867 4.124597e-06 -0.9996571 -0.02618775 8.098668e-06 -0.9996565 -0.02620871 -4.090778e-05 -0.9996576 -0.02616883 3.483156e-06 -0.999658 -0.02615121 1.059971e-05 -0.9996568 -0.02619837 4.096566e-06 -0.9996573 -0.02617816 6.577203e-08 -0.9996572 -0.02618294 -4.706683e-06 -0.9996572 -0.0261825 -6.101118e-06 -0.998991 -0.04481331 -0.002952493 -0.9996573 -0.02617689 -1.493015e-06 -0.9995891 -0.02866317 -0.000257733 -0.9996292 -0.02720332 0.001169633 -0.9996257 -0.027334 0.001106698 -0.9996572 -0.02618044 -2.455281e-07 -0.9996558 -0.02623684 -5.486843e-06 0.008935384 -0.8593152 -0.5113684 -0.009059098 -0.8955644 -0.4448397 0.0224991 -0.6934648 -0.7201391 -0.004568293 -0.7124981 -0.7016593 0.0003200487 -0.6305873 -0.7761182 -0.009622559 -0.5988913 -0.8007725 -0.007526862 -0.6614276 -0.7499712 0.002269223 -0.9998347 -0.01804056 0.006453906 -0.9998894 -0.01340118 -0.7477483 -0.6634573 -0.02639877 -0.6280776 -0.7779495 0.01769415 0.8196032 -0.5720674 -0.03145359 0.6267793 -0.7784593 0.03389479 0.9996575 -0.0261711 1.97822e-06 0.9996617 -0.02600686 4.93782e-05 0.9995885 -0.02849904 0.003257634 0.9993773 -0.02670407 0.02306398 0.9996575 -0.02617123 2.063814e-06 0.9996578 -0.02615792 -1.161805e-06 0.9996586 -0.02612376 9.99229e-05 0.9996563 -0.02621669 -1.411199e-05 0.9996572 -0.02618346 -5.696954e-07 0.9996572 -0.02618062 9.579775e-08 0.9996579 -0.02615703 -1.341842e-05 0.9996573 -0.0261769 3.946508e-06 0.9996574 -0.02617478 7.018397e-06 0.9996575 -0.02617134 9.884031e-06 0.9995975 -0.02836714 -0.0002613324 0.9996285 -0.02723641 0.0009773467 0.9996324 -0.0270936 0.001052034 0.9992869 -0.03772986 -0.001456013 0.9996564 -0.02621193 -1.301795e-07 0.999658 -0.02615189 5.363246e-06 0.002665328 -0.7382048 -0.6745713 -0.0144581 -0.7419641 -0.6702837 0.0201307 -0.7989529 -0.6010567 -0.03951072 -0.8066297 -0.5897352 -0.9996291 -0.0247555 0.01134941 -0.9996665 -0.02582769 9.136444e-05 -0.9996573 -0.02617605 2.473749e-07 -0.9996573 -0.02617932 4.513853e-06 -0.999657 -0.02618743 8.079213e-06 -0.9996564 -0.0262082 -4.050123e-05 -0.9996576 -0.0261687 3.481655e-06 -0.999658 -0.02615096 1.06452e-05 -0.9996568 -0.02619836 4.095727e-06 -0.9996573 -0.02617909 -9.957314e-07 -0.9996572 -0.02618285 -4.754191e-06 -0.9996572 -0.02618267 -6.036305e-06 -0.9992092 -0.0396939 -0.002305402 -0.9996573 -0.02617643 -9.586857e-07 -0.9996184 -0.02762429 -0.0001451644 -0.9996414 -0.02677144 0.0006812074 -0.9996392 -0.0268513 0.0006429896 -0.9996572 -0.02618037 -2.61103e-07 -0.9996557 -0.02623704 -5.527869e-06 0.01590024 -0.8591904 -0.5114089 -0.01461892 -0.948634 -0.3160376 0.02043993 -0.6942883 -0.7194067 -0.005271405 -0.677295 -0.7356927 -0.01519852 -0.7375725 -0.6750969 0.0001063492 -0.6188984 -0.7854711 -0.00365606 -0.6056714 -0.7957065 -0.01022228 -0.999834 -0.01507896 -0.00671394 -0.9999169 -0.01100055 -0.7767609 -0.6296803 0.01205553 -0.8347595 -0.5502865 -0.01901207 0.7934148 -0.6076514 -0.03539317 0.5966272 -0.80195 0.03020278 0.9996573 -0.02617625 -6.232771e-07 0.9996573 -0.02617634 -3.319069e-06 0.9996094 -0.02794426 0.0003389491 0.99932 -0.02530643 0.02681562 0.9996569 -0.02619383 4.774301e-06 0.9996575 -0.02616957 -4.675341e-07 0.9996581 -0.02614713 8.033621e-05 0.9996561 -0.02622022 -1.561597e-05 0.9996571 -0.026184 -6.334216e-07 0.9996572 -0.0261806 3.927437e-07 0.9996579 -0.0261561 -1.36439e-05 0.9996574 -0.02617306 8.195811e-06 0.9996573 -0.0261761 6.269821e-06 0.9996572 -0.02618318 -5.082412e-06 0.9996574 -0.02617184 1.019832e-05 0.9996288 -0.02724354 -0.0001660325 0.999644 -0.02667465 0.0004510791 0.9996457 -0.02661554 0.0004813642 0.9989227 -0.04623042 -0.004030887 0.9996564 -0.02621221 -6.422167e-08 0.9996579 -0.02615188 5.444904e-06 0.001280717 -0.738404 -0.6743574 -0.01426325 -0.7417964 -0.6704734 0.01991125 -0.7989137 -0.601116 0.003955779 -0.8012598 -0.5983035 -0.999438 -0.03261987 0.007720681 -0.9994451 -0.03319516 0.002754081 -0.9996638 -0.02592968 0.0002231217 -0.9996607 -0.02604565 -0.000100085 -0.9996574 -0.02617747 1.613821e-07 -0.9996572 -0.02618129 1.500554e-06 -0.9996572 -0.02618323 -5.961245e-06 -0.9996573 -0.02617868 2.086804e-07 -0.999658 -0.02615193 1.121312e-05 -0.9996567 -0.02619677 4.641346e-06 -0.9996572 -0.02618249 -6.917455e-06 -0.9996572 -0.02618031 -4.658236e-06 -0.9996572 -0.02618219 -6.484626e-06 -0.9992136 -0.03956966 -0.002502695 -0.9996573 -0.02617616 -1.375941e-06 -0.9996311 -0.02716111 -0.0001149497 -0.9996467 -0.02657491 0.0004532866 -0.9996454 -0.02662412 0.0004299813 -0.9996572 -0.02617858 2.384793e-07 -0.9996557 -0.02624062 -5.449502e-06 -0.0107644 -0.9107245 -0.4128741 0.006122217 -0.9406515 -0.339319 -0.01227152 -0.9999052 -0.006236752 -0.007076874 -0.9993973 -0.03398625 -0.005986178 -0.9997718 -0.02050906 -0.01244733 -0.9993297 -0.03442724 -0.00467978 -0.999988 0.001439192 -0.004698173 -0.9999864 0.002220414 0.6085947 -0.7931798 -0.02186924 -0.02008338 -0.9987814 0.04508067 -2.310485e-07 -0.9997993 0.02003786 -0.0001022999 -0.999662 -0.02599927 0.5926447 -0.805464 -0.0001358155 0.01221651 -0.9999238 0.001784901 0.01377553 -0.9999038 0.001601922 -0.00731185 -0.9999732 0.0002318178 -0.0008990142 -0.9999995 -0.0005107825 -0.003763312 -0.999993 -0.0001285663 -0.004104891 -0.9999916 -7.83442e-05 0.8519999 -0.04950122 0.5211965 0.8489997 -0.02749075 0.5276776 0.9860972 -0.02887463 0.1636419 0.9910473 -0.06800978 0.114891 0.9610365 -0.09117168 0.260953 0.8953136 -0.08977581 0.4362955 0.8922243 -0.06275806 0.4472105 0.9322493 -0.03712486 -0.3599068 0.9606726 -0.06088405 -0.2709267 0.9478455 -0.0923632 -0.305054 0.9847637 -0.04533893 -0.1678837 0.989549 -0.07364204 -0.1239744 0.9985486 -0.05384867 -0.001011528 0.9979548 -0.06392196 -0.0003075475 0.002378515 -0.9999952 0.0020064 0.0225143 -0.999642 -0.01445629 0.0053394 -0.9999827 -0.002444278 -5.86641e-05 -1 -6.200683e-05 -8.646211e-05 -1 5.086183e-05 -0.006376107 -0.9996427 -0.02595985 -0.0001040056 -1 1.431429e-05 0.02697844 -0.9992027 0.0294306 -3.417962e-06 -0.9999999 -0.0002542499 0.0001481944 -1 5.497523e-05 0.0001017151 -1 0.0001885463 -0.0001765689 -1 2.547506e-06 -0.0002294173 -0.9999999 -3.460358e-06 -0.0002620887 -0.9999999 0.0001117572 -0.0003250643 -0.9999999 2.49038e-05 -0.0003180552 -1 0.000159495 0.008335842 -0.9998095 0.01764828 0.005974543 -0.9999779 -0.002901518 0.02598702 -0.9987553 -0.04257185 0.02210217 -0.9996782 -0.01245184 -4.64763e-06 -0.9999983 -0.001811905 -0.01213346 -0.9993322 0.0344671 0.003366223 -0.9999833 -0.004702499 0.02408214 -0.5960622 0.8025771 -0.02812434 -0.8125805 0.58217 -0.01364983 -0.1088594 0.9939635 0.002181083 -0.07282426 0.9973424 0.9996461 -0.02660418 -3.499069e-06 0.9996465 -0.02658316 1.101484e-05 0.9996466 -0.02658135 1.324619e-05 0.9996472 -0.02656115 -0.000143216 0.9996457 -0.02661881 -3.455444e-05 0.9996447 -0.02665143 -0.0003724285 -0.02208213 -0.6963243 -0.7173876 0.01825765 -0.7240837 -0.6894705 0.9993161 -0.03693626 -0.001723789 0.9992992 -0.03727082 -0.003473406 0.3669125 -0.9295972 -0.0349894 0.6971005 -0.7159959 0.03742496 0.8322089 -0.5536708 -0.02961345 0.9342251 -0.3565528 0.009671984 -0.005186463 -0.6378741 -0.7701232 0.01306169 -0.6371965 -0.7705907 0.256447 -0.6146361 -0.7459607 -0.003049168 -0.6108565 -0.7917354 0.1058751 -0.6184425 -0.7786651 0.2388522 -0.7605946 -0.6036932 0.3438775 -0.7144149 -0.6093929 0.2975934 -0.676595 -0.6735409 0.1304691 -0.6887674 -0.713146 0.4386 -0.6046533 -0.6648492 0.4770399 -0.5308208 -0.7004728 0.4021078 -0.6000695 -0.6915389 0.3024299 -0.5978879 -0.7423384 0.01401702 -0.7038609 -0.7101995 -0.003599488 -0.6920571 -0.7218338 -0.000675616 -0.7674733 -0.6410807 -0.01665269 -0.748777 -0.6626129 -0.01331124 -0.7790543 -0.626815 0.2094864 -0.9055497 -0.368911 0.03234735 -0.9986981 0.03944265 -0.02434674 -0.999702 -0.001814236 -0.7609649 -0.6487809 0.003983872 -0.7341367 -0.678977 -0.00579726 -0.0003392205 -0.6276346 -0.7785079 0.01037155 -0.646374 -0.7629502 0.01410826 -0.6433724 -0.7654234 -0.01252543 -0.6564639 -0.7542534 0.1657425 -0.9486173 0.269545 0.2517031 -0.7604858 0.5985874 0.3179538 -0.7313013 0.6034101 0.3117892 -0.6805988 0.6630027 0.3475118 -0.6134135 0.7091963 0.3259879 -0.6744328 0.6624744 0.3584366 -0.6084006 0.7080762 0.4760219 -0.4485985 0.7564142 0.4118868 -0.5326395 0.739354 0.3094835 -0.5831606 0.751095 0.09138317 -0.5829486 0.8073538 0.2857578 -0.5056936 0.8140126 0.1305986 -0.5115803 0.8492523 0.004804168 -0.5456296 0.8380128 -0.004268228 -0.5039298 0.8637341 0.0005389479 -0.5046591 0.8633186 0.0007268491 -0.503831 0.863802 0.0007227941 -0.5029542 0.8643128 -0.0005061466 -0.5037276 0.8638624 0.0005013875 -0.5039799 0.8637154 0.001539089 -0.5043277 0.863511 -0.0001205883 -0.5030584 0.8642524 -0.0002397274 -0.5026043 0.8645165 -0.0001228903 -0.5033477 0.8640839 -6.124299e-06 -0.5031846 0.8641788 -0.0002911868 -0.5041076 0.8636408 -0.001438774 -0.5044903 0.8634161 7.572385e-05 -0.5022416 0.8647273 7.786964e-05 -0.5022511 0.8647219 5.901469e-05 -0.5030686 0.8642465 -6.026858e-05 -0.5041195 0.8636339 0.001833225 -0.5047592 0.8632583 -0.0001234927 -0.5022278 0.8647353 -6.946067e-05 -0.5024704 0.8645944 -0.000213806 -0.5041502 0.863616 -0.001248444 -0.5044957 0.8634133 0.0001782893 -0.5040675 0.8636643 0.001856287 -0.5046341 0.8633313 -0.0001662239 -0.5040464 0.8636766 -0.0002898427 -0.5045895 0.8633593 -0.0002926046 -0.5040508 0.863674 -0.00131911 -0.5042825 0.8635376 -0.0001736067 -0.5039004 0.8637618 3.98146e-06 -0.5025135 0.8645694 0.0001321525 -0.5028154 0.8643938 -7.468945e-05 -0.5026508 0.8644895 0.0001455921 -0.5028793 0.8643566 -4.687551e-06 -0.5025194 0.8645659 -3.924816e-05 -0.5024825 0.8645874 -3.589173e-05 -0.504081 0.8636564 0.003458277 -0.5052523 0.8629647 -0.000123543 -0.5037333 0.8638592 3.135254e-06 -0.5022721 0.8647097 0.0001173545 -0.5086467 0.8609754 8.948615e-06 -0.477638 0.8785568 -0.0001653241 -0.5039074 0.8637576 0.0001143357 -0.5043088 0.8635233 0.0003390591 -0.5018151 0.8649748 0.000195277 -0.5023105 0.8646873 -0.6591019 -0.7520502 0.002256907 -0.6009617 -0.7992776 -0.0005343596 -0.01254799 -0.03915604 0.9991543 5.142317e-07 -0.0261639 0.9996576 5.804067e-06 -0.0261314 0.9996585 1.812135e-05 -0.03355867 0.9994368 -0.007469678 -0.7934176 0.6086319 0.01243877 -0.7385352 0.6741002 0.0009004236 -0.9999996 9.609283e-05 0.008228367 -0.999966 -0.0006765094 0.6056221 -0.7957516 -0.00112672 0.6718194 -0.7407123 0.002014423 0.005064359 -0.9999866 0.00102355 -0.004603292 -0.9999894 -0.0002969696 -0.01661656 -0.7859904 0.6180154 0.01968111 -0.7906652 0.6119323 -0.01415706 -0.724222 0.6894217 0.01572126 -0.7299788 0.6832889 -0.004311569 -0.6612477 0.7501552 0.01269791 -0.6662832 0.7455906 -0.02788952 -0.9193365 0.3924825 0.03144808 -0.9319169 0.361306 -0.03909865 -0.9992352 0.0005914335 0.01417388 -0.999893 -0.003627065 0.01374073 -0.8621802 -0.5064155 0.01509182 -0.8623551 -0.5060791 0.01284108 -0.9999171 -0.000923677 -0.01284277 -0.9999171 0.0009234725 -0.01499888 -0.8623456 0.5060979 -0.01374255 -0.8621829 0.5064107 -0.01438744 -0.9998378 0.01083424 0.03264555 -0.9994572 0.004414236 -0.04098168 -0.9659411 -0.2554962 0.04908033 -0.9548489 -0.2930094 -0.5607586 -0.8279781 -0.001463984 -0.6512717 -0.7588404 0.002581785 -0.01254064 -0.03940126 0.9991447 9.576775e-07 -0.02615757 0.9996578 1.991259e-06 -0.02616241 0.9996577 0.0003357599 -0.03353971 0.9994374 -0.007469631 -0.793417 0.6086326 0.01243899 -0.7385341 0.6741014 0.0009011705 -0.9999996 4.588272e-05 0.0007252686 -0.9999997 6.442088e-05 0.7264476 -0.6872174 -0.002457817 0.8217992 -0.5697702 0.002777643 0.01944 -0.9998108 0.0005860809 0.01501881 -0.9998865 0.001224893 -0.0166186 -0.7859905 0.6180152 0.01967948 -0.7906654 0.6119321 -0.0146174 -0.7239773 0.6896689 0.01581979 -0.7298024 0.6834753 -0.002547977 -0.6608335 0.7505283 0.01330259 -0.6655595 0.7462262 -0.02788907 -0.9193366 0.3924825 0.0314481 -0.9319168 0.3613061 -0.03909866 -0.9992352 0.0005913828 0.01417326 -0.999893 -0.003627065 0.01374122 -0.8621801 -0.5064154 0.0150915 -0.8623549 -0.5060791 0.01284164 -0.9999171 -0.000923677 -0.01284277 -0.9999171 0.0009235134 -0.01499888 -0.8623455 0.506098 -0.01374254 -0.8621828 0.5064108 -0.01438744 -0.9998378 0.01083424 0.03264553 -0.9994572 0.004414237 -0.04098162 -0.9659411 -0.2554961 0.04908128 -0.9548489 -0.2930093 -0.6039385 -0.7970301 -0.0011199 -0.6714489 -0.7410479 0.002104994 -0.01254799 -0.0391558 0.9991543 1.111396e-06 -0.02613558 0.9996584 5.90699e-06 -0.02616469 0.9996576 4.595654e-06 -0.03356445 0.9994366 -0.007468102 -0.7934176 0.6086319 0.01243901 -0.7385408 0.674094 0.0008978919 -0.9999996 5.506989e-05 0.01046748 -0.9999448 -0.0009537826 0.6658723 -0.7460628 0.002074892 0.723282 -0.690552 -0.001028285 0.0142151 -0.9998977 -0.00162479 -0.004687495 -0.9999886 0.0009631977 -0.01661221 -0.7859911 0.6180146 0.01967952 -0.790665 0.6119326 -0.01478089 -0.7240883 0.689549 0.01572279 -0.7299716 0.6832966 -0.002317819 -0.6614404 0.7499942 0.01367084 -0.6661574 0.7456859 -0.02788837 -0.9193367 0.3924823 0.03144807 -0.9319167 0.3613063 -0.03909857 -0.9992352 0.0005914295 0.01417391 -0.999893 -0.003627068 0.01374107 -0.8621801 -0.5064156 0.01509207 -0.862355 -0.5060792 0.01284164 -0.9999171 -0.0009236765 -0.01284279 -0.9999171 0.0009235142 -0.01499825 -0.8623455 0.506098 -0.01374256 -0.8621829 0.5064107 -0.01438743 -0.9998378 0.01083424 0.03264552 -0.9994572 0.004414239 -0.04098153 -0.9659411 -0.2554959 0.04908153 -0.9548489 -0.2930094 -0.6655366 -0.746364 -0.001360772 -0.7366889 -0.6762276 0.00237761 3.104261e-07 -0.02615829 0.9996578 -1.77668e-06 -0.0261473 0.999658 1.544618e-05 -0.02818573 0.9996027 0.01571364 -0.03544425 0.9992481 -0.006620675 -0.8361576 0.5484494 0.01791353 -0.7444568 0.6674303 -0.01529166 -0.4625921 0.8864393 0.00088912 -0.9999993 0.0007129246 0.01660485 -0.9998617 -0.0009538773 0.5917954 -0.8060809 -0.003414019 0.7737967 -0.6334209 0.004079386 0.009992093 -0.9999462 0.002770016 -0.008672899 -0.9999624 0.0001488022 -0.01661301 -0.7859924 0.618013 0.01967193 -0.7906658 0.6119319 -0.01450972 -0.7240009 0.6896464 0.0158254 -0.7298039 0.6834733 -0.001915711 -0.6611038 0.7502921 0.01307149 -0.6655637 0.7462265 -0.02788433 -0.9193375 0.3924806 0.03144827 -0.9319165 0.3613069 -0.03909867 -0.9992352 0.0005914333 0.01417388 -0.999893 -0.003627064 0.01374109 -0.8621801 -0.5064156 0.01509203 -0.862355 -0.5060792 0.01284165 -0.9999171 -0.0009236776 -0.01284277 -0.9999171 0.0009235131 -0.01499888 -0.8623456 0.5060979 -0.01374254 -0.8621829 0.5064107 -0.01436026 -0.9998817 0.005499654 -0.0033604 -0.9999859 0.004086133 0.04049264 -0.9541647 -0.29653 -0.04000149 -0.9436849 -0.3284184 -0.6723549 -0.7402236 -0.002805371 -0.7895956 -0.6136203 0.002994946 -1.858458e-05 -0.0261445 0.9996582 -1.607816e-06 -0.02616982 0.9996575 7.584045e-08 -0.02616361 0.9996577 0.002028006 -0.03634798 0.9993371 -0.008445146 -0.0316376 0.9994637 -0.02287722 -0.7864407 0.617242 0.02154745 -0.6460561 0.7629857 0.9996601 -0.02607006 -0.0004092299 0.9996459 -0.02660629 -1.726255e-05 0.9996462 -0.02659852 4.653191e-06 0.9996462 -0.0265964 5.301712e-06 0.9996455 -0.02662149 -5.069226e-06 0.9996499 -0.02645667 -6.275673e-06 0.999647 -0.02656349 0.0003857301 1.150546e-05 -0.07251721 -0.9973671 0.006625134 -0.05079677 -0.9986871 0.01273934 -0.8212117 -0.5704814 -0.01438866 -0.6768066 -0.7360202 0.999565 -0.0294866 0.0007021463 0.9996653 -0.02579006 0.002069728 0.99984 -0.01762291 0.003106948 0.9431929 -0.3322261 -0.003614898 0.8535932 -0.5209251 0.003955394 0.629676 -0.7768471 -0.004075624 0.486218 -0.8738314 0.003294595 0.02960631 -0.9995581 -0.002669304 -0.02084566 -0.9997803 0.002182712 0.01159642 -0.9999322 0.0009920939 -0.004219915 -0.9999911 -0.0003638591 -0.0101044 -0.03649639 0.9992827 -1.066889e-06 -0.02613456 0.9996585 4.715864e-06 -0.02615923 0.9996578 -0.001486925 -0.03264303 0.9994659 1.542149e-05 -0.02614737 0.9996582 -0.007853463 -0.758276 0.6518863 0.01107763 -0.7048412 0.7092786 0.648964 -0.7608168 0.001866395 0.5842822 -0.8115497 -0.00114953 -0.9992954 -0.02232715 0.03017418 -0.9996871 -0.02501112 0.0003056117 -0.9996574 -0.02617579 6.206111e-07 -0.9996573 -0.02617838 4.00297e-06 -0.999657 -0.02618772 8.109405e-06 -0.9996565 -0.02620856 -4.06016e-05 -0.9996576 -0.02616896 3.484498e-06 -0.999658 -0.02615107 1.070998e-05 -0.9996568 -0.02619836 4.095727e-06 -0.9996572 -0.02618116 -3.066509e-06 -0.9996572 -0.02618285 -4.754191e-06 -0.9996572 -0.02618266 -5.198283e-06 -0.9992092 -0.03969284 -0.002306914 -0.9996573 -0.02617715 -6.747237e-07 -0.9996182 -0.02763059 -0.0001504826 -0.9996413 -0.02677216 0.0006815961 -0.9996392 -0.02685203 0.0006433692 -0.9996572 -0.0261805 -2.309543e-07 -0.9996557 -0.02623749 -5.528287e-06 -0.01461977 -0.9486399 -0.3160202 0.01590026 -0.8591909 -0.5114079 -0.01519969 -0.7375739 -0.6750953 -0.003841583 -0.6779383 -0.7351088 0.02054117 -0.6941586 -0.719529 0.9996573 -0.02617591 -6.316057e-07 0.9996573 -0.02617605 -4.213872e-06 0.9996408 -0.02680086 0.0001188916 0.9996184 -0.02597741 0.009393276 0.9996567 -0.02619843 6.141457e-06 0.9996579 -0.02615828 -2.528373e-06 0.9996586 -0.02613012 9.845693e-05 0.9996563 -0.02621673 -1.427596e-05 0.9996571 -0.0261839 -6.935811e-07 0.9996572 -0.02618069 2.934383e-07 0.9996579 -0.02615656 -1.353095e-05 0.9996573 -0.02617785 3.243369e-06 0.9996574 -0.0261755 6.626157e-06 0.9996575 -0.02617154 9.92768e-06 0.999607 -0.02803373 -0.0002200741 0.9996331 -0.02707563 0.0008272622 0.9996358 -0.02697158 0.0008811936 0.9992823 -0.03784141 -0.001671908 0.9996564 -0.0262121 -9.205502e-08 0.9996579 -0.02615146 5.444521e-06 -0.0002199149 -0.6090863 -0.7931039 -0.003271056 -0.6189817 -0.7853986 -0.8326657 -0.552382 -0.03926754 -0.6131551 -0.7892557 0.03341171 0.009554934 -0.9997652 -0.01944983 0.007042744 -0.9998392 -0.01649286 0.8499331 -0.5266786 -0.01494744 0.7904429 -0.6123087 0.01667243 0.001337356 -0.7383708 -0.6743936 -0.01428907 -0.7417819 -0.670489 0.01997679 -0.7989566 -0.6010568 -0.03952269 -0.8066036 -0.58977 -0.999236 -0.02328795 0.03138393 -0.9996488 -0.0264997 -8.470264e-05 -0.9996574 -0.02617604 5.040534e-07 -0.9996573 -0.02617921 4.635804e-06 -0.9996571 -0.02618763 8.319126e-06 -0.9996565 -0.02620855 -4.059261e-05 -0.9996576 -0.02616911 3.315375e-06 -0.999658 -0.02615096 1.06452e-05 -0.9996568 -0.02619803 3.904683e-06 -0.9996573 -0.02617746 9.054331e-07 -0.9996572 -0.02618302 -4.656627e-06 -0.9996572 -0.02618243 -6.159659e-06 -0.998991 -0.04481238 -0.002952618 -0.9996573 -0.02617699 -1.688648e-06 -0.9995891 -0.02866308 -0.0002579301 -0.9996292 -0.02720344 0.001169481 -0.9996257 -0.0273337 0.001106746 -0.9996572 -0.02618083 -2.617705e-07 -0.9996558 -0.0262366 -5.445795e-06 -0.01461889 -0.9486343 -0.3160366 0.01590005 -0.8591907 -0.5114083 -0.01519883 -0.7375728 -0.6750966 -0.004158499 -0.677319 -0.7356778 0.02093954 -0.6936557 -0.7200022 0.9996573 -0.02617589 -6.644316e-07 0.9996573 -0.02617602 -4.053259e-06 0.999589 -0.0286626 0.0004749126 0.9992697 -0.02572988 0.02825098 0.9996568 -0.02619706 5.680087e-06 0.9996578 -0.02615845 -2.658507e-06 0.9996585 -0.02613041 9.786518e-05 0.9996563 -0.02621651 -1.419382e-05 0.9996571 -0.02618369 -6.199747e-07 0.9996572 -0.02618051 3.435761e-07 0.9996579 -0.02615626 -1.354823e-05 0.9996573 -0.02617739 3.579087e-06 0.9996574 -0.02617534 6.551602e-06 0.9996575 -0.0261714 9.82378e-06 0.9996274 -0.02729539 -0.0001290152 0.9996428 -0.02672118 0.0004945739 0.9996451 -0.02663548 0.0005388255 0.9992967 -0.03744807 -0.001951615 0.9996564 -0.02621192 -7.973526e-08 0.9996579 -0.02615186 5.404056e-06 -0.0002222233 -0.603717 -0.7971987 -0.003166336 -0.6136876 -0.7895426 -0.787609 -0.6150744 -0.03681789 -0.6055432 -0.7953929 0.02583788 -0.003159347 -0.9999458 -0.009919482 0.005190118 -0.9998069 -0.01895748 0.7804973 -0.6244004 -0.03079223 0.599988 -0.7995374 0.02746668 0.001330129 -0.7383701 -0.6743945 -0.01429131 -0.7417797 -0.6704913 0.01996441 -0.7989576 -0.6010558 -0.03952104 -0.8066025 -0.5897716 -0.04098152 -0.9659412 -0.2554958 0.04908187 -0.9548488 -0.2930095 -0.01438743 -0.9998378 0.01083424 0.03264555 -0.9994572 0.004414237 -0.01499825 -0.8623455 0.506098 -0.01374254 -0.8621829 0.5064107 0.01284164 -0.9999171 -0.000923677 -0.01284277 -0.9999171 0.0009235136 0.01374107 -0.8621801 -0.5064155 0.01509149 -0.862355 -0.5060791 -0.03909865 -0.9992352 0.0005913845 0.01417325 -0.999893 -0.003627065 -0.0278853 -0.9193373 0.3924809 0.03144816 -0.9319167 0.3613064 -0.016613 -0.785992 0.6180133 0.01967506 -0.7906657 0.6119319 -0.01483891 -0.7240841 0.6895522 0.01571953 -0.7299801 0.6832876 -0.002802475 -0.6613132 0.7501047 0.01374305 -0.6661991 0.7456473 0.7665694 -0.6421596 0.001463888 0.7161623 -0.6979325 -0.0012842 -0.01254377 -0.03929697 0.9991489 -1.091134e-07 -0.02617273 0.9996575 4.696011e-06 -0.02614063 0.9996583 0.0001740258 -0.03355953 0.9994367 -0.007468102 -0.7934176 0.6086319 0.01243901 -0.7385408 0.674094 0.0008890491 -0.9999993 0.000712917 0.01660478 -0.9998617 -0.0009538849 0.01681725 -0.9998575 0.001478855 0.004246098 -0.9999909 -0.0003128241 -0.6111303 -0.7915298 -0.0005098748 -0.6648574 -0.7469672 0.002160086 -0.01661198 -0.7859911 0.6180145 0.01967906 -0.790665 0.6119328 -0.01460892 -0.7239797 0.6896666 0.01581111 -0.7298014 0.6834763 -0.002547565 -0.6608476 0.7505158 0.01328597 -0.6655684 0.7462187 -0.02788829 -0.9193367 0.3924822 0.03144815 -0.9319167 0.3613063 -0.03909867 -0.9992352 0.0005914333 0.01417389 -0.999893 -0.003627066 0.01374123 -0.8621801 -0.5064155 0.01509172 -0.8623549 -0.5060791 0.01284165 -0.9999171 -0.0009236776 -0.01284277 -0.9999171 0.0009235131 -0.01499825 -0.8623455 0.506098 -0.01374254 -0.8621829 0.5064107 -0.01438743 -0.9998378 0.01083424 0.03264561 -0.9994572 0.004414234 -0.04098163 -0.9659412 -0.2554959 0.04908199 -0.9548489 -0.2930095 0.6890571 -0.7247056 0.001462782 0.7198661 -0.6941129 -0.0002676204 -0.01254692 -0.03919213 0.999153 1.805227e-07 -0.02617037 0.9996575 9.487834e-06 -0.02612062 0.9996588 -8.015124e-05 -0.03362093 0.9994347 -0.007468062 -0.7934167 0.608633 0.0124391 -0.7385398 0.6740951 0.0008891193 -0.9999993 0.0007130244 0.0166057 -0.9998617 -0.0009538704 0.01113102 -0.999937 -0.001423284 -0.01044064 -0.9999442 0.001612652 -0.6589557 -0.7521793 -0.001942381 -0.7434001 -0.668843 0.002313471 -0.01660735 -0.7859905 0.6180155 0.01968144 -0.7906638 0.6119341 -0.01477746 -0.724091 0.6895462 0.01570204 -0.7299706 0.6832982 -0.002025215 -0.6615202 0.7499245 0.01370366 -0.6661603 0.7456827 -0.02788868 -0.9193363 0.392483 0.03144829 -0.9319164 0.3613069 -0.03909867 -0.9992352 0.0005914294 0.0141739 -0.999893 -0.003627066 0.01374073 -0.8621802 -0.5064155 0.01509153 -0.8623551 -0.5060791 0.01284107 -0.9999171 -0.0009236765 -0.01284279 -0.9999171 0.0009234733 -0.01499823 -0.8623455 0.506098 -0.01374256 -0.8621829 0.5064107 -0.01438741 -0.9998378 0.01083425 0.0326462 -0.9994572 0.004414144 0.04908404 -0.9548484 -0.2930107 -0.04098284 -0.9659413 -0.2554957 0.002554491 -0.7381926 -0.674585 -0.01446834 -0.7419274 -0.6703241 0.02011931 -0.7989502 -0.6010605 -0.03951472 -0.8066246 -0.5897417 0.9996641 -0.02591808 0.0001409666 0.9996581 -0.02614718 1.868162e-05 0.9996609 -0.0260418 -4.548778e-05 0.9996584 -0.02613649 3.398726e-06 0.9996591 -0.0261087 -8.493227e-07 0.1181659 -0.8171575 -0.5641723 0.01933089 -0.7916515 -0.610667 -0.01427419 -0.7878401 -0.6157144 -0.9996566 -0.02620691 -2.226003e-05 -0.9996583 -0.02613949 -2.274151e-05 -0.9996591 -0.02610648 -4.044452e-05 -0.9996575 -0.0261716 6.858673e-07 -0.9996574 -0.02617218 7.729594e-07 0.005647534 -0.7883301 0.6152266 -0.005784838 -0.7896481 0.6135327 -0.1172473 -0.8153051 0.5670369 -0.06665728 -0.9652867 0.2525441 0.09578534 -0.9206025 0.3785712 0.06189677 -0.9980789 0.002699672 -0.06110664 -0.9981278 -0.002643176 -0.09557927 -0.9212707 -0.3769946 0.06580518 -0.9657624 -0.2509434 -0.6280953 -0.7779352 0.0176961 -0.7484911 -0.6626074 -0.02669095 0.006919153 -0.7897471 0.6133935 -0.006470747 -0.788207 0.6153762 0.1162849 -0.815627 0.5667718 -0.9996561 -0.02622192 -2.186526e-05 -0.9996631 -0.0259553 0.0001238714 -0.9996619 -0.02600045 -7.58676e-05 -0.999659 -0.02611272 -9.609706e-07 -0.9996581 -0.02614619 4.159121e-06 -0.0938981 -0.8128397 -0.5748694 0.0146241 -0.7914486 -0.6110608 0.01536408 -0.7916017 -0.6108443 0.9996549 -0.02627089 -6.722472e-05 0.9996582 -0.02614308 -2.06887e-05 0.9996605 -0.02605709 -6.668837e-05 0.9996576 -0.02616809 1.288483e-06 0.9996576 -0.0261636 6.186899e-07 0.0929241 -0.9232398 -0.3728181 -0.06827039 -0.9643434 -0.2556971 0.06108141 -0.9981294 -0.002642516 -0.06189257 -0.9980792 0.002699056 0.0666545 -0.9652902 0.2525313 -0.09540396 -0.9207628 0.3782776 0.004947758 -0.6438475 0.7651379 0.00318145 -0.6423891 0.766372 -0.009669667 -0.7043645 0.7097726 0.009871995 -0.6917433 0.7220761 -0.009701667 -0.7636122 0.6456023 0.009036055 -0.7425337 0.6697477 0.01187795 -0.7809371 0.6244968 0.5193228 -0.6491694 0.5557723 0.4321998 -0.6809124 0.5912372 0.3619521 -0.6602033 0.6581203 0.6351548 -0.5187829 0.572226 0.5036047 -0.6544074 0.564033 0.3065919 -0.7023735 0.6423962 0.4447577 -0.5858514 0.6774723 0.4163898 -0.5874844 0.6938888 0.4823401 -0.5365726 0.6924145 0.3803577 -0.551102 0.7427077 0.5176771 -0.458862 0.7221191 0.5025749 -0.4139013 0.7590152 0.4490018 -0.4184086 0.7895135 0.3302536 -0.4443393 0.8327636 0.4814995 -0.3309407 0.8115643 0.5280421 -0.3111579 0.7901596 0.4710254 -0.2525133 0.8452055 0.5020837 -0.2353455 0.8321806 0.474457 -0.1592839 0.8657477 0.4644521 -0.09073828 0.8809375 0.3813734 -0.08058998 0.9209015 0.3478356 -0.6599362 0.665954 0.2665231 -0.6703391 0.6925395 0.3691917 -0.516297 0.7727451 0.1861499 -0.5270351 0.8292058 0.307075 -0.04850248 0.9504486 0.5135325 -0.1687875 0.8413057 0.31806 -0.04249207 0.9471179 0.00134299 0.01150632 0.9999329 -0.000272687 -0.02490949 0.9996897 0.8441117 -0.2356368 0.4816126 0.8282136 -0.268776 0.4917538 0.8198842 -0.2867914 0.4955205 0.8658479 -0.2995057 0.400754 0.8520039 -0.3041588 0.4261183 0.8429516 -0.3550066 0.4042313 0.8508528 -0.4116575 0.3264776 0.8636702 -0.3794382 0.3318139 0.8194198 -0.1643498 0.549127 0.8040458 -0.05264929 0.5922318 0.7258865 -0.01871597 0.6875598 0.8228677 -0.2299667 0.5196192 0.8925058 -0.3595969 0.2722564 0.7988645 -0.2070276 0.5647611 0.7391508 -0.05489589 0.6712993 0.758546 -0.08527798 0.6460152 0.773447 -0.1163585 0.6230893 0.8231567 -0.2234336 0.5220062 0.8138924 -0.1859543 0.5504546 0.8126295 -0.2796193 0.5113184 0.7975801 -0.1861283 0.573779 0.7686658 -0.1139883 0.6294119 0.766853 -0.1513401 0.6237248 0.9809222 -0.05640673 0.1860374 0.7801772 -0.2277511 0.5826259 0.7952063 -0.2958166 0.5292822 0.7827214 -0.2276676 0.5792362 0.8519174 -0.3636478 0.376825 0.8488126 -0.3752426 0.372438 0.7754602 -0.2522642 0.5788129 0.7991899 -0.3423884 0.49403 0.7887226 -0.321381 0.5240524 0.7914248 -0.3822488 0.4770038 0.7771779 -0.3548574 0.5196832 0.7706568 -0.3062172 0.5588553 0.769468 -0.339592 0.5409216 0.8982155 -0.4385704 0.02940737 0.8617566 -0.3897112 0.3248087 0.7599325 -0.3912417 0.5190688 0.7781442 -0.4249434 0.4625092 0.7623602 -0.4044919 0.5051665 0.77307 -0.4027086 0.4900904 0.8343835 -0.4108939 0.367383 0.8270288 -0.4266599 0.3660392 0.869406 -0.4144479 0.2690093 0.8783025 -0.4191394 0.2300151 0.8143655 -0.479119 0.3274962 0.8840874 -0.4441778 0.1452435 0.8775995 -0.4335162 0.2046532 0.8797402 -0.4633951 0.1064051 0.7492234 -0.477993 0.4584616 0.7432727 -0.4514806 0.4936709 0.8858522 -0.45029 0.1118253 0.834185 -0.4400988 0.3323377 0.7813285 -0.4584911 0.423452 0.781522 -0.4584795 0.4231075 0.7970749 -0.4718173 0.3769085 0.8421442 -0.4843729 0.237015 0.8580459 -0.511197 0.04934496 0.7392758 -0.5273145 0.4188206 0.7487838 -0.4750918 0.4621803 0.7452541 -0.4744417 0.4685097 0.7485985 -0.4746661 0.4629172 0.8395267 -0.4919977 0.2305062 0.844072 -0.5092574 0.1679263 0.7791705 -0.5022531 0.3750134 0.7976341 -0.5225145 0.3012615 0.8204777 -0.5710467 0.02687095 0.736463 -0.5177275 0.4354083 0.8411754 -0.536676 0.06635349 0.840051 -0.5242702 0.1394812 0.6624472 -0.2511376 -0.7057575 0.8247949 -0.2524883 -0.5059277 0.9273387 -0.3208927 -0.1925372 0.2001384 -0.5388677 0.8182703 -0.4680706 -0.7185307 0.5144159 0.1787782 -0.8373656 -0.5165823 0.9334224 -0.3577252 0.02747944 0.8570023 -0.2787599 -0.433405 0.08062542 -0.8570421 0.5088991 -0.6502717 -0.7580596 0.04992267 -0.5165201 -0.7306994 -0.4464138 -0.4735869 -0.7953361 -0.3783595 -0.1424334 -0.6165006 -0.7743641 0.8912793 -0.4460335 -0.08170234 0.6620869 -0.2509026 -0.7061791 0.9750783 -0.2159702 0.05078439 0.8949766 -0.3133344 0.3175504 -0.9413683 -0.3273601 0.08161427 -0.7918378 -0.6104211 0.01947189 0.1845705 -0.7824619 0.5947158 -0.1945094 -0.9808059 0.01363897 0.4271523 -0.9037581 0.02760754 0.6980881 -0.6198255 0.3584541 -0.06569079 -0.6339238 -0.7706006 -0.04617028 -0.3686042 -0.9284392 0.4958419 -0.5615819 -0.6623947 0.4674196 -0.2784652 -0.8390328 0.9285717 0.009701476 -0.3710263 -0.6526588 -0.4164486 0.6329352 -0.5787531 -0.487382 0.6538376 0.2446634 -0.5288278 0.8126998 0.4927558 -0.5728845 0.6549771 0.4385063 -0.8152301 -0.3783014 0.6442462 -0.6001382 -0.4741107 0.5544984 -0.6163487 -0.5591474 -0.3120618 -0.2684219 -0.9113545 -0.1180917 -0.1598711 -0.9800488 0.2896 -0.3470781 -0.8920026 0.9269236 -0.2812006 -0.2484728 0.896585 -0.1745739 -0.4070124 0.9394313 -0.2479585 -0.2366122 0.9642929 -0.2632984 0.02851704 -0.7401735 -0.5095956 0.4386975 -0.01349166 -0.6441009 0.7648215 0.2486449 -0.3350914 -0.9087846 0.6202106 -0.3106384 -0.7203074 0.409868 -0.247799 -0.8778405 0.9169514 -0.3916749 -0.07609787 0.8322682 -0.3088251 0.4603876 0.7981115 -0.382822 0.4652584 0.94351 -0.07057649 0.3237403 -0.6629538 0.7018183 0.2606594 0.608458 -0.3059877 0.732223 -0.4557026 -0.3443629 0.8208223 0.4137553 -0.4483144 0.7923514 0.2307315 -0.007089172 0.9729916 0.003143336 -0.1100405 0.9939222 -0.05269733 -0.2888229 0.9559311 -0.7421728 -0.1169055 0.6599338 0.05058004 -0.403116 0.9137501 -0.3619963 -0.3551215 0.861886 -0.8850568 -0.1905736 0.4246836 0.4452017 -0.2963071 0.8449838 0.1469672 -0.2435 0.9587015 0.06575529 -0.2293624 0.9711174 0.145372 -0.2932146 0.9449297 0.07164805 -0.334761 0.9395752 0.1155733 -0.4038418 0.9074991 -0.1144319 -0.5022996 0.8570883 -0.4296898 -0.02256941 0.9026945 0.2408292 -0.02848688 0.9701493 -0.6155642 -0.02543054 0.7876764 -0.9378965 -0.02991266 0.3456234 -0.7110699 -0.03363947 0.702316 -0.9997931 -0.01743381 -0.01048159 -0.9593234 -0.03986922 0.2794799 -0.8212717 -0.02309133 0.5700698 0.2747682 -0.03041906 0.9610292 0.9532161 -0.02312932 0.3014036 -0.2445599 -0.03146692 0.9691234 -0.07654918 -0.02183443 0.9968266 -0.271921 -0.2492503 0.9294801 0.8717132 -0.02649221 0.4892998 0.8163103 -0.03287787 0.5766771 0.6628332 -0.02561237 0.748329 0.6033595 -0.02793039 0.7969801 0.4789168 -0.02465402 0.877514 0.436271 -0.2242522 0.8714233 0.5492896 -0.04718452 0.8342988 0.2753339 -0.02995873 0.9608818 1.322568e-05 -1 1.508334e-05 7.714422e-06 -1 1.053088e-05 1.081166e-06 -1 2.091372e-06 -3.703687e-05 -1 1.992114e-05 1.010806e-05 -1 -6.983628e-06 4.109195e-06 -1 2.103418e-05 2.281824e-06 -1 -8.977728e-06 2.688942e-06 -1 -9.949104e-06 -1.873625e-06 -1 1.221481e-05 -4.079625e-07 -1 8.412091e-06 1.885402e-06 -1 -1.229159e-05 -0.9985133 -0.01569348 -0.05220079 -0.9505994 -0.04299728 -0.307428 -0.9095397 -0.02934436 -0.4145798 -0.8395764 -0.02488524 -0.5426713 -0.973228 -0.02771368 -0.2281649 -0.7269797 -0.03480216 -0.6857765 -0.7261395 -0.03455898 -0.6866782 -0.5943516 -0.0219683 -0.8039052 -0.3269489 -0.03101412 -0.944533 -0.3743155 -0.04226224 -0.9263379 0.2205283 -0.03251422 -0.9748385 -0.2136382 -0.02620914 -0.9765612 0.2613373 -0.02894181 -0.9648136 0.001685254 -0.02237043 -0.9997483 0.6209591 -0.02951978 -0.7832869 0.9015842 -0.02970469 -0.4315826 0.8415428 -0.02474776 -0.5396232 0.530194 -0.02571707 -0.8474862 0.6726004 -0.02622976 -0.7395409 0.9994343 -0.02728591 -0.01966146 0.9989228 -0.02831755 -0.03676063 0.9640719 -0.02513428 -0.2644496 0.2905653 -0.6802169 -0.6729612 -0.9115888 -0.4110736 0.00493412 -0.6581693 -0.2281682 -0.7174625 -0.1221345 0.2328498 -0.964813 -0.9681523 -0.2480384 0.03403115 0.6603566 -0.5572857 0.5033505 0.2989435 -0.9198642 0.2539345 -0.3400793 -0.8810294 0.3288364 0.2626012 -0.8860556 -0.3820287 0.2508785 -0.8890995 -0.3828343 -0.5042056 -0.8130811 -0.2909908 -0.9626952 -0.2335727 0.1366075 -0.9855955 -0.1344499 0.1025905 0.6997982 -0.6210303 0.3529925 0.2758342 -0.794634 0.5408072 -0.7999163 -0.5601598 -0.215302 -0.6353989 -0.3336022 -0.6964036 -0.9491972 -0.3064234 0.07162026 -0.9748475 -0.212836 -0.06613063 0.7975016 -0.3833808 0.4658438 -0.01892471 -0.6883553 0.7251268 0.4400995 -0.771275 0.4598341 0.3698209 -0.7744925 0.5132191 -0.1426487 -0.5520122 -0.8215436 -0.8325788 -0.542662 -0.1110427 0.1707467 -0.2816966 -0.9441888 -0.5074223 -0.391314 -0.7677212 -0.6732509 -0.4483427 -0.5879815 -0.6856091 -0.2987251 -0.6638551 -0.9282793 -0.342954 -0.1438059 -0.7743182 -0.2025192 -0.5995144 -0.9022213 -0.2292054 -0.3653239 -0.6275271 -0.7775186 -0.04091977 -0.2397965 -0.6230224 -0.7445406 -0.889154 -0.4121385 -0.1988646 -0.2701127 -0.2533089 -0.9289099 -0.9275202 -0.3737477 -0.004359275 -0.720391 -0.2598978 -0.6430318 -0.9290709 -0.3436886 -0.136768 -0.9359688 -0.3400217 -0.09136541 -0.9370692 -0.289978 -0.1944581 -0.3032904 -0.5154327 0.8014637 -0.4980908 -0.06416523 0.8647476 -0.6443815 -0.2607687 0.7188687 0.4580008 0.2264626 0.859622 -0.3940858 -0.3144797 0.8635965 -0.07716452 -0.3345007 0.9392311 0.3167183 -0.3030446 0.8988067 0.3049933 -0.5051965 0.8073139 -0.6376218 -0.2964274 0.7110338 -0.3114871 -0.1943183 0.93017 -0.4566439 -0.2720546 0.8470316 -0.5749727 -0.3571328 0.7361132 0.2228331 -0.1845983 0.9572193 0.816958 -0.00634793 0.5766622 -0.1684629 -0.4264389 0.8886901 0.4930325 -0.2637155 0.8290797 -0.3017212 -0.5120338 0.8042299 0.4033756 -0.3709553 0.8364689 0.1978876 -0.1936084 0.9609143 -0.4103121 -0.389232 0.8247074 0.1705882 -0.3070855 0.9362682 0.6826038 -0.3367057 0.6485996 0.9996683 -0.02276725 0.01203692 0.9725695 -0.03665633 0.2297062 0.9635459 -0.04106192 0.2643731 0.6604995 -0.0240571 0.7504408 0.6043184 -0.03312468 0.7960541 0.89737 -0.02113499 0.4407727 0.4036647 -0.02505329 0.9145639 0.2236942 -0.02360183 0.9743736 -0.4471624 -0.02848825 0.893999 0.5484328 -0.1266846 0.8265425 -0.4347884 -0.02900499 0.9000654 0.0113473 -0.03096544 0.999456 0.5642412 -0.07134374 0.8225217 -0.02663395 -0.02874574 0.9992319 -0.6312668 -0.02460212 0.7751755 0.4013851 -0.02533719 0.9155588 -0.8098935 -0.02865359 0.5858766 -0.9965327 -0.0299198 0.07763525 -0.2735619 -0.02390092 0.9615574 -0.8115463 -0.02849762 0.5835928 -0.9553654 -0.02347516 0.2944926 -0.5620227 -0.1917922 0.8045783 -9.800579e-06 -1 -1.693243e-05 7.423163e-07 -1 -9.652426e-06 6.95761e-05 -1 -2.657235e-05 3.413104e-06 -1 -1.303525e-06 -1.948193e-05 -1 1.395225e-05 4.705983e-07 -1 -4.080571e-06 -2.084086e-06 -1 1.739112e-06 -1.347998e-05 -1 -7.218418e-06 5.825232e-06 -1 -1.03991e-06 -5.229223e-06 -1 2.991147e-05 -0.02573004 -0.03344689 -0.9991092 0.01746866 -0.02774782 -0.9994622 0.4903766 -0.03171436 -0.8709334 0.5708736 -0.04541292 -0.819781 0.3101006 -0.02018146 -0.9504895 0.4671808 -0.06514024 -0.8817589 0.7453739 -0.02382717 -0.6662206 -0.3682926 -0.0239185 -0.9294022 -0.1346238 -0.02764078 -0.9905112 -0.5060967 -0.02770501 -0.8620316 -0.481784 -0.02927699 -0.8758008 0.8191611 -0.02243058 -0.5731248 -0.9983571 -0.02506372 -0.05152567 0.9366999 -0.04628882 -0.3470601 0.9010077 -0.07107052 -0.4279418 -0.9681829 -0.02578657 -0.2489118 0.9690593 -0.03081775 -0.2448962 -0.9443866 -0.02788897 -0.3276526 -0.7584416 -0.0283467 -0.6511242 -0.003212947 -0.06875515 -0.9976284 -0.6658309 -0.02567102 -0.745661 0.9898258 -0.02224405 -0.1405346 -0.9110918 -0.02521172 -0.4114318 -0.7754143 -0.027253 -0.6308644 -0.09477917 -0.02337186 -0.9952239 -0.3464558 -0.05059139 -0.9367011 -0.55796 -0.0352864 -0.8291173 -0.07415406 -0.7787779 -0.6229014 0.07158021 -0.7339653 0.6754043 -0.8762823 -0.4617589 0.1375062 -0.8375764 -0.4175829 -0.3522643 0.825609 -0.356294 -0.4375207 0.9734752 0.09618837 0.2075907 -0.000359024 -0.8016498 -0.5977938 0.8766889 -0.1294796 0.4633052 -0.9408574 -0.3348016 0.0519175 -0.8679048 -0.110616 0.4842574 -0.8943547 -0.1522017 0.4206714 0.05526064 -0.6088523 -0.7913566 0.646465 -0.5097017 -0.5677034 0.8114709 -0.5483395 -0.2020861 0.6247475 -0.7347504 -0.2642584 -0.5917615 -0.6556032 0.4690446 0.2155339 -0.4937439 0.8424738 -0.2553466 -0.5294082 0.8090273 -0.5600095 -0.6517885 0.5114305 -0.03327311 -0.26735 0.9630249 -0.7867765 -0.5406034 0.297877 -0.4474356 -0.3732773 0.8126903 -0.5598629 -0.3598242 0.7463779 -0.6739891 -0.2747597 0.6857447 -0.9226208 -0.3814612 0.05708138 -0.7354119 -0.1475668 0.6613572 -0.8651805 -0.2176289 0.4517747 -0.4995349 0.1642875 0.8505731 0.2446409 -0.6180575 -0.7470982 -0.5741827 -0.8021842 0.1637521 -0.3466647 -0.2125418 0.9135916 -0.9098064 -0.4131052 0.03995556 -0.7054795 -0.2591954 0.6596336 -0.4381746 -0.1479047 0.8866381 -0.7432579 -0.2429243 0.6233422 -0.8013873 -0.2023013 0.5628967 0.2943349 -0.6659228 0.6855026 -0.2125942 -0.9546733 0.208333 0.5111892 -0.8288604 0.2273235 -0.08134941 -0.9871142 -0.1377963 -0.08706548 -0.985832 -0.1433697 0.610883 -0.7569551 0.2320364 -0.8627717 -0.3200733 -0.3913797 -0.8113971 -0.1278576 -0.5703394 -0.8328502 -0.4083098 -0.3736892 -0.8768271 -0.295017 -0.3796568 -0.459585 0.07075433 -0.8853109 -0.08663861 0.0162211 -0.9961078 -0.1316071 -0.01011216 -0.9912504 -0.5339923 -0.2783682 -0.7983504 0.05793348 -0.09422801 -0.9938636 -0.5204093 -0.3332949 -0.7861862 -0.1392074 -0.2475991 -0.9588097 0.6638631 -0.01157453 -0.7477646 -0.6422909 -0.3818897 -0.664547 -0.2578499 -0.4032388 -0.8780158 0.4453771 -0.3060901 -0.8413965 -0.4020073 -0.4210774 -0.8130706 0.6110737 -0.221334 -0.7600002 0.5820098 -0.3468904 -0.7354805 -0.1217023 -0.4942329 -0.8607685 0.2929745 -0.1640942 -0.9419336 0.2398878 -0.225228 -0.9443126 0.144864 -0.3343869 -0.9312356 -0.2058566 -0.2454948 -0.9472885 0.8550271 -0.2435808 -0.4578176 -0.02638901 -0.4775562 -0.8782048 -0.921903 -0.02363007 -0.3866996 0.7261385 -0.03152419 -0.6868253 -0.9982452 -0.02736855 -0.05251238 -0.1622945 -0.0243256 -0.9864424 0.9703673 -0.03994444 -0.2383104 0.984612 -0.03208054 -0.1717846 0.8292291 -0.02445681 -0.5583735 0.9322141 -0.02340616 -0.3611495 0.04075975 -0.03153377 -0.9986712 0.4036137 -0.02801473 -0.9145005 -0.01064908 -0.02771761 -0.999559 -0.5366584 -0.02828954 -0.8433252 0.6306115 -0.02190198 -0.7757896 0.3890174 -0.02716401 -0.9208298 -0.8379374 -0.02851898 -0.5450208 0.2482779 -0.02572255 -0.9683473 -0.4528368 -0.02366329 -0.8912794 -0.9989212 -0.02836115 -0.0367684 0.5473005 -0.1368971 -0.8256642 0.5427448 -0.04204368 -0.8388447 -0.5950111 -0.02739702 -0.8032504 -0.800642 -0.02663315 -0.5985508 0.4202824 -0.02170615 -0.9071337 -0.6831677 -0.2254708 -0.6945824 7.116281e-06 -1 3.971468e-06 0 -1 0 -6.136179e-05 -1 5.179439e-06 3.42571e-05 -1 -1.608223e-05 -7.475736e-06 -1 6.589907e-06 1.367322e-06 -1 -1.205303e-06 1.3195e-05 -1 -2.610694e-05 -9.983572e-06 -1 1.921892e-05 3.393091e-06 -1 3.430087e-05 -2.814506e-06 -1 -2.845194e-05 2.822692e-06 -1 -8.042528e-06 0.997814 -0.02268111 0.06207095 0.6440391 -0.02454719 0.7645986 0.9647282 -0.02940303 0.2616006 0.9501923 -0.0346863 0.3097281 0.7515787 -0.02877112 0.6590156 0.7755691 -0.03414093 0.6303387 0.9001659 -0.0269456 0.434713 0.4565682 -0.02942853 0.8892016 0.4212172 -0.0331015 0.9063555 -0.04232166 -0.02929583 0.9986745 -0.01225923 -0.02692359 0.9995623 -0.4854689 -0.02891587 0.8737757 0.27434 -0.02250626 0.9613693 -0.2997394 -0.02549547 0.9536805 0.1664586 -0.04631354 0.9849603 0.4647098 -0.03672998 0.884701 -0.4983704 -0.0276812 0.8665223 -0.9630425 -0.02464411 0.2682196 -0.8936204 -0.03028473 0.4478005 -0.6185626 -0.02510001 0.7853345 -0.7214143 -0.02354087 0.6921034 -0.8515722 -0.02545426 0.5236191 -0.5191552 -0.08328614 0.8506123 0.1458063 0.004890305 0.9893011 -0.5923387 -0.02325145 0.8053536 -0.8503114 -0.09617773 0.5174171 -0.8735086 -0.05729157 0.4834256 -0.9665002 -0.03362016 0.2544545 -0.9650092 -0.04058294 0.2590565 0.4250768 -0.4872502 0.7628217 0.4326912 -0.5286148 0.7303046 0.4274609 -0.5199431 -0.7395514 0.4223639 -0.4917611 -0.7614327 0.424588 -0.682672 0.5947133 0.3806614 -0.6213695 0.6848334 0.4209798 -0.686219 0.5931942 0.4467916 -0.6922517 0.5667142 0.4248945 -0.6301406 0.6499135 0.4938304 -0.5340547 0.6862341 0.4257163 -0.7891225 0.4427769 0.3999293 -0.8162962 0.4167937 0.4074117 -0.7819909 0.4717054 0.4185372 -0.8171818 0.3962834 0.4358065 -0.756128 0.4882041 0.404661 -0.8712911 0.2776715 0.4208271 -0.8743046 0.2418596 0.3803212 -0.9150738 0.1341484 0.4191652 -0.9063161 0.05377505 0.4615377 -0.8655547 0.194417 0.4147742 -0.9046878 0.09748051 0.3974996 -0.9170682 0.03130374 0.4410837 -0.8973306 -0.0155831 0.3920522 -0.9138973 -0.1052942 0.4258813 -0.8932956 -0.1436945 0.4089928 -0.8943888 -0.1810899 0.4532727 -0.8902075 -0.04554623 0.4189978 -0.8476531 -0.3254614 0.4689877 -0.8438297 -0.260772 0.3891948 -0.8983527 -0.2036905 0.4156807 -0.8513778 -0.3199458 0.4191894 -0.7446221 -0.5194402 0.4287013 -0.7468812 -0.5083146 0.4482386 -0.7154199 -0.5359632 0.424629 -0.7550705 -0.4995586 0.4600014 -0.8005176 -0.3841489 0.3885342 -0.8000849 -0.4570616 0.412386 -0.6441059 -0.6442556 0.9612882 0.12605 0.2450233 0.419161 -0.6494063 -0.6344884 0.4111516 -0.5579149 -0.720892 1 0.0001794329 4.095728e-06 1 -7.258642e-05 0.0001411204 1 1.308138e-05 -3.51632e-05 1 2.512023e-05 1.802156e-06 1 3.106822e-05 3.044861e-05 1 4.990521e-05 -5.068982e-05 1 -8.945551e-05 -0.0001873741 0.9999999 -5.953299e-05 0.0002324432 1 0.0001392453 -1.454263e-05 1 -7.928418e-06 -1.521123e-05 1 1.526198e-05 1.582451e-05 1 6.879368e-06 3.250208e-06 1 2.443111e-05 -3.5854e-05 1 5.730827e-06 -3.431357e-06 1 3.312545e-05 -3.985075e-06 1 6.233447e-05 -3.027748e-05 1 6.401307e-05 -6.113094e-05 -0.05646578 0.9613914 0.2693289 -0.005813233 0.7372234 0.675624 0.03822562 0.8001306 -0.5986067 -0.0102725 0.7812687 -0.6241105 -0.03664181 0.8988999 -0.4366191 0.04763839 0.9381854 -0.3428392 -0.03619787 0.9727638 -0.2289545 0.0406801 0.9944776 -0.0967444 -0.0389853 0.9991368 -0.01434496 0.04372483 0.9847417 0.1684393 0.05499817 0.9204143 0.3870565 -0.04920468 0.8416573 0.5377654 0.04087634 0.77412 0.6317179 0.001687753 0.9999972 -0.001641633 0.0003807174 0.9999958 -0.002843523 0.0005031143 0.9999981 -0.00189781 0.01116598 0.9998391 0.01403555 0.0008272137 0.9999996 0.0001896236 0.0005130687 0.9999999 0.000211197 0.001885982 0.9999937 -0.003013431 -0.001715828 0.9999983 -0.0007212645 0.006514846 0.9999748 -0.002803464 -0.03312255 -0.9993022 -0.01726503 -0.02333715 -0.9920498 -0.1236633 0.02374782 -0.9956198 -0.09042857 -0.04464182 -0.962005 -0.2693574 0.04131171 -0.9454479 -0.3231432 -0.04839324 -0.8926535 -0.4481381 -0.0282651 -0.8400181 -0.5418216 0.00560588 -0.8601504 -0.5100096 -0.0271033 -0.7727713 -0.6341056 0.06398229 -0.727348 -0.6832796 -0.06546415 -0.6527122 -0.7547722 -0.05609481 -0.6488629 0.7588348 0.0159943 -0.7207304 0.6930309 0.03354405 -0.7282721 0.6844666 -0.02807503 -0.7769523 0.6289332 -0.02849862 -0.8346151 0.5500959 0.03057166 -0.8603387 0.508805 -0.04480151 -0.9101132 0.4119306 -0.01655988 -0.9513606 0.3076341 0.009560202 -0.9435998 0.33095 -0.0356189 -0.9796317 0.1976183 0.01668653 -0.9893981 0.1442675 -0.008368012 -0.9932546 0.1156512 -1 -7.617857e-06 -3.032067e-05 -1 -2.929079e-05 3.603753e-05 -1 6.972942e-05 0.0002060367 -1 -4.916762e-05 1.363205e-05 -1 -5.061323e-05 1.822025e-05 -1 -2.392778e-05 4.627019e-05 -1 -5.610749e-06 -7.307371e-06 -1 7.977315e-06 6.563915e-06 -1 2.552356e-06 1.789129e-05 -1 -0.0001240696 -0.0001109063 -1 -0.0001866404 -3.260954e-05 -1 -0.0001079603 6.736817e-05 -1 -1.012244e-05 2.558067e-08 -1 -3.130411e-05 -7.377328e-05 -1 -9.937724e-05 -4.487615e-05 -1 -9.949841e-05 -3.788465e-05 -1 -4.886743e-05 -3.931307e-05 -1 -4.264242e-05 -8.4353e-05 -0.4203787 0.4997747 -0.7573025 -0.4324754 0.5554451 -0.7102434 -0.4238949 0.570851 -0.7031659 -0.417534 0.6733661 -0.6101176 -0.4341328 0.6512474 -0.6224192 -0.4077688 0.7185625 -0.5633761 -0.4168397 0.8379417 -0.352276 -0.4038899 0.8536546 -0.3288566 -0.4144794 0.8853662 -0.2105551 -0.4051727 0.8930594 -0.1956526 -0.4170641 0.8933263 0.1674083 -0.422717 0.8890419 0.1758262 -0.3919112 0.8808679 0.2654756 -0.4030674 0.8424178 0.3575877 -0.4353127 0.7133096 0.549265 -0.405885 0.679076 0.6116478 -0.4057907 0.6160994 0.6750965 -0.4354819 0.5586818 0.7058542 -0.4153147 0.520277 0.7462075 -0.4191096 0.773075 -0.4761325 -0.406755 0.7621595 -0.50365 -0.4061182 0.8077459 -0.4273342 -0.4046667 0.9126334 -0.05783706 -0.3907271 0.9194536 0.04401705 -0.4163796 0.9084696 -0.03620774 -0.4223757 0.8173582 0.3918217 -0.4119563 0.8084831 0.4202943 -0.4077186 0.7571025 0.5104521 -0.9584126 0.2640192 0.1083477 -0.9416099 0.3278317 0.07679348 -0.9416786 0.3363835 0.009365482 -0.7107251 0.7032495 -0.01760849 -0.9798991 0.1760826 -0.09376922 -0.5118279 0.6649336 -0.5439628 -0.9061127 0.2884608 -0.3094354 -0.9324263 0.2321313 0.2769408 -0.7626496 0.4732763 0.44088 -0.9359737 0.2543663 0.2434153 -0.7103958 0.5829109 0.3944016 -0.9620638 0.2392627 0.1310978 -0.7963734 0.4842736 0.3623101 -0.5574558 0.7474713 0.3612888 -0.928504 0.3370789 0.1557498 -0.7622892 0.6239007 0.1722298 -0.8812015 0.4481965 0.1503457 -0.6235487 0.7489116 0.2243176 -0.6488063 0.7506557 0.1247654 -0.5973547 0.7989258 0.06989117 -0.7437298 0.6679497 -0.02663216 -0.4689813 0.8807116 -0.06635992 -0.9013252 0.4312709 -0.04022846 -0.7273535 0.6712729 -0.1426519 -0.7909561 0.5612072 -0.2437928 -0.9190962 0.3736928 -0.1249639 -0.6659476 0.6591063 -0.3494176 -0.8942969 0.3930027 -0.2139668 -0.9130545 0.3613664 -0.1890654 -0.8183132 0.4834895 -0.3108079 -0.7053338 0.5458644 -0.452257 -0.9329849 0.2821014 -0.2235128 -0.608223 0.5172747 -0.6020729 -0.7047538 0.3766724 -0.6011989 -0.8652639 0.2592729 -0.4290642 -0.4816757 0.5010953 0.718952 -0.6698877 0.4459623 0.593606 -0.8212262 0.334659 0.4621588 -0.6693004 0.5028555 0.5469674 -0.91236 0.2812103 0.2975233 -0.7419865 0.4855548 0.4622691 -0.4972654 0.6500489 0.5745986 -0.9275323 0.3044682 0.2167554 -0.6328195 0.6861857 0.3587321 -0.8729245 0.4305541 0.2294033 -0.6594235 0.6931437 0.291054 -0.7802631 0.5720074 0.2529765 -0.631651 0.7420622 0.2244115 -0.9534764 0.2923654 0.07352106 -0.8607749 0.5050421 0.06323921 -0.8261308 0.5568212 0.08635934 -0.5162367 0.851747 0.08959252 -0.9646046 0.2593377 0.04777078 -0.9523728 0.3049293 0.002050427 -0.698702 0.7031856 -0.1317016 -0.9359417 0.3465192 -0.06275006 -0.6771577 0.7003158 -0.2258655 -0.8603317 0.4892385 -0.1430915 -0.6906782 0.6779511 -0.251686 -0.9848036 0.1690868 -0.03964248 -0.6537704 0.6681734 -0.355146 -0.6813218 0.6231709 -0.3840033 -0.9659159 0.1912861 -0.1744022 -0.7804529 0.4496432 -0.4344127 -0.7646693 0.402727 -0.5030823 -0.9048752 0.2906645 -0.3109906 -0.7595688 0.3726978 -0.5330587 -0.9436572 0.2003627 -0.2633741 -0.8939685 0.2542749 0.3690049 -0.6613109 0.6045196 0.4440991 -0.7472826 0.6319237 -0.2055263 -0.6466742 0.6770883 -0.3512321 -0.9859197 0.162743 -0.0384325 -0.9765065 0.2116243 -0.0406225 -0.9660116 0.2538607 -0.04874804 -0.9994302 0.03368646 0.002082794 -0.9994674 0.03261028 0.001283211 -0.9995554 0.02903444 -0.006780553 -0.9995022 0.0315281 -0.001065162 -0.9995288 0.02996301 -0.006660824 -0.9994894 0.03154913 -0.005069736 -0.9995289 0.03065237 -0.001523983 -0.9998302 0.01821649 -0.002799445 -0.9999894 0.003391851 -0.003101419 -0.9996671 0.02572487 -0.001953943 -0.9996024 0.02781259 -0.004628784 -0.9993784 0.03525302 -0.0001667541 -0.9981887 0.05939027 -0.009591327 -0.9998401 0.01144718 0.01373704 -0.9994 0.03461268 -0.001268642 -0.9994977 0.03154543 0.003028859 -0.9994908 0.03190621 -0.0001889185 -0.9995129 0.03114066 0.00205862 -0.9995133 0.03112882 0.002074496 -0.9995234 0.03058883 0.004142155 -0.9993697 0.03520904 -0.004536904 -0.9992924 0.03753346 0.002422252 -0.9995691 0.02917206 0.003268152 -0.9996117 0.02705893 0.006641882 -0.9995906 0.02800139 0.005886814 -0.9996483 0.02569108 0.006565266 -0.9786341 0.1555105 -0.1345059 -0.9428256 0.2566246 -0.212659 -0.9851303 0.1509822 -0.08199071 -0.962629 0.2270906 -0.1475641 -0.956372 0.2916867 0.01647517 -0.9541197 0.2959183 0.04569475 -0.9505768 0.3064631 0.04984103 -0.9558939 0.2737948 0.1063166 -0.9595863 0.2355592 0.1539676 -0.9432278 0.1482087 0.2972465 -0.8940602 0.1623495 0.4174914 -0.9030237 0.1371344 0.4071147 -0.9658974 0.2589227 -0.001043354 -0.941035 0.3383087 0.0006242604 -0.9810842 0.14806 0.1247079 -0.9921367 0.09706351 0.07901598 -0.8195528 0.5727038 0.01853464 -0.8928397 0.4501908 0.01286534 -0.820549 0.5715743 -0.00147662 -0.8945408 0.4469862 0.0002415609 -0.8229901 0.5680553 -0.0007718146 -0.8618373 0.5071829 -0.001396222 -0.8556403 0.5175707 0.0005274645 -0.8943616 0.4473447 0.0003049431 -0.8223943 0.02825377 -0.568216 -0.816899 -0.005466116 -0.5767549 -0.8090206 0.06835582 -0.583792 -0.7932446 0.1301594 -0.594829 -0.8493214 0.3405209 -0.4033591 -0.8669704 0.376622 -0.3263714 -0.8632857 0.3841867 -0.3273201 -0.7578143 0.4526694 -0.469902 -0.7673562 0.06361632 -0.6380575 -0.804851 0.1175349 -0.5817218 -0.727425 0.02822161 -0.6856065 -0.7743053 0.09292389 -0.6259524 -0.7476754 0.07446531 -0.6598762 -0.7472463 0.05190627 -0.6625171 -0.7965106 0.1925502 -0.573145 -0.8033457 0.2137188 -0.5558416 -0.8061746 0.2495112 -0.5364949 -0.7739203 0.138374 -0.6179805 -0.7649289 0.1354933 -0.6297026 -0.7893968 0.2217542 -0.5724316 -0.7710149 0.1971867 -0.6055191 -0.7900365 0.2757201 -0.5475588 -0.7906466 0.2750658 -0.5470071 -0.7878776 0.3353623 -0.5165085 -0.784316 0.3029272 -0.541372 -0.8634936 0.3807347 -0.3307867 -0.8736061 0.4076602 -0.2657545 -0.7830963 0.3556808 -0.5101483 -0.7790858 0.4130254 -0.4716305 -0.8360584 0.4289587 -0.3420536 -0.842936 0.4080745 -0.3506195 -0.8836988 0.4157631 -0.2149825 -0.8756119 0.3960342 -0.2765151 -0.7775752 0.4236816 -0.4646189 -0.8833522 0.4185595 -0.2109428 -0.8917891 0.4359498 -0.1210788 -0.8922509 0.4269073 -0.1471001 -0.8355603 0.4397012 -0.3293962 -0.8889478 0.4462401 -0.1031586 -0.8454195 0.4166112 -0.3342167 -0.8859829 0.4593613 -0.06341533 -0.8903697 0.442268 -0.1078928 -0.8369295 0.4835573 -0.2563617 -0.8640468 0.5023498 -0.03267691 -0.8127488 0.4469388 -0.3737449 -0.8534799 0.4473861 -0.2672409 -0.7927921 0.460146 -0.3996825 -0.8040211 0.4595069 -0.3773639 -0.7931868 0.4599767 -0.3990943 -0.8053519 0.476639 -0.3524537 -0.8467038 0.4911641 -0.2045745 -0.8507624 0.5032344 -0.1515206 -0.7882062 0.5042995 -0.3527226 -0.8383988 0.539858 -0.07510537 -0.7840294 0.5410138 -0.3043057 -0.8664936 0.4849786 -0.1182562 -0.9594972 0.02955887 -0.2801631 -0.7812631 0.02885198 -0.6235349 0.2494285 0.0281234 -0.9679847 -0.2440313 0.02690654 -0.969394 0.6017054 0.03011147 -0.7981504 0.7857871 0.02665029 -0.6179227 -0.9943377 0.0240567 -0.1035072 -0.92929 0.02587895 -0.3684433 -0.4151868 0.02807774 -0.9093028 -0.6605403 0.02517646 -0.7503684 0.2001294 0.02339301 -0.9794902 0.5527875 0.02638467 -0.8329044 0.5308858 0.02212144 -0.8471546 -0.6289449 0.02722104 -0.7769732 -0.03081283 0.02972599 -0.999083 -0.1967332 0.02424611 -0.9801573 -0.8085392 0.02665818 -0.5878383 -0.4441297 0.02668402 -0.895565 -0.2274812 0.07583869 -0.9708248 -0.3250672 -0.004212056 -0.9456815 0.6027638 0.6790019 -0.4190851 0.416212 0.6521527 -0.6336123 0.3227 0.6173937 -0.7174188 0.1077738 0.7759057 -0.6215748 -0.4951408 0.6495962 -0.5769407 -0.5522648 0.7943895 -0.2528813 0.610135 0.5091669 -0.6070292 0.2812968 0.9473209 -0.1531506 0.5691444 0.498686 -0.6537483 0.4420812 0.8257842 -0.3502067 0.3563696 0.8351256 -0.4190059 0.3296227 0.5146666 -0.7914968 0.02387441 0.9994444 -0.0232549 0.1446396 0.9545181 -0.2607193 0.05654377 0.5344527 -0.8433049 -0.02278818 0.4744128 -0.8800074 0.01192213 0.8397913 -0.5427784 -0.1369393 0.5567048 -0.8193457 -0.2010678 0.5342424 -0.8210706 -0.4373592 0.3640182 -0.8223185 -0.2576553 0.570885 -0.7795538 -0.2689541 0.8015372 -0.534043 -0.5232463 0.3979124 -0.7535775 -0.05580112 0.9508904 -0.3044565 -0.3591149 0.8034502 -0.4748729 -0.2974965 0.9046801 -0.3050406 -0.7168815 0.4994037 -0.4864944 -0.7228906 0.5480282 -0.4208255 0.2488064 0.3247714 -0.9124795 -0.9105361 0.311644 -0.2716652 -0.8455276 0.5129572 -0.1481827 -0.5355657 0.8246014 -0.1822139 -0.4730488 0.8709944 -0.1326406 0.1590482 0.7824774 -0.602024 -0.731512 0.5916585 0.3388664 -0.6141125 0.6781596 0.4036898 0.03214205 0.6907658 0.7223638 0.320173 0.5915253 0.7399912 -0.7562468 0.5596498 0.3389438 -0.6134501 0.5878525 0.5273598 -0.3186534 0.9228258 0.2164546 -0.5061883 0.5717015 0.6457018 -0.4978794 0.5775047 0.6469964 -0.4068879 0.4998872 0.764562 -0.1743853 0.9676389 0.182386 -0.2568382 0.8579597 0.4449036 -0.03130973 0.5366225 0.8432414 0.0466135 0.2722009 0.9611108 -0.04415595 0.8733734 0.4850456 0.02880736 0.8033155 0.5948566 0.2399858 0.4841379 0.8414376 0.1545877 0.8581381 0.4895933 0.2159499 0.8209345 0.5286134 0.3423107 0.8760262 0.3397078 0.195737 0.9667522 0.1645518 -0.1749413 0.5136352 0.8399848 0.2211404 0.3059861 0.9259965 0.3394044 0.9386209 0.06160587 -0.906324 0.368051 0.207642 -0.2380508 0.6223714 0.7456445 -0.1857326 0.7965713 0.5753065 -0.8648325 0.5007908 0.03568255 -0.8798558 0.472874 0.04737013 -0.5373683 0.8407201 0.06652097 -0.6018803 0.7940986 0.0845424 -0.3554051 0.9315084 0.07732515 0.2989275 0.03371467 0.9536801 0.1166431 0.0226338 0.992916 -0.002652131 0.03256416 0.9994661 -0.05260835 0.02572543 0.9982838 -0.244212 0.03546653 0.9690731 -0.4372888 0.03004484 0.8988191 -0.0572398 0.01577617 0.9982358 -0.2611376 0.0326741 0.9647484 -0.3368005 0.02946204 0.941115 -0.6360012 0.0291924 0.7711357 -0.7792966 0.02884712 0.625991 -0.6917562 0.02562289 0.7216764 -0.4812418 0.02597374 0.876203 -0.8874468 0.02848038 0.4600293 -0.8475668 0.02572626 0.5300647 -0.9648279 0.02518324 0.2616736 -0.9661638 0.02548736 0.2566673 -0.9993858 0.02847452 0.02042234 -0.05539969 0.9984003 -0.01129631 -0.008127555 0.999966 -0.001343221 -0.001191968 0.9999383 -0.01105092 0.0001062585 0.9998447 0.01762026 -0.00313649 0.999971 -0.006937624 0.002457876 0.9997903 0.0203314 -0.000640274 0.999899 0.01420146 0.01328753 0.9998295 -0.0128237 0.006063482 0.3518123 -0.936051 -0.003244807 0.385555 -0.9226791 0.009022309 0.4483134 -0.8938308 -0.004086643 0.4782045 -0.878239 0.01309666 0.5172849 -0.855713 0.01525128 0.5924291 -0.8054783 -0.001855834 0.5735326 -0.8191807 -0.009939149 0.3714802 -0.9283877 0.007427759 0.435145 -0.9003298 -0.01336223 0.4751148 -0.8798224 0.00942745 0.5363228 -0.8439603 -0.01619787 0.5686986 -0.8223864 -0.0003297328 0.09762766 -0.9952229 5.809979e-05 0.2230277 -0.9748121 -0.0005770389 0.1014096 -0.9948446 0.0003327782 0.2281085 -0.9736356 -0.01053829 0.08582662 -0.9962544 0.01114499 0.171012 -0.9852059 -0.02081491 0.2687081 -0.9629967 0.03302814 0.2685849 -0.9626896 -0.006766954 0.2527756 -0.9675013 0.03968387 0.06386485 -0.9971692 0.004093834 0.2471855 -0.9689595 -0.005626364 0.1505972 -0.9885792 -0.04406287 0.2900043 -0.9560104 0.02463463 0.2739543 -0.9614272 -0.170463 0.5573341 -0.8126014 -0.4648375 0.4565031 -0.7586376 -0.3260691 0.726249 -0.6051788 -0.3590675 0.7204343 -0.5933337 -0.2001278 0.6916127 -0.6939891 -0.3983763 0.51699 -0.7576395 -0.4061388 0.5899538 -0.697858 -0.5279448 0.5648629 -0.6341956 -0.3495857 0.5387508 -0.76651 -0.002747143 0.6409994 -0.7675365 0.006021602 0.6478425 -0.7617506 -0.01019494 0.7033632 -0.7107576 0.004524132 0.674714 -0.7380655 0.01288381 0.7172481 -0.6966987 0.001734855 0.7629073 -0.6465055 0.001965292 0.7627921 -0.6466408 -0.008852301 0.9999589 0.001968276 -0.0002290408 0.9998519 -0.01720689 -0.003834186 0.9999899 -0.00233308 -0.0001019883 0.9999999 -0.0003396749 -0.001712889 0.9999986 0.0001623706 -0.0002487612 0.9999999 2.290564e-05 0.0001385191 1 0.0003399839 -0.004301139 0.9999813 -0.004343457 3.897679e-05 1 0.0001746604 0.0005683643 0.9999999 -2.747835e-05 0.0002164269 1 -9.822036e-07 0.00010314 1 -7.649351e-05 7.389136e-06 1 4.012614e-05 4.876184e-06 1 3.575812e-05 9.139267e-05 1 -7.700516e-05 -8.919376e-05 1 -6.14028e-05 -0.0009582246 0.9999989 0.00120132 -0.002078402 0.9999971 -0.001195658 -0.01186532 0.9999235 0.003495398 -0.001298937 0.9999382 0.01104281 0.002637596 0.9998544 0.01685677 0.8972272 0.441567 -0.001368056 0.8571871 0.5150003 0.002238006 0.8264054 0.5630749 -0.0008727666 0.8219107 0.5696163 0.0002978447 0.9022974 0.4311138 0.0002890921 0.8636614 0.5040722 -0.0005597433 0.8733828 0.4836408 -0.05739327 0.9025485 0.4305872 0.00092035 0.9895827 0.1434825 0.01178577 0.960553 0.2505012 0.1207773 0.9561421 0.2466926 0.1579078 0.9441698 0.2458784 0.2192877 0.994315 0.1064747 -0.0008940556 0.8973587 0.4411388 -0.01200415 0.8705987 0.4788531 -0.1129495 0.8654142 0.497406 -0.06037877 0.8630444 0.5021332 -0.05492422 0.8438947 0.5066386 -0.1765194 0.796618 0.5399463 -0.2717674 0.834062 0.5474201 -0.06835009 0.8483973 0.4971799 -0.1817531 0.8193672 0.5713255 -0.04716582 0.9038652 0.02832155 0.4268791 0.970663 0.02892558 0.2386979 0.9977036 0.02439486 0.06318755 -0.7790768 0.02568981 0.626402 -0.5451859 0.02890083 0.8378168 -0.2561981 0.03110905 0.9661236 -0.4058867 0.02345178 0.9136225 0.5444852 0.02747885 0.8383203 0.2789679 0.02820303 0.9598862 -0.5867385 0.02480621 0.8093964 0.4540127 0.02486497 0.8906482 0.09609339 0.02916665 0.9949449 -0.1035566 0.02512233 0.9943062 0.1857292 0.02540216 0.9822726 0.9386792 0.02587741 0.3438194 -0.5839644 0.06868216 0.8088685 0.7900615 0.0250032 0.6125175 0.7139721 0.02877149 0.6995828 0.6174845 0.02610234 0.7861499 -0.5170949 -0.003342484 0.8559216 -0.5934082 0.7206182 0.3585752 -0.3518687 0.7275245 0.5889793 -0.06232894 0.6693281 0.7403479 0.6932486 0.6210464 0.3656606 -0.6262991 0.4057606 0.6656633 -0.0955992 0.9949161 0.03166395 -0.5924237 0.4152486 0.6903642 -0.370113 0.8802277 0.297011 -0.3459015 0.4110917 0.8434191 -0.3139098 0.5691107 0.7599827 -0.3248571 0.7898986 0.5201231 -0.03331012 0.5019468 0.8642568 0.03779781 0.4156689 0.9087302 -0.00674853 0.8375224 0.5463613 -0.06168504 0.9511381 0.3025414 0.2670267 0.536218 0.8007291 0.2823551 0.5855139 0.7599007 0.4166326 0.5440779 0.7282833 0.1514976 0.8153571 0.5587857 0.4855158 0.6201991 0.6161392 0.7108416 0.3092607 0.6317136 0.4020622 0.8311228 0.3841625 0.7739258 0.4179652 0.4757562 0.1593489 0.9607542 0.2270662 0.4914281 0.7980251 0.3487899 -0.532647 0.1947717 0.8236208 -0.2570526 0.2017699 0.9450994 0.2561424 0.9653279 0.05033061 0.8725432 0.4632161 0.1552388 0.7551479 0.6215403 0.2084209 0.4987266 0.8659593 0.037232 0.5990682 0.7745012 -0.2031381 0.2814063 0.6974247 -0.6590974 -0.5772806 0.7325423 -0.3607337 0.8090349 0.4838141 -0.333746 0.8184074 0.3783627 -0.4324941 0.7080852 0.4413722 -0.5511858 0.3888912 0.8923647 -0.2290173 0.6060291 0.5660369 -0.5588659 0.5522252 0.4698175 -0.6887081 0.4497593 0.795378 -0.4063132 0.4202253 0.5210554 -0.7429077 0.2412771 0.8425617 -0.4815342 -0.003937525 0.4901597 -0.8716238 0.0356245 0.6039284 -0.7962419 -0.2608435 0.2987127 -0.918004 -0.04421946 0.7892911 -0.6124249 -0.1011158 0.8036689 -0.5864229 -0.3556885 0.456664 -0.8154408 -0.3747819 0.3474117 -0.8595601 -0.4166195 0.3797639 -0.8259585 -0.1482843 0.8608269 -0.486815 -0.3214585 0.790923 -0.5206777 -0.5645425 0.6337615 -0.5288082 -0.3383049 0.8021052 -0.4921148 -0.2216816 0.954637 -0.19881 -0.3020753 0.929389 -0.2121004 -0.3884699 0.9213451 -0.01464304 0.8691732 0.4941294 -0.01934575 0.1450943 0.575115 -0.8051027 0.08011692 0.9611503 -0.2641425 -0.6319126 0.3018642 -0.7138378 -0.6428441 0.4527459 -0.6178774 0.9608248 0.2376979 -0.1425325 0.6362899 0.7682547 -0.07014167 0.9683839 0.1171502 0.2202464 0.8403361 0.1027761 0.5322334 0.8815488 0.3578466 0.3079245 0.8822894 0.3756609 0.2836272 0.9017141 0.423825 0.08534618 0.8976222 0.436397 0.06190407 0.7772868 0.431384 0.4579662 0.7622881 0.4507982 0.4644328 0.7677999 0.4559617 0.4500916 0.8375061 0.1613248 0.5220707 0.8427059 0.06645904 0.5342564 0.8465604 0.1070125 0.5214247 0.7565848 0.03915882 0.6527219 0.7969282 0.06685167 0.6003634 0.7693264 0.1049241 0.6301809 0.7889174 0.1017181 0.6060222 0.8187814 0.1886032 0.5422415 0.8410814 0.2527282 0.4782368 0.8266349 0.1828104 0.5322171 0.791321 0.1293159 0.5975688 0.8284937 0.2789105 0.4855998 0.7754905 0.2049092 0.5971822 0.7938635 0.2444253 0.5568096 0.7977026 0.3211688 0.5104129 0.803071 0.2961474 0.517082 0.7904378 0.2441342 0.5617888 0.7936088 0.330219 0.5110191 0.7902153 0.3629831 0.4937641 0.8774137 0.3886508 0.2812395 0.8986384 0.4052448 0.1680046 0.8937781 0.4265366 0.1386623 0.8734935 0.4076655 0.2661166 0.7841856 0.3757392 0.4938349 0.7876095 0.4018724 0.4670865 0.8699588 0.4506819 0.2001438 0.8715273 0.4118606 0.2661037 0.8583885 0.4734405 0.1975428 0.8381054 0.4519568 0.3054737 0.8525103 0.4261335 0.3027151 0.768505 0.4745053 0.4292373 0.7664881 0.4807121 0.4259247 0.8352364 0.4675646 0.2894193 0.8301672 0.4746977 0.2923775 0.8294209 0.4774087 0.2900722 0.7945223 0.4921459 0.3557059 0.7845154 0.475668 0.3978385 0.7938313 0.487605 0.3634186 0.004957853 0.4722596 0.8814456 0.009304569 0.4795428 0.8774692 -0.003806922 0.5339732 0.8454928 0.00956159 0.5578128 0.8299117 0.005970977 0.609679 0.7926258 -0.002235899 0.6002967 0.7997742 0.01069029 0.6577755 0.7531382 -0.0002181079 0.4230016 0.9061289 -0.003612306 0.4870849 0.8733472 -0.01166855 0.502475 0.864513 -0.0003784865 0.5361269 0.8441373 -0.009112567 0.571266 0.8207144 0.007858231 0.5940651 0.8043786 -0.01880438 0.6551726 0.7552451 -0.0002431674 0.2387579 0.9710791 0.006962721 0.1545165 0.9879657 -0.0168412 0.07629267 0.9969432 -0.03369014 0.3051487 0.9517086 0.0055143 0.2560965 0.9666355 -0.007868853 0.09102667 0.9958174 0.007642546 0.3977177 0.917476 -0.001118602 0.4371764 0.8993751 -0.01602606 0.2907415 0.9566674 -0.01059947 0.439687 0.8980885 0.004641869 0.3598137 0.9330127 6.735008e-05 0.4189153 0.9080253 0.0001524496 0.08578801 0.9963134 0.003433924 0.1293161 0.9915975 -0.003471366 0.1339165 0.9909866 -0.0006404044 0.3329207 0.9429546 0.0008471049 0.4244872 0.9054336 -0.00589735 0.249949 0.968241 0.009761607 0.08732837 0.9961318 -0.004209067 0.1088185 0.9940527 -0.009997213 0.2037818 0.9789653 0.01439072 0.2646155 0.9642466 -0.007394665 0.4339029 0.9009293 0.01622518 0.2609872 0.9652059 -0.006243941 0.3569176 0.934115 0.02641617 0.3163503 0.9482746 -0.006696642 0.2332408 0.972396 0.0004052812 0.3272409 0.9449409 -0.0005353946 0.2158745 0.9764209 0.007225182 0.2341914 0.9721637 0.004238727 0.333183 0.9428526 -0.0144346 0.2923878 0.9561909 -0.005651422 0.4063305 0.9137087 0.02386185 0.300243 0.9535643 0.0429206 0.4524951 0.8907334 -0.009951539 0.3589891 0.9332887 -0.005060276 0.3325529 0.943071 0.005657595 0.3581132 0.9336611 -0.0009856211 0.2458382 0.9693103 -0.4819993 0.53686 0.6924291 -0.2263591 0.6263442 0.7459588 -0.325384 0.7332289 0.5970769 -0.2570955 0.7408488 0.6205199 -0.385045 0.6359141 0.6688451 -0.2966432 0.6636822 0.6866795 -0.2534189 0.9669832 0.02687547 -0.4485458 0.8933963 -0.02548453 -0.4822667 0.8760036 -0.006049311 -0.7348941 0.677465 0.03117468 -0.8603402 0.5091036 -0.0250665 -0.9116701 0.4099241 0.02863343 -0.2724514 0.6015634 0.7509273 -0.1025187 0.6124262 0.7838521 -0.03232024 0.63661 0.7705083 2.579284e-06 0.6144104 0.7889866 0.0006412988 0.6109937 0.7916352 5.083279e-05 0.7317322 0.6815922 -0.0001616451 0.9999901 0.004448931 0.0006161432 0.9005762 0.4346979 -0.0003137874 0.999975 0.007057333 -0.0007142993 0.8244725 0.5659015 0.009372033 0.7156244 0.6984225 0.7020621 0.5751291 0.419923 0.3075055 0.6766068 0.6690618 0.24356 0.8079254 0.5365958 0.2598627 0.8751459 0.4081558 0.0631754 0.6962606 0.7150036 0.7888011 0.5156154 0.3345648 0.4951578 0.7085675 0.5027433 0.4973377 0.7180896 0.4868292 0.4321136 0.7756245 0.4600918 0.1078024 0.9376587 0.3304162 0.9991801 0.03916698 -0.01024425 0.9988799 0.04607026 0.01078986 0.1519792 0.9883604 0.00679295 0.2150893 0.9765469 -0.009631788 0.4246724 0.9049432 0.02703865 0.5728585 0.8196425 -0.004383689 0.6240693 0.7812497 0.01365381 0.7802233 0.625416 0.01031533 0.839222 0.5435588 -0.01581985 0.9128262 0.4065771 0.03799053 0.3149547 0.7351436 0.6003061 0.2601842 0.7410147 0.6190327 0.3837593 0.6352479 0.6702155 0.3242185 0.6547015 0.6828238 0.4786761 0.5410447 0.6914766 0.2783312 0.5964254 0.7528669 0.1997187 0.6332148 0.7477643 0.135731 0.6277839 0.7664623 0.04320554 0.6170397 0.7857451 0.002947701 0.6142852 0.7890785 0.007753557 0.7615966 0.648005 -0.007715285 0.7726315 0.6348078 -0.01873977 0.7361771 0.6765295 -0.002592435 0.6952482 0.7187651 0.0117556 0.6844736 0.7289429 0.002574145 0.9999872 -0.004351172 0.003338471 0.9999896 -0.003111318 0.009697888 0.999939 0.005298598 0.0002663762 0.999999 0.001335858 0.005058428 0.9999865 -0.001233255 -0.0006193748 0.9999997 0.0004878502 -0.0009043046 0.9999995 -0.0002456387 -0.000642487 0.9999993 -0.001070542 0.0007488894 0.9999995 0.000699478 -0.0007785177 0.9999998 5.179773e-05 -9.240698e-05 0.9999999 -0.0002001373 7.098428e-05 1 7.215044e-05 0.0011621 0.9999212 0.0124963 -0.0003393114 0.9999997 0.0006796339 0.005567941 0.9999661 0.006059462 -0.001452525 0.9999989 -0.0002027865 0.0001060588 1 -1.213044e-05 0.000927705 0.9999986 0.001422344 0.009564891 0.9999513 0.002408708 0.002169443 0.999997 -0.001186334 0.0009224979 0.9999995 -5.803884e-05 -0.7602215 0.1081455 -0.6405994 -0.7697891 0.3248367 -0.5494596 -0.7697411 0.1894837 -0.6095856 -0.7769428 0.2256352 -0.5877488 -0.7681389 0.2569988 -0.586442 -0.7662682 0.3189261 -0.5577806 -0.7577538 0.3717299 -0.5363077 -0.7632374 0.3901156 -0.515052 -0.7639914 0.3895178 -0.5143861 -0.7461564 0.4538384 -0.4871154 -0.7484922 0.4223242 -0.5112748 -0.7663079 0.4421075 -0.4661686 -0.7416748 0.4468698 -0.5002258 -0.7361588 0.492283 -0.464465 -0.7571594 0.4821995 -0.4406738 -0.7328015 0.4903635 -0.4717474 -0.7541315 0.479532 -0.4487033 -0.7475133 0.5133019 -0.4215981 -0.7107279 0.5376516 -0.4536482 -0.7187065 0.5449955 -0.4317878 0.004608992 0.6339008 -0.7734006 -0.0005059364 0.6367961 -0.7710322 0.007864482 0.703126 -0.7110219 -0.006538067 0.6910957 -0.7227337 -0.01472234 0.7262914 -0.6872293 0.006373032 0.7626773 -0.6467479 -0.008098096 0.7722754 -0.6352364 0.3242952 0.5338429 -0.7809253 0.4515314 0.4815853 -0.7511292 0.3180345 0.6702613 -0.670525 0.397159 0.6570292 -0.6407632 0.2482913 0.7451091 -0.6190023 0.3131635 0.7415675 -0.5933011 0.4192207 0.5663772 -0.7095568 0.2884862 0.609797 -0.7381892 0.4043047 0.4855444 -0.7751028 0.01076275 0.5114105 -0.8592691 0.1936916 0.5202098 -0.8317844 0.127624 0.5442213 -0.8291774 0.000445573 0.5091197 -0.8606956 -3.622023e-05 0.5123084 -0.8588015 -0.001167781 0.9999982 0.001507064 -0.0001574409 0.9999997 -0.0007197367 0.1781469 0.9840015 -0.002216412 0.3230672 0.9463734 0.002227691 0.4782755 0.8781996 -0.004242419 0.7194719 0.6945184 0.002095411 0.7488731 0.6627134 -0.0002581262 0.8792018 0.4764383 -0.003251845 0.9344771 0.3560228 0.0005474059 0.9670412 0.2546077 -0.002500868 0.1155788 0.1715852 -0.9783661 0.7274639 0.4406966 -0.5259114 0.7014114 0.40287 -0.5879778 0.49586 0.372035 -0.7846737 0.4438701 0.6205223 -0.6464761 0.3711182 0.6305359 -0.681686 0.3189781 0.7036055 -0.6349743 0.1956578 0.8891975 -0.4135768 0.09509029 0.4958147 -0.8632066 0.934564 0.1916847 -0.2997451 0.6751561 0.6593372 -0.3308153 0.5654306 0.7072877 -0.4243022 0.3061683 0.8227878 -0.478833 0.7848056 0.26009 -0.5625241 0.1539162 0.3467493 -0.9252431 0.4018433 0.2962333 -0.8664685 0.475551 0.8621405 -0.1748283 0.9363132 0.03811774 -0.3490912 0.84078 0.03507549 -0.5402395 0.6658006 0.04242855 -0.7449224 0.5194587 0.03637172 -0.8537211 0.3502061 0.03945078 -0.9358415 0.9993843 0.0350655 0.001223688 0.9996457 0.02661767 -4.132e-06 0.999638 0.0268936 -0.0007679282 0.9996297 0.02720384 -0.000511548 0.9996144 0.02776746 0.0002707647 0.999599 0.02807531 0.00369172 0.9977958 0.02600392 -0.0610517 -0.003099976 0.9967151 0.08092888 0.003653575 0.9999931 0.0007307414 0.003712083 0.9999927 0.0008411935 -4.306339e-05 0.9999716 -0.007549956 0.00269582 0.9999962 -0.0002520274 0.004267824 0.9999447 -0.009606598 0.0001396087 0.9999996 -0.0007324834 -0.01208675 0.9998903 0.008562221 -0.009552828 0.9998682 0.01312962 0.00275533 0.9992658 -0.03821228 -0.001930517 0.9999565 -0.009124142 0.0002091779 0.9999997 -0.0007322812 -0.002823477 0.999996 0.0001629956 -6.418391e-06 0.9999999 -0.0003798951 -0.004631866 0.9999832 -0.00350902 0.0003024043 0.9999999 -0.0002083846 -0.003899257 0.9999886 -0.002727369 -0.001457802 0.0240437 -0.9997098 -0.0001542469 0.02382032 -0.9997162 0.0001066899 0.0249629 -0.9996884 -0.005614426 0.02382954 -0.9997002 0.00114013 0.5119972 -0.8589864 -0.0005957708 0.329356 -0.9442056 -0.0009705665 0.9625717 -0.2710253 0.0006147739 0.8372184 -0.5468683 -0.0001857251 0.7636165 -0.6456701 -0.3980852 0.3525092 -0.8469152 -0.3177667 0.8448904 -0.4303307 -0.1490231 0.4847218 -0.8618798 -0.4189556 0.7459471 -0.517725 -0.7702509 0.2595128 -0.582552 -0.5133965 0.2454084 -0.822313 -0.9147647 0.1955617 -0.3534983 -0.1407157 0.7220113 -0.6774206 -0.7964432 0.4892635 -0.3553865 -0.7746975 0.2537607 -0.5791799 -0.5694404 0.7105272 -0.4133871 -0.2544592 0.3149925 -0.9143469 -0.3123212 0.8750508 -0.3697858 -0.2428567 0.437582 -0.8657613 -0.6238967 0.5791965 -0.5246755 -0.9598972 0.2803479 0.001587348 -0.949564 0.3135729 -0.0002977807 -0.8715459 0.490298 -0.003964537 -0.7835431 0.6213332 0.002263995 -0.6244817 0.781032 -0.003399623 -0.4556244 0.8901691 0.002321248 -0.3714334 0.9284582 -0.001657753 -0.999649 0.02647331 -0.001025268 -0.9996467 0.02657929 -1.77139e-06 -0.9995542 0.02733767 -0.01200106 -0.9996278 0.02727843 -0.0005587741 -0.9996113 0.02787829 0.0002902744 -0.9996025 0.02807525 0.002570848 -0.9483202 0.03746473 -0.3150955 -0.8971719 0.03356677 -0.4404043 -0.675773 0.03926191 -0.7360635 -0.5668 0.03404336 -0.8231518 -0.3518027 0.03925538 -0.9352507 -0.009874528 0.01498533 0.9998389 0.0005147325 0.05100364 0.9986983 0.01285594 0.9704151 0.2410999 -0.01393361 0.7860405 0.6180179 0.001094368 0.5964057 0.8026824 -0.009117655 0.4482395 0.893867 -0.6039243 0.4598936 0.6509789 -0.5041279 0.2715885 0.8198138 -0.5500481 0.5991647 0.5817636 -0.232081 0.8075392 0.542235 -0.8501974 0.2937414 -0.4368985 -0.2785002 0.9601635 -0.02288673 -0.8870443 0.4616805 -0.001908844 -0.2100852 0.9776828 0.000730301 -0.8265855 0.5600068 0.05611308 -0.8253307 0.5617399 0.05724962 -0.9236687 0.3359681 0.1842868 -0.6265621 0.6826121 -0.3761126 -0.695566 0.6099746 -0.37963 -0.8551303 0.4792508 -0.1976632 -0.8359696 0.5434425 -0.07632256 -0.9313908 0.3640208 0.0002202938 -0.5930865 0.8051388 -1.972181e-05 -0.7559943 0.654578 0.0005379985 -0.7897328 0.6134509 -0.000353501 -0.3710717 0.9286038 -0.0008507132 -0.7641249 0.6450674 -0.001038078 -0.869238 0.494388 0.002416853 -0.5824404 0.812873 0.0007919145 -0.5925243 0.8055523 0.0005003594 -0.3598918 0.93292 0.01175529 -0.5699375 0.8170802 0.08689775 -0.8194712 0.523082 0.2342052 -0.8791566 0.3306312 0.3431714 -0.5538769 0.8211792 0.1374233 -0.6350766 0.6732705 -0.3786615 -0.4465602 0.8534688 -0.2686539 -0.247944 0.9611472 -0.1213256 -0.8529639 0.4028971 -0.3318532 -0.8282913 0.4640659 -0.3139687 -0.6507475 0.7104799 -0.2678545 -0.5171875 0.8331442 -0.195928 -0.8230602 0.5410029 -0.1728801 -0.5647337 0.8131094 -0.1411698 -0.4540907 0.8889175 -0.06022715 -0.7192991 0.6933595 -0.04314597 -0.9353266 0.3481071 -0.06313109 -0.5465181 0.8374464 -0.001185299 -0.2188504 0.9757535 0.003113963 -0.8519707 0.5235889 0.0008736019 -0.8480198 0.5299591 -0.00242067 -0.5747182 0.8183497 -0.001674024 -0.7727818 0.6346003 0.009526877 -0.7107944 0.7033259 -0.01020207 -0.3249829 0.9457178 -0.001971878 -0.5717 0.8204587 0.002613849 -0.394026 0.9097452 0.1307946 -0.6918334 0.6925371 0.2043501 -0.8489802 0.0494011 -0.5261103 -0.8536404 0.03899447 -0.5194012 -0.9922401 0.09616873 -0.07881068 -0.9884744 0.02833241 -0.1487136 -0.9749969 0.08344588 -0.2059563 -0.9343873 0.08051655 -0.347041 -0.9188363 0.01070812 -0.3944936 -0.8775989 0.09715815 -0.4694468 -0.9296415 0.1219367 0.3477043 -0.9858639 0.02932066 0.1649625 -0.9790962 0.06967381 0.1910917 -0.993425 0.1074904 0.03940557 -0.9964391 0.08414487 0.005366642 -0.9983528 0.05733464 -0.002086906 -0.9972255 0.07444033 7.654126e-05 -0.9983322 0.05771137 0.001498902 -0.7588038 0.0001324204 0.6513193 -0.5223318 0.09709215 0.8471969 -0.9967903 0.07325429 0.03229327 -0.9991648 0.04086034 0.0003479477 -0.9991715 0.03938853 0.01024271 -0.9991597 0.03965956 0.01034321 -2.952807e-05 0.1089332 -0.9940491 -0.02297887 0.07318135 -0.9970539 -0.7865308 0.6174934 -0.008433592 -0.6270843 0.7776358 0.04525279 -0.5127851 0.8585058 0.004382087 -0.4763192 0.8458813 0.24001 -0.5121402 0.8169233 0.2652335 -0.4492127 0.61219 0.6507159 -0.9011945 0.4160362 0.1215004 0.0003252638 0.9999408 0.01087232 -0.0001326955 0.9997208 0.02362691 0.003859992 0.7252157 0.688511 0.003384395 0.6852821 0.7282699 0.00108434 0.746167 0.665758 0.0008210177 0.7092004 0.7050065 -0.0009566477 0.6973236 0.7167558 -0.007649235 0.6945429 0.7194106 0.001423975 0.7468561 0.6649842 0.004460985 0.7441504 0.6679972 0.0004543491 0.934095 0.3570243 0.0001904448 0.9295614 0.3686673 -0.00219296 0.7990975 0.6011975 -0.0003103353 0.9376529 0.3475728 -0.0001827177 0.7321011 0.681196 0.0001223262 0.7332585 0.67995 -2.814569e-05 0.7332096 0.6800026 -0.00142967 0.7379537 0.6748498 0.0001282066 0.7541304 0.6567246 -1.076988e-05 0.8576231 0.5142787 -0.0002139395 0.8569897 0.5153333 -9.006963e-05 0.7534555 0.657499 -0.0001697408 0.8592125 0.511619 0.0004075398 0.8655235 0.5008682 -0.8409826 0.4183937 0.3430672 -0.8766394 0.366861 0.311314 -0.5165392 0.6396264 0.5692673 -0.4843853 0.6557835 0.5790673 -0.4118925 0.6766061 0.6103677 -0.5477647 0.5858822 0.5972401 -0.1715147 0.6926824 0.7005525 -0.8703482 0.3457935 0.3506008 -0.7546683 0.4693421 0.458469 -0.4407715 0.6133856 0.6553462 -0.00057601 0.6446867 0.7644467 0.0002277113 0.6580368 0.7529858 -0.0001563648 0.6449057 0.7642621 0.4228466 -0.517234 -0.7440898 0.004338016 0.6490307 0.7607498 -0.07377803 0.6712105 0.737586 -1.704579e-06 -0.7012529 -0.7129126 -5.821551e-07 -0.6626582 -0.748922 -1.324821e-06 -0.7544342 -0.6563756 1.117539e-06 0.5799745 0.8146346 2.012688e-06 -0.6661757 -0.7457949 0 -0.6811039 -0.7321867 2.080538e-05 0.5910078 0.8066658 0 0 -1 -3.80467e-07 -0.998548 -0.0538709 0 -1 0 -1.213442e-07 -0.9867684 0.1621365 0 -0.9828722 0.1842885 -1.785669e-08 -0.9727631 0.2318016 1.751078e-05 -0.6213143 -0.7835613 0 0.5903852 0.8071216 -1.790613e-05 0.5899886 0.8074116 0 0.6811039 0.7321867 0 0 0 0 0 0 0 0 0 0 0.590385 0.8071218 -0 0.5903849 0.8071218 -1.783563e-06 0.5903381 0.8071561 1.52585e-06 0.9981865 -0.06019783 -2.047307e-05 0.5896409 0.8076655 0 0.590385 0.8071218 0 0.5903848 0.807122 0 0 0 0 0 0 0 0.590385 0.8071218 0 0 0 -0 0.590385 0.8071218 5.698692e-06 0.5907066 0.8068864 -2.299985e-06 0.5901625 0.8072845 0 0.590385 0.8071218 0 0.5903845 0.8071221 0 0 0 0 0.5903849 0.8071218 0 0 0 0 0 0 -0 0.5903849 0.8071218 4.864621e-06 0.5912467 0.8064908 -1.152439e-06 0.5899951 0.8074068 -0 0.6123295 0.7906026 -0 0.6123295 0.7906026 9.058668e-05 0.6205993 0.7841278 2.708378e-06 0.6227823 0.7823951 -2.543747e-06 0.6229029 0.7822991 0 0 0 0 0 0 0 0.6228401 0.7823492 0 0 0 -0 0.6228401 0.7823492 8.176536e-06 0.6227208 0.7824442 -4.928158e-06 0.6228622 0.7823315 0 0.6228401 0.7823492 0 0.62284 0.7823492 0 0 0 0 0 0 0 0 0 0 0.6228401 0.7823492 2.4022e-06 0.6228395 0.7823497 0 -1 0 1.088344e-07 -0.9767853 0.2142204 0 -1 0 0.0001029397 0.6228952 0.7823052 -2.623832e-06 0.5748348 0.8182696 -0.169038 0.8747727 0.4540912 -0.2313797 0.8296826 0.5080258 -0.3790047 0.8369602 0.3947823 -0.5169314 0.7569613 0.3997394 -0.199176 0.6744524 0.710945 -0.4955523 0.7232119 0.4810328 -0.2449629 0.6766784 0.6943338 -0.7758577 0.5332996 0.3370999 -0.9989405 0.04533762 0.00789319 -0.9990894 0.04266617 -0.0003176882 0.6470573 0.5335535 0.5446444 0.3294164 0.6547239 0.6803098 0.3472258 0.6494343 0.6765125 0.8372364 0.4148796 0.3562444 0.6555929 0.554483 0.5125879 0.368553 0.6931055 0.6194946 0.9334186 0.2592141 0.2480681 0.8196399 0.4146038 0.3953405 0.5117181 0.6076494 0.6073769 0.9984156 0.05500145 0.01187912 0.9988765 0.04738883 0.0003924845 0.9990773 0.04134246 0.01163608 0.9990737 0.04134485 0.01193099 0.9990198 0.04250889 0.01234381 0.025612 0.04859886 -0.9984899 5.983563e-05 0.08947442 -0.9959891 0.8205567 0.5715482 0.004413372 0.7464076 0.6633576 0.05321885 0.3734137 0.9276594 -0.003196236 0.008423269 0.6323314 -0.7746522 -0.006525799 0.6865282 -0.7270739 0.009744858 0.8377986 -0.5458924 0.3491352 0.5084741 -0.7871206 0.3639019 0.5124398 -0.7778051 0.340849 0.1200436 -0.9324224 0.845415 0.03112165 -0.5332025 0.8531165 0.06560532 -0.5175793 0.9931356 0.1084871 -0.04372969 0.9833836 0.01555164 -0.1808728 0.9878013 0.07109629 -0.1385424 0.9505357 0.1000917 -0.294047 0.9156322 0.02730346 -0.4010886 0.8990762 0.08184237 -0.4300744 0.9480928 0.06481411 0.3113185 0.950703 0.05859834 0.304516 0.9845119 0.09596249 0.1467228 0.9934348 0.04383342 0.1056683 0.9966372 0.08178926 -0.004998353 0.9941673 0.1077673 0.004194114 0.9975802 0.06952532 -0.0001263721 0.9973199 0.0731626 -0.0004541739 0.006696354 0.03751347 0.9992737 -0.002089225 0.06434626 0.9979255 0.004602158 0.6113129 0.7913756 -0.00918857 0.7394862 0.673109 0.01216742 0.910293 0.4137856 0.33564 0.5538061 0.7620004 0.6692886 0.4969898 0.5523168 0.5227497 0.6380207 0.565387 0.5137224 0.6405787 0.5707437 0.07411454 0.9028313 0.4235597 0.09359465 0.9941632 -0.05366302 0.2529962 0.966234 -0.04883298 0.2521264 0.9676943 -5.169076e-05 0.3711441 0.9285753 -0.0004454525 0.5408286 0.7913279 -0.2851397 0.5368563 0.7954146 -0.2812489 0.7858353 0.4650502 -0.4076656 0.2907578 0.9472313 -0.1349547 0.8337423 0.4444878 -0.3275734 0.3531831 0.9274651 -0.1227606 0.658924 0.7211972 -0.213761 0.8940578 0.4479518 0.000141344 0.9642881 0.2648208 0.004285658 0.8640697 0.4907758 0.1119041 0.8851739 0.4516311 0.1117876 0.37024 0.9272876 0.05531768 0.7658944 0.6219862 0.1629075 0.5784413 0.8034644 0.1408927 0.5240174 0.7964799 -0.3017044 0.9315408 0.2199095 -0.2896056 0.8626798 0.481713 -0.1540657 0.5666887 0.812477 0.1369124 0.8712104 0.3880934 0.3006262 0.5702076 0.7453197 -0.3454877 0.3656813 0.9006633 -0.2346974 0.8554114 0.3264583 -0.4021148 0.7065951 0.656726 -0.263504 0.72085 0.6748812 -0.157831 0.4886823 0.8709003 -0.05217518 0.8480409 0.5271829 -0.05389706 0.8219448 0.5678885 -0.0436979 0.5046464 0.8621596 -0.04486644 0.8003359 0.5995141 -0.00672402 0.5361705 0.844067 -0.008490242 0.8134542 0.5816162 -0.003880807 0.8612649 0.5081528 0.001828843 0.7329835 0.6801707 -0.01015187 0.8382695 0.5452296 0.00538651 0.7587557 0.6509817 0.02263864 0.7983251 0.3656864 -0.4784877 0.8069888 0.3299338 -0.4898089 0.8604318 0.4860175 -0.1531149 0.4525924 0.8917085 0.004014353 0.8198317 0.5725957 -0.003190403 0.6110795 0.7915657 -0.002382179 0.418803 0.9080771 6.925788e-05 0.7203858 0.6935373 0.007087075 0.5250951 0.8510234 0.005862434 0.4744658 0.8802099 0.01062095 0.6785427 0.7345419 0.005286792 0.622605 0.7825353 0.00121847 0.4191538 0.9079152 7.560742e-05 0.8609485 0.5086852 0.002674453 0.6080773 0.7938751 -0.0020421 0.5215169 0.8531848 0.009791029 0.6962202 0.717826 -0.001799219 0.6935294 0.0821035 0.7157346 0.5804135 0.04475427 0.8130912 0.3559549 0.08042008 0.9310364 0.5338089 0.7694073 0.3507997 0.9413368 0.3282014 0.07854196 0.7092541 0.6263022 0.3235801 0.5511392 0.763638 0.3363073 -0.01799733 0.688107 -0.7253861 0.007328028 0.7911016 -0.6116408 -0.01207859 0.9066159 -0.4217839 -0.4942645 0.4192026 -0.7615589 -0.4524593 0.5709631 -0.6850413 -0.7630206 0.07832015 -0.6416115 -0.2815702 0.1150092 -0.9526232 -0.01631832 0.6845379 0.7287946 0.01697602 0.7088195 0.7051857 -0.00523691 0.7612373 0.6484524 0.01391242 0.7482882 0.6632278 0.006585549 0.7742317 0.6328679 -0.275973 0.5022547 -0.8194993 -0.1290909 0.5101138 -0.8503642 -0.04980567 0.5389069 -0.8408915 -0.8583974 0.1125136 0.5004944 -0.8516783 0.09494074 0.5153934 -0.8512371 -0.008603594 0.5247107 -0.8449103 0.03152835 0.5339782 -0.8331276 0.1114608 0.5417332 -0.8440523 0.00780063 0.5362042 -0.7918009 0.2853872 0.5400052 -0.760976 0.4004323 0.51046 -0.7833146 0.3664307 0.5021423 -0.7858993 0.3304694 0.5226397 -0.7823083 0.3213245 0.5336143 -0.7642907 0.07013397 0.6410468 -0.8314084 0.157233 0.532952 -0.8196316 0.1122297 0.5617905 -0.7988396 0.2312968 0.5552992 -0.7903531 0.2390128 0.5641055 -0.8072053 0.1053379 0.5807956 -0.7658866 0.1723477 0.6194465 -0.7967377 0.2258281 0.5605449 -0.7778026 0.2261729 0.5864034 -0.7665682 0.1345819 0.627902 -0.7724894 0.1007157 0.62699 -0.7980141 0.07880175 0.5974644 -0.9079889 0.1320407 0.397645 0.9954078 0.04275281 0.08564787 0.9538985 0.02299094 0.2992472 0.9605497 0.03539525 0.2758468 0.903716 0.02415386 0.4274507 0.8481405 0.03427948 0.5286612 0.6004629 0.03245476 0.7989938 0.7919331 0.02524267 0.610086 0.6652852 0.02363857 0.7462149 0.4525601 0.02575707 0.8913618 0.3578621 0.02979051 0.9332991 0.1684402 0.02957138 0.9852682 0.6681525 0.03812687 0.7430468 0.259107 0.02731294 0.9654624 -0.05370058 0.0266923 0.9982003 0.5374038 0.009533238 0.8432712 -0.4673999 0.02894033 0.8835722 0.1057741 0.02740665 0.9940124 -0.07396284 0.02762635 0.9968783 -0.733991 0.02834539 0.6785675 -0.22798 0.02764104 0.9732735 -0.3108923 0.02435278 0.9501331 0.2342729 0.009803094 0.9721215 -0.9041228 0.02828378 0.4263355 -0.9414755 0.02620916 0.3360611 -0.9660454 0.02831384 0.2568162 -0.8065237 0.02501037 0.5906724 -0.9983839 0.02819382 0.04934279 -0.6132767 0.02355993 0.7895167 -0.9942718 0.0260572 0.1036562 -0.904128 0.4211953 0.07174376 -0.8694343 0.341977 0.356561 -0.8661792 0.313512 0.3891578 -0.8746214 0.2900635 0.3884592 -0.8970963 0.255356 0.3605713 -0.7745093 0.477207 0.4152215 -0.8848331 0.2300048 0.4051768 -0.8791204 0.451899 0.1514412 -0.8874422 0.435957 0.1496251 -0.8862733 0.3903705 0.2492597 -0.8918954 0.4015872 0.2079671 -0.8518612 0.4189736 0.3143148 -0.865907 0.4632263 0.1887502 -0.8641108 0.3973996 0.3088463 -0.8256985 0.4391471 0.354079 -0.8493108 0.464154 0.25146 -0.8468023 0.4673792 0.2539341 -0.8572722 0.4067614 0.3156413 -0.8647935 0.3899668 0.3163195 -0.8771527 0.3477692 0.331149 -0.8118333 0.4849003 0.3252667 -0.7955378 0.4618088 0.39224 -0.7986432 0.50389 0.329035 -0.8137525 0.4592533 0.3562208 -0.8543171 0.5192169 0.02358592 -0.8236525 0.5666414 0.02267138 -0.8653197 0.4987069 0.05013387 -0.8599247 0.5082118 0.04743781 -0.850211 0.5111714 0.1258769 -0.8458165 0.5177854 0.128424 -0.8056192 0.5492947 0.2219301 -0.8276182 0.5262586 0.195192 -0.7643323 0.5270659 0.3714804 -0.7328284 0.5038057 0.4573207 -0.7530959 0.4288931 0.4988961 -0.7632544 0.2554645 0.593448 -0.7556349 0.2748979 0.594514 -0.7619777 0.1800744 0.6220636 -0.7496133 0.5250106 0.4030432 -0.7531598 0.4992438 0.4283759 -0.7449258 0.4959816 0.4461925 -0.7311369 0.4966952 0.4676886 -0.7007499 0.5722331 0.4260266 -0.698482 0.5563473 0.4501118 -0.7505229 0.4529499 0.4811982 -0.7536729 0.4327549 0.4946721 -0.7380992 0.4857646 0.4682331 -0.7399725 0.4819245 0.4692435 -0.7611709 0.4002284 0.5103295 -0.7561219 0.3825864 0.5309494 -0.7626013 0.3389837 0.550935 -0.7587349 0.3344522 0.5589838 -0.7499858 0.2277171 0.6210203 -0.9903179 0.02582665 -0.1363943 0.01847422 0.02779751 -0.9994429 0.2735421 0.03199959 -0.9613276 0.02837127 0.02949238 -0.9991623 -0.2079802 0.02967996 -0.9776827 -0.2190668 0.02805171 -0.9753066 -0.9270825 0.02670202 -0.3739049 -0.493881 0.02946739 -0.86903 -0.9006982 0.02912596 -0.4334679 -0.4158002 0.02526302 -0.9091051 -0.621932 0.02631062 -0.7826291 -0.6336344 0.02514348 -0.7732239 -0.8113744 0.02690107 -0.5839075 -0.8280082 0.02550595 -0.5601355 -0.9799631 0.02914604 -0.1970353 -0.8271392 0.06037434 -0.5587448 -0.89316 0.01267441 -0.4495603 0.3163204 0.697087 -0.643437 0.08698605 0.7309596 -0.6768541 -0.391053 0.7961775 -0.461713 0.3031202 0.9421081 -0.1433546 0.3778337 0.8408238 -0.38763 0.358832 0.6150952 -0.7020665 0.2832758 0.8604357 -0.4235626 0.0785392 0.5945993 -0.800177 0.08077053 0.9772558 -0.1960796 0.01264788 0.4855695 -0.8741066 0.04486133 0.8149689 -0.5777656 -0.1953789 0.4377483 -0.8776124 -0.2589079 0.5943183 -0.7614147 -0.1838642 0.8216705 -0.539492 -0.1441006 0.8561248 -0.4962714 -0.4348592 0.4546745 -0.7772828 -0.5197387 0.5695128 -0.6368099 -0.6447577 0.4230984 -0.6366124 -0.6879444 0.4136889 -0.596317 -0.6851798 0.5805295 -0.4399025 -0.3852463 0.8353242 -0.3921974 -0.5295653 0.776948 -0.3404589 -0.8555272 0.3664892 -0.3657305 -0.487548 0.8453486 -0.2183634 -0.2126443 0.9744256 -0.07264462 0.8862244 0.459868 -0.05592637 0.6420029 0.7333132 -0.2237945 0.3684951 0.9187196 -0.1420066 0.3102217 0.2456762 -0.9183712 0.3393582 0.2934783 -0.8937038 0.7451101 0.6646935 -0.05471284 -0.8752204 0.4460088 -0.1872576 -0.7445754 0.6627671 -0.07967026 -0.7307818 0.6778163 -0.08076435 -0.4535484 0.7147067 0.532436 -0.3917852 0.6312663 0.6693335 -0.1192547 0.7537343 0.6462684 0.3942403 0.7260249 0.563438 -0.7689047 0.4698859 0.4335815 -0.7791016 0.4308876 0.4553423 -0.5536773 0.8094332 0.1956001 -0.1007131 0.9940664 0.04109675 -0.7071213 0.306362 0.637277 -0.5160061 0.7954473 0.3178069 -0.4637374 0.8238743 0.3258508 -0.6295276 0.4214086 0.6527708 -0.4215165 0.787462 0.4496972 -0.4452778 0.3829085 0.8093879 -0.1951711 0.9231322 0.3312629 -0.1240413 0.5865706 0.8003429 -0.008922293 0.4325762 0.9015532 -0.04947515 0.8243572 0.5639037 0.1180159 0.4429913 0.8887243 0.1930572 0.5727113 0.7966999 0.01428332 0.9764065 0.2154675 0.3245318 0.4789815 0.8156322 0.1349992 0.7765869 0.6153764 0.1524635 0.8424411 0.5167668 0.4159217 0.5428119 0.729633 0.3090709 0.8250837 0.4729822 0.6704237 0.4812323 0.5647544 0.6171339 0.5756574 0.5364366 0.7856445 0.3285442 0.5242341 0.2181847 0.9544508 0.2035172 0.481061 0.8342914 0.2693293 -0.4411171 0.3592668 0.8224008 0.5970415 0.2357484 0.7667882 -0.3506913 0.9354441 0.04427312 -0.2446818 0.3829511 0.8907745 -0.1945402 0.7830688 0.590726 0.8855296 0.4136366 0.2115232 0.7952321 0.5548241 0.2444921 0.6088704 0.772064 0.1821924 0.409368 0.9119949 0.02613838 -0.812978 0.5809717 0.03922408 -0.8224648 0.5133439 0.2450094 -0.7789254 0.5983255 0.1878346 -0.345238 0.9375131 0.04335831 0.9374518 0.3388568 0.07975013 0.5324062 0.8437051 0.06859599 0.0004147688 0.9999367 0.01124663 -0.006292706 0.9998598 0.01551504 -0.03463772 0.9987794 -0.03521292 0.00345073 0.9999918 0.002116136 -0.02695425 0.9991479 -0.03125658 0.001469426 0.9999411 0.01076074 0.0009429636 0.999939 -0.01101336 0.005297809 0.9999859 0.0003343333 0.7653828 0.1128101 0.6336113 0.7561008 0.1506028 0.6368912 0.7506793 0.2646606 0.6053391 0.7663329 0.5281867 0.3657222 0.7623364 0.2095688 0.6123106 0.7582014 0.203252 0.6195314 0.7630084 0.2835306 0.5808859 0.7673919 0.356824 0.532716 0.7587405 0.3466084 0.5515209 0.7576557 0.3223001 0.5675213 0.7567147 0.4051654 0.5130535 0.7616292 0.3931994 0.5150875 0.7460822 0.4478719 0.4927191 0.7307825 0.486128 0.479204 0.7473614 0.4586616 0.4807082 0.7218547 0.5152115 0.4620421 0.7271904 0.5334176 0.4320416 0.7283727 0.5294912 0.4348704 0.7025974 0.5672501 0.4296327 0.761609 0.5509241 0.3412247 0.8688685 0.4931119 0.04368152 0.8592706 0.4901256 0.1463926 0.839537 0.5425665 0.02826927 0.8594921 0.5079757 0.05686703 0.8204443 0.5356035 0.2000005 0.827766 0.5598831 0.03652927 0.8353032 0.5259043 0.1602912 0.819445 0.5232818 0.2338507 0.8347559 0.5499353 0.02745458 -0.665404 0.04349305 -0.7452154 -0.4877213 0.03250783 -0.872394 -0.4700735 0.02244122 -0.882342 -0.2307164 0.03334466 -0.9724495 -0.1881819 0.02563586 -0.9817995 0.01567798 0.03090291 -0.9993994 0.4274901 0.03364241 -0.9033939 0.05996605 0.0269995 -0.9978352 0.2637764 0.0291164 -0.9641443 0.6156344 0.0247937 -0.7876418 0.8850036 0.02602342 -0.4648565 0.2925612 0.026838 -0.9558702 0.8873756 0.02568391 -0.4603314 0.5800261 0.02963295 -0.8140587 0.2920929 0.036518 -0.9556925 0.7481 0.02589345 -0.6630806 0.7293581 0.02771214 -0.6835707 0.4768294 0.01110015 -0.8789258 0.9895084 0.02580008 -0.1421529 0.9816313 0.02921189 -0.1885381 0.0001568305 0.9999888 0.00473591 0.007361137 0.9999723 -0.001061714 -0.02603624 0.9986205 -0.04559825 0.006929351 0.9999759 -0.0002083356 0.007022898 0.9999657 -0.004399082 0.00724216 0.9999673 -0.003586409 8.755358e-05 0.02838809 -0.999597 -0.0001214971 0.02488703 -0.9996903 0.7890707 0.05070394 -0.6122062 0.7659532 0.1072609 -0.6338854 0.7334434 0.02830272 -0.679161 0.7678899 0.1076198 -0.6314771 0.7441964 0.0609551 -0.6651737 0.7660242 0.1260762 -0.6303267 -0.4028146 -0.9148235 0.02895577 -0.3836325 -0.923011 0.02961067 -0.9859228 -0.1671637 -0.003544467 -0.5555886 -0.8250687 0.1028731 -0.9457106 -0.3242211 0.02263002 -0.6638494 -0.7420989 0.09269944 -0.4139069 -0.8899988 0.1912674 -0.9166595 -0.391187 0.08190186 -0.8102077 -0.5694311 0.1389666 -0.4958824 -0.831103 0.2517308 -0.4590964 -0.8447737 0.2749325 -0.758283 -0.6238794 0.1891599 -0.3052901 -0.8621309 0.4043863 -0.7807705 -0.5830942 0.2244966 -0.4652705 -0.815823 0.3434473 -0.6617198 -0.6801561 0.3154593 -0.9840812 -0.1648407 0.06642076 -0.9330139 -0.3222086 0.1602084 -0.6860611 -0.6299282 0.36402 -0.3683489 -0.786804 0.4952357 -0.4998893 -0.7191727 0.4825987 -0.8855671 -0.3915524 0.2499151 -0.795632 -0.4612601 0.3926942 -0.4807189 -0.6810806 0.5523029 -0.5118622 -0.6769857 0.5288548 -0.8912454 -0.3757955 0.2538886 -0.9670737 -0.1917316 0.1673543 -0.4561152 -0.634075 0.6244261 -0.818651 -0.4123389 0.3997339 -0.5121118 -0.5821304 0.6315581 -0.5013126 -0.575794 0.6458691 -0.9187388 -0.2642194 0.2934401 -0.4433437 -0.6233421 -0.6441205 -0.8143663 -0.3886685 -0.4309807 -0.4631207 -0.614152 -0.6390122 -0.6934322 -0.5091559 -0.5098157 -0.3069649 -0.7229779 -0.6189309 -0.9526501 -0.2384305 -0.1887028 -0.4795263 -0.7236407 -0.4963856 -0.5835531 -0.6808211 -0.4426605 -0.931397 -0.2962843 -0.2114595 -0.7197115 -0.5738007 -0.3908556 -0.7581241 -0.5414856 -0.363375 -0.509877 -0.765476 -0.3925198 -0.2804747 -0.8683157 -0.4090988 -0.8222669 -0.520647 -0.2297904 -0.6820819 -0.676025 -0.2788448 -0.9551928 -0.2730089 -0.1143373 -0.9228499 -0.3596737 -0.137779 -0.3335318 -0.9025635 -0.2722786 -0.5175744 -0.8259814 -0.2233193 -0.5694936 -0.7924246 -0.2184953 -0.8972635 -0.4238905 -0.1234306 -0.7334167 -0.6617504 -0.1555191 -0.9237426 -0.3775619 -0.06439453 -0.3758618 -0.9194732 -0.1153112 -0.7893599 -0.6094252 -0.07424254 -0.5294496 -0.8475206 -0.03730804 -0.7947304 -0.6069388 0.005384335 -0.735481 -0.676769 -0.03242595 -0.9999584 -0.008941487 -0.001782065 -0.999885 0.01496914 0.002425336 -0.9999954 -0.002698052 -0.001345447 -0.999972 0.007475463 -1.181585e-05 1.746735e-05 0.9999744 -0.007159921 1 6.641539e-05 4.843658e-05 1 -4.204327e-05 -1.737159e-05 1 -3.192139e-05 1.161808e-05 1 5.107362e-05 -3.513322e-05 1 -3.58349e-06 1.381885e-07 -1 -1.758013e-05 2.186821e-05 -1 -2.600798e-05 -1.598009e-05 -1 4.127454e-05 2.225286e-05 -1 5.623745e-06 -4.473175e-06 -1 -1.142792e-05 -4.131741e-06 -1 3.247597e-05 9.263804e-06 -1 1.159065e-05 0 -0.9980595 -0.06131655 0.01083951 -0.9980595 0.06131677 -0.01083955 0 1 0 0 1 0 0 1 0 0 1 0 0 1 0 -4.006203e-07 1 2.02884e-09 1.247904e-05 1 9.516425e-06 0 1 0 3.923576e-06 1 4.405742e-09 -1.564192e-09 1 -7.970072e-07 7.061736e-07 1 -7.97519e-07 0 1 0 0 1 0 -0.4426238 0.01180766 0.8966298 -0.4676695 -0.01613348 0.8837561 -0.7616884 0.01440872 0.6477833 -0.8140584 -0.05724426 0.5779549 -0.9461951 0.06888915 0.316179 0.002257743 -0.06952638 0.9975775 -0.001753659 0.006854462 0.999975 0.8966279 0.01180599 0.4426273 0.8837546 -0.01613423 0.4676723 0.6477799 0.01440745 0.7616913 0.5781605 -0.05704242 0.8139266 0.3125912 0.07004371 0.9473017 0.9999759 -0.006848269 -0.001122862 0.9999759 0.00684827 0.001122862 0.2913749 0.009010783 -0.9565665 0.3205533 -0.01326807 -0.9471376 0.6206734 0.01440865 -0.7839369 0.6477829 -0.01440858 -0.7616888 0.883756 0.0161336 -0.4676696 0.8966287 -0.01180511 -0.4426258 -0.001962251 0.01826007 -0.9998313 -0.0005322545 -0.008912238 -0.9999601 -0.9461944 -0.06888981 -0.316181 -0.8140573 0.05724547 -0.5779565 -0.7616871 -0.01440756 -0.6477848 -0.4718846 0.01575517 -0.8815196 -0.4377435 -0.02080703 -0.8988592 0 -1 0 0 -1 0 0 -1 0 0 -1 0 0 -1 0 -0 -1 0 -0 -1 0 -4.277748e-10 -1 -8.036714e-07 -3.913509e-07 -1 -2.057846e-09 7.670573e-07 -1 -8.348091e-07 5.029678e-06 -1 -5.647771e-09 1.205777e-05 -1 6.380825e-06 -0.9945905 0.01832425 -0.1022436 -0.9967723 -0.003998118 -0.08018146 -0.8817174 0.01943711 -0.4713773 -0.8979847 -0.01944469 -0.4395967 -0.6292557 0.01942744 -0.7769555 -0.6565803 -0.01943648 -0.7540056 -0.2961013 0.01215631 -0.9550791 -0.325723 -0.01789173 -0.9452959 -0 1 0 -0 1 0 0 1 0 0 1 0 0 1 0 0 1 0 0 1 0 0 1 0 0 1 0 0 1 0 0 1 0 0 1 0 0 1 0 0 1 0 0 1 -0 0.9790158 -0.06098018 0.1944468 0.9418884 0.06680147 0.3292168 0.7748846 -0.02620173 0.6315594 0.7787931 -0.01849584 0.6270083 0.5186109 0.01447796 0.8548878 0.5017515 -0.003154679 0.8650061 0.2509086 -0.006421085 0.9679894 0 -1 0 0 -1 0 0 -1 0 0 -1 0 -0 -1 0 -0 -1 0 0 -1 0 0 -1 0 0 -1 0 0 -1 0 0 -1 0 -0 -1 0 0 -1 0 -0 -1 -0 0 -1 0 0.9944721 -0.006826238 -0.1047795 0.9941155 0.03892712 -0.1010894 0.4147661 0.0469335 -0.9087168 0.3290972 -0.05158487 -0.942886 0.7232588 -0.01269748 -0.6904602 0.7266629 -0.01903785 -0.6867304 0.9188797 0.01541765 -0.3942363 0.926796 -0.00335735 -0.3755501 0.001949459 0.03338828 -0.9994406 -0.0008220865 -0.01190418 -0.9999288 -0.9737461 0.02457649 0.226306 -0.9744495 -0.00813482 0.2244594 -0.05259056 0.003995195 0.9986082 -0.07470544 -0.0183588 0.9970366 -0.4150945 0.01948486 0.9095697 -0.4473262 -0.01948378 0.8941586 -0.7478513 0.02130556 0.6635243 -0.7730294 -0.02812521 0.6337465 0.2499389 0.008104588 0.9682277 0.9842018 0.09766077 0.1476792 0.9658067 -0.07443997 0.2483467 0.8954204 0.05731902 0.4415164 0.8771114 -0.02879268 0.4794233 0.7270012 0.02879173 0.6860322 0.7114506 -0.01758881 0.7025159 0.5522252 0.01514761 0.8335574 0.5195415 -0.04651466 0.8531781 0.3677866 0.06406152 0.9277009 0.2644117 -0.0617285 0.9624324 0.1499043 0.0617282 0.9867716 0.04299103 -0.06217184 0.9971391 -0.1435524 0.05754241 0.9879684 -0.1655729 0.01230821 0.9861208 -0.3672222 -0.04323217 0.9291281 -0.4330441 0.06833459 0.8987787 -0.5523975 -0.04753057 0.8322246 -0.6278563 0.03949044 0.7773268 -0.7705919 0.04212597 0.6359351 -0.726 -0.05982083 0.6850879 -0.8867005 -0.0115454 0.4622002 -0.8879833 -0.0175877 0.4595394 -0.9633744 0.01512869 0.2677327 -0.9712874 -0.04076706 0.2343903 -0.9967021 0.0504193 0.0635835 -0.9979029 -0.05868965 -0.02730235 -0.9951292 0.009324286 -0.09813796 -0.9633746 0.01512663 -0.2677322 -0.9681736 -0.01512982 -0.2498221 -0.8866998 -0.01154425 -0.4622015 -0.8879833 -0.01758986 -0.4595392 -0.7581376 0.04695498 -0.6504018 -0.7139755 -0.07960016 -0.6956312 -0.5546283 0.06270533 -0.8297322 -0.4792513 -0.07053656 -0.8748388 -0.3903941 0.005037094 -0.9206341 -0.2528467 -0.0173842 -0.9673502 -0.2309495 0.02886741 -0.9725374 0.02336245 -0.02879286 -0.9993123 0.04601819 0.0175889 -0.9987857 0.2498239 -0.01512776 -0.9681731 0.2672429 0.01429171 -0.9635231 0.4449925 -0.01352388 -0.8954322 0.4529694 0.0009765462 -0.8915256 0.6216078 -0.005629016 -0.7833084 0.6311564 0.01620265 -0.7754864 0.7828572 0.0151282 -0.6220175 0.7711887 -0.01512721 -0.6364269 0.9027802 0.04723852 -0.4275 0.8866572 -0.01512771 -0.4621798 0.9616205 -0.06217234 -0.2672466 0.9861565 0.08374397 -0.143116 0.9969915 -0.0650528 -0.04214431 0 1 0 9.755659e-06 1 -8.05091e-06 -5.57221e-05 1 1.803965e-05 3.999304e-05 1 -3.138914e-05 4.689807e-05 1 -1.850315e-05 0 1 0 0 1 0 0.0001337399 1 3.716776e-05 -1.373537e-05 1 6.558116e-06 4.753453e-05 1 9.119149e-05 9.265137e-05 1 4.829549e-05 -6.321144e-05 1 -6.01795e-05 0 1 0 1.734529e-05 1 7.304171e-05 -5.151724e-07 1 1.118138e-05 0 1 0 3.670241e-05 1 -5.201488e-05 0 1 -0 -1.693425e-06 1 3.248716e-06 6.366703e-05 1 -0.0001221407 0 1 0 0 1 0 -6.303455e-07 1 -3.106909e-06 0 1 0 0 1 -0 -8.844873e-05 -1 -0.0001159781 0 -1 0 0 -1 0 -1.282335e-06 -1 -4.179046e-06 -1.154742e-06 -1 9.239802e-06 -0 -1 0 0 -1 0 -0.0002406581 -0.9999999 0.0003782126 -0 -1 0 -2.044285e-05 -1 7.659116e-06 -7.580148e-05 -1 7.152985e-05 -0 -1 0 0 -1 0 -0 -1 0 1.026208e-05 -1 -1.326553e-05 -0 -1 0 -4.634612e-06 -1 7.510309e-05 0 -1 0 0 -1 0 -0 -1 -0 -0 -1 0 0 -1 0 0 -1 0 -0 -1 -0 -0.9861278 -0.01170871 -0.1655743 -0.9878451 -0.04980134 -0.1472481 -0.929368 0.04272372 -0.366674 -0.9021251 -0.0606654 -0.4271888 -0.8327014 0.04602145 -0.5518066 -0.7821183 -0.04602132 -0.6214282 -0.6997777 0.04602161 -0.7128767 -0.6358244 -0.04602198 -0.7704605 -0.5362712 0.0460211 -0.8427902 -0.4474723 -0.06260014 -0.8921041 -0.3338045 0.0812776 -0.9391317 -0.1647417 -0.09729253 -0.9815265 -0.09158612 0.0377306 -0.9950821 0.09546106 0.037717 -0.9947184 0.1436451 -0.0563283 -0.9880249 0.3665783 0.02223036 -0.9301217 0.3704042 0.03278419 -0.928292 0.6391339 0.032785 -0.7683964 0.6187219 -0.03278549 -0.7849256 0.8350801 0.0178386 -0.549839 0.8221834 -0.02920071 -0.5684732 0.9367527 0.01534309 -0.3496556 0.930108 -0.01534147 -0.3669655 0.9911914 0.01417184 -0.1316761 0.9890516 -0.01844546 -0.1464134 0.9911913 0.01417131 0.1316769 0.9843892 -0.0606578 0.1652227 0.9288089 0.07305969 0.3632854 0.8914681 -0.07305872 0.4471542 0.7840201 0.05812983 0.6180077 0.7582579 -0.02919934 0.6513005 0.5684734 0.02920062 0.8221833 0.5498396 -0.01783763 0.8350798 0.3669643 0.01534244 0.9301085 0.3346255 -0.04134348 0.9414437 0.1653605 0.05223645 0.9848489 0.05729558 -0.0868974 0.9945683 -0.04300066 0.05803859 0.9973878 -0.2648265 -0.02612728 0.9639421 -0.2675542 -0.03367079 0.9629543 -0.5220081 0.0297674 0.8524209 -0.5371301 -0.008121719 0.8434603 -0.7039104 -0.008133053 0.7102422 -0.7102442 0.008133739 0.7039085 -0.8361953 0.008133504 0.5483716 -0.8410734 -0.008132141 0.5408599 -0.9416544 0.04803462 0.3331359 -0.9319351 -0.008132496 0.3625339 -0.9886288 -0.06855911 0.1338386 -0.9964502 0.06049975 0.0585372 0 1 0 -0 1 0 0 1 0 0 1 0 0 1 0 0 1 0 0 1 0 0 1 0 0 1 0 0 1 0 0 1 0 0 1 0 0 1 0 0 1 0 0 1 0 0 1 0 0 1 0 -0 1 0 0 1 0 0 1 -0 0 1 0 0 1 0 0 1 -0 0 1 0 0 -1 0 0 -1 0 0 -1 0 0 -1 0 0 -1 0 0 -1 0 0 -1 0 0 -1 0 0 -1 0 0 -1 0 0 -1 0 0 -1 0 -0 -1 0 -0 -1 0 -0 -1 0 -0 -1 0 0 -1 0 0 -1 0 0 -1 0 0 -1 0 -0 -1 -0 0 -1 0</float_array>
          <technique_common>
            <accessor count="11530" source="#cubenormals-array0-array" stride="3">
              <param type="float" name="X"/>
              <param type="float" name="Y"/>
              <param type="float" name="Z"/>
            </accessor>
          </technique_common>
        </source>
        <vertices id="cubeverts-array0-vertices">
          <input semantic="POSITION" source="#cubeverts-array0"/>
        </vertices>
        <triangles count="11530" material="ref_gimbal">
          <input offset="0" semantic="VERTEX" source="#cubeverts-array0-vertices"/>
          <input offset="1" semantic="NORMAL" source="#cubenormals-array0"/>
          <p>192 0 158 0 99 0 273 1 158 1 192 1 273 2 319 2 158 2 158 3 340 3 159 3 319 4 340 4 158 4 27 5 220 5 101 5 159 6 220 6 27 6 340 7 287 7 159 7 159 8 287 8 220 8 157 9 137 9 29 9 164 10 157 10 39 10 166 11 163 11 18 11 166 12 41 12 22 12 166 13 22 13 165 13 165 14 12 14 158 14 143 15 31 15 26 15 152 16 143 16 26 16 152 17 26 17 35 17 145 18 152 18 35 18 136 19 145 19 35 19 136 20 35 20 42 20 146 21 136 21 42 21 146 22 42 22 24 22 137 23 146 23 24 23 137 24 24 24 29 24 157 25 29 25 39 25 163 26 164 26 39 26 163 27 39 27 18 27 166 28 18 28 41 28 165 29 22 29 12 29 52 30 36 30 27 30 13 31 36 31 52 31 9 32 30 32 13 32 13 33 30 33 36 33 9 34 28 34 30 34 55 35 28 35 9 35 55 36 20 36 28 36 0 37 20 37 55 37 0 38 34 38 20 38 3 39 34 39 0 39 17 40 21 40 3 40 3 41 21 41 34 41 53 42 21 42 17 42 21 43 53 43 25 43 53 44 47 44 25 44 22 45 48 45 12 45 25 46 47 46 23 46 41 47 46 47 22 47 22 48 46 48 48 48 47 49 59 49 23 49 41 50 58 50 46 50 18 51 58 51 41 51 59 52 54 52 23 52 23 53 54 53 32 53 18 54 60 54 58 54 54 55 43 55 32 55 39 56 60 56 18 56 32 57 43 57 31 57 39 58 61 58 60 58 43 59 19 59 31 59 31 60 2 60 26 60 19 61 2 61 31 61 29 62 61 62 39 62 29 63 56 63 61 63 24 64 56 64 29 64 26 65 63 65 35 65 2 66 63 66 26 66 24 67 57 67 56 67 42 68 57 68 24 68 42 69 62 69 57 69 35 70 62 70 42 70 63 71 62 71 35 71 101 72 52 72 27 72 101 73 128 73 52 73 481 74 353 74 128 74 128 75 353 75 52 75 481 76 601 76 353 76 353 77 601 77 390 77 601 78 393 78 390 78 601 79 626 79 393 79 393 80 626 80 417 80 626 81 836 81 417 81 836 82 960 82 417 82 1124 83 960 83 836 83 960 84 1471 84 1355 84 1124 85 1471 85 960 85 1355 86 1671 86 1583 86 1471 87 1671 87 1355 87 1671 88 1648 88 1583 88 5729 89 5636 89 5654 89 5302 90 5419 90 5200 90 5636 91 5419 91 5302 91 5419 92 5383 92 5200 92 5636 93 5729 93 5419 93 5200 94 5374 94 5181 94 5383 95 5374 95 5200 95 1671 96 4274 96 1648 96 5374 97 4849 97 5181 97 5181 98 4849 98 4872 98 4872 99 4849 99 4595 99 4274 100 4321 100 1648 100 4849 101 4534 101 4595 101 4274 102 4397 102 4321 102 4595 103 4397 103 4274 103 4534 104 4397 104 4595 104 162 105 27 105 36 105 140 106 36 106 30 106 148 107 140 107 30 107 148 108 30 108 28 108 149 109 148 109 28 109 149 110 28 110 20 110 144 111 149 111 20 111 150 112 144 112 34 112 144 113 20 113 34 113 150 114 34 114 21 114 135 115 150 115 21 115 135 116 21 116 25 116 151 117 135 117 25 117 139 118 151 118 23 118 151 119 25 119 23 119 147 120 139 120 32 120 139 121 23 121 32 121 143 122 147 122 32 122 143 123 32 123 31 123 162 124 159 124 27 124 140 125 162 125 36 125 162 126 140 126 159 126 140 127 148 127 159 127 148 128 149 128 159 128 149 129 144 129 159 129 144 130 150 130 159 130 150 131 135 131 159 131 159 132 165 132 158 132 135 133 151 133 159 133 159 134 166 134 165 134 151 135 139 135 159 135 139 136 147 136 159 136 159 137 163 137 166 137 147 138 143 138 159 138 159 139 164 139 163 139 143 140 152 140 159 140 159 141 157 141 164 141 159 142 137 142 157 142 152 143 145 143 159 143 159 144 146 144 137 144 145 145 136 145 159 145 159 146 136 146 146 146 347 147 52 147 353 147 347 148 13 148 52 148 469 149 17 149 3 149 483 150 17 150 469 150 529 151 17 151 483 151 529 152 53 152 17 152 360 153 134 153 355 153 355 154 134 154 347 154 347 155 134 155 13 155 13 156 134 156 9 156 360 157 359 157 134 157 9 158 359 158 55 158 134 159 359 159 9 159 359 160 365 160 55 160 376 161 55 161 365 161 376 162 133 162 55 162 399 163 133 163 382 163 382 164 133 164 376 164 55 165 133 165 0 165 469 166 178 166 454 166 454 167 178 167 399 167 399 168 178 168 133 168 0 169 178 169 3 169 3 170 178 170 469 170 133 171 178 171 0 171 551 172 53 172 529 172 551 173 47 173 53 173 617 174 47 174 551 174 520 175 63 175 542 175 652 176 235 176 662 176 662 177 235 177 646 177 646 178 235 178 617 178 617 179 235 179 47 179 59 180 235 180 54 180 47 181 235 181 59 181 622 182 228 182 652 182 652 183 228 183 235 183 586 184 43 184 622 184 622 185 43 185 228 185 54 186 228 186 43 186 235 187 228 187 54 187 539 188 43 188 586 188 43 189 539 189 19 189 549 190 223 190 545 190 558 191 223 191 549 191 545 192 223 192 539 192 539 193 223 193 19 193 19 194 223 194 2 194 542 195 222 195 554 195 554 196 222 196 558 196 558 197 222 197 223 197 63 198 222 198 542 198 223 199 222 199 2 199 2 200 222 200 63 200 437 201 465 201 382 201 492 202 501 202 465 202 465 203 501 203 399 203 613 204 543 204 599 204 543 205 613 205 529 205 444 206 465 206 437 206 599 207 686 207 613 207 543 208 529 208 483 208 437 209 415 209 444 209 365 210 415 210 376 210 415 211 437 211 376 211 376 212 437 212 382 212 382 213 465 213 399 213 501 214 454 214 399 214 533 215 454 215 501 215 454 216 533 216 517 216 454 217 517 217 469 217 599 218 517 218 533 218 517 219 599 219 543 219 543 220 469 220 517 220 483 221 469 221 543 221 444 222 495 222 465 222 495 223 492 223 465 223 570 224 501 224 495 224 495 225 501 225 492 225 570 226 533 226 501 226 570 227 599 227 533 227 722 228 599 228 570 228 599 229 759 229 686 229 816 230 759 230 722 230 722 231 759 231 599 231 462 232 495 232 444 232 726 233 570 233 588 233 588 234 570 234 495 234 726 235 807 235 570 235 722 236 807 236 816 236 570 237 807 237 722 237 807 238 903 238 816 238 1038 239 903 239 1040 239 1040 240 903 240 935 240 935 241 903 241 807 241 1040 242 953 242 1069 242 1040 243 935 243 953 243 935 244 807 244 953 244 953 245 807 245 821 245 821 246 807 246 726 246 821 247 726 247 588 247 464 248 393 248 417 248 495 249 541 249 588 249 495 250 462 250 485 250 417 251 475 251 464 251 541 252 495 252 485 252 462 253 464 253 485 253 393 254 464 254 462 254 417 255 960 255 475 255 485 256 766 256 541 256 464 257 837 257 485 257 485 258 837 258 766 258 766 259 837 259 1081 259 464 260 475 260 837 260 837 261 1125 261 1081 261 960 262 924 262 475 262 475 263 924 263 837 263 837 264 924 264 1125 264 960 265 1125 265 924 265 1069 266 1220 266 1181 266 1069 267 1062 267 1220 267 953 268 1062 268 1069 268 953 269 968 269 1062 269 953 270 882 270 968 270 821 271 882 271 953 271 1632 272 1719 272 1794 272 1580 273 1719 273 1632 273 588 274 781 274 821 274 1736 275 1719 275 1580 275 1580 276 1581 276 1736 276 541 277 781 277 588 277 541 278 766 278 781 278 1656 279 1498 279 1620 279 1620 280 1459 280 1606 280 1606 281 1459 281 1584 281 1584 282 1459 282 1391 282 1062 283 1219 283 1220 283 1220 284 1219 284 1372 284 1219 285 1479 285 1372 285 1062 286 1152 286 1219 286 968 287 1152 287 1062 287 1152 288 1316 288 1219 288 1372 289 1479 289 1632 289 1632 290 1479 290 1580 290 882 291 1152 291 968 291 1219 292 1316 292 1479 292 766 293 876 293 781 293 781 294 876 294 1014 294 1014 295 1090 295 1199 295 876 296 1090 296 1014 296 1081 297 1090 297 766 297 766 298 1090 298 876 298 1391 299 1090 299 1081 299 1459 300 1090 300 1391 300 1580 301 1479 301 1581 301 1581 302 1479 302 1316 302 1253 303 973 303 1199 303 882 304 973 304 1152 304 1152 305 973 305 1253 305 1199 306 973 306 1014 306 1014 307 973 307 781 307 1498 308 1460 308 1253 308 1152 309 1460 309 1316 309 1316 310 1460 310 1581 310 1253 311 1460 311 1152 311 1253 312 1398 312 1498 312 1498 313 1398 313 1620 313 1199 314 1398 314 1253 314 1090 315 1398 315 1199 315 1620 316 1398 316 1459 316 1459 317 1398 317 1090 317 781 318 882 318 821 318 973 319 882 319 781 319 1581 320 1460 320 1656 320 1656 321 1460 321 1498 321 1712 322 1674 322 1641 322 1674 323 1584 323 1641 323 1606 324 1584 324 1674 324 1648 325 1641 325 1583 325 1583 326 1641 326 1584 326 1719 327 1786 327 1794 327 1796 328 1786 328 1719 328 1656 329 1736 329 1581 329 1768 330 1736 330 1656 330 1736 331 1796 331 1719 331 1783 332 1796 332 1736 332 1736 333 1768 333 1783 333 1768 334 1656 334 1752 334 1752 335 1656 335 1742 335 1620 336 1742 336 1656 336 1712 337 1742 337 1620 337 1620 338 1606 338 1712 338 1606 339 1674 339 1712 339 1758 340 1794 340 1824 340 1758 341 1632 341 1794 341 3082 342 2222 342 3150 342 2222 343 1824 343 1794 343 2222 344 3082 344 1824 344 3082 345 3150 345 3124 345 3274 346 3343 346 3307 346 3366 347 3343 347 3274 347 3242 348 3274 348 3307 348 3242 349 3178 349 3274 349 3274 350 3178 350 3150 350 3178 351 3124 351 3150 351 3282 352 3266 352 3329 352 3329 353 3266 353 3343 353 3343 354 3266 354 3307 354 3282 355 3218 355 3266 355 3221 356 3218 356 3282 356 2923 357 3005 357 2963 357 3005 358 3072 358 2963 358 3072 359 3003 359 2963 359 3082 360 3005 360 2923 360 3005 361 3082 361 3072 361 3082 362 3178 362 3072 362 3082 363 3124 363 3178 363 3003 364 3093 364 3028 364 3093 365 3092 365 3028 365 3028 366 3092 366 3060 366 3242 367 3208 367 3178 367 3307 368 3266 368 3242 368 3242 369 3266 369 3208 369 3072 370 3093 370 3003 370 3060 371 3092 371 3157 371 3093 372 3157 372 3092 372 3178 373 3208 373 3072 373 3072 374 3208 374 3093 374 3208 375 3157 375 3093 375 3208 376 3266 376 3157 376 3157 377 3266 377 3218 377 1824 378 2429 378 2033 378 3082 379 2429 379 1824 379 2923 380 2429 380 3082 380 2033 381 2429 381 2923 381 2033 382 2923 382 2051 382 2923 383 2951 383 2051 383 3063 384 3027 384 3028 384 3060 385 3063 385 3028 385 3002 386 3028 386 3027 386 3003 387 3028 387 3002 387 2963 388 3003 388 3002 388 3002 389 2951 389 2963 389 2951 390 2923 390 2963 390 2889 391 2927 391 2893 391 2889 392 3010 392 2927 392 2889 393 3063 393 3010 393 3063 394 3060 394 3010 394 1731 395 1776 395 1718 395 1731 396 1718 396 1556 396 1817 397 1776 397 1731 397 1817 398 1830 398 1776 398 1556 399 1638 399 1507 399 1718 400 1638 400 1556 400 1638 401 1509 401 1507 401 1638 402 1640 402 1509 402 1509 403 1640 403 1568 403 1640 404 1740 404 1568 404 1740 405 1803 405 1568 405 2837 406 2809 406 1817 406 1740 407 1852 407 1803 407 2837 408 2852 408 2809 408 2887 409 2852 409 2837 409 2852 410 2887 410 2889 410 1852 411 1891 411 1803 411 2887 412 2942 412 2889 412 1852 413 1957 413 1891 413 1957 414 2020 414 1891 414 2051 415 2020 415 1957 415 3109 416 3063 416 2942 416 2942 417 3063 417 2889 417 2051 418 2940 418 2020 418 3109 419 3089 419 3063 419 2951 420 2978 420 2940 420 3063 421 3089 421 3027 421 3002 422 2978 422 2951 422 3027 423 3089 423 3002 423 3002 424 3041 424 2978 424 3089 425 3041 425 3002 425 2940 426 2051 426 2951 426 1817 427 2809 427 1830 427 2940 428 2945 428 2047 428 2020 429 2940 429 2047 429 1947 430 2020 430 2047 430 1947 431 1891 431 2020 431 1861 432 1891 432 1947 432 1861 433 1803 433 1891 433 1799 434 1803 434 1861 434 1615 435 1803 435 1799 435 1615 436 1568 436 1803 436 1532 437 1568 437 1615 437 1532 438 1509 438 1568 438 1501 439 1509 439 1532 439 1235 440 1357 440 1259 440 1259 441 1357 441 1501 441 1501 442 1357 442 1503 442 1227 443 1304 443 1235 443 1503 444 1304 444 1376 444 1235 445 1304 445 1357 445 1357 446 1304 446 1503 446 1376 447 1304 447 1227 447 1510 448 1376 448 1227 448 1503 449 1376 449 1510 449 1310 450 1615 450 1380 450 1615 451 1310 451 1532 451 1532 452 1259 452 1501 452 1310 453 1259 453 1532 453 1380 454 1799 454 1764 454 1764 455 1799 455 1861 455 1799 456 1517 456 1615 456 1380 457 1517 457 1799 457 1615 458 1517 458 1380 458 1726 459 1442 459 1764 459 1442 460 1380 460 1764 460 1442 461 1271 461 1380 461 1271 462 1310 462 1380 462 1310 463 1271 463 1259 463 1271 464 1237 464 1259 464 1237 465 1235 465 1259 465 1271 466 1442 466 1321 466 1321 467 1301 467 1147 467 1442 468 1625 468 1321 468 1774 469 1625 469 1726 469 1726 470 1625 470 1442 470 1766 471 1625 471 1774 471 1321 472 1570 472 1301 472 1625 473 1570 473 1321 473 1301 474 1180 474 1147 474 1766 475 1570 475 1625 475 1750 476 1570 476 1766 476 1570 477 1525 477 1301 477 1180 478 1525 478 1134 478 1301 479 1525 479 1180 479 1134 480 1179 480 946 480 1729 481 1525 481 1750 481 1525 482 1417 482 1134 482 946 483 1179 483 947 483 1729 484 1546 484 1525 484 1525 485 1546 485 1417 485 1728 486 1546 486 1729 486 1134 487 1417 487 1179 487 1728 488 1519 488 1546 488 1546 489 1519 489 1417 489 1417 490 1401 490 1179 490 1701 491 1519 491 1728 491 1664 492 1519 492 1701 492 1417 493 1519 493 1401 493 1750 494 1525 494 1570 494 1237 495 1168 495 1074 495 1271 496 1168 496 1237 496 1321 497 1168 497 1271 497 1321 498 1147 498 1168 498 1168 499 1147 499 1074 499 1074 500 1000 500 963 500 1147 501 1000 501 1074 501 733 502 757 502 799 502 799 503 892 503 946 503 757 504 892 504 799 504 963 505 1000 505 843 505 1180 506 1000 506 1147 506 1134 507 1000 507 1180 507 939 508 1000 508 1134 508 1000 509 939 509 843 509 843 510 892 510 757 510 939 511 892 511 843 511 946 512 892 512 1134 512 1134 513 892 513 939 513 1237 514 1105 514 1235 514 1087 515 1105 515 1237 515 1112 516 1229 516 1227 516 896 517 941 517 982 517 879 518 941 518 896 518 1105 519 1050 519 1235 519 1235 520 1050 520 1227 520 982 521 1050 521 1105 521 941 522 1050 522 982 522 1227 523 1050 523 1112 523 1227 524 1229 524 1251 524 1351 525 1229 525 1422 525 1282 526 1229 526 1351 526 1251 527 1229 527 1282 527 1509 528 1501 528 1503 528 1509 529 1503 529 1507 529 1507 530 1503 530 1510 530 1510 531 1556 531 1507 531 1591 532 1556 532 1510 532 1591 533 1731 533 1556 533 1757 534 1731 534 1591 534 1757 535 1817 535 1731 535 1825 536 1817 536 1757 536 1510 537 1251 537 1591 537 1227 538 1251 538 1510 538 1251 539 1389 539 1591 539 1389 540 1438 540 1591 540 1591 541 1438 541 1757 541 1757 542 1351 542 1825 542 1438 543 1351 543 1757 543 1351 544 1422 544 1825 544 1825 545 1422 545 1518 545 1346 546 1351 546 1438 546 1351 547 1346 547 1282 547 1251 548 1282 548 1389 548 1389 549 1346 549 1438 549 1282 550 1346 550 1389 550 1825 551 1518 551 1826 551 1817 552 1825 552 2816 552 1817 553 2816 553 2837 553 2881 554 2837 554 2816 554 2881 555 2887 555 2837 555 2937 556 2942 556 2881 556 2881 557 2942 557 2887 557 2948 558 2942 558 2937 558 3180 559 2937 559 3155 559 3217 560 2948 560 3180 560 3180 561 2948 561 2937 561 3230 562 2948 562 3217 562 3230 563 2968 563 2948 563 2968 564 2942 564 2948 564 2968 565 3061 565 2942 565 3103 566 3109 566 3061 566 3061 567 3109 567 2942 567 3095 568 3109 568 3103 568 3095 569 3089 569 3109 569 3095 570 3085 570 3089 570 3085 571 3020 571 3089 571 3020 572 3041 572 3089 572 3020 573 2978 573 3041 573 3020 574 2974 574 2978 574 2945 575 2940 575 2974 575 2974 576 2940 576 2978 576 3085 577 3095 577 3154 577 3170 578 3095 578 3103 578 3095 579 3170 579 3154 579 3220 580 3225 580 3154 580 3154 581 3239 581 3220 581 3170 582 3239 582 3154 582 3239 583 3305 583 3220 583 3220 584 3273 584 3225 584 3305 585 3321 585 3220 585 3220 586 3321 586 3273 586 3085 587 3154 587 3020 587 3020 588 3064 588 2974 588 2974 589 3064 589 2945 589 3064 590 3137 590 2945 590 2945 591 3137 591 3012 591 3154 592 3128 592 3020 592 3020 593 3128 593 3064 593 3225 594 3128 594 3154 594 3064 595 3128 595 3137 595 3137 596 3128 596 3225 596 2945 597 3012 597 2047 597 2047 598 3012 598 1848 598 1848 599 1947 599 2047 599 1764 600 1947 600 1848 600 1764 601 1861 601 1947 601 1871 602 1821 602 1848 602 1848 603 1821 603 1764 603 1821 604 1726 604 1764 604 3121 605 1871 605 3012 605 1871 606 1848 606 3012 606 1728 607 1763 607 2054 607 2054 608 2059 608 1728 608 2049 609 2054 609 1763 609 2049 610 1782 610 2042 610 1782 611 1787 611 2042 611 1812 612 2115 612 1787 612 1812 613 1871 613 2115 613 1763 614 1782 614 2049 614 1821 615 1871 615 1812 615 1821 616 1774 616 1726 616 1812 617 1774 617 1821 617 1766 618 1774 618 1812 618 1812 619 1787 619 1766 619 1787 620 1750 620 1766 620 1787 621 1782 621 1750 621 1782 622 1763 622 1750 622 1763 623 1729 623 1750 623 1728 624 1729 624 1763 624 1124 625 1252 625 1471 625 1671 626 1519 626 1664 626 1471 627 1519 627 1671 627 1471 628 1401 628 1519 628 1252 629 1401 629 1471 629 1179 630 1401 630 1252 630 643 631 836 631 626 631 836 632 838 632 1124 632 643 633 838 633 836 633 1124 634 947 634 1252 634 695 635 838 635 643 635 1252 636 947 636 1179 636 838 637 947 637 1124 637 695 638 799 638 838 638 838 639 799 639 947 639 946 640 947 640 799 640 733 641 799 641 695 641 1237 642 1074 642 1087 642 843 643 846 643 963 643 963 644 846 644 936 644 1087 645 963 645 936 645 1074 646 963 646 1087 646 846 647 843 647 757 647 757 648 733 648 698 648 695 649 643 649 698 649 733 650 695 650 698 650 623 651 626 651 601 651 623 652 643 652 626 652 658 653 643 653 623 653 658 654 698 654 643 654 658 655 739 655 698 655 739 656 757 656 698 656 739 657 780 657 757 657 780 658 846 658 757 658 780 659 896 659 846 659 832 660 896 660 780 660 896 661 936 661 846 661 1087 662 982 662 1105 662 896 663 982 663 936 663 982 664 1087 664 936 664 678 665 729 665 739 665 658 666 678 666 739 666 780 667 739 667 729 667 780 668 729 668 769 668 832 669 780 669 769 669 832 670 769 670 793 670 896 671 832 671 879 671 832 672 793 672 879 672 678 673 687 673 729 673 507 674 496 674 590 674 687 675 700 675 729 675 637 676 561 676 651 676 752 677 651 677 768 677 678 678 605 678 687 678 590 679 605 679 507 679 605 680 590 680 687 680 687 681 590 681 602 681 602 682 700 682 687 682 769 683 738 683 752 683 561 684 637 684 536 684 842 685 793 685 810 685 608 686 605 686 678 686 608 687 507 687 605 687 496 688 602 688 590 688 729 689 738 689 769 689 700 690 738 690 729 690 602 691 738 691 700 691 637 692 738 692 602 692 536 693 637 693 508 693 508 694 637 694 602 694 738 695 637 695 752 695 651 696 752 696 637 696 793 697 769 697 752 697 752 698 810 698 793 698 507 699 608 699 487 699 496 700 508 700 602 700 768 701 810 701 752 701 681 702 768 702 651 702 481 703 530 703 601 703 530 704 623 704 601 704 481 705 431 705 530 705 678 706 658 706 608 706 548 707 463 707 470 707 548 708 487 708 608 708 463 709 540 709 449 709 463 710 548 710 540 710 614 711 608 711 658 711 548 712 608 712 614 712 470 713 487 713 548 713 530 714 431 714 449 714 530 715 540 715 623 715 540 716 614 716 623 716 623 717 614 717 658 717 449 718 540 718 530 718 540 719 548 719 614 719 431 720 481 720 128 720 431 721 128 721 87 721 561 722 536 722 114 722 561 723 114 723 90 723 449 724 431 724 129 724 463 725 449 725 129 725 431 726 87 726 129 726 463 727 129 727 127 727 470 728 463 728 127 728 470 729 127 729 487 729 127 730 123 730 487 730 507 731 487 731 123 731 496 732 507 732 130 732 507 733 123 733 130 733 508 734 496 734 274 734 536 735 508 735 274 735 496 736 130 736 274 736 122 737 114 737 274 737 130 738 122 738 274 738 114 739 536 739 274 739 651 740 561 740 681 740 681 741 561 741 90 741 126 742 88 742 99 742 106 743 88 743 126 743 106 744 95 744 88 744 124 745 95 745 106 745 121 746 95 746 124 746 121 747 96 747 95 747 119 748 96 748 121 748 119 749 93 749 96 749 86 750 93 750 119 750 86 751 102 751 93 751 112 752 102 752 86 752 116 753 102 753 112 753 116 754 111 754 102 754 116 755 125 755 111 755 111 756 125 756 105 756 125 757 91 757 105 757 120 758 128 758 101 758 105 759 91 759 97 759 120 760 87 760 128 760 110 761 87 761 120 761 91 762 98 762 97 762 91 763 89 763 98 763 110 764 129 764 87 764 98 765 89 765 113 765 108 766 129 766 110 766 108 767 127 767 129 767 113 768 118 768 94 768 89 769 118 769 113 769 108 770 123 770 127 770 103 771 123 771 108 771 103 772 130 772 123 772 94 773 92 773 107 773 118 774 92 774 94 774 100 775 122 775 103 775 103 776 122 776 130 776 107 777 92 777 104 777 109 778 114 778 100 778 100 779 114 779 122 779 92 780 117 780 104 780 104 781 117 781 115 781 109 782 90 782 114 782 117 783 90 783 115 783 115 784 90 784 109 784 1644 785 1675 785 1560 785 1675 786 1414 786 1560 786 1560 787 1414 787 1267 787 1267 788 901 788 951 788 1414 789 901 789 1267 789 951 790 901 790 405 790 901 791 627 791 405 791 342 792 126 792 48 792 627 793 611 793 405 793 405 794 611 794 384 794 611 795 559 795 384 795 342 796 427 796 126 796 384 797 559 797 342 797 559 798 427 798 342 798 126 799 99 799 48 799 99 800 12 800 48 800 99 801 158 801 12 801 1644 802 4278 802 1675 802 4278 803 4266 803 1675 803 4371 804 4266 804 4278 804 4371 805 4539 805 4266 805 4539 806 4554 806 4266 806 4539 807 4767 807 4554 807 4767 808 4818 808 4554 808 4767 809 4970 809 4818 809 4970 810 5375 810 4818 810 4818 811 5375 811 5184 811 5375 812 5199 812 5184 812 5375 813 5385 813 5199 813 5385 814 5420 814 5199 814 5199 815 5420 815 5243 815 5243 816 5420 816 5334 816 5420 817 5643 817 5334 817 5420 818 5731 818 5643 818 5643 819 5731 819 5669 819 5151 820 5220 820 5227 820 5154 821 5220 821 5151 821 5220 822 5307 822 5227 822 5227 823 5307 823 5298 823 5199 824 5243 824 5185 824 5185 825 5243 825 5249 825 5243 826 5312 826 5249 826 5243 827 5334 827 5312 827 5127 828 5154 828 5151 828 5139 829 5239 829 5137 829 5227 830 5298 830 5229 830 5307 831 5316 831 5367 831 5096 832 5139 832 5083 832 5139 833 5255 833 5239 833 5127 834 5124 834 5096 834 5229 835 5139 835 5124 835 5151 836 5124 836 5127 836 5229 837 5255 837 5139 837 5151 838 5229 838 5124 838 5255 839 5229 839 5299 839 5227 840 5229 840 5151 840 5229 841 5298 841 5299 841 5191 842 5249 842 5220 842 5307 843 5220 843 5316 843 5083 844 5139 844 5137 844 5137 845 5239 845 5234 845 5096 846 5124 846 5139 846 5154 847 5191 847 5220 847 5185 848 5191 848 5154 848 5249 849 5316 849 5220 849 5185 850 5249 850 5191 850 5316 851 5249 851 5312 851 5643 852 5638 852 5334 852 5334 853 5638 853 5312 853 5312 854 5638 854 5316 854 5638 855 5637 855 5316 855 5639 856 5367 856 5637 856 5637 857 5367 857 5316 857 5367 858 5639 858 5307 858 5307 859 5639 859 5298 859 5255 860 5635 860 5645 860 5639 861 5635 861 5298 861 5298 862 5635 862 5299 862 5299 863 5635 863 5255 863 5645 864 5640 864 5255 864 5255 865 5640 865 5239 865 5239 866 5640 866 5234 866 5652 867 5040 867 5054 867 5677 868 5017 868 4969 868 5674 869 5017 869 5677 869 5640 870 5458 870 5234 870 5642 871 5458 871 5640 871 5644 872 5458 872 5642 872 5234 873 5458 873 5177 873 5644 874 5433 874 5458 874 5652 875 5433 875 5644 875 5054 876 5433 876 5652 876 5177 877 5433 877 5093 877 5093 878 5433 878 5071 878 5071 879 5433 879 5054 879 5458 880 5433 880 5177 880 5641 881 5401 881 5652 881 5652 882 5401 882 5040 882 5040 883 5401 883 4974 883 4974 884 5401 884 4955 884 4955 885 5401 885 4929 885 5641 886 5379 886 5401 886 5672 887 5379 887 5641 887 5672 888 4887 888 5379 888 5401 889 5379 889 4929 889 4929 890 5379 890 4925 890 5379 891 4887 891 4925 891 4887 892 5672 892 4901 892 5676 893 5335 893 5646 893 5672 894 5646 894 4901 894 4901 895 5646 895 4909 895 4909 896 5335 896 4910 896 4910 897 5335 897 4935 897 5646 898 5335 898 4909 898 5677 899 5396 899 5676 899 4969 900 5396 900 5677 900 5676 901 5396 901 5335 901 5335 902 5396 902 4935 902 4935 903 5396 903 4969 903 5636 904 5675 904 5654 904 5671 905 5675 905 5636 905 5671 906 5666 906 5675 906 5671 907 5656 907 5666 907 5673 908 5656 908 5671 908 5667 909 5656 909 5673 909 5667 910 5664 910 5656 910 5678 911 5664 911 5667 911 5678 912 5647 912 5664 912 5680 913 5647 913 5678 913 5680 914 5658 914 5647 914 5679 915 5658 915 5680 915 5679 916 5649 916 5658 916 5679 917 5674 917 5649 917 5674 918 5677 918 5649 918 5677 919 5670 919 5649 919 5655 920 5643 920 5669 920 5655 921 5638 921 5643 921 5653 922 5638 922 5655 922 5670 923 5676 923 5657 923 5677 924 5676 924 5670 924 5653 925 5637 925 5638 925 5659 926 5637 926 5653 926 5676 927 5646 927 5657 927 5657 928 5646 928 5668 928 5659 929 5639 929 5637 929 5661 930 5639 930 5659 930 5668 931 5672 931 5650 931 5646 932 5672 932 5668 932 5661 933 5635 933 5639 933 5662 934 5635 934 5661 934 5672 935 5641 935 5650 935 5650 936 5641 936 5665 936 5662 937 5645 937 5635 937 5663 938 5645 938 5662 938 5665 939 5641 939 5651 939 5663 940 5640 940 5645 940 5641 941 5652 941 5651 941 5660 942 5642 942 5663 942 5663 943 5642 943 5640 943 5651 944 5652 944 5648 944 5660 945 5644 945 5642 945 5648 946 5644 946 5660 946 5652 947 5644 947 5648 947 5557 948 5669 948 5576 948 5557 949 5655 949 5669 949 5548 950 5655 950 5557 950 5580 951 5655 951 5548 951 5580 952 5653 952 5655 952 5569 953 5653 953 5580 953 5569 954 5659 954 5653 954 5582 955 5659 955 5569 955 5582 956 5661 956 5659 956 5577 957 5661 957 5582 957 5555 958 5661 958 5577 958 5555 959 5662 959 5661 959 5571 960 5662 960 5555 960 5571 961 5663 961 5662 961 5551 962 5663 962 5571 962 5592 963 5663 963 5551 963 5591 964 5660 964 5592 964 5592 965 5660 965 5663 965 5591 966 5648 966 5660 966 5556 967 5648 967 5591 967 5550 968 5648 968 5556 968 5565 969 5648 969 5550 969 5565 970 5651 970 5648 970 5564 971 5651 971 5565 971 5584 972 5651 972 5564 972 5584 973 5665 973 5651 973 5579 974 5665 974 5584 974 5579 975 5650 975 5665 975 5566 976 5650 976 5579 976 5566 977 5668 977 5650 977 5567 978 5668 978 5566 978 5558 979 5668 979 5567 979 5573 980 5668 980 5558 980 5573 981 5657 981 5668 981 5594 982 5657 982 5573 982 5594 983 5670 983 5657 983 5588 984 5670 984 5594 984 5578 985 5649 985 5588 985 5588 986 5649 986 5670 986 5598 987 5649 987 5578 987 5598 988 5658 988 5649 988 5574 989 5658 989 5598 989 5574 990 5647 990 5658 990 5595 991 5647 991 5574 991 5589 992 5664 992 5595 992 5595 993 5664 993 5647 993 5597 994 5664 994 5589 994 5597 995 5656 995 5664 995 5586 996 5656 996 5597 996 5575 997 5656 997 5586 997 5575 998 5666 998 5656 998 5583 999 5666 999 5575 999 5583 1000 5675 1000 5666 1000 5596 1001 5675 1001 5583 1001 5549 1002 5654 1002 5596 1002 5596 1003 5654 1003 5675 1003 5576 1004 5608 1004 5498 1004 5498 1005 5608 1005 5445 1005 5576 1006 5728 1006 5608 1006 5669 1007 5728 1007 5576 1007 5731 1008 5728 1008 5669 1008 5608 1009 5454 1009 5445 1009 5608 1010 5624 1010 5454 1010 5624 1011 5505 1011 5454 1011 5624 1012 5549 1012 5505 1012 5739 1013 5549 1013 5624 1013 5739 1014 5654 1014 5549 1014 5739 1015 5729 1015 5654 1015 5731 1016 5736 1016 5728 1016 5712 1017 5736 1017 5731 1017 5712 1018 5740 1018 5736 1018 5754 1019 5740 1019 5712 1019 5754 1020 5719 1020 5740 1020 5703 1021 5719 1021 5754 1021 5704 1022 5749 1022 5703 1022 5703 1023 5749 1023 5719 1023 5704 1024 5750 1024 5749 1024 5759 1025 5750 1025 5704 1025 5714 1026 5750 1026 5759 1026 5714 1027 5732 1027 5750 1027 5714 1028 5745 1028 5732 1028 5701 1029 5745 1029 5714 1029 5745 1030 5701 1030 5751 1030 5739 1031 5748 1031 5729 1031 5701 1032 5709 1032 5751 1032 5748 1033 5715 1033 5729 1033 5709 1034 5711 1034 5751 1034 5751 1035 5711 1035 5746 1035 5741 1036 5715 1036 5748 1036 5741 1037 5707 1037 5715 1037 5711 1038 5757 1038 5746 1038 5737 1039 5707 1039 5741 1039 5746 1040 5757 1040 5734 1040 5737 1041 5710 1041 5707 1041 5757 1042 5718 1042 5734 1042 5734 1043 5718 1043 5730 1043 5737 1044 5702 1044 5710 1044 5742 1045 5702 1045 5737 1045 5718 1046 5705 1046 5730 1046 5705 1047 5762 1047 5730 1047 5742 1048 5758 1048 5702 1048 5730 1049 5762 1049 5733 1049 5720 1050 5758 1050 5742 1050 5720 1051 5761 1051 5758 1051 5762 1052 5725 1052 5733 1052 5743 1053 5761 1053 5720 1053 5743 1054 5713 1054 5761 1054 5733 1055 5725 1055 5747 1055 5717 1056 5713 1056 5743 1056 5725 1057 5708 1057 5747 1057 5717 1058 5708 1058 5713 1058 5747 1059 5708 1059 5717 1059 5615 1060 5734 1060 5730 1060 5610 1061 5730 1061 5733 1061 5625 1062 5610 1062 5733 1062 5625 1063 5733 1063 5747 1063 5625 1064 5747 1064 5717 1064 5607 1065 5717 1065 5743 1065 5623 1066 5607 1066 5743 1066 5623 1067 5743 1067 5720 1067 5623 1068 5720 1068 5742 1068 5617 1069 5742 1069 5737 1069 5626 1070 5737 1070 5741 1070 5624 1071 5627 1071 5748 1071 5624 1072 5748 1072 5739 1072 5608 1073 5728 1073 5736 1073 5613 1074 5608 1074 5736 1074 5612 1075 5736 1075 5740 1075 5620 1076 5628 1076 5719 1076 5620 1077 5719 1077 5749 1077 5602 1078 5749 1078 5750 1078 5601 1079 5750 1079 5732 1079 5619 1080 5732 1080 5745 1080 5603 1081 5751 1081 5746 1081 5612 1082 5613 1082 5736 1082 5628 1083 5612 1083 5740 1083 5628 1084 5740 1084 5719 1084 5602 1085 5620 1085 5749 1085 5601 1086 5602 1086 5750 1086 5619 1087 5601 1087 5732 1087 5606 1088 5619 1088 5745 1088 5606 1089 5745 1089 5751 1089 5603 1090 5606 1090 5751 1090 5621 1091 5603 1091 5746 1091 5621 1092 5746 1092 5734 1092 5615 1093 5621 1093 5734 1093 5610 1094 5615 1094 5730 1094 5607 1095 5625 1095 5717 1095 5617 1096 5623 1096 5742 1096 5609 1097 5617 1097 5737 1097 5626 1098 5609 1098 5737 1098 5627 1099 5626 1099 5741 1099 5627 1100 5741 1100 5748 1100 5612 1101 5624 1101 5613 1101 5613 1102 5624 1102 5608 1102 5624 1103 5626 1103 5627 1103 5624 1104 5609 1104 5626 1104 5621 1105 5615 1105 5603 1105 5603 1106 5615 1106 5606 1106 5606 1107 5615 1107 5619 1107 5619 1108 5615 1108 5601 1108 5601 1109 5615 1109 5602 1109 5620 1110 5615 1110 5628 1110 5602 1111 5615 1111 5620 1111 5628 1112 5615 1112 5612 1112 5612 1113 5615 1113 5624 1113 5624 1114 5617 1114 5609 1114 5610 1115 5625 1115 5615 1115 5617 1116 5607 1116 5623 1116 5615 1117 5607 1117 5624 1117 5624 1118 5607 1118 5617 1118 5625 1119 5607 1119 5615 1119 5715 1120 5415 1120 5419 1120 5729 1121 5715 1121 5419 1121 5713 1122 5708 1122 5518 1122 5708 1123 5107 1123 5518 1123 5175 1124 5230 1124 5518 1124 5107 1125 5175 1125 5518 1125 5761 1126 5713 1126 5568 1126 5713 1127 5518 1127 5568 1127 5518 1128 5230 1128 5568 1128 5283 1129 5338 1129 5568 1129 5230 1130 5283 1130 5568 1130 5758 1131 5761 1131 5590 1131 5761 1132 5568 1132 5590 1132 5568 1133 5338 1133 5590 1133 5338 1134 5354 1134 5590 1134 5702 1135 5758 1135 5632 1135 5758 1136 5590 1136 5632 1136 5590 1137 5354 1137 5632 1137 5354 1138 5388 1138 5632 1138 5632 1139 5388 1139 5702 1139 5388 1140 5394 1140 5702 1140 5710 1141 5702 1141 5410 1141 5702 1142 5394 1142 5410 1142 5710 1143 5410 1143 5423 1143 5710 1144 5423 1144 5633 1144 5715 1145 5707 1145 5633 1145 5707 1146 5710 1146 5633 1146 5415 1147 5715 1147 5633 1147 5423 1148 5412 1148 5633 1148 5409 1149 5415 1149 5633 1149 5412 1150 5409 1150 5633 1150 5708 1151 5725 1151 5067 1151 5708 1152 5067 1152 5107 1152 5073 1153 5709 1153 5701 1153 5073 1154 5701 1154 5161 1154 5118 1155 5073 1155 5161 1155 5757 1156 5711 1156 5431 1156 5711 1157 5709 1157 5431 1157 5709 1158 5073 1158 5431 1158 5010 1159 4968 1159 5431 1159 5073 1160 5010 1160 5431 1160 5718 1161 5757 1161 5434 1161 5757 1162 5431 1162 5434 1162 5718 1163 5434 1163 4942 1163 5431 1164 4968 1164 5434 1164 4968 1165 4945 1165 5434 1165 5434 1166 4945 1166 4942 1166 4942 1167 4927 1167 5718 1167 5762 1168 5705 1168 5430 1168 5718 1169 4927 1169 5705 1169 4927 1170 4932 1170 5705 1170 5705 1171 4932 1171 5430 1171 4932 1172 4957 1172 5430 1172 5762 1173 5430 1173 5442 1173 5725 1174 5762 1174 5442 1174 5067 1175 5725 1175 5442 1175 4999 1176 5067 1176 5442 1176 4957 1177 4999 1177 5442 1177 5430 1178 4957 1178 5442 1178 5230 1179 5238 1179 5283 1179 5135 1180 5087 1180 5077 1180 5211 1181 5263 1181 5273 1181 5273 1182 5238 1182 5211 1182 5283 1183 5273 1183 5338 1183 5135 1184 5211 1184 5238 1184 5238 1185 5230 1185 5135 1185 5175 1186 5135 1186 5230 1186 5175 1187 5087 1187 5135 1187 5087 1188 5024 1188 5077 1188 5087 1189 5107 1189 5024 1189 5238 1190 5273 1190 5283 1190 5107 1191 5087 1191 5175 1191 5263 1192 5211 1192 5250 1192 5092 1193 5135 1193 5032 1193 5211 1194 5135 1194 5092 1194 5032 1195 5135 1195 5077 1195 4859 1196 4949 1196 4866 1196 5077 1197 4949 1197 5032 1197 5024 1198 4973 1198 5077 1198 5077 1199 4973 1199 4949 1199 4949 1200 4973 1200 4866 1200 5250 1201 5211 1201 5204 1201 4982 1202 4859 1202 4869 1202 4949 1203 4859 1203 4982 1203 5211 1204 5092 1204 5204 1204 5092 1205 5032 1205 4982 1205 4982 1206 5032 1206 4949 1206 5250 1207 5284 1207 5263 1207 5297 1208 5344 1208 5306 1208 5344 1209 5333 1209 5306 1209 5250 1210 5297 1210 5284 1210 5297 1211 5306 1211 5284 1211 5374 1212 5344 1212 5330 1212 5344 1213 5296 1213 5330 1213 5344 1214 5269 1214 5296 1214 5297 1215 5259 1215 5269 1215 5297 1216 5250 1216 5259 1216 5113 1217 5216 1217 5204 1217 5250 1218 5204 1218 5216 1218 5204 1219 5092 1219 5113 1219 5092 1220 5043 1220 5113 1220 4982 1221 5043 1221 5092 1221 4982 1222 4972 1222 5043 1222 4982 1223 4900 1223 4972 1223 4982 1224 4869 1224 4900 1224 5344 1225 5297 1225 5269 1225 5216 1226 5259 1226 5250 1226 4661 1227 4501 1227 4484 1227 4778 1228 4501 1228 4661 1228 4869 1229 4778 1229 4900 1229 4900 1230 4778 1230 4807 1230 4771 1231 4778 1231 4869 1231 4152 1232 4092 1232 4192 1232 5043 1233 4958 1233 5113 1233 5113 1234 4958 1234 5216 1234 5043 1235 4779 1235 4958 1235 4972 1236 4779 1236 5043 1236 4412 1237 4663 1237 4410 1237 4410 1238 4663 1238 4383 1238 4603 1239 4663 1239 4412 1239 4972 1240 4900 1240 4779 1240 4779 1241 4621 1241 4958 1241 4958 1242 4621 1242 4663 1242 4663 1243 4621 1243 4383 1243 4333 1244 4564 1244 4311 1244 4484 1245 4548 1245 4661 1245 4507 1246 4449 1246 4192 1246 4192 1247 4449 1247 4152 1247 4621 1248 4779 1248 4564 1248 4807 1249 4687 1249 4900 1249 4900 1250 4687 1250 4779 1250 4779 1251 4687 1251 4564 1251 4778 1252 4633 1252 4807 1252 4661 1253 4633 1253 4778 1253 4807 1254 4633 1254 4687 1254 4333 1255 4394 1255 4564 1255 4564 1256 4394 1256 4621 1256 4383 1257 4394 1257 4361 1257 4621 1258 4394 1258 4383 1258 4564 1259 4633 1259 4507 1259 4687 1260 4633 1260 4564 1260 4661 1261 4562 1261 4633 1261 4548 1262 4562 1262 4661 1262 4633 1263 4562 1263 4507 1263 4391 1264 4562 1264 4548 1264 4449 1265 4562 1265 4391 1265 4507 1266 4562 1266 4449 1266 4192 1267 4311 1267 4507 1267 4507 1268 4311 1268 4564 1268 5216 1269 4958 1269 5259 1269 4966 1270 5068 1270 4648 1270 5296 1271 5068 1271 4966 1271 5269 1272 5068 1272 5296 1272 5259 1273 5068 1273 5269 1273 4663 1274 5068 1274 4958 1274 4958 1275 5068 1275 5259 1275 5068 1276 4603 1276 4648 1276 4663 1277 4603 1277 5068 1277 4603 1278 4412 1278 4648 1278 4648 1279 4412 1279 4405 1279 4192 1280 4092 1280 4185 1280 4394 1281 4333 1281 4238 1281 4206 1282 4333 1282 4311 1282 4206 1283 4185 1283 4160 1283 4192 1284 4185 1284 4311 1284 4317 1285 4334 1285 4410 1285 4383 1286 4255 1286 4317 1286 4238 1287 4333 1287 4206 1287 4206 1288 4311 1288 4185 1288 4335 1289 4412 1289 4334 1289 4410 1290 4334 1290 4412 1290 4317 1291 4410 1291 4383 1291 4383 1292 4361 1292 4255 1292 4238 1293 4255 1293 4361 1293 4238 1294 4361 1294 4394 1294 4405 1295 4321 1295 4397 1295 4412 1296 4335 1296 4321 1296 4321 1297 4405 1297 4412 1297 5374 1298 5330 1298 4849 1298 4397 1299 4534 1299 4405 1299 4405 1300 4534 1300 4648 1300 4648 1301 4534 1301 4849 1301 5296 1302 4966 1302 5330 1302 4849 1303 4966 1303 4648 1303 5330 1304 4966 1304 4849 1304 1648 1305 2093 1305 1641 1305 1648 1306 2184 1306 2093 1306 2184 1307 2158 1307 2093 1307 1648 1308 2358 1308 2184 1308 2485 1309 2460 1309 2358 1309 2358 1310 2460 1310 2382 1310 1648 1311 2485 1311 2358 1311 1648 1312 2661 1312 2485 1312 2661 1313 2804 1313 2694 1313 2804 1314 2784 1314 2694 1314 2694 1315 2784 1315 2709 1315 1648 1316 2804 1316 2661 1316 1641 1317 2092 1317 1712 1317 2093 1318 2092 1318 1641 1318 1648 1319 2966 1319 2804 1319 2966 1320 3069 1320 2983 1320 3069 1321 3040 1321 2983 1321 1648 1322 3069 1322 2966 1322 3235 1323 3314 1323 3250 1323 3314 1324 3301 1324 3250 1324 3515 1325 3509 1325 3447 1325 3435 1326 3515 1326 3447 1326 3447 1327 3509 1327 3459 1327 3675 1328 3671 1328 3610 1328 3602 1329 3675 1329 3610 1329 3610 1330 3671 1330 3622 1330 3768 1331 3864 1331 3794 1331 3602 1332 4321 1332 3675 1332 3314 1333 4321 1333 3435 1333 3768 1334 4321 1334 3864 1334 1648 1335 4321 1335 3069 1335 3515 1336 4321 1336 3602 1336 3235 1337 4321 1337 3314 1337 3675 1338 4321 1338 3768 1338 3069 1339 4321 1339 3235 1339 3435 1340 4321 1340 3515 1340 3864 1341 4060 1341 3865 1341 4321 1342 4335 1342 3864 1342 3864 1343 4335 1343 4060 1343 2373 1344 2382 1344 2384 1344 2373 1345 2358 1345 2382 1345 2358 1346 2373 1346 2346 1346 2358 1347 2346 1347 2184 1347 2184 1348 2346 1348 2185 1348 2184 1349 2166 1349 2158 1349 2184 1350 2185 1350 2166 1350 2158 1351 2166 1351 2154 1351 2154 1352 2166 1352 2161 1352 2161 1353 2164 1353 2156 1353 2154 1354 2146 1354 2148 1354 2144 1355 2161 1355 2149 1355 2146 1356 2161 1356 2144 1356 2154 1357 2161 1357 2146 1357 2161 1358 2156 1358 2149 1358 2093 1359 2158 1359 2154 1359 2102 1360 2105 1360 2093 1360 2105 1361 2092 1361 2093 1361 2105 1362 2103 1362 2092 1362 2103 1363 2099 1363 2092 1363 2099 1364 2090 1364 2092 1364 2102 1365 2154 1365 2148 1365 2102 1366 2093 1366 2154 1366 2146 1367 2102 1367 2148 1367 2146 1368 2105 1368 2102 1368 2105 1369 2144 1369 2103 1369 2146 1370 2144 1370 2105 1370 2149 1371 2103 1371 2144 1371 2149 1372 2099 1372 2103 1372 2149 1373 2156 1373 2099 1373 2156 1374 2090 1374 2099 1374 2164 1375 2090 1375 2156 1375 1742 1376 1712 1376 2092 1376 1768 1377 2090 1377 2164 1377 2092 1378 2090 1378 1742 1378 2090 1379 1752 1379 1742 1379 1768 1380 1752 1380 2090 1380 2167 1381 1768 1381 2164 1381 2317 1382 1961 1382 2167 1382 2167 1383 1961 1383 1768 1383 1768 1384 1961 1384 1783 1384 1796 1385 1783 1385 1961 1385 2275 1386 1796 1386 1961 1386 1794 1387 1796 1387 2222 1387 2222 1388 1796 1388 2275 1388 1794 1389 1786 1389 1796 1389 2374 1390 2317 1390 2167 1390 2468 1391 2317 1391 2374 1391 2317 1392 2275 1392 1961 1392 3087 1393 2275 1393 2892 1393 2317 1394 2892 1394 2275 1394 3098 1395 2317 1395 2468 1395 2892 1396 2317 1396 3098 1396 2222 1397 3087 1397 3150 1397 2275 1398 3087 1398 2222 1398 3243 1399 3404 1399 3360 1399 3098 1400 3087 1400 2892 1400 3150 1401 3087 1401 3243 1401 3558 1402 3098 1402 3592 1402 3404 1403 3098 1403 3558 1403 3087 1404 3098 1404 3404 1404 3274 1405 3360 1405 3366 1405 3360 1406 3274 1406 3243 1406 3150 1407 3243 1407 3274 1407 3404 1408 3243 1408 3087 1408 3360 1409 3409 1409 3366 1409 3475 1410 3409 1410 3360 1410 3475 1411 3360 1411 3404 1411 3215 1412 3271 1412 3272 1412 3215 1413 3311 1413 3271 1413 3215 1414 3267 1414 3311 1414 3329 1415 3358 1415 3267 1415 3267 1416 3358 1416 3311 1416 3343 1417 3400 1417 3329 1417 3329 1418 3400 1418 3358 1418 3366 1419 3400 1419 3343 1419 3366 1420 3429 1420 3400 1420 3409 1421 3429 1421 3366 1421 3475 1422 3560 1422 3480 1422 3560 1423 3611 1423 3480 1423 3560 1424 3760 1424 3611 1424 3760 1425 3762 1425 3611 1425 3480 1426 3409 1426 3475 1426 3429 1427 3409 1427 3480 1427 3228 1428 3026 1428 3010 1428 2927 1429 3026 1429 3215 1429 3010 1430 3026 1430 2927 1430 3026 1431 3267 1431 3215 1431 3228 1432 3267 1432 3026 1432 3161 1433 3091 1433 3205 1433 3091 1434 3215 1434 3205 1434 2877 1435 2893 1435 3091 1435 2893 1436 2927 1436 3091 1436 2877 1437 3091 1437 3161 1437 3215 1438 3091 1438 2927 1438 3269 1439 3205 1439 3319 1439 3269 1440 3161 1440 3205 1440 3222 1441 3161 1441 3269 1441 3222 1442 3182 1442 3161 1442 4106 1443 2833 1443 3543 1443 3543 1444 2833 1444 3013 1444 3013 1445 2833 1445 3001 1445 2898 1446 2833 1446 2906 1446 2932 1447 2833 1447 2898 1447 2960 1448 2833 1448 2932 1448 3001 1449 2833 1449 2960 1449 2906 1450 2833 1450 3161 1450 3182 1451 2906 1451 3161 1451 3269 1452 3319 1452 3275 1452 4081 1453 3604 1453 3319 1453 3275 1454 3604 1454 3934 1454 3319 1455 3604 1455 3275 1455 4081 1456 3934 1456 3604 1456 2932 1457 2947 1457 2960 1457 2960 1458 2947 1458 2976 1458 2906 1459 2939 1459 2898 1459 2939 1460 2906 1460 3177 1460 2906 1461 3182 1461 3177 1461 3222 1462 3177 1462 3182 1462 2976 1463 3001 1463 2960 1463 2898 1464 2947 1464 2932 1464 2898 1465 2939 1465 2947 1465 3222 1466 3212 1466 3177 1466 3233 1467 3212 1467 3222 1467 3269 1468 3233 1468 3222 1468 3275 1469 3233 1469 3269 1469 2976 1470 3004 1470 3001 1470 3909 1471 3960 1471 3846 1471 3885 1472 3779 1472 3846 1472 3543 1473 3779 1473 3885 1473 3779 1474 3543 1474 3048 1474 3013 1475 3048 1475 3543 1475 3960 1476 3909 1476 4064 1476 3846 1477 3960 1477 3885 1477 3004 1478 3013 1478 3001 1478 3004 1479 3048 1479 3013 1479 4064 1480 3922 1480 4070 1480 3934 1481 4081 1481 4020 1481 4127 1482 4020 1482 4081 1482 4127 1483 4070 1483 4020 1483 4150 1484 4070 1484 4127 1484 4064 1485 4070 1485 4150 1485 3922 1486 4064 1486 3909 1486 4106 1487 3543 1487 3885 1487 4127 1488 4316 1488 4150 1488 4127 1489 4081 1489 4316 1489 4064 1490 4106 1490 3960 1490 3960 1491 4106 1491 3885 1491 4064 1492 4170 1492 4106 1492 4064 1493 4242 1493 4170 1493 4150 1494 4242 1494 4064 1494 4316 1495 4242 1495 4150 1495 2833 1496 3521 1496 2965 1496 3521 1497 4106 1497 4162 1497 4106 1498 3521 1498 2833 1498 4162 1499 4140 1499 3521 1499 2965 1500 3443 1500 3190 1500 3521 1501 3443 1501 2965 1501 3190 1502 3443 1502 4140 1502 4140 1503 3443 1503 3521 1503 2910 1504 2833 1504 2965 1504 2481 1505 2833 1505 2688 1505 2832 1506 2833 1506 2868 1506 2688 1507 2833 1507 2832 1507 2868 1508 2833 1508 2910 1508 3097 1509 2835 1509 3108 1509 2832 1510 3108 1510 2835 1510 3097 1511 2836 1511 2835 1511 3096 1512 2836 1512 3097 1512 2836 1513 3096 1513 2834 1513 3123 1514 3101 1514 3108 1514 3123 1515 3108 1515 3153 1515 3171 1516 3123 1516 3153 1516 3171 1517 3153 1517 3190 1517 3055 1518 3062 1518 3106 1518 3101 1519 3055 1519 3106 1519 3106 1520 3062 1520 3139 1520 3139 1521 3062 1521 3081 1521 3168 1522 3086 1522 3171 1522 3171 1523 3086 1523 3123 1523 3086 1524 3055 1524 3123 1524 3123 1525 3055 1525 3101 1525 3070 1526 3055 1526 3086 1526 3054 1527 3055 1527 3070 1527 3055 1528 3054 1528 3052 1528 2825 1529 3054 1529 3070 1529 2825 1530 2823 1530 3054 1530 3054 1531 2823 1531 3052 1531 2823 1532 2824 1532 3052 1532 2824 1533 2822 1533 3052 1533 3052 1534 2822 1534 3051 1534 3055 1535 3052 1535 3051 1535 3055 1536 3051 1536 3062 1536 3062 1537 3051 1537 3058 1537 2921 1538 3058 1538 2829 1538 2829 1539 3058 1539 3051 1539 3058 1540 2921 1540 3081 1540 2899 1541 2921 1541 2829 1541 3081 1542 2921 1542 2899 1542 2899 1543 2962 1543 3081 1543 3081 1544 2962 1544 3158 1544 3053 1545 3158 1545 2962 1545 3158 1546 3176 1546 3081 1546 3176 1547 3139 1547 3081 1547 3176 1548 3198 1548 3156 1548 3139 1549 3176 1549 3156 1549 3139 1550 3156 1550 3125 1550 3106 1551 3139 1551 3125 1551 3106 1552 3125 1552 3105 1552 2926 1553 3156 1553 2964 1553 2926 1554 3125 1554 3156 1554 2876 1555 3125 1555 2926 1555 2964 1556 3156 1556 3198 1556 2838 1557 3105 1557 2876 1557 2876 1558 3105 1558 3125 1558 2838 1559 2834 1559 3105 1559 2834 1560 3096 1560 3105 1560 4102 1561 2935 1561 3584 1561 2935 1562 2964 1562 3584 1562 3068 1563 4037 1563 3152 1563 4102 1564 3068 1564 2935 1564 4102 1565 4037 1565 3068 1565 4028 1566 3784 1566 3046 1566 4037 1567 4028 1567 3152 1567 4028 1568 3046 1568 3152 1568 3665 1569 3616 1569 3666 1569 3665 1570 3620 1570 3616 1570 3302 1571 3046 1571 3456 1571 3302 1572 3249 1572 3046 1572 3666 1573 3046 1573 3784 1573 3506 1574 3046 1574 3666 1574 3456 1575 3046 1575 3506 1575 3501 1576 3506 1576 3504 1576 3504 1577 3508 1577 3501 1577 3505 1578 3501 1578 3508 1578 3517 1579 3505 1579 3513 1579 3505 1580 3508 1580 3513 1580 3500 1581 3501 1581 3496 1581 3496 1582 3501 1582 3491 1582 3501 1583 3493 1583 3491 1583 3495 1584 3501 1584 3499 1584 3493 1585 3501 1585 3495 1585 3501 1586 3505 1586 3499 1586 3500 1587 3463 1587 3501 1587 3464 1588 3458 1588 3463 1588 3464 1589 3469 1589 3458 1589 3468 1590 3465 1590 3472 1590 3469 1591 3465 1591 3458 1591 3472 1592 3465 1592 3469 1592 3458 1593 3456 1593 3463 1593 3458 1594 3465 1594 3450 1594 3441 1595 3438 1595 3450 1595 3465 1596 3457 1596 3450 1596 3450 1597 3457 1597 3441 1597 3438 1598 3441 1598 3327 1598 3441 1599 3326 1599 3327 1599 3294 1600 3295 1600 3304 1600 3327 1601 3326 1601 3315 1601 3326 1602 3308 1602 3315 1602 3315 1603 3308 1603 3304 1603 3308 1604 3294 1604 3304 1604 3295 1605 3302 1605 3299 1605 3295 1606 3299 1606 3304 1606 3327 1607 3315 1607 3304 1607 3438 1608 3327 1608 3304 1608 3450 1609 3438 1609 3304 1609 3450 1610 3304 1610 3458 1610 3458 1611 3304 1611 3299 1611 3302 1612 3456 1612 3299 1612 3299 1613 3456 1613 3458 1613 3302 1614 3256 1614 3249 1614 3295 1615 3256 1615 3302 1615 3253 1616 3249 1616 3256 1616 3236 1617 3231 1617 3248 1617 3247 1618 3236 1618 3248 1618 3073 1619 3079 1619 3231 1619 3236 1620 3073 1620 3231 1620 3043 1621 3079 1621 3073 1621 3073 1622 3037 1622 3043 1622 3022 1623 3035 1623 3039 1623 3035 1624 3042 1624 3039 1624 3039 1625 3043 1625 3022 1625 3231 1626 3079 1626 3043 1626 3248 1627 3231 1627 3043 1627 3248 1628 3043 1628 3253 1628 3253 1629 3043 1629 3039 1629 3042 1630 3253 1630 3039 1630 3249 1631 3253 1631 3042 1631 3042 1632 3046 1632 3249 1632 2982 1633 3152 1633 3046 1633 3152 1634 2598 1634 3068 1634 2787 1635 2598 1635 2982 1635 2982 1636 2598 1636 3152 1636 2598 1637 2847 1637 3068 1637 2702 1638 2598 1638 2787 1638 2982 1639 3046 1639 2985 1639 2598 1640 2331 1640 2847 1640 2598 1641 2035 1641 2331 1641 2163 1642 1928 1642 1863 1642 2377 1643 2598 1643 2702 1643 1863 1644 2598 1644 2163 1644 2035 1645 2598 1645 1863 1645 2163 1646 2598 1646 2377 1646 2782 1647 2768 1647 2777 1647 2777 1648 2787 1648 2782 1648 2782 1649 2785 1649 2768 1649 2783 1650 2785 1650 2800 1650 2811 1651 2783 1651 2800 1651 2777 1652 2768 1652 2775 1652 2772 1653 2768 1653 2776 1653 2771 1654 2768 1654 2772 1654 2768 1655 2785 1655 2776 1655 2714 1656 2777 1656 2775 1656 2716 1657 2719 1657 2714 1657 2719 1658 2724 1658 2714 1658 2720 1659 2715 1659 2723 1659 2724 1660 2706 1660 2714 1660 2723 1661 2706 1661 2724 1661 2715 1662 2706 1662 2723 1662 2708 1663 2702 1663 2714 1663 2708 1664 2714 1664 2706 1664 2669 1665 2676 1665 2703 1665 2706 1666 2703 1666 2676 1666 2492 1667 2488 1667 2676 1667 2669 1668 2492 1668 2676 1668 2488 1669 2492 1669 2466 1669 2466 1670 2459 1670 2488 1670 2453 1671 2459 1671 2466 1671 2455 1672 2458 1672 2459 1672 2455 1673 2462 1673 2458 1673 2462 1674 2702 1674 2458 1674 2458 1675 2702 1675 2708 1675 2377 1676 2702 1676 2462 1676 2706 1677 2676 1677 2488 1677 2706 1678 2488 1678 2459 1678 2706 1679 2459 1679 2708 1679 2708 1680 2459 1680 2458 1680 2462 1681 2386 1681 2377 1681 2455 1682 2386 1682 2462 1682 2386 1683 2455 1683 2454 1683 2388 1684 2392 1684 2386 1684 2392 1685 2397 1685 2386 1685 2391 1686 2389 1686 2395 1686 2397 1687 2380 1687 2386 1687 2395 1688 2380 1688 2397 1688 2389 1689 2380 1689 2395 1689 2381 1690 2379 1690 2386 1690 2386 1691 2379 1691 2377 1691 2381 1692 2386 1692 2380 1692 2380 1693 2359 1693 2348 1693 2389 1694 2359 1694 2380 1694 2359 1695 2196 1695 2348 1695 2196 1696 2193 1696 2348 1696 2155 1697 2160 1697 2180 1697 2193 1698 2180 1698 2160 1698 2196 1699 2180 1699 2193 1699 2153 1700 2163 1700 2157 1700 2157 1701 2143 1701 2153 1701 2157 1702 2160 1702 2143 1702 2380 1703 2348 1703 2193 1703 2380 1704 2193 1704 2160 1704 2380 1705 2160 1705 2381 1705 2381 1706 2160 1706 2157 1706 2379 1707 2157 1707 2163 1707 2381 1708 2157 1708 2379 1708 2379 1709 2163 1709 2377 1709 1928 1710 2153 1710 2094 1710 2163 1711 2153 1711 1928 1711 2094 1712 2097 1712 2095 1712 2097 1713 2100 1713 2095 1713 2100 1714 2106 1714 2095 1714 2101 1715 2096 1715 2104 1715 2104 1716 2096 1716 2106 1716 2106 1717 2096 1717 2095 1717 2150 1718 2094 1718 2153 1718 2097 1719 2094 1719 2150 1719 2153 1720 2143 1720 2150 1720 2147 1721 2160 1721 2151 1721 2145 1722 2160 1722 2147 1722 2143 1723 2160 1723 2145 1723 2160 1724 2155 1724 2151 1724 2100 1725 2143 1725 2106 1725 2097 1726 2150 1726 2100 1726 2100 1727 2150 1727 2143 1727 2106 1728 2145 1728 2104 1728 2143 1729 2145 1729 2106 1729 2104 1730 2145 1730 2101 1730 2101 1731 2145 1731 2147 1731 2101 1732 2147 1732 2151 1732 2096 1733 2101 1733 2151 1733 2151 1734 2155 1734 2096 1734 3860 1735 4278 1735 3770 1735 3770 1736 4278 1736 3677 1736 4278 1737 3860 1737 4309 1737 3662 1738 3677 1738 3606 1738 3662 1739 3606 1739 3617 1739 3677 1740 4278 1740 3606 1740 3505 1741 3517 1741 3441 1741 3505 1742 3441 1742 3457 1742 4309 1743 3860 1743 3861 1743 3308 1744 3236 1744 3247 1744 3308 1745 3326 1745 3236 1745 3073 1746 2958 1746 2984 1746 3037 1747 3073 1747 2984 1747 2811 1748 2669 1748 2703 1748 2783 1749 2811 1749 2703 1749 2466 1750 2492 1750 2359 1750 2155 1751 2180 1751 2096 1751 2196 1752 2359 1752 1644 1752 2096 1753 2180 1753 1644 1753 2180 1754 2196 1754 1644 1754 2492 1755 2669 1755 1644 1755 2359 1756 2492 1756 1644 1756 2096 1757 1644 1757 1703 1757 2095 1758 2096 1758 1703 1758 3517 1759 4278 1759 1644 1759 3606 1760 4278 1760 3517 1760 3441 1761 3517 1761 1644 1761 3326 1762 3441 1762 1644 1762 3236 1763 3326 1763 1644 1763 3073 1764 3236 1764 1644 1764 2958 1765 3073 1765 1644 1765 2811 1766 2958 1766 1644 1766 2669 1767 2811 1767 1644 1767 3662 1768 3657 1768 3670 1768 3677 1769 3662 1769 3670 1769 3677 1770 3670 1770 3680 1770 3657 1771 3659 1771 3664 1771 3659 1772 3665 1772 3664 1772 3665 1773 3666 1773 3664 1773 3657 1774 3664 1774 3670 1774 3763 1775 3680 1775 3670 1775 3781 1776 3763 1776 3670 1776 3781 1777 3670 1777 3792 1777 3792 1778 3670 1778 3664 1778 3798 1779 3792 1779 3793 1779 3792 1780 3784 1780 3793 1780 3798 1781 3800 1781 3781 1781 3792 1782 3798 1782 3781 1782 3800 1783 3791 1783 3781 1783 3781 1784 3770 1784 3763 1784 3781 1785 3783 1785 3770 1785 3781 1786 3791 1786 3783 1786 3677 1787 3680 1787 3763 1787 3770 1788 3677 1788 3763 1788 3860 1789 3770 1789 3791 1789 3860 1790 3791 1790 3800 1790 3800 1791 3803 1791 3858 1791 3800 1792 3858 1792 3860 1792 3863 1793 3855 1793 3859 1793 3863 1794 3861 1794 3855 1794 3861 1795 3851 1795 3855 1795 3854 1796 3860 1796 3858 1796 3851 1797 3860 1797 3854 1797 3861 1798 3860 1798 3851 1798 3859 1799 3798 1799 3863 1799 3859 1800 3801 1800 3798 1800 3801 1801 3806 1801 3798 1801 3803 1802 3800 1802 3808 1802 3806 1803 3800 1803 3798 1803 3808 1804 3800 1804 3806 1804 3808 1805 3854 1805 3803 1805 3803 1806 3854 1806 3858 1806 3851 1807 3808 1807 3806 1807 3851 1808 3854 1808 3808 1808 3806 1809 3855 1809 3851 1809 3801 1810 3855 1810 3806 1810 3801 1811 3859 1811 3855 1811 3863 1812 3798 1812 3793 1812 4271 1813 4088 1813 4246 1813 4246 1814 4088 1814 4131 1814 4088 1815 3793 1815 3784 1815 3863 1816 3793 1816 4088 1816 4244 1817 3861 1817 3863 1817 4309 1818 3861 1818 4244 1818 4293 1819 4124 1819 4271 1819 4271 1820 4124 1820 4088 1820 3863 1821 4124 1821 4244 1821 4088 1822 4124 1822 3863 1822 4244 1823 4124 1823 4293 1823 4535 1824 4347 1824 4531 1824 4424 1825 4347 1825 4535 1825 4347 1826 4363 1826 4531 1826 4363 1827 4374 1827 4531 1827 4214 1828 4210 1828 4363 1828 4210 1829 4374 1829 4363 1829 4161 1830 4210 1830 4214 1830 4161 1831 4147 1831 4210 1831 4374 1832 4210 1832 4190 1832 4210 1833 4147 1833 4190 1833 4190 1834 4147 1834 4102 1834 4347 1835 4271 1835 4246 1835 4131 1836 4214 1836 4246 1836 4553 1837 4511 1837 4409 1837 4244 1838 4293 1838 4309 1838 4535 1839 4526 1839 4424 1839 4381 1840 4526 1840 4409 1840 4409 1841 4526 1841 4553 1841 4408 1842 4409 1842 4511 1842 4293 1843 4409 1843 4309 1843 4409 1844 4293 1844 4381 1844 4381 1845 4424 1845 4526 1845 4293 1846 4271 1846 4381 1846 4214 1847 4347 1847 4246 1847 4214 1848 4363 1848 4347 1848 4309 1849 4409 1849 4408 1849 4347 1850 4424 1850 4271 1850 4381 1851 4271 1851 4424 1851 4309 1852 4339 1852 4278 1852 4408 1853 4339 1853 4309 1853 4395 1854 4339 1854 4408 1854 4339 1855 4371 1855 4278 1855 4339 1856 4395 1856 4371 1856 5282 1857 5322 1857 5041 1857 4395 1858 4539 1858 4371 1858 4671 1859 4767 1859 4539 1859 4819 1860 4767 1860 4671 1860 5041 1861 4767 1861 4819 1861 5041 1862 4970 1862 4767 1862 5041 1863 5322 1863 4970 1863 4970 1864 5322 1864 5375 1864 4511 1865 4533 1865 4408 1865 4539 1866 4395 1866 4533 1866 4533 1867 4395 1867 4408 1867 4539 1868 4533 1868 4671 1868 4511 1869 4615 1869 4533 1869 4671 1870 4615 1870 4819 1870 4533 1871 4615 1871 4671 1871 4819 1872 4769 1872 4906 1872 4615 1873 4769 1873 4819 1873 4906 1874 5265 1874 4819 1874 5041 1875 5265 1875 5282 1875 4819 1876 5265 1876 5041 1876 5265 1877 4906 1877 5222 1877 5222 1878 4906 1878 5072 1878 5224 1879 5222 1879 5072 1879 5375 1880 5322 1880 5320 1880 5282 1881 5320 1881 5322 1881 5265 1882 5301 1882 5320 1882 5265 1883 5224 1883 5301 1883 5265 1884 5320 1884 5282 1884 5265 1885 5222 1885 5224 1885 4816 1886 5072 1886 4906 1886 5149 1887 5254 1887 5224 1887 5072 1888 5079 1888 5224 1888 5224 1889 5079 1889 5149 1889 4816 1890 4933 1890 5072 1890 4793 1891 4933 1891 4816 1891 4528 1892 4568 1892 4520 1892 5149 1893 5079 1893 5021 1893 4933 1894 4921 1894 4984 1894 5021 1895 4921 1895 4881 1895 4984 1896 4921 1896 5021 1896 4702 1897 4814 1897 4793 1897 4793 1898 4814 1898 4933 1898 4921 1899 4814 1899 4881 1899 4933 1900 4814 1900 4921 1900 4578 1901 4814 1901 4702 1901 4881 1902 4814 1902 4711 1902 4578 1903 4705 1903 4814 1903 4814 1904 4705 1904 4711 1904 4568 1905 4705 1905 4520 1905 4520 1906 4705 1906 4578 1906 4711 1907 4705 1907 4568 1907 4933 1908 5079 1908 5072 1908 5021 1909 5079 1909 4984 1909 4933 1910 4984 1910 5079 1910 5224 1911 5254 1911 5301 1911 5320 1912 5301 1912 5348 1912 5375 1913 5320 1913 5348 1913 5385 1914 5375 1914 5372 1914 5348 1915 5301 1915 5342 1915 5372 1916 5375 1916 5348 1916 5254 1917 5303 1917 5301 1917 5301 1918 5303 1918 5342 1918 5254 1919 5258 1919 5303 1919 5400 1920 5372 1920 5371 1920 5405 1921 5385 1921 5372 1921 5427 1922 5405 1922 5422 1922 5422 1923 5405 1923 5372 1923 5385 1924 5405 1924 5420 1924 5427 1925 5420 1925 5405 1925 5425 1926 5400 1926 5393 1926 5372 1927 5400 1927 5422 1927 5342 1928 5371 1928 5348 1928 5372 1929 5348 1929 5371 1929 5425 1930 5428 1930 5400 1930 5304 1931 5303 1931 5258 1931 5400 1932 5428 1932 5422 1932 5337 1933 5275 1933 5300 1933 5275 1934 5304 1934 5258 1934 5304 1935 5275 1935 5337 1935 5382 1936 5304 1936 5337 1936 5382 1937 5380 1937 5304 1937 5304 1938 5380 1938 5303 1938 5380 1939 5342 1939 5303 1939 5380 1940 5393 1940 5342 1940 5342 1941 5393 1941 5371 1941 5400 1942 5371 1942 5393 1942 5118 1943 5161 1943 5059 1943 5101 1944 5161 1944 5232 1944 5190 1945 5101 1945 5232 1945 5158 1946 5190 1946 5235 1946 5235 1947 5266 1947 5300 1947 5228 1948 5235 1948 5258 1948 5235 1949 5275 1949 5258 1949 5235 1950 5300 1950 5275 1950 5161 1951 5101 1951 5059 1951 5101 1952 5190 1952 5158 1952 5235 1953 5228 1953 5158 1953 5266 1954 5190 1954 5232 1954 5235 1955 5190 1955 5266 1955 4968 1956 4975 1956 4928 1956 4975 1957 4962 1957 4928 1957 5010 1958 4975 1958 4968 1958 4975 1959 5010 1959 4962 1959 5010 1960 5023 1960 4962 1960 5073 1961 5023 1961 5010 1961 5073 1962 5118 1962 5023 1962 5023 1963 5118 1963 5059 1963 5107 1964 5067 1964 5006 1964 5006 1965 5024 1965 5107 1965 4973 1966 5024 1966 5006 1966 4957 1967 4913 1967 4953 1967 4945 1968 4899 1968 4942 1968 4927 1969 4942 1969 4899 1969 4932 1970 4913 1970 4957 1970 4928 1971 4945 1971 4968 1971 4899 1972 4945 1972 4928 1972 4899 1973 4886 1973 4927 1973 4927 1974 4886 1974 4932 1974 4913 1975 4932 1975 4886 1975 4957 1976 4953 1976 4999 1976 5006 1977 4953 1977 4973 1977 4953 1978 5006 1978 4999 1978 5006 1979 5067 1979 4999 1979 4761 1980 4600 1980 4515 1980 4761 1981 4736 1981 4600 1981 4953 1982 4866 1982 4973 1982 4913 1983 4866 1983 4953 1983 4761 1984 4866 1984 4736 1984 4600 1985 4736 1985 4636 1985 4886 1986 4736 1986 4913 1986 4913 1987 4736 1987 4866 1987 4899 1988 4736 1988 4886 1988 4928 1989 4806 1989 4899 1989 4899 1990 4806 1990 4736 1990 4736 1991 4806 1991 4636 1991 4636 1992 4509 1992 4600 1992 4636 1993 4557 1993 4509 1993 4509 1994 4340 1994 4242 1994 4557 1995 4523 1995 4509 1995 4523 1996 4340 1996 4509 1996 4340 1997 4170 1997 4242 1997 4611 1998 4523 1998 4557 1998 4340 1999 4402 1999 4170 1999 4523 2000 4402 2000 4340 2000 4611 2001 4508 2001 4523 2001 4523 2002 4508 2002 4402 2002 4703 2003 4630 2003 4611 2003 4508 2004 4281 2004 4402 2004 4611 2005 4540 2005 4508 2005 4630 2006 4540 2006 4611 2006 4402 2007 4281 2007 4170 2007 4508 2008 4423 2008 4281 2008 4630 2009 4552 2009 4540 2009 4540 2010 4423 2010 4508 2010 4540 2011 4477 2011 4423 2011 4552 2012 4477 2012 4540 2012 4281 2013 4188 2013 4155 2013 4423 2014 4188 2014 4281 2014 4423 2015 4477 2015 4416 2015 4416 2016 4188 2016 4423 2016 4170 2017 4155 2017 4106 2017 4281 2018 4155 2018 4170 2018 4106 2019 4155 2019 4188 2019 4188 2020 4162 2020 4106 2020 4188 2021 4337 2021 4162 2021 4416 2022 4337 2022 4188 2022 4416 2023 4510 2023 4337 2023 4414 2024 4528 2024 4520 2024 4414 2025 4406 2025 4528 2025 4406 2026 4510 2026 4528 2026 4143 2027 4282 2027 4474 2027 4282 2028 4385 2028 4474 2028 4474 2029 4385 2029 4520 2029 4520 2030 4385 2030 4414 2030 4406 2031 4337 2031 4510 2031 4385 2032 4296 2032 4414 2032 4296 2033 4385 2033 4223 2033 4282 2034 4223 2034 4385 2034 4282 2035 4186 2035 4223 2035 4143 2036 4186 2036 4282 2036 4143 2037 4144 2037 4186 2037 4406 2038 4414 2038 4305 2038 4305 2039 4414 2039 4296 2039 4162 2040 4183 2040 4140 2040 4337 2041 4183 2041 4162 2041 4183 2042 4337 2042 4222 2042 4222 2043 4337 2043 4305 2043 4406 2044 4305 2044 4337 2044 4140 2045 4165 2045 3190 2045 3190 2046 4165 2046 3171 2046 2965 2047 3190 2047 2910 2047 2910 2048 3153 2048 2868 2048 2868 2049 3108 2049 2832 2049 3153 2050 3108 2050 2868 2050 3190 2051 3153 2051 2910 2051 4220 2052 4148 2052 4165 2052 4165 2053 4148 2053 3168 2053 3168 2054 3171 2054 4165 2054 3110 2055 3168 2055 3174 2055 3110 2056 3086 2056 3168 2056 3070 2057 3086 2057 3110 2057 2825 2058 3070 2058 2879 2058 2879 2059 3110 2059 2961 2059 2961 2060 3110 2060 3174 2060 2879 2061 3070 2061 3110 2061 2879 2062 2961 2062 2814 2062 2814 2063 2681 2063 2825 2063 2825 2064 2879 2064 2814 2064 2823 2065 2825 2065 2681 2065 2822 2066 2824 2066 2733 2066 2733 2067 2824 2067 2704 2067 2824 2068 2823 2068 2704 2068 2704 2069 2823 2069 2681 2069 2737 2070 2829 2070 2733 2070 2829 2071 2822 2071 2733 2071 2499 2072 2617 2072 2633 2072 2633 2073 2617 2073 2660 2073 2486 2074 2617 2074 2499 2074 2617 2075 2670 2075 2660 2075 2486 2076 2612 2076 2617 2076 2612 2077 2670 2077 2617 2077 2612 2078 2672 2078 2670 2078 2672 2079 2733 2079 2670 2079 2580 2080 2636 2080 2612 2080 2636 2081 2672 2081 2612 2081 2733 2082 2672 2082 2737 2082 2636 2083 2679 2083 2672 2083 2672 2084 2679 2084 2737 2084 2580 2085 2612 2085 2486 2085 2580 2086 2486 2086 2423 2086 2633 2087 2500 2087 2499 2087 2486 2088 2419 2088 2399 2088 2499 2089 2431 2089 2486 2089 2486 2090 2431 2090 2419 2090 2431 2091 2499 2091 2442 2091 1379 2092 1311 2092 1370 2092 1370 2093 1317 2093 1392 2093 1311 2094 1317 2094 1370 2094 1392 2095 1329 2095 1450 2095 1317 2096 1329 2096 1392 2096 1329 2097 1344 2097 1450 2097 1344 2098 1393 2098 1450 2098 1450 2099 1393 2099 1590 2099 1494 2100 1590 2100 1393 2100 1590 2101 1653 2101 1770 2101 1494 2102 1653 2102 1590 2102 1653 2103 1781 2103 1770 2103 1770 2104 1781 2104 1844 2104 1781 2105 1849 2105 1844 2105 1844 2106 1849 2106 2014 2106 1849 2107 1964 2107 2014 2107 2014 2108 2112 2108 2159 2108 1964 2109 2112 2109 2014 2109 2112 2110 2186 2110 2159 2110 2186 2111 2264 2111 2159 2111 2159 2112 2264 2112 2257 2112 2257 2113 2339 2113 2335 2113 2264 2114 2339 2114 2257 2114 2339 2115 2423 2115 2335 2115 2399 2116 2423 2116 2486 2116 2335 2117 2423 2117 2399 2117 2599 2118 2423 2118 2339 2118 2580 2119 2423 2119 2599 2119 2599 2120 2636 2120 2580 2120 2599 2121 2643 2121 2636 2121 2643 2122 2679 2122 2636 2122 2679 2123 2697 2123 2737 2123 2643 2124 2697 2124 2679 2124 2599 2125 2675 2125 2643 2125 2737 2126 2697 2126 2754 2126 2675 2127 2697 2127 2643 2127 2754 2128 2697 2128 2751 2128 2754 2129 2829 2129 2737 2129 2922 2130 3007 2130 2962 2130 3007 2131 3053 2131 2962 2131 2922 2132 2962 2132 2899 2132 2899 2133 2873 2133 2922 2133 2873 2134 2899 2134 2807 2134 2829 2135 2754 2135 2807 2135 2899 2136 2829 2136 2807 2136 4104 2137 3605 2137 3007 2137 3007 2138 3605 2138 3053 2138 4136 2139 3609 2139 4174 2139 4174 2140 3609 2140 3605 2140 3605 2141 3609 2141 3053 2141 3053 2142 3609 2142 3158 2142 3158 2143 3609 2143 4136 2143 4153 2144 4136 2144 4232 2144 4153 2145 4232 2145 4204 2145 4136 2146 4153 2146 3692 2146 3158 2147 4136 2147 3692 2147 4153 2148 3176 2148 3692 2148 3158 2149 3692 2149 3176 2149 3176 2150 4153 2150 3198 2150 4153 2151 4144 2151 3198 2151 4143 2152 3829 2152 4144 2152 3584 2153 3829 2153 4143 2153 2964 2154 3325 2154 3584 2154 3198 2155 3325 2155 2964 2155 3325 2156 3673 2156 3584 2156 3584 2157 3673 2157 3829 2157 3829 2158 3673 2158 4144 2158 3198 2159 3673 2159 3325 2159 4144 2160 3673 2160 3198 2160 4474 2161 4374 2161 4143 2161 4143 2162 4102 2162 3584 2162 4143 2163 4374 2163 4102 2163 4374 2164 4190 2164 4102 2164 4102 2165 4147 2165 4037 2165 4161 2166 4028 2166 4037 2166 4147 2167 4161 2167 4037 2167 4214 2168 4131 2168 4161 2168 4161 2169 4131 2169 4028 2169 4131 2170 4088 2170 4028 2170 4088 2171 3784 2171 4028 2171 3666 2172 3792 2172 3664 2172 3784 2173 3792 2173 3666 2173 4520 2174 4578 2174 4474 2174 4578 2175 4582 2175 4474 2175 4702 2176 4582 2176 4578 2176 4474 2177 4531 2177 4374 2177 4582 2178 4531 2178 4474 2178 4702 2179 4647 2179 4582 2179 4793 2180 4647 2180 4702 2180 4582 2181 4647 2181 4531 2181 4816 2182 4699 2182 4793 2182 4793 2183 4699 2183 4647 2183 4647 2184 4535 2184 4531 2184 4816 2185 4769 2185 4699 2185 4906 2186 4769 2186 4816 2186 4647 2187 4553 2187 4535 2187 4699 2188 4553 2188 4647 2188 4535 2189 4553 2189 4526 2189 4615 2190 4642 2190 4769 2190 4769 2191 4642 2191 4699 2191 4699 2192 4642 2192 4553 2192 4615 2193 4511 2193 4642 2193 4642 2194 4511 2194 4553 2194 4294 2195 4296 2195 4223 2195 4204 2196 4294 2196 4223 2196 4204 2197 4223 2197 4186 2197 4153 2198 4204 2198 4186 2198 4153 2199 4186 2199 4144 2199 4292 2200 4305 2200 4294 2200 4305 2201 4296 2201 4294 2201 4165 2202 4140 2202 4183 2202 4215 2203 4165 2203 4183 2203 4215 2204 4183 2204 4222 2204 4292 2205 4215 2205 4222 2205 4292 2206 4222 2206 4305 2206 4294 2207 4440 2207 4441 2207 4294 2208 4441 2208 4292 2208 4441 2209 4400 2209 4292 2209 4292 2210 4400 2210 4215 2210 4215 2211 4400 2211 4220 2211 4165 2212 4215 2212 4220 2212 4149 2213 4220 2213 4250 2213 4149 2214 4148 2214 4220 2214 3174 2215 3168 2215 4149 2215 4149 2216 3168 2216 4148 2216 4139 2217 3532 2217 4149 2217 3532 2218 2961 2218 3174 2218 3174 2219 4149 2219 3532 2219 2961 2220 3021 2220 2814 2220 2961 2221 3532 2221 3021 2221 3021 2222 3532 2222 4103 2222 4139 2223 4103 2223 3532 2223 2814 2224 3021 2224 2969 2224 2969 2225 2907 2225 2814 2225 2814 2226 2907 2226 2878 2226 2814 2227 2878 2227 2874 2227 3015 2228 2970 2228 2969 2228 3021 2229 3015 2229 2969 2229 3873 2230 3825 2230 3344 2230 3021 2231 3873 2231 3344 2231 3015 2232 3021 2232 3344 2232 3825 2233 3015 2233 3344 2233 3976 2234 4079 2234 3941 2234 4079 2235 4009 2235 3941 2235 3941 2236 3892 2236 3976 2236 3976 2237 3892 2237 3873 2237 3892 2238 3825 2238 3873 2238 4169 2239 4116 2239 4079 2239 4079 2240 4116 2240 4009 2240 4108 2241 4116 2241 4169 2241 4126 2242 4055 2242 3967 2242 3967 2243 4077 2243 4126 2243 4169 2244 4126 2244 4108 2244 4126 2245 4077 2245 4108 2245 4108 2246 4118 2246 4116 2246 4108 2247 4099 2247 4118 2247 4077 2248 4099 2248 4108 2248 4077 2249 4075 2249 4099 2249 4077 2250 3988 2250 4075 2250 3967 2251 3988 2251 4077 2251 4009 2252 4118 2252 4012 2252 4116 2253 4118 2253 4009 2253 3892 2254 3830 2254 3825 2254 3892 2255 3907 2255 3830 2255 3941 2256 3907 2256 3892 2256 3941 2257 3971 2257 3907 2257 4009 2258 3971 2258 3941 2258 4009 2259 4012 2259 3971 2259 3016 2260 3015 2260 3830 2260 3830 2261 3015 2261 3825 2261 3015 2262 2973 2262 2970 2262 3015 2263 3016 2263 2973 2263 2880 2264 2885 2264 2883 2264 2890 2265 2885 2265 2880 2265 2911 2266 2885 2266 2890 2266 2911 2267 2934 2267 2885 2267 2944 2268 2934 2268 2911 2268 2970 2269 2934 2269 2944 2269 2970 2270 2973 2270 2934 2270 2907 2271 2969 2271 2944 2271 2969 2272 2970 2272 2944 2272 2878 2273 2907 2273 2911 2273 2874 2274 2878 2274 2890 2274 2890 2275 2880 2275 2874 2275 2907 2276 2944 2276 2911 2276 2878 2277 2911 2277 2890 2277 3132 2278 3141 2278 2874 2278 2880 2279 3132 2279 2874 2279 2351 2280 2814 2280 2730 2280 2814 2281 2874 2281 2730 2281 2730 2282 2874 2282 2817 2282 2817 2283 2874 2283 2845 2283 2801 2284 2845 2284 3141 2284 2845 2285 2874 2285 3141 2285 2801 2286 3141 2286 2683 2286 3141 2287 3155 2287 3076 2287 3141 2288 3076 2288 3006 2288 2683 2289 3141 2289 3006 2289 2683 2290 3006 2290 2479 2290 2479 2291 3006 2291 2271 2291 2500 2292 2633 2292 2681 2292 2681 2293 2633 2293 2704 2293 2633 2294 2660 2294 2704 2294 2704 2295 2670 2295 2733 2295 2660 2296 2670 2296 2704 2296 2321 2297 2406 2297 2814 2297 2209 2298 2169 2298 2225 2298 2406 2299 2681 2299 2814 2299 2406 2300 2489 2300 2681 2300 2209 2301 2048 2301 2169 2301 2489 2302 2500 2302 2681 2302 2048 2303 1954 2303 1903 2303 2209 2304 1954 2304 2048 2304 1954 2305 1823 2305 1903 2305 1489 2306 1524 2306 1725 2306 1489 2307 1236 2307 1524 2307 1236 2308 1234 2308 1524 2308 1524 2309 1234 2309 1416 2309 1416 2310 1234 2310 1352 2310 1352 2311 1234 2311 1328 2311 1328 2312 1234 2312 1311 2312 1234 2313 1275 2313 1311 2313 2814 2314 2351 2314 2321 2314 2225 2315 2351 2315 2209 2315 2321 2316 2351 2316 2225 2316 1489 2317 1823 2317 1954 2317 1725 2318 1823 2318 1489 2318 2499 2319 2500 2319 2442 2319 2442 2320 2500 2320 2434 2320 2500 2321 2489 2321 2434 2321 2489 2322 2412 2322 2434 2322 2406 2323 2364 2323 2489 2323 2489 2324 2364 2324 2412 2324 2406 2325 2327 2325 2364 2325 2247 2326 2218 2326 2181 2326 2218 2327 2169 2327 2181 2327 2181 2328 2169 2328 2108 2328 2108 2329 2048 2329 2029 2329 2169 2330 2048 2330 2108 2330 2029 2331 1903 2331 1930 2331 2048 2332 1903 2332 2029 2332 1930 2333 1823 2333 1847 2333 1847 2334 1823 2334 1795 2334 1903 2335 1823 2335 1930 2335 1795 2336 1725 2336 1733 2336 1823 2337 1725 2337 1795 2337 1733 2338 1524 2338 1565 2338 1725 2339 1524 2339 1733 2339 1565 2340 1416 2340 1480 2340 1524 2341 1416 2341 1565 2341 1480 2342 1352 2342 1412 2342 1416 2343 1352 2343 1480 2343 1352 2344 1328 2344 1412 2344 1412 2345 1328 2345 1379 2345 1311 2346 1379 2346 1328 2346 2327 2347 2314 2347 2318 2347 2247 2348 2314 2348 2218 2348 2218 2349 2314 2349 2321 2349 2318 2350 2314 2350 2247 2350 2321 2351 2314 2351 2406 2351 2406 2352 2314 2352 2327 2352 2225 2353 2218 2353 2321 2353 2169 2354 2218 2354 2225 2354 2434 2355 2443 2355 2442 2355 2434 2356 2421 2356 2443 2356 2412 2357 2421 2357 2434 2357 2364 2358 2421 2358 2412 2358 2364 2359 2360 2359 2421 2359 2327 2360 2360 2360 2364 2360 2327 2361 2318 2361 2360 2361 1412 2362 1408 2362 1480 2362 1379 2363 1408 2363 1412 2363 1379 2364 1365 2364 1408 2364 1370 2365 1365 2365 1379 2365 1392 2366 1365 2366 1370 2366 1392 2367 1400 2367 1365 2367 1450 2368 1466 2368 1392 2368 1392 2369 1466 2369 1400 2369 1590 2370 1466 2370 1450 2370 1590 2371 1623 2371 1466 2371 1590 2372 1788 2372 1623 2372 1770 2373 1788 2373 1590 2373 1844 2374 1788 2374 1770 2374 1844 2375 1881 2375 1788 2375 2014 2376 1881 2376 1844 2376 2014 2377 2034 2377 1881 2377 2159 2378 2140 2378 2014 2378 2014 2379 2140 2379 2034 2379 2257 2380 2140 2380 2159 2380 2257 2381 2254 2381 2140 2381 2257 2382 2337 2382 2254 2382 2335 2383 2337 2383 2257 2383 2399 2384 2337 2384 2335 2384 2399 2385 2426 2385 2337 2385 2419 2386 2426 2386 2399 2386 2431 2387 2426 2387 2419 2387 2442 2388 2426 2388 2431 2388 2442 2389 2443 2389 2426 2389 1623 2390 1724 2390 1466 2390 1788 2391 1724 2391 1623 2391 1788 2392 1806 2392 1724 2392 1724 2393 1536 2393 1466 2393 1788 2394 1858 2394 1806 2394 1881 2395 1858 2395 1788 2395 1466 2396 1536 2396 1400 2396 1536 2397 1462 2397 1400 2397 1400 2398 1462 2398 1365 2398 1881 2399 1977 2399 1858 2399 2034 2400 1977 2400 1881 2400 2034 2401 2084 2401 1977 2401 1462 2402 1487 2402 1365 2402 2140 2403 2084 2403 2034 2403 1365 2404 1487 2404 1408 2404 2140 2405 2207 2405 2084 2405 1487 2406 1554 2406 1408 2406 2254 2407 2207 2407 2140 2407 1408 2408 1554 2408 1480 2408 1554 2409 1723 2409 1480 2409 2254 2410 2337 2410 2207 2410 1480 2411 1723 2411 1565 2411 2337 2412 2269 2412 2207 2412 1723 2413 1733 2413 1565 2413 1723 2414 1790 2414 1733 2414 2337 2415 2332 2415 2269 2415 1790 2416 1795 2416 1733 2416 1790 2417 1857 2417 1795 2417 2337 2418 2426 2418 2332 2418 1857 2419 1847 2419 1795 2419 2332 2420 2426 2420 2366 2420 1945 2421 1847 2421 1857 2421 1945 2422 1930 2422 1847 2422 2056 2423 1930 2423 1945 2423 2426 2424 2443 2424 2366 2424 2366 2425 2443 2425 2369 2425 2056 2426 2029 2426 1930 2426 2056 2427 2108 2427 2029 2427 2369 2428 2421 2428 2343 2428 2443 2429 2421 2429 2369 2429 2175 2430 2108 2430 2056 2430 2175 2431 2181 2431 2108 2431 2175 2432 2247 2432 2181 2432 2227 2433 2247 2433 2175 2433 2421 2434 2360 2434 2343 2434 2343 2435 2360 2435 2286 2435 2227 2436 2318 2436 2247 2436 2360 2437 2318 2437 2286 2437 2286 2438 2318 2438 2227 2438 1481 2439 1464 2439 1462 2439 1534 2440 1481 2440 1536 2440 1481 2441 1462 2441 1536 2441 1693 2442 1534 2442 1536 2442 1693 2443 1536 2443 1724 2443 1793 2444 1693 2444 1724 2444 1793 2445 1724 2445 1806 2445 1840 2446 1793 2446 1806 2446 1840 2447 1806 2447 1858 2447 1862 2448 1840 2448 1858 2448 1985 2449 1862 2449 1977 2449 1862 2450 1858 2450 1977 2450 2064 2451 1985 2451 2084 2451 1985 2452 1977 2452 2084 2452 2136 2453 2064 2453 2084 2453 2188 2454 2136 2454 2207 2454 2136 2455 2084 2455 2207 2455 2259 2456 2188 2456 2207 2456 2259 2457 2207 2457 2269 2457 2306 2458 2259 2458 2269 2458 2306 2459 2269 2459 2332 2459 2338 2460 2306 2460 2332 2460 2357 2461 2338 2461 2332 2461 2357 2462 2332 2462 2366 2462 2370 2463 2357 2463 2366 2463 1534 2464 1693 2464 1614 2464 1693 2465 1793 2465 1762 2465 1614 2466 1693 2466 1762 2466 1762 2467 1793 2467 1840 2467 2342 2468 2255 2468 2259 2468 2430 2469 2403 2469 2338 2469 2469 2470 2445 2470 2410 2470 2357 2471 2370 2471 2410 2471 1614 2472 1592 2472 1453 2472 1406 2473 1534 2473 1453 2473 1534 2474 1614 2474 1453 2474 1592 2475 1614 2475 1762 2475 1810 2476 1592 2476 1762 2476 1840 2477 1810 2477 1762 2477 1906 2478 1810 2478 1862 2478 1985 2479 1906 2479 1862 2479 1906 2480 1985 2480 2052 2480 1985 2481 2064 2481 2052 2481 2052 2482 2064 2482 2176 2482 2064 2483 2136 2483 2176 2483 2136 2484 2188 2484 2255 2484 2176 2485 2136 2485 2255 2485 2259 2486 2306 2486 2342 2486 2255 2487 2188 2487 2259 2487 2342 2488 2306 2488 2403 2488 2410 2489 2445 2489 2430 2489 2306 2490 2338 2490 2403 2490 2357 2491 2410 2491 2430 2491 2338 2492 2357 2492 2430 2492 2410 2493 2370 2493 2469 2493 1810 2494 1840 2494 1862 2494 1354 2495 1404 2495 1419 2495 1464 2496 1481 2496 1404 2496 1354 2497 1419 2497 1368 2497 1404 2498 1481 2498 1419 2498 1419 2499 1481 2499 1368 2499 1481 2500 1534 2500 1368 2500 1406 2501 1368 2501 1534 2501 1404 2502 1354 2502 1358 2502 1404 2503 1358 2503 1464 2503 2464 2504 2469 2504 2420 2504 2433 2505 2464 2505 2420 2505 2370 2506 2362 2506 2420 2506 2469 2507 2370 2507 2420 2507 2420 2508 2362 2508 2433 2508 2362 2509 2329 2509 2433 2509 2283 2510 2365 2510 2268 2510 2199 2511 2283 2511 2197 2511 2199 2512 2197 2512 2130 2512 2175 2513 2133 2513 2197 2513 1982 2514 2130 2514 2076 2514 1855 2515 1982 2515 1910 2515 2133 2516 2056 2516 2025 2516 1855 2517 1910 2517 1845 2517 1759 2518 1855 2518 1845 2518 1945 2519 1857 2519 1910 2519 2056 2520 1945 2520 1910 2520 2025 2521 2056 2521 1910 2521 1857 2522 1813 2522 1845 2522 1910 2523 1857 2523 1845 2523 1523 2524 1759 2524 1730 2524 1420 2525 1490 2525 1444 2525 1358 2526 1420 2526 1444 2526 2365 2527 2433 2527 2329 2527 2268 2528 2365 2528 2329 2528 2286 2529 2268 2529 2329 2529 2283 2530 2268 2530 2258 2530 2197 2531 2283 2531 2258 2531 2286 2532 2227 2532 2268 2532 2197 2533 2133 2533 2076 2533 2130 2534 2197 2534 2076 2534 2133 2535 2025 2535 2076 2535 1910 2536 1982 2536 2025 2536 1982 2537 2076 2537 2025 2537 1730 2538 1759 2538 1813 2538 1759 2539 1845 2539 1813 2539 1490 2540 1420 2540 1626 2540 1523 2541 1730 2541 1626 2541 1420 2542 1523 2542 1626 2542 1626 2543 1730 2543 1723 2543 1464 2544 1358 2544 1485 2544 1358 2545 1444 2545 1485 2545 2175 2546 2197 2546 2258 2546 2175 2547 2258 2547 2227 2547 2258 2548 2268 2548 2227 2548 1813 2549 1790 2549 1730 2549 1790 2550 1723 2550 1730 2550 1554 2551 1490 2551 1626 2551 1554 2552 1485 2552 1444 2552 1490 2553 1554 2553 1444 2553 2605 2554 2445 2554 2630 2554 2630 2555 2445 2555 2469 2555 2587 2556 2430 2556 2605 2556 2605 2557 2430 2557 2445 2557 2342 2558 2403 2558 2592 2558 2592 2559 2403 2559 2587 2559 2587 2560 2403 2560 2430 2560 2199 2561 2130 2561 2111 2561 2130 2562 1982 2562 2111 2562 2688 2563 2464 2563 2433 2563 2630 2564 2464 2564 2688 2564 1855 2565 1869 2565 1982 2565 1982 2566 1869 2566 2111 2566 2630 2567 2469 2567 2464 2567 1855 2568 1759 2568 1869 2568 1420 2569 1172 2569 1523 2569 1523 2570 1172 2570 1160 2570 1358 2571 1172 2571 1420 2571 1358 2572 1218 2572 1172 2572 1354 2573 1218 2573 1358 2573 2111 2574 2481 2574 2199 2574 2199 2575 2481 2575 2283 2575 2283 2576 2481 2576 2365 2576 2481 2577 2688 2577 2365 2577 2365 2578 2688 2578 2433 2578 1160 2579 1759 2579 1523 2579 1869 2580 1759 2580 1160 2580 2699 2581 2639 2581 2696 2581 2631 2582 2587 2582 2639 2582 2592 2583 2587 2583 2631 2583 2605 2584 2639 2584 2587 2584 2639 2585 2649 2585 2696 2585 2649 2586 2605 2586 2630 2586 2696 2587 2649 2587 2692 2587 2692 2588 2649 2588 2630 2588 2639 2589 2605 2589 2649 2589 2692 2590 2630 2590 2688 2590 2699 2591 2631 2591 2639 2591 2677 2592 2592 2592 2674 2592 2756 2593 2645 2593 2699 2593 2756 2594 2674 2594 2645 2594 2729 2595 2674 2595 2756 2595 2674 2596 2592 2596 2645 2596 2592 2597 2631 2597 2645 2597 2645 2598 2631 2598 2699 2598 2847 2599 2331 2599 2677 2599 2035 2600 2052 2600 2176 2600 2592 2601 2677 2601 2342 2601 2342 2602 2331 2602 2255 2602 2677 2603 2331 2603 2342 2603 2255 2604 2331 2604 2176 2604 2176 2605 2331 2605 2035 2605 2729 2606 2735 2606 2674 2606 2756 2607 2766 2607 2729 2607 2674 2608 2735 2608 2677 2608 2842 2609 2766 2609 2756 2609 2729 2610 2766 2610 2735 2610 2842 2611 2841 2611 2766 2611 2841 2612 2847 2612 2766 2612 2766 2613 2847 2613 2735 2613 2858 2614 2847 2614 2841 2614 2735 2615 2847 2615 2677 2615 2847 2616 2897 2616 3068 2616 2897 2617 2935 2617 3068 2617 2935 2618 2897 2618 2842 2618 2841 2619 2842 2619 2897 2619 2897 2620 2847 2620 2858 2620 2897 2621 2858 2621 2841 2621 2926 2622 2935 2622 2842 2622 2964 2623 2935 2623 2926 2623 2876 2624 2842 2624 2756 2624 2926 2625 2842 2625 2876 2625 2876 2626 2756 2626 2838 2626 2699 2627 2838 2627 2756 2627 2696 2628 2838 2628 2699 2628 2696 2629 2834 2629 2838 2629 2834 2630 2696 2630 2692 2630 2835 2631 2836 2631 2688 2631 2688 2632 2836 2632 2692 2632 2692 2633 2836 2633 2834 2633 2688 2634 2832 2634 2835 2634 1433 2635 1592 2635 1576 2635 1906 2636 1802 2636 1810 2636 2052 2637 2035 2637 1906 2637 1810 2638 1576 2638 1592 2638 1802 2639 1576 2639 1810 2639 2035 2640 1802 2640 1906 2640 2035 2641 1863 2641 1802 2641 1732 2642 1863 2642 1928 2642 1863 2643 1743 2643 1802 2643 1802 2644 1743 2644 1737 2644 1732 2645 1743 2645 1863 2645 1576 2646 1802 2646 1737 2646 1737 2647 1624 2647 1576 2647 1743 2648 1602 2648 1624 2648 1737 2649 1743 2649 1624 2649 1743 2650 1732 2650 1602 2650 1602 2651 1732 2651 1596 2651 1703 2652 1642 2652 1687 2652 1732 2653 1700 2653 1596 2653 1700 2654 1586 2654 1596 2654 1700 2655 1687 2655 1586 2655 1578 2656 1586 2656 1687 2656 1687 2657 1642 2657 1578 2657 1571 2658 1578 2658 1642 2658 1298 2659 1409 2659 1410 2659 1336 2660 1409 2660 1298 2660 1409 2661 1602 2661 1410 2661 1409 2662 1624 2662 1602 2662 1336 2663 1433 2663 1409 2663 1409 2664 1576 2664 1624 2664 1433 2665 1576 2665 1409 2665 1592 2666 1433 2666 1453 2666 1368 2667 1272 2667 1354 2667 1406 2668 1272 2668 1368 2668 1354 2669 1272 2669 1218 2669 1272 2670 1453 2670 1433 2670 1406 2671 1453 2671 1272 2671 1336 2672 1272 2672 1433 2672 1104 2673 1272 2673 1336 2673 1104 2674 1218 2674 1272 2674 1068 2675 1218 2675 1104 2675 1068 2676 1172 2676 1218 2676 940 2677 976 2677 872 2677 872 2678 976 2678 914 2678 1172 2679 976 2679 1160 2679 914 2680 976 2680 1068 2680 1068 2681 976 2681 1172 2681 839 2682 860 2682 940 2682 822 2683 909 2683 860 2683 860 2684 909 2684 940 2684 940 2685 1013 2685 976 2685 976 2686 1158 2686 1160 2686 909 2687 1013 2687 940 2687 976 2688 1013 2688 1158 2688 1045 2689 909 2689 1004 2689 782 2690 913 2690 822 2690 822 2691 913 2691 909 2691 1013 2692 1045 2692 1095 2692 909 2693 1045 2693 1013 2693 1163 2694 1095 2694 1167 2694 1013 2695 1095 2695 1158 2695 1158 2696 1095 2696 1163 2696 909 2697 972 2697 1004 2697 913 2698 972 2698 909 2698 1274 2699 1163 2699 1284 2699 1163 2700 1167 2700 1284 2700 1284 2701 1167 2701 1157 2701 1721 2702 1431 2702 1618 2702 1382 2703 1530 2703 1431 2703 1431 2704 1530 2704 1618 2704 2440 2705 2475 2705 2398 2705 2494 2706 2517 2706 2572 2706 2584 2707 2632 2707 2572 2707 2680 2708 2707 2708 2632 2708 2671 2709 2707 2709 2752 2709 1173 2710 1265 2710 1111 2710 2632 2711 2671 2711 2582 2711 2707 2712 2671 2712 2632 2712 2761 2713 2731 2713 2762 2713 2736 2714 2652 2714 2731 2714 2652 2715 2564 2715 2579 2715 2623 2716 2564 2716 2652 2716 2513 2717 2564 2717 2512 2717 2579 2718 2564 2718 2513 2718 2398 2719 2475 2719 2494 2719 2494 2720 2475 2720 2517 2720 1284 2721 1157 2721 1382 2721 1373 2722 1369 2722 1283 2722 1491 2723 1369 2723 1373 2723 1807 2724 1837 2724 1735 2724 1756 2725 1837 2725 1854 2725 1735 2726 1837 2726 1756 2726 1854 2727 1902 2727 2018 2727 1837 2728 1902 2728 1854 2728 1902 2729 2063 2729 2018 2729 2018 2730 2063 2730 2168 2730 2063 2731 2183 2731 2168 2731 2205 2732 2278 2732 2183 2732 2168 2733 2183 2733 2307 2733 2183 2734 2278 2734 2307 2734 2278 2735 2398 2735 2307 2735 2671 2736 2752 2736 2747 2736 2752 2737 2792 2737 2747 2737 2747 2738 2792 2738 2758 2738 2792 2739 2799 2739 2758 2739 2803 2740 2793 2740 2799 2740 2799 2741 2793 2741 2758 2741 2758 2742 2793 2742 2712 2742 2793 2743 2762 2743 2712 2743 2206 2744 2178 2744 2260 2744 2272 2745 2260 2745 2172 2745 2260 2746 2178 2746 2172 2746 2172 2747 2178 2747 2017 2747 2066 2748 2036 2748 2178 2748 2178 2749 2036 2749 2017 2749 1765 2750 1618 2750 1530 2750 1808 2751 1618 2751 1765 2751 1526 2752 1431 2752 1721 2752 1356 2753 1431 2753 1526 2753 1284 2754 1431 2754 1274 2754 1274 2755 1431 2755 1356 2755 1382 2756 1431 2756 1284 2756 1369 2757 1290 2757 1283 2757 1173 2758 1290 2758 1265 2758 1283 2759 1290 2759 1173 2759 1265 2760 1290 2760 1436 2760 1436 2761 1290 2761 1369 2761 1735 2762 1547 2762 1491 2762 1369 2763 1547 2763 1436 2763 1491 2764 1547 2764 1369 2764 1436 2765 1547 2765 1756 2765 1756 2766 1547 2766 1735 2766 2307 2767 2398 2767 2494 2767 2582 2768 2494 2768 2572 2768 2572 2769 2632 2769 2582 2769 2762 2770 2731 2770 2712 2770 2731 2771 2652 2771 2712 2771 2712 2772 2652 2772 2579 2772 2513 2773 2512 2773 2400 2773 2400 2774 2512 2774 2476 2774 2476 2775 2367 2775 2400 2775 2260 2776 2367 2776 2292 2776 2367 2777 2272 2777 2400 2777 2260 2778 2272 2778 2367 2778 2036 2779 1948 2779 2017 2779 1868 2780 1948 2780 2036 2780 2017 2781 1948 2781 1851 2781 1948 2782 1868 2782 1808 2782 1808 2783 1868 2783 1780 2783 1808 2784 1851 2784 1948 2784 1765 2785 1851 2785 1808 2785 1780 2786 1721 2786 1808 2786 1808 2787 1721 2787 1618 2787 1356 2788 1526 2788 1512 2788 1512 2789 1721 2789 1780 2789 1526 2790 1721 2790 1512 2790 1780 2791 1868 2791 1898 2791 1158 2792 1274 2792 1302 2792 1163 2793 1274 2793 1158 2793 1302 2794 1356 2794 1512 2794 1274 2795 1356 2795 1302 2795 1898 2796 2066 2796 2031 2796 1868 2797 2066 2797 1898 2797 1868 2798 2036 2798 2066 2798 2066 2799 2178 2799 2206 2799 2066 2800 2239 2800 2142 2800 2206 2801 2239 2801 2066 2801 2031 2802 2066 2802 2142 2802 1869 2803 1512 2803 1780 2803 2248 2804 2142 2804 2239 2804 1158 2805 1302 2805 1160 2805 1445 2806 1160 2806 1302 2806 1898 2807 2031 2807 1869 2807 2248 2808 2111 2808 2142 2808 2111 2809 2031 2809 2142 2809 2031 2810 2111 2810 1869 2810 1780 2811 1898 2811 1869 2811 1512 2812 1445 2812 1302 2812 1160 2813 1445 2813 1869 2813 1869 2814 1445 2814 1512 2814 2820 2815 2765 2815 2745 2815 2481 2816 2577 2816 2695 2816 2334 2817 2521 2817 2481 2817 2435 2818 2266 2818 2191 2818 2745 2819 2665 2819 2563 2819 2584 2820 2665 2820 2654 2820 2745 2821 2765 2821 2665 2821 2844 2822 2828 2822 2827 2822 2843 2823 2821 2823 2844 2823 2763 2824 2821 2824 2843 2824 2695 2825 2763 2825 2843 2825 2481 2826 2521 2826 2577 2826 2334 2827 2111 2827 2248 2827 2187 2828 2287 2828 2205 2828 2205 2829 2287 2829 2315 2829 2435 2830 2287 2830 2266 2830 2287 2831 2435 2831 2404 2831 2287 2832 2404 2832 2315 2832 2435 2833 2491 2833 2404 2833 2569 2834 2491 2834 2563 2834 2491 2835 2569 2835 2522 2835 2522 2836 2569 2836 2584 2836 2569 2837 2665 2837 2584 2837 2654 2838 2665 2838 2687 2838 2687 2839 2739 2839 2654 2839 2765 2840 2820 2840 2790 2840 2830 2841 2815 2841 2810 2841 2820 2842 2844 2842 2830 2842 2827 2843 2815 2843 2830 2843 2813 2844 2828 2844 2796 2844 2821 2845 2796 2845 2828 2845 2780 2846 2796 2846 2821 2846 2734 2847 2780 2847 2763 2847 2780 2848 2734 2848 2736 2848 2736 2849 2734 2849 2698 2849 2657 2850 2734 2850 2763 2850 2734 2851 2650 2851 2698 2851 2657 2852 2650 2852 2734 2852 2657 2853 2695 2853 2577 2853 2657 2854 2516 2854 2571 2854 2657 2855 2577 2855 2516 2855 2577 2856 2521 2856 2516 2856 2521 2857 2416 2857 2516 2857 2416 2858 2521 2858 2334 2858 2416 2859 2411 2859 2516 2859 2324 2860 2411 2860 2416 2860 2416 2861 2334 2861 2324 2861 2334 2862 2248 2862 2324 2862 2248 2863 2239 2863 2324 2863 2266 2864 2287 2864 2187 2864 2435 2865 2563 2865 2491 2865 2569 2866 2563 2866 2665 2866 2665 2867 2765 2867 2687 2867 2687 2868 2765 2868 2739 2868 2739 2869 2765 2869 2790 2869 2790 2870 2820 2870 2810 2870 2810 2871 2820 2871 2830 2871 2844 2872 2821 2872 2828 2872 2763 2873 2780 2873 2821 2873 2657 2874 2763 2874 2695 2874 2657 2875 2571 2875 2650 2875 2827 2876 2830 2876 2844 2876 2063 2877 2005 2877 2183 2877 2183 2878 2005 2878 2205 2878 1902 2879 2005 2879 2063 2879 1837 2880 1807 2880 1902 2880 1491 2881 1572 2881 1735 2881 1156 2882 1293 2882 1306 2882 1154 2883 1293 2883 1156 2883 2266 2884 2086 2884 2191 2884 1572 2885 1807 2885 1735 2885 1491 2886 1373 2886 1572 2886 1449 2887 1572 2887 1373 2887 1373 2888 1306 2888 1449 2888 1306 2889 1293 2889 1449 2889 1306 2890 1283 2890 1156 2890 1173 2891 1164 2891 1283 2891 1283 2892 1164 2892 1156 2892 1449 2893 1154 2893 1522 2893 1293 2894 1154 2894 1449 2894 2005 2895 2123 2895 2205 2895 1807 2896 2005 2896 1902 2896 1835 2897 2005 2897 1807 2897 1522 2898 1779 2898 1449 2898 1572 2899 1449 2899 1779 2899 1306 2900 1373 2900 1283 2900 2205 2901 2123 2901 2187 2901 2266 2902 2187 2902 2086 2902 1835 2903 1989 2903 2005 2903 1835 2904 1779 2904 1989 2904 1779 2905 1835 2905 1572 2905 1572 2906 1835 2906 1807 2906 2187 2907 2123 2907 2086 2907 2086 2908 2123 2908 1989 2908 2005 2909 1989 2909 2123 2909 1989 2910 1779 2910 1522 2910 1522 2911 2086 2911 1989 2911 2191 2912 2086 2912 1522 2912 865 2913 949 2913 828 2913 962 2914 949 2914 865 2914 949 2915 925 2915 828 2915 986 2916 1154 2916 962 2916 828 2917 925 2917 809 2917 989 2918 925 2918 1039 2918 1154 2919 1156 2919 962 2919 962 2920 1156 2920 949 2920 1156 2921 1086 2921 949 2921 949 2922 1086 2922 925 2922 1164 2923 1086 2923 1156 2923 989 2924 923 2924 925 2924 925 2925 923 2925 809 2925 925 2926 1086 2926 1039 2926 1758 2927 1630 2927 1632 2927 1630 2928 1372 2928 1632 2928 1424 2929 1372 2929 1630 2929 1424 2930 1220 2930 1372 2930 1324 2931 1220 2931 1424 2931 1324 2932 1181 2932 1220 2932 1291 2933 1181 2933 1324 2933 1280 2934 1181 2934 1291 2934 1280 2935 1149 2935 1181 2935 1280 2936 1278 2936 1149 2936 1285 2937 1154 2937 1278 2937 1278 2938 1154 2938 1149 2938 1522 2939 1154 2939 1374 2939 1374 2940 1154 2940 1320 2940 1320 2941 1154 2941 1285 2941 1636 2942 1515 2942 1285 2942 1285 2943 1515 2943 1348 2943 2802 2944 1745 2944 1822 2944 1486 2945 1777 2945 1727 2945 1320 2946 1486 2946 1374 2946 2191 2947 1522 2947 2802 2947 2802 2948 1522 2948 1745 2948 1727 2949 1777 2949 1822 2949 1348 2950 1515 2950 1486 2950 1486 2951 1727 2951 1447 2951 1320 2952 1348 2952 1486 2952 1447 2953 1374 2953 1486 2953 1447 2954 1522 2954 1374 2954 1822 2955 1745 2955 1727 2955 1348 2956 1320 2956 1285 2956 1522 2957 1447 2957 1745 2957 1636 2958 1686 2958 1515 2958 1486 2959 1515 2959 1747 2959 1777 2960 1486 2960 1747 2960 1515 2961 1686 2961 1747 2961 1745 2962 1447 2962 1727 2962 1633 2963 1360 2963 1280 2963 1549 2964 1360 2964 1633 2964 1280 2965 1360 2965 1278 2965 1360 2966 1434 2966 1278 2966 1549 2967 1434 2967 1360 2967 1636 2968 1364 2968 1535 2968 1285 2969 1364 2969 1636 2969 1285 2970 1278 2970 1364 2970 1636 2971 1549 2971 1633 2971 1535 2972 1549 2972 1636 2972 1434 2973 1549 2973 1535 2973 1364 2974 1434 2974 1535 2974 1278 2975 1434 2975 1364 2975 1706 2976 1548 2976 1836 2976 1706 2977 1470 2977 1548 2977 1424 2978 1470 2978 1324 2978 1548 2979 1470 2979 1424 2979 1635 2980 1280 2980 1291 2980 1635 2981 1324 2981 1706 2981 1706 2982 1324 2982 1470 2982 1633 2983 1280 2983 1635 2983 1635 2984 1291 2984 1324 2984 1938 2985 1630 2985 1758 2985 1836 2986 1630 2986 1938 2986 1836 2987 1772 2987 1630 2987 1630 2988 1772 2988 1424 2988 1424 2989 1772 2989 1548 2989 1548 2990 1772 2990 1836 2990 1638 2991 1633 2991 1640 2991 1636 2992 1633 2992 1638 2992 1633 2993 1635 2993 1640 2993 1776 2994 1830 2994 1822 2994 1776 2995 1822 2995 1777 2995 1776 2996 1777 2996 1747 2996 1718 2997 1776 2997 1747 2997 1718 2998 1747 2998 1686 2998 1638 2999 1718 2999 1686 2999 1638 3000 1686 3000 1636 3000 2802 3001 1822 3001 1830 3001 2802 3002 1830 3002 2809 3002 2802 3003 3017 3003 2191 3003 3017 3004 2802 3004 2839 3004 2877 3005 3117 3005 2896 3005 2896 3006 3117 3006 3017 3006 2896 3007 3017 3007 2839 3007 3117 3008 2877 3008 3161 3008 2896 3009 2839 3009 2877 3009 3017 3010 2820 3010 2745 3010 2745 3011 2563 3011 3017 3011 3017 3012 2844 3012 2820 3012 3117 3013 2844 3013 3017 3013 2563 3014 2435 3014 3017 3014 3161 3015 2844 3015 3117 3015 2435 3016 2191 3016 3017 3016 3161 3017 2843 3017 2844 3017 3161 3018 2833 3018 2843 3018 2843 3019 2833 3019 2695 3019 2695 3020 2833 3020 2481 3020 2481 3021 2111 3021 2334 3021 2889 3022 2893 3022 2877 3022 2852 3023 2889 3023 2877 3023 2852 3024 2877 3024 2839 3024 2809 3025 2852 3025 2839 3025 2809 3026 2839 3026 2802 3026 1640 3027 1635 3027 1706 3027 1740 3028 1640 3028 1706 3028 1740 3029 1706 3029 1836 3029 1852 3030 1740 3030 1836 3030 1957 3031 1852 3031 1938 3031 1852 3032 1836 3032 1938 3032 1957 3033 1938 3033 2033 3033 2051 3034 1957 3034 2033 3034 2033 3035 1938 3035 1824 3035 1824 3036 1938 3036 1758 3036 1040 3037 1149 3037 1038 3037 1069 3038 1181 3038 1040 3038 1040 3039 1181 3039 1149 3039 865 3040 861 3040 962 3040 759 3041 861 3041 865 3041 816 3042 861 3042 759 3042 903 3043 861 3043 816 3043 1038 3044 986 3044 903 3044 1149 3045 986 3045 1038 3045 1154 3046 986 3046 1149 3046 903 3047 986 3047 861 3047 861 3048 986 3048 962 3048 759 3049 718 3049 686 3049 865 3050 718 3050 759 3050 865 3051 741 3051 718 3051 828 3052 742 3052 865 3052 865 3053 742 3053 741 3053 828 3054 724 3054 742 3054 656 3055 828 3055 809 3055 724 3056 828 3056 692 3056 692 3057 828 3057 656 3057 613 3058 617 3058 551 3058 652 3059 741 3059 742 3059 656 3060 595 3060 692 3060 692 3061 595 3061 586 3061 529 3062 613 3062 551 3062 686 3063 617 3063 613 3063 718 3064 617 3064 686 3064 646 3065 617 3065 718 3065 718 3066 662 3066 646 3066 741 3067 662 3067 718 3067 652 3068 662 3068 741 3068 622 3069 652 3069 742 3069 724 3070 622 3070 742 3070 586 3071 622 3071 724 3071 692 3072 586 3072 724 3072 586 3073 595 3073 539 3073 545 3074 539 3074 595 3074 624 3075 595 3075 656 3075 661 3076 624 3076 656 3076 595 3077 624 3077 545 3077 624 3078 549 3078 545 3078 956 3079 972 3079 913 3079 656 3080 782 3080 661 3080 809 3081 782 3081 656 3081 923 3082 884 3082 809 3082 782 3083 884 3083 913 3083 809 3084 884 3084 782 3084 956 3085 884 3085 989 3085 989 3086 884 3086 923 3086 913 3087 884 3087 956 3087 822 3088 661 3088 782 3088 691 3089 553 3089 604 3089 553 3090 575 3090 535 3090 691 3091 575 3091 553 3091 575 3092 521 3092 535 3092 575 3093 489 3093 521 3093 666 3094 661 3094 822 3094 860 3095 730 3095 822 3095 666 3096 730 3096 632 3096 822 3097 730 3097 666 3097 691 3098 730 3098 839 3098 632 3099 730 3099 604 3099 839 3100 730 3100 860 3100 604 3101 730 3101 691 3101 632 3102 604 3102 576 3102 576 3103 524 3103 520 3103 604 3104 563 3104 576 3104 563 3105 499 3105 524 3105 624 3106 558 3106 549 3106 634 3107 624 3107 661 3107 666 3108 634 3108 661 3108 554 3109 558 3109 634 3109 666 3110 632 3110 634 3110 520 3111 542 3111 576 3111 632 3112 576 3112 542 3112 576 3113 563 3113 524 3113 553 3114 563 3114 604 3114 460 3115 478 3115 409 3115 558 3116 624 3116 634 3116 554 3117 632 3117 542 3117 634 3118 632 3118 554 3118 563 3119 553 3119 499 3119 499 3120 553 3120 476 3120 553 3121 535 3121 476 3121 476 3122 535 3122 461 3122 535 3123 521 3123 461 3123 461 3124 521 3124 460 3124 521 3125 478 3125 460 3125 489 3126 478 3126 521 3126 401 3127 409 3127 478 3127 478 3128 468 3128 401 3128 489 3129 468 3129 478 3129 401 3130 468 3130 412 3130 456 3131 412 3131 468 3131 367 3132 401 3132 412 3132 412 3133 456 3133 385 3133 367 3134 412 3134 385 3134 456 3135 423 3135 385 3135 351 3136 367 3136 385 3136 423 3137 379 3137 385 3137 900 3138 914 3138 971 3138 673 3139 764 3139 815 3139 872 3140 839 3140 940 3140 537 3141 691 3141 673 3141 673 3142 691 3142 764 3142 872 3143 691 3143 839 3143 429 3144 498 3144 537 3144 537 3145 498 3145 691 3145 691 3146 498 3146 575 3146 489 3147 498 3147 468 3147 575 3148 498 3148 489 3148 429 3149 456 3149 498 3149 498 3150 456 3150 468 3150 423 3151 456 3151 429 3151 815 3152 764 3152 900 3152 900 3153 764 3153 914 3153 872 3154 764 3154 691 3154 914 3155 764 3155 872 3155 405 3156 384 3156 392 3156 405 3157 392 3157 423 3157 429 3158 405 3158 423 3158 392 3159 408 3159 423 3159 351 3160 379 3160 343 3160 408 3161 379 3161 423 3161 351 3162 385 3162 379 3162 379 3163 408 3163 366 3163 379 3164 366 3164 343 3164 392 3165 366 3165 408 3165 366 3166 392 3166 350 3166 384 3167 350 3167 392 3167 350 3168 384 3168 342 3168 461 3169 57 3169 476 3169 342 3170 46 3170 350 3170 342 3171 48 3171 46 3171 476 3172 184 3172 499 3172 499 3173 184 3173 524 3173 524 3174 184 3174 520 3174 520 3175 184 3175 63 3175 63 3176 184 3176 62 3176 57 3177 184 3177 476 3177 62 3178 184 3178 57 3178 401 3179 193 3179 409 3179 409 3180 193 3180 460 3180 460 3181 193 3181 461 3181 461 3182 193 3182 57 3182 57 3183 193 3183 56 3183 367 3184 132 3184 401 3184 401 3185 132 3185 193 3185 193 3186 132 3186 56 3186 56 3187 132 3187 61 3187 367 3188 61 3188 132 3188 351 3189 60 3189 367 3189 367 3190 60 3190 61 3190 351 3191 343 3191 60 3191 60 3192 343 3192 58 3192 350 3193 131 3193 366 3193 366 3194 131 3194 343 3194 58 3195 131 3195 46 3195 46 3196 131 3196 350 3196 343 3197 131 3197 58 3197 565 3198 537 3198 673 3198 466 3199 429 3199 484 3199 440 3200 429 3200 466 3200 484 3201 429 3201 537 3201 565 3202 484 3202 537 3202 405 3203 429 3203 440 3203 1298 3204 1217 3204 1336 3204 1336 3205 1217 3205 1104 3205 1104 3206 971 3206 1068 3206 971 3207 914 3207 1068 3207 405 3208 802 3208 951 3208 466 3209 802 3209 440 3209 440 3210 802 3210 405 3210 565 3211 788 3211 484 3211 484 3212 788 3212 466 3212 466 3213 788 3213 802 3213 788 3214 1076 3214 802 3214 802 3215 1076 3215 951 3215 673 3216 833 3216 565 3216 565 3217 833 3217 788 3217 951 3218 1076 3218 1267 3218 1076 3219 1034 3219 1191 3219 833 3220 1034 3220 788 3220 788 3221 1034 3221 1076 3221 815 3222 871 3222 673 3222 673 3223 871 3223 833 3223 815 3224 922 3224 871 3224 871 3225 1034 3225 833 3225 871 3226 922 3226 1034 3226 900 3227 988 3227 815 3227 815 3228 988 3228 922 3228 922 3229 1148 3229 1034 3229 1034 3230 1148 3230 1191 3230 922 3231 988 3231 1148 3231 971 3232 988 3232 900 3232 1104 3233 988 3233 971 3233 1217 3234 988 3234 1104 3234 988 3235 1205 3235 1148 3235 1217 3236 1205 3236 988 3236 1217 3237 1298 3237 1205 3237 1560 3238 1349 3238 1571 3238 1267 3239 1349 3239 1560 3239 1267 3240 1076 3240 1349 3240 1191 3241 1349 3241 1076 3241 1349 3242 1387 3242 1571 3242 1571 3243 1387 3243 1578 3243 1191 3244 1387 3244 1349 3244 1148 3245 1387 3245 1191 3245 1578 3246 1385 3246 1586 3246 1586 3247 1385 3247 1596 3247 1387 3248 1385 3248 1578 3248 1596 3249 1410 3249 1602 3249 1385 3250 1410 3250 1596 3250 1205 3251 1385 3251 1148 3251 1148 3252 1385 3252 1387 3252 1205 3253 1410 3253 1385 3253 1410 3254 1205 3254 1298 3254 1703 3255 1644 3255 1642 3255 1644 3256 1560 3256 1571 3256 1642 3257 1644 3257 1571 3257 1095 3258 1045 3258 1109 3258 1045 3259 1004 3259 1047 3259 1109 3260 1167 3260 1095 3260 1047 3261 1109 3261 1045 3261 1157 3262 1109 3262 1047 3262 1109 3263 1157 3263 1167 3263 1436 3264 1340 3264 1265 3264 1265 3265 1340 3265 1111 3265 1436 3266 1744 3266 1340 3266 1340 3267 1146 3267 1111 3267 1756 3268 1744 3268 1436 3268 1111 3269 1146 3269 1039 3269 1039 3270 1146 3270 989 3270 1854 3271 1744 3271 1756 3271 1854 3272 1944 3272 1744 3272 1146 3273 1071 3273 989 3273 2018 3274 1944 3274 1854 3274 989 3275 1071 3275 956 3275 1071 3276 1078 3276 956 3276 2168 3277 2128 3277 2018 3277 2018 3278 2128 3278 1944 3278 956 3279 1078 3279 972 3279 972 3280 1078 3280 1004 3280 1078 3281 1186 3281 1004 3281 2307 3282 2301 3282 2168 3282 2168 3283 2301 3283 2128 3283 1004 3284 1186 3284 1047 3284 2307 3285 2494 3285 2301 3285 1186 3286 1157 3286 1047 3286 1186 3287 1395 3287 1157 3287 2494 3288 2509 3288 2301 3288 1395 3289 1382 3289 1157 3289 2494 3290 2582 3290 2509 3290 1395 3291 1530 3291 1382 3291 1395 3292 1741 3292 1530 3292 2582 3293 2671 3293 2509 3293 2671 3294 2607 3294 2509 3294 1741 3295 1765 3295 1530 3295 2671 3296 2747 3296 2607 3296 2607 3297 2747 3297 2668 3297 1897 3298 1765 3298 1741 3298 1897 3299 1851 3299 1765 3299 1897 3300 2017 3300 1851 3300 2747 3301 2758 3301 2668 3301 2668 3302 2758 3302 2673 3302 2127 3303 2017 3303 1897 3303 2127 3304 2172 3304 2017 3304 2758 3305 2712 3305 2673 3305 2302 3306 2172 3306 2127 3306 2302 3307 2272 3307 2172 3307 2673 3308 2712 3308 2606 3308 2302 3309 2400 3309 2272 3309 2606 3310 2712 3310 2508 3310 2712 3311 2579 3311 2508 3311 2508 3312 2400 3312 2302 3312 2508 3313 2513 3313 2400 3313 2579 3314 2513 3314 2508 3314 1086 3315 1164 3315 1173 3315 1173 3316 1111 3316 1086 3316 1086 3317 1111 3317 1039 3317 1258 3318 1230 3318 1071 3318 1258 3319 1071 3319 1146 3319 1258 3320 1146 3320 1307 3320 1359 3321 1307 3321 1146 3321 1359 3322 1146 3322 1340 3322 1477 3323 1359 3323 1340 3323 1677 3324 1477 3324 1340 3324 1677 3325 1340 3325 1744 3325 1820 3326 1677 3326 1744 3326 1907 3327 1820 3327 1744 3327 1907 3328 1744 3328 1944 3328 2067 3329 1907 3329 1944 3329 2067 3330 1944 3330 2128 3330 2194 3331 2067 3331 2128 3331 2194 3332 2128 3332 2301 3332 2273 3333 2194 3333 2301 3333 2368 3334 2273 3334 2301 3334 2368 3335 2301 3335 2509 3335 2472 3336 2368 3336 2509 3336 2528 3337 2472 3337 2509 3337 2528 3338 2509 3338 2607 3338 2528 3339 2607 3339 2668 3339 2566 3340 2528 3340 2668 3340 2574 3341 2566 3341 2668 3341 2673 3342 2574 3342 2668 3342 2568 3343 2574 3343 2673 3343 2543 3344 2568 3344 2673 3344 2543 3345 2673 3345 2606 3345 2495 3346 2543 3346 2606 3346 2495 3347 2606 3347 2508 3347 2402 3348 2495 3348 2508 3348 2270 3349 2402 3349 2302 3349 2402 3350 2508 3350 2302 3350 2190 3351 2270 3351 2302 3351 2190 3352 2302 3352 2127 3352 2068 3353 2190 3353 2127 3353 2127 3354 1897 3354 2068 3354 1908 3355 2068 3355 1897 3355 1818 3356 1908 3356 1897 3356 1818 3357 1897 3357 1741 3357 1601 3358 1818 3358 1741 3358 1601 3359 1741 3359 1395 3359 1413 3360 1601 3360 1395 3360 1331 3361 1413 3361 1186 3361 1413 3362 1395 3362 1186 3362 1268 3363 1331 3363 1186 3363 1242 3364 1268 3364 1078 3364 1268 3365 1186 3365 1078 3365 1071 3366 1230 3366 1078 3366 1230 3367 1242 3367 1078 3367 2562 3368 2573 3368 2568 3368 2573 3369 2574 3369 2568 3369 2530 3370 2562 3370 2543 3370 2562 3371 2568 3371 2543 3371 2484 3372 2530 3372 2495 3372 2530 3373 2543 3373 2495 3373 2484 3374 2495 3374 2402 3374 2401 3375 2484 3375 2402 3375 2309 3376 2401 3376 2402 3376 2309 3377 2402 3377 2270 3377 2203 3378 2309 3378 2270 3378 2203 3379 2270 3379 2190 3379 2107 3380 2203 3380 2190 3380 2107 3381 2190 3381 2068 3381 1958 3382 2107 3382 2068 3382 1958 3383 2068 3383 1908 3383 1814 3384 1958 3384 1908 3384 1814 3385 1908 3385 1818 3385 1814 3386 1818 3386 1601 3386 1579 3387 1814 3387 1601 3387 1381 3388 1579 3388 1601 3388 1381 3389 1601 3389 1413 3389 1381 3390 1413 3390 1331 3390 1279 3391 1381 3391 1331 3391 1279 3392 1331 3392 1268 3392 1245 3393 1279 3393 1268 3393 1245 3394 1268 3394 1242 3394 1225 3395 1245 3395 1242 3395 1225 3396 1242 3396 1230 3396 1454 3397 1381 3397 1334 3397 1454 3398 1579 3398 1381 3398 1334 3399 1381 3399 1249 3399 1734 3400 1579 3400 1454 3400 1734 3401 1814 3401 1579 3401 1381 3402 1279 3402 1249 3402 1249 3403 1279 3403 1155 3403 1874 3404 1814 3404 1734 3404 1279 3405 1245 3405 1155 3405 1874 3406 1958 3406 1814 3406 1155 3407 1245 3407 1114 3407 1245 3408 1225 3408 1114 3408 2070 3409 1958 3409 1874 3409 1114 3410 1225 3410 1132 3410 2070 3411 2107 3411 1958 3411 2214 3412 2107 3412 2070 3412 1225 3413 1262 3413 1132 3413 2214 3414 2203 3414 2107 3414 1132 3415 1262 3415 1207 3415 1262 3416 1343 3416 1207 3416 2214 3417 2309 3417 2203 3417 2214 3418 2344 3418 2309 3418 1207 3419 1343 3419 1289 3419 2480 3420 2401 3420 2344 3420 2344 3421 2401 3421 2309 3421 1289 3422 1343 3422 1383 3422 1343 3423 1493 3423 1383 3423 2401 3424 2480 3424 2484 3424 1493 3425 1553 3425 1383 3425 1715 3426 1553 3426 1493 3426 2480 3427 2561 3427 2484 3427 2561 3428 2530 3428 2484 3428 1715 3429 1769 3429 1553 3429 1839 3430 1769 3430 1715 3430 2561 3431 2618 3431 2530 3431 1839 3432 1853 3432 1769 3432 2530 3433 2618 3433 2562 3433 2618 3434 2641 3434 2562 3434 2022 3435 1853 3435 1839 3435 2022 3436 2061 3436 1853 3436 2562 3437 2641 3437 2573 3437 2641 3438 2646 3438 2573 3438 2573 3439 2646 3439 2560 3439 2646 3440 2626 3440 2560 3440 2182 3441 2061 3441 2022 3441 2182 3442 2215 3442 2061 3442 2276 3443 2215 3443 2182 3443 2626 3444 2558 3444 2560 3444 2560 3445 2558 3445 2504 3445 2276 3446 2311 3446 2215 3446 2276 3447 2387 3447 2311 3447 2418 3448 2387 3448 2276 3448 2504 3449 2482 3449 2418 3449 2558 3450 2482 3450 2504 3450 2418 3451 2482 3451 2387 3451 1132 3452 1115 3452 1114 3452 1132 3453 1161 3453 1115 3453 1207 3454 1161 3454 1132 3454 1207 3455 1221 3455 1161 3455 1289 3456 1221 3456 1207 3456 1289 3457 1318 3457 1221 3457 1383 3458 1318 3458 1289 3458 1383 3459 1451 3459 1318 3459 1553 3460 1451 3460 1383 3460 1553 3461 1775 3461 1451 3461 1769 3462 1775 3462 1553 3462 1853 3463 1775 3463 1769 3463 1853 3464 1888 3464 1775 3464 2061 3465 1888 3465 1853 3465 2061 3466 2039 3466 1888 3466 2061 3467 2162 3467 2039 3467 2215 3468 2162 3468 2061 3468 2215 3469 2262 3469 2162 3469 2311 3470 2262 3470 2215 3470 2311 3471 2376 3471 2262 3471 2387 3472 2376 3472 2311 3472 2482 3473 2376 3473 2387 3473 2482 3474 2501 3474 2376 3474 2558 3475 2501 3475 2482 3475 2558 3476 2556 3476 2501 3476 2558 3477 2595 3477 2556 3477 2626 3478 2595 3478 2558 3478 2626 3479 2638 3479 2595 3479 2646 3480 2638 3480 2626 3480 2646 3481 2644 3481 2638 3481 2641 3482 2644 3482 2646 3482 2641 3483 2625 3483 2644 3483 2618 3484 2625 3484 2641 3484 2618 3485 2578 3485 2625 3485 2561 3486 2578 3486 2618 3486 2561 3487 2535 3487 2578 3487 2480 3488 2535 3488 2561 3488 2480 3489 2444 3489 2535 3489 2344 3490 2444 3490 2480 3490 2344 3491 2291 3491 2444 3491 2214 3492 2291 3492 2344 3492 2214 3493 2134 3493 2291 3493 2070 3494 2134 3494 2214 3494 2070 3495 1917 3495 2134 3495 1874 3496 1917 3496 2070 3496 1874 3497 1804 3497 1917 3497 1734 3498 1804 3498 1874 3498 1734 3499 1604 3499 1804 3499 1454 3500 1604 3500 1734 3500 1454 3501 1411 3501 1604 3501 1334 3502 1411 3502 1454 3502 1334 3503 1319 3503 1411 3503 1249 3504 1319 3504 1334 3504 1249 3505 1216 3505 1319 3505 1155 3506 1216 3506 1249 3506 1155 3507 1139 3507 1216 3507 1114 3508 1139 3508 1155 3508 1114 3509 1115 3509 1139 3509 1115 3510 1033 3510 1139 3510 1115 3511 1029 3511 1033 3511 2701 3512 2644 3512 2691 3512 2625 3513 2691 3513 2644 3513 2691 3514 2625 3514 2667 3514 2578 3515 2667 3515 2625 3515 2535 3516 2570 3516 2578 3516 2578 3517 2570 3517 2667 3517 2444 3518 2570 3518 2535 3518 2444 3519 2483 3519 2570 3519 2444 3520 2291 3520 2483 3520 2483 3521 2291 3521 2350 3521 2291 3522 2236 3522 2350 3522 2134 3523 2236 3523 2291 3523 2236 3524 2134 3524 2078 3524 1917 3525 2078 3525 2134 3525 1917 3526 1865 3526 2078 3526 1865 3527 1804 3527 1749 3527 1917 3528 1804 3528 1865 3528 1749 3529 1604 3529 1472 3529 1804 3530 1604 3530 1749 3530 1411 3531 1472 3531 1604 3531 1411 3532 1299 3532 1472 3532 1411 3533 1319 3533 1299 3533 1299 3534 1319 3534 1133 3534 1216 3535 1133 3535 1319 3535 1133 3536 1139 3536 1066 3536 1216 3537 1139 3537 1133 3537 1139 3538 1033 3538 1066 3538 1029 3539 1115 3539 1030 3539 1115 3540 1064 3540 1030 3540 1161 3541 1064 3541 1115 3541 1064 3542 1221 3542 1103 3542 1161 3543 1221 3543 1064 3543 1103 3544 1221 3544 1264 3544 1318 3545 1264 3545 1221 3545 1451 3546 1264 3546 1318 3546 1451 3547 1366 3547 1264 3547 1366 3548 1451 3548 1545 3548 1775 3549 1545 3549 1451 3549 1775 3550 1819 3550 1545 3550 1888 3551 1819 3551 1775 3551 1888 3552 1927 3552 1819 3552 2039 3553 1927 3553 1888 3553 2039 3554 2073 3554 1927 3554 2162 3555 2073 3555 2039 3555 2162 3556 2226 3556 2073 3556 2262 3557 2226 3557 2162 3557 2262 3558 2372 3558 2226 3558 2376 3559 2372 3559 2262 3559 2376 3560 2503 3560 2372 3560 2501 3561 2503 3561 2376 3561 2501 3562 2602 3562 2503 3562 2556 3563 2602 3563 2501 3563 2602 3564 2595 3564 2664 3564 2556 3565 2595 3565 2602 3565 2664 3566 2595 3566 2686 3566 2638 3567 2686 3567 2595 3567 2686 3568 2638 3568 2701 3568 2701 3569 2638 3569 2644 3569 2016 3570 1865 3570 1838 3570 2496 3571 2570 3571 2483 3571 2496 3572 2581 3572 2570 3572 2581 3573 2667 3573 2570 3573 1264 3574 1246 3574 1103 3574 1366 3575 1246 3575 1264 3575 1437 3576 1246 3576 1366 3576 1545 3577 1437 3577 1366 3577 1621 3578 1437 3578 1545 3578 1819 3579 1621 3579 1545 3579 1831 3580 1621 3580 1819 3580 1927 3581 1831 3581 1819 3581 1226 3582 1299 3582 1133 3582 1325 3583 1299 3583 1226 3583 1325 3584 1426 3584 1299 3584 1472 3585 1299 3585 1426 3585 1426 3586 1645 3586 1472 3586 1749 3587 1472 3587 1645 3587 1838 3588 1749 3588 1645 3588 1865 3589 1749 3589 1838 3589 2078 3590 1865 3590 2016 3590 2016 3591 2201 3591 2078 3591 2236 3592 2078 3592 2201 3592 2350 3593 2236 3593 2201 3593 2496 3594 2483 3594 2350 3594 1325 3595 1226 3595 1238 3595 2016 3596 2044 3596 2201 3596 2201 3597 2044 3597 2208 3597 1838 3598 1889 3598 2016 3598 2016 3599 1889 3599 2044 3599 1325 3600 1362 3600 1426 3600 1244 3601 1333 3601 1238 3601 1325 3602 1333 3602 1362 3602 1362 3603 1333 3603 1244 3603 1238 3604 1333 3604 1325 3604 1838 3605 1828 3605 1889 3605 1828 3606 1760 3606 1767 3606 1838 3607 1760 3607 1828 3607 1645 3608 1760 3608 1838 3608 1484 3609 1492 3609 1362 3609 1362 3610 1492 3610 1426 3610 1426 3611 1492 3611 1645 3611 1492 3612 1760 3612 1645 3612 1484 3613 1760 3613 1492 3613 1241 3614 1323 3614 1353 3614 1243 3615 1323 3615 1241 3615 1437 3616 1323 3616 1246 3616 1246 3617 1323 3617 1243 3617 1353 3618 1415 3618 1497 3618 1323 3619 1415 3619 1353 3619 1437 3620 1415 3620 1323 3620 1831 3621 1661 3621 1621 3621 1899 3622 1797 3622 1831 3622 1831 3623 1797 3623 1661 3623 1927 3624 1899 3624 1831 3624 2073 3625 1899 3625 1927 3625 2073 3626 2062 3626 1899 3626 2226 3627 2195 3627 2073 3627 2073 3628 2195 3628 2062 3628 2226 3629 2310 3629 2195 3629 2372 3630 2310 3630 2226 3630 2372 3631 2417 3631 2310 3631 2503 3632 2511 3632 2372 3632 2372 3633 2511 3633 2417 3633 2602 3634 2575 3634 2503 3634 2503 3635 2575 3635 2511 3635 2602 3636 2666 3636 2575 3636 2664 3637 2666 3637 2602 3637 2575 3638 2666 3638 2637 3638 2664 3639 2727 3639 2666 3639 2686 3640 2727 3640 2664 3640 2701 3641 2741 3641 2686 3641 2686 3642 2741 3642 2727 3642 2691 3643 2744 3643 2701 3643 2701 3644 2744 3644 2741 3644 2667 3645 2732 3645 2691 3645 2691 3646 2732 3646 2744 3646 2667 3647 2690 3647 2732 3647 2581 3648 2655 3648 2667 3648 2667 3649 2655 3649 2690 3649 2655 3650 2576 3650 2628 3650 2496 3651 2576 3651 2581 3651 2581 3652 2576 3652 2655 3652 2496 3653 2520 3653 2576 3653 2496 3654 2436 3654 2520 3654 2350 3655 2436 3655 2496 3655 2350 3656 2326 3656 2436 3656 2201 3657 2326 3657 2350 3657 2201 3658 2208 3658 2326 3658 1415 3659 1621 3659 1497 3659 1497 3660 1621 3660 1661 3660 1437 3661 1621 3661 1415 3661 1241 3662 1297 3662 1232 3662 1518 3663 1339 3663 1488 3663 1518 3664 1229 3664 1339 3664 1422 3665 1229 3665 1518 3665 1297 3666 1339 3666 1232 3666 1339 3667 1229 3667 1232 3667 1455 3668 1353 3668 1497 3668 1339 3669 1353 3669 1488 3669 1488 3670 1353 3670 1455 3670 1353 3671 1297 3671 1241 3671 1353 3672 1339 3672 1297 3672 2195 3673 2138 3673 2062 3673 2062 3674 1937 3674 1899 3674 2138 3675 1937 3675 2062 3675 1455 3676 1746 3676 1488 3676 1497 3677 1746 3677 1455 3677 1797 3678 1746 3678 1661 3678 1661 3679 1746 3679 1497 3679 1746 3680 1826 3680 1488 3680 1899 3681 1856 3681 1797 3681 1797 3682 1856 3682 1746 3682 1937 3683 1856 3683 1899 3683 1856 3684 1826 3684 1746 3684 1488 3685 1826 3685 1518 3685 2189 3686 2118 3686 2179 3686 2231 3687 2118 3687 2189 3687 2179 3688 2032 3688 2138 3688 2138 3689 2032 3689 1937 3689 1826 3690 2118 3690 2231 3690 2032 3691 2118 3691 1826 3691 1856 3692 2032 3692 1826 3692 2032 3693 1856 3693 1937 3693 2118 3694 2032 3694 2179 3694 2816 3695 1825 3695 1826 3695 2231 3696 2816 3696 1826 3696 2816 3697 2271 3697 3006 3697 2271 3698 2816 3698 2231 3698 2937 3699 2920 3699 3155 3699 3006 3700 2954 3700 2816 3700 2920 3701 3011 3701 3155 3701 2881 3702 2891 3702 2920 3702 2891 3703 2816 3703 2954 3703 3076 3704 3155 3704 3011 3704 2954 3705 3006 3705 3076 3705 3011 3706 2992 3706 3076 3706 3076 3707 2992 3707 2954 3707 2992 3708 3011 3708 2891 3708 2954 3709 2992 3709 2891 3709 2920 3710 2891 3710 3011 3710 2881 3711 2920 3711 2937 3711 2816 3712 2891 3712 2881 3712 3141 3713 3165 3713 3155 3713 3165 3714 3214 3714 3155 3714 3155 3715 3214 3715 3180 3715 3180 3716 3214 3716 3217 3716 3214 3717 3252 3717 3217 3717 3252 3718 3313 3718 3217 3718 3313 3719 3280 3719 3593 3719 4055 3720 3313 3720 3593 3720 3280 3721 3967 3721 3593 3721 3967 3722 4055 3722 3593 3722 3214 3723 3181 3723 3252 3723 3313 3724 3252 3724 3280 3724 3181 3725 3234 3725 3252 3725 3252 3726 3234 3726 3280 3726 3214 3727 3165 3727 3181 3727 3280 3728 3279 3728 3967 3728 3967 3729 3279 3729 3988 3729 4103 3730 4079 3730 3976 3730 3976 3731 3873 3731 4103 3731 4103 3732 4123 3732 4079 3732 4169 3733 4211 3733 4126 3733 4211 3734 4055 3734 4126 3734 4123 3735 4130 3735 4079 3735 4079 3736 4211 3736 4169 3736 4130 3737 4211 3737 4079 3737 4055 3738 4211 3738 3313 3738 3313 3739 4211 3739 3217 3739 4018 3740 3682 3740 4211 3740 3431 3741 3323 3741 3217 3741 3682 3742 3217 3742 4211 3742 3431 3743 3217 3743 3682 3743 3688 3744 3682 3744 3726 3744 3726 3745 3682 3745 3733 3745 3688 3746 3640 3746 3682 3746 3640 3747 3599 3747 3431 3747 3431 3748 3599 3748 3561 3748 3431 3749 3682 3749 3640 3749 3561 3750 3516 3750 3431 3750 3431 3751 3437 3751 3323 3751 3437 3752 3407 3752 3323 3752 3407 3753 3277 3753 3323 3753 3516 3754 3561 3754 3529 3754 3244 3755 3316 3755 3270 3755 3516 3756 3529 3756 3437 3756 3437 3757 3529 3757 3407 3757 3407 3758 3485 3758 3277 3758 3485 3759 3268 3759 3277 3759 3529 3760 3485 3760 3407 3760 3485 3761 3448 3761 3268 3761 3431 3762 3516 3762 3437 3762 3268 3763 3312 3763 3244 3763 3244 3764 3312 3764 3316 3764 3316 3765 3312 3765 3413 3765 3448 3766 3312 3766 3268 3766 3413 3767 3312 3767 3448 3767 3316 3768 3372 3768 3270 3768 3270 3769 3372 3769 3278 3769 3413 3770 3372 3770 3316 3770 3244 3771 3270 3771 3230 3771 3270 3772 3278 3772 3230 3772 3278 3773 3338 3773 3309 3773 3338 3774 3347 3774 3309 3774 3338 3775 3371 3775 3347 3775 3371 3776 3434 3776 3373 3776 3434 3777 3439 3777 3373 3777 3483 3778 3439 3778 3434 3778 3483 3779 3562 3779 3439 3779 3483 3780 3645 3780 3562 3780 3645 3781 3744 3781 3562 3781 3278 3782 3309 3782 3230 3782 3371 3783 3373 3783 3347 3783 3362 3784 3614 3784 3408 3784 3408 3785 3614 3785 3687 3785 3562 3786 3614 3786 3362 3786 3562 3787 3362 3787 3439 3787 3439 3788 3362 3788 3359 3788 3373 3789 3359 3789 3241 3789 3439 3790 3359 3790 3373 3790 3359 3791 3362 3791 3241 3791 3241 3792 3227 3792 3121 3792 3362 3793 3227 3793 3241 3793 3362 3794 3408 3794 3227 3794 3014 3795 3227 3795 3408 3795 3227 3796 3104 3796 3121 3796 3373 3797 3321 3797 3347 3797 3373 3798 3241 3798 3273 3798 3273 3799 3241 3799 3225 3799 3241 3800 3121 3800 3225 3800 3225 3801 3121 3801 3137 3801 3137 3802 3121 3802 3012 3802 3273 3803 3321 3803 3373 3803 3347 3804 3305 3804 3310 3804 3310 3805 3239 3805 3245 3805 3321 3806 3305 3806 3347 3806 3305 3807 3239 3807 3310 3807 3310 3808 3281 3808 3347 3808 3347 3809 3281 3809 3309 3809 3201 3810 3281 3810 3245 3810 3245 3811 3281 3811 3310 3811 3201 3812 3309 3812 3281 3812 3201 3813 3159 3813 3309 3813 3061 3814 3159 3814 3201 3814 2968 3815 3159 3815 3061 3815 3230 3816 3159 3816 2968 3816 3309 3817 3159 3817 3230 3817 3245 3818 3151 3818 3201 3818 3201 3819 3151 3819 3061 3819 3239 3820 3103 3820 3245 3820 3245 3821 3103 3821 3151 3821 3061 3822 3151 3822 3103 3822 3239 3823 3170 3823 3103 3823 3227 3824 3014 3824 3104 3824 3121 3825 3104 3825 1871 3825 1871 3826 3104 3826 2115 3826 3104 3827 3014 3827 2115 3827 2115 3828 3014 3828 2042 3828 1787 3829 2115 3829 2042 3829 3870 3830 3823 3830 3775 3830 3902 3831 3870 3831 3687 3831 3870 3832 3775 3832 3687 3832 3687 3833 3775 3833 2165 3833 2165 3834 2124 3834 2082 3834 2165 3835 2082 3835 2042 3835 3687 3836 2165 3836 2042 3836 2049 3837 2059 3837 2054 3837 2042 3838 2059 3838 2049 3838 2042 3839 2082 3839 2059 3839 2082 3840 2088 3840 2059 3840 4274 3841 3786 3841 3836 3841 4274 3842 3836 3842 3869 3842 4274 3843 3869 3843 4297 3843 4297 3844 3869 3844 3890 3844 2088 3845 2129 3845 1671 3845 2129 3846 2174 3846 1671 3846 2088 3847 1671 3847 1664 3847 2088 3848 1664 3848 2059 3848 2059 3849 1664 3849 1701 3849 2059 3850 1701 3850 1728 3850 3786 3851 4274 3851 1671 3851 2174 3852 3786 3852 1671 3852 4274 3853 4297 3853 4353 3853 4121 3854 4171 3854 4187 3854 4121 3855 4080 3855 4171 3855 4219 3856 4270 3856 4264 3856 4209 3857 4270 3857 4219 3857 4848 3858 5115 3858 5134 3858 5115 3859 4785 3859 5069 3859 4848 3860 4785 3860 5115 3860 4848 3861 4575 3861 4785 3861 4794 3862 4575 3862 4848 3862 4618 3863 4575 3863 4492 3863 4785 3864 4575 3864 4618 3864 4575 3865 4353 3865 4492 3865 4492 3866 4353 3866 4297 3866 4872 3867 5164 3867 5181 3867 4274 3868 4473 3868 4595 3868 4353 3869 4473 3869 4274 3869 4575 3870 4473 3870 4353 3870 4794 3871 4473 3871 4575 3871 4595 3872 4794 3872 4872 3872 4473 3873 4794 3873 4595 3873 5164 3874 4794 3874 5134 3874 4872 3875 4794 3875 5164 3875 5134 3876 4794 3876 4848 3876 5134 3877 5115 3877 5164 3877 4801 3878 4843 3878 4907 3878 5069 3879 5029 3879 5088 3879 5069 3880 5088 3880 5115 3880 4538 3881 4616 3881 4726 3881 4616 3882 4538 3882 4463 3882 4679 3883 4616 3883 4470 3883 4470 3884 4616 3884 4463 3884 4801 3885 4726 3885 4679 3885 4679 3886 4726 3886 4616 3886 4801 3887 4735 3887 4770 3887 4679 3888 4735 3888 4801 3888 5029 3889 5016 3889 5088 3889 4801 3890 4770 3890 4843 3890 4991 3891 5016 3891 5029 3891 4947 3892 5016 3892 4991 3892 5115 3893 5111 3893 5145 3893 5088 3894 5111 3894 5115 3894 5084 3895 5111 3895 5088 3895 5145 3896 5164 3896 5115 3896 5181 3897 5164 3897 5145 3897 5145 3898 5172 3898 5181 3898 5181 3899 5172 3899 5200 3899 5194 3900 5262 3900 5295 3900 5233 3901 5267 3901 5159 3901 5205 3902 5256 3902 5200 3902 5200 3903 5256 3903 5302 3903 5205 3904 5172 3904 5193 3904 5233 3905 5272 3905 5267 3905 5256 3906 5205 3906 5264 3906 5264 3907 5205 3907 5193 3907 5325 3908 5256 3908 5264 3908 5359 3909 5295 3909 5262 3909 5237 3910 5262 3910 5194 3910 5262 3911 5317 3911 5359 3911 5136 3912 5233 3912 5159 3912 5084 3913 5136 3913 5111 3913 5272 3914 5203 3914 5246 3914 5136 3915 5110 3915 5203 3915 5063 3916 5110 3916 5084 3916 5351 3917 5302 3917 5256 3917 5200 3918 5172 3918 5205 3918 5325 3919 5351 3919 5256 3919 5193 3920 5172 3920 5145 3920 5194 3921 5145 3921 5155 3921 5155 3922 5237 3922 5194 3922 5262 3923 5237 3923 5317 3923 5111 3924 5155 3924 5145 3924 5159 3925 5237 3925 5155 3925 5267 3926 5237 3926 5159 3926 5237 3927 5267 3927 5317 3927 5111 3928 5159 3928 5155 3928 5111 3929 5136 3929 5159 3929 5136 3930 5203 3930 5233 3930 5233 3931 5203 3931 5272 3931 5084 3932 5110 3932 5136 3932 5325 3933 5264 3933 5295 3933 5145 3934 5194 3934 5193 3934 5194 3935 5264 3935 5193 3935 5295 3936 5264 3936 5194 3936 5671 3937 5351 3937 5325 3937 5636 3938 5351 3938 5671 3938 5636 3939 5302 3939 5351 3939 5679 3940 5432 3940 5674 3940 5674 3941 5432 3941 5017 3941 5017 3942 5432 3942 5066 3942 5066 3943 5432 3943 5112 3943 5679 3944 5488 3944 5432 3944 5680 3945 5488 3945 5679 3945 5432 3946 5488 3946 5112 3946 5112 3947 5488 3947 5187 3947 5187 3948 5488 3948 5246 3948 5680 3949 5516 3949 5488 3949 5678 3950 5516 3950 5680 3950 5246 3951 5516 3951 5272 3951 5488 3952 5516 3952 5246 3952 5678 3953 5525 3953 5516 3953 5667 3954 5525 3954 5678 3954 5272 3955 5525 3955 5267 3955 5516 3956 5525 3956 5272 3956 5667 3957 5317 3957 5525 3957 5525 3958 5317 3958 5267 3958 5673 3959 5317 3959 5667 3959 5673 3960 5359 3960 5317 3960 5325 3961 5541 3961 5671 3961 5671 3962 5541 3962 5673 3962 5673 3963 5541 3963 5359 3963 5295 3964 5541 3964 5325 3964 5359 3965 5541 3965 5295 3965 5037 3966 5063 3966 5015 3966 5114 3967 5112 3967 5187 3967 5063 3968 5090 3968 5110 3968 5090 3969 5187 3969 5110 3969 5110 3970 5187 3970 5203 3970 5203 3971 5187 3971 5246 3971 5037 3972 5090 3972 5063 3972 5015 3973 4963 3973 5037 3973 4946 3974 4963 3974 5015 3974 5187 3975 5090 3975 5114 3975 5114 3976 5090 3976 5037 3976 5037 3977 5112 3977 5114 3977 5112 3978 5005 3978 5066 3978 5112 3979 5037 3979 5005 3979 4963 3980 5005 3980 5037 3980 5066 3981 5005 3981 5017 3981 5005 3982 4936 3982 5017 3982 4963 3983 4936 3983 5005 3983 5083 3984 5050 3984 5096 3984 4916 3985 4894 3985 4938 3985 4955 3986 4916 3986 4974 3986 4916 3987 4865 3987 4894 3987 4955 3988 4873 3988 4916 3988 4916 3989 4873 3989 4865 3989 4873 3990 4828 3990 4865 3990 5106 3991 5177 3991 5093 3991 5040 3992 4974 3992 5054 3992 4901 3993 4909 3993 4841 3993 4838 3994 4817 3994 4858 3994 5083 3995 5106 3995 5058 3995 5177 3996 5106 3996 5137 3996 5137 3997 5106 3997 5083 3997 5083 3998 5058 3998 5050 3998 5058 3999 5025 3999 5027 3999 5027 4000 5025 4000 4980 4000 5058 4001 5093 4001 5025 4001 5106 4002 5093 4002 5058 4002 5025 4003 4989 4003 4980 4003 4980 4004 4989 4004 4938 4004 4976 4005 4938 4005 4989 4005 4974 4006 4976 4006 5054 4006 4863 4007 4929 4007 4925 4007 4887 4008 4863 4008 4925 4008 4873 4009 4863 4009 4828 4009 4841 4010 4863 4010 4887 4010 4841 4011 4811 4011 4863 4011 4901 4012 4841 4012 4887 4012 4909 4013 4910 4013 4858 4013 4858 4014 4910 4014 4877 4014 4858 4015 4877 4015 4838 4015 4910 4016 4935 4016 4877 4016 5177 4017 5137 4017 5234 4017 5027 4018 5050 4018 5058 4018 5071 4019 4976 4019 4989 4019 5054 4020 4976 4020 5071 4020 4863 4021 4873 4021 4929 4021 4828 4022 4863 4022 4811 4022 4909 4023 4858 4023 4841 4023 4858 4024 4811 4024 4841 4024 4817 4025 4811 4025 4858 4025 4838 4026 4877 4026 4880 4026 4877 4027 4936 4027 4880 4027 4880 4028 4936 4028 4963 4028 4946 4029 4880 4029 4963 4029 5093 4030 4989 4030 5025 4030 5071 4031 4989 4031 5093 4031 4976 4032 4974 4032 4916 4032 4916 4033 4938 4033 4976 4033 4929 4034 4873 4034 4955 4034 4969 4035 4936 4035 4935 4035 4935 4036 4936 4036 4877 4036 4936 4037 4969 4037 5017 4037 4591 4038 4786 4038 4776 4038 4619 4039 4786 4039 4591 4039 4791 4040 4786 4040 4688 4040 4688 4041 4786 4041 4619 4041 4938 4042 4904 4042 4980 4042 4776 4043 4904 4043 4938 4043 4791 4044 4890 4044 4786 4044 4776 4045 4940 4045 4904 4045 4786 4046 4940 4046 4776 4046 4980 4047 4986 4047 5027 4047 4940 4048 4986 4048 4904 4048 4904 4049 4986 4049 4980 4049 4990 4050 4940 4050 4890 4050 4890 4051 4940 4051 4786 4051 4940 4052 4990 4052 4986 4052 5096 4053 5050 4053 5051 4053 4986 4054 5050 4054 5027 4054 5051 4055 5050 4055 4986 4055 4990 4056 5051 4056 4986 4056 4468 4057 4331 4057 4467 4057 4619 4058 4524 4058 4467 4058 4591 4059 4524 4059 4619 4059 4527 4060 4468 4060 4591 4060 4591 4061 4468 4061 4524 4061 4524 4062 4468 4062 4467 4062 4688 4063 4619 4063 4555 4063 4496 4064 4555 4064 4467 4064 4467 4065 4555 4065 4619 4065 5036 4066 4983 4066 4821 4066 4821 4067 4983 4067 4774 4067 4983 4068 4878 4068 4774 4068 4774 4069 4878 4069 4737 4069 4737 4070 4878 4070 4657 4070 5051 4071 4990 4071 5036 4071 5036 4072 4990 4072 4983 4072 4890 4073 4878 4073 4990 4073 4990 4074 4878 4074 4983 4074 4485 4075 4571 4075 4496 4075 4544 4076 4571 4076 4485 4076 4555 4077 4571 4077 4688 4077 4496 4078 4571 4078 4555 4078 4878 4079 4756 4079 4657 4079 4890 4080 4829 4080 4878 4080 4791 4081 4829 4081 4890 4081 4657 4082 4544 4082 4543 4082 4756 4083 4544 4083 4657 4083 4688 4084 4706 4084 4791 4084 4791 4085 4706 4085 4829 4085 4756 4086 4706 4086 4544 4086 4571 4087 4706 4087 4688 4087 4544 4088 4706 4088 4571 4088 4878 4089 4829 4089 4756 4089 4756 4090 4829 4090 4706 4090 4434 4091 4543 4091 4485 4091 4485 4092 4543 4092 4544 4092 4434 4093 4542 4093 4543 4093 4434 4094 4453 4094 4542 4094 4543 4095 4542 4095 4657 4095 4329 4096 4453 4096 4200 4096 4200 4097 4453 4097 4434 4097 4542 4098 4592 4098 4657 4098 4453 4099 4489 4099 4542 4099 4657 4100 4592 4100 4737 4100 4542 4101 4489 4101 4592 4101 4592 4102 4638 4102 4737 4102 4737 4103 4638 4103 4774 4103 4821 4104 4774 4104 4691 4104 4489 4105 4516 4105 4592 4105 4516 4106 4638 4106 4592 4106 4638 4107 4691 4107 4774 4107 4516 4108 4525 4108 4638 4108 4638 4109 4517 4109 4691 4109 4646 4110 4517 4110 4532 4110 4691 4111 4517 4111 4646 4111 4525 4112 4517 4112 4638 4112 4398 4113 4434 4113 4458 4113 4434 4114 4485 4114 4458 4114 4485 4115 4496 4115 4458 4115 4458 4116 4496 4116 4461 4116 4461 4117 4496 4117 4450 4117 4450 4118 4496 4118 4467 4118 4174 4119 4434 4119 4398 4119 4104 4120 4200 4120 4174 4120 4174 4121 4200 4121 4434 4121 3605 4122 4104 4122 4174 4122 4104 4123 3920 4123 4098 4123 4098 4124 4178 4124 4104 4124 4104 4125 4178 4125 4200 4125 4200 4126 4178 4126 4329 4126 4525 4127 4283 4127 4299 4127 4489 4128 4233 4128 4516 4128 4328 4129 4517 4129 4299 4129 4299 4130 4517 4130 4525 4130 4516 4131 4283 4131 4525 4131 4233 4132 4283 4132 4516 4132 4329 4133 4233 4133 4489 4133 4453 4134 4329 4134 4489 4134 4517 4135 4430 4135 4532 4135 4328 4136 4430 4136 4517 4136 4532 4137 4430 4137 4547 4137 4547 4138 4430 4138 4266 4138 4266 4139 4430 4139 4328 4139 4265 4140 4266 4140 4328 4140 1675 4141 2177 4141 2135 4141 2135 4142 2085 4142 1675 4142 2085 4143 1692 4143 1675 4143 2085 4144 2060 4144 1692 4144 1675 4145 3785 4145 2177 4145 1675 4146 4266 4146 3785 4146 3785 4147 4266 4147 3839 4147 3839 4148 4266 4148 3871 4148 4266 4149 4265 4149 3871 4149 3871 4150 4265 4150 3889 4150 1651 4151 1675 4151 1692 4151 1709 4152 1738 4152 1685 4152 1738 4153 1705 4153 1685 4153 1709 4154 1685 4154 1680 4154 1692 4155 1680 4155 1651 4155 1739 4156 1791 4156 1613 4156 1739 4157 1755 4157 1791 4157 1739 4158 1705 4158 1755 4158 1705 4159 1738 4159 1755 4159 1468 4160 1397 4160 1337 4160 1468 4161 1516 4161 1397 4161 1468 4162 1705 4162 1516 4162 1397 4163 1613 4163 1494 4163 1516 4164 1613 4164 1397 4164 1705 4165 1739 4165 1516 4165 1516 4166 1739 4166 1613 4166 1705 4167 1468 4167 1685 4167 1651 4168 1363 4168 1675 4168 1675 4169 1363 4169 1414 4169 1651 4170 1394 4170 1363 4170 1680 4171 1394 4171 1651 4171 1685 4172 1443 4172 1680 4172 1680 4173 1443 4173 1394 4173 1394 4174 1443 4174 1314 4174 1314 4175 1443 4175 1337 4175 1443 4176 1468 4176 1337 4176 1685 4177 1468 4177 1443 4177 996 4178 1202 4178 1032 4178 627 4179 898 4179 670 4179 901 4180 898 4180 627 4180 901 4181 1007 4181 898 4181 1414 4182 1007 4182 901 4182 1363 4183 1007 4183 1414 4183 670 4184 943 4184 744 4184 898 4185 943 4185 670 4185 1007 4186 943 4186 898 4186 1363 4187 943 4187 1007 4187 1394 4188 943 4188 1363 4188 744 4189 979 4189 811 4189 943 4190 979 4190 744 4190 943 4191 1046 4191 979 4191 1394 4192 1046 4192 943 4192 811 4193 979 4193 921 4193 1046 4194 1089 4194 979 4194 1394 4195 1089 4195 1046 4195 1314 4196 1089 4196 1394 4196 921 4197 1083 4197 996 4197 979 4198 1083 4198 921 4198 1089 4199 1183 4199 979 4199 979 4200 1183 4200 1083 4200 996 4201 1083 4201 1202 4201 1337 4202 1183 4202 1314 4202 1314 4203 1183 4203 1089 4203 1397 4204 1183 4204 1337 4204 1083 4205 1183 4205 1202 4205 1202 4206 1183 4206 1397 4206 851 4207 811 4207 921 4207 761 4208 811 4208 851 4208 811 4209 761 4209 744 4209 761 4210 693 4210 744 4210 744 4211 693 4211 670 4211 627 4212 664 4212 611 4212 559 4213 494 4213 427 4213 618 4214 664 4214 663 4214 611 4215 618 4215 581 4215 446 4216 494 4216 538 4216 413 4217 494 4217 446 4217 581 4218 559 4218 611 4218 413 4219 427 4219 494 4219 482 4220 538 4220 556 4220 556 4221 538 4221 618 4221 435 4222 482 4222 556 4222 446 4223 538 4223 482 4223 538 4224 581 4224 618 4224 494 4225 581 4225 538 4225 581 4226 494 4226 559 4226 618 4227 611 4227 664 4227 413 4228 446 4228 106 4228 413 4229 106 4229 126 4229 427 4230 413 4230 126 4230 527 4231 525 4231 248 4231 112 4232 86 4232 248 4232 525 4233 112 4233 248 4233 527 4234 248 4234 226 4234 516 4235 527 4235 226 4235 506 4236 516 4236 226 4236 86 4237 119 4237 226 4237 248 4238 86 4238 226 4238 506 4239 226 4239 119 4239 435 4240 506 4240 121 4240 506 4241 119 4241 121 4241 121 4242 124 4242 435 4242 446 4243 482 4243 124 4243 482 4244 435 4244 124 4244 106 4245 446 4245 124 4245 672 4246 681 4246 90 4246 672 4247 90 4247 117 4247 706 4248 672 4248 117 4248 532 4249 596 4249 116 4249 532 4250 116 4250 112 4250 525 4251 532 4251 112 4251 747 4252 706 4252 309 4252 117 4253 92 4253 309 4253 706 4254 117 4254 309 4254 747 4255 309 4255 314 4255 753 4256 747 4256 314 4256 711 4257 753 4257 314 4257 92 4258 118 4258 314 4258 309 4259 92 4259 314 4259 675 4260 711 4260 118 4260 711 4261 314 4261 118 4261 704 4262 675 4262 296 4262 118 4263 89 4263 296 4263 675 4264 118 4264 296 4264 704 4265 296 4265 289 4265 669 4266 704 4266 289 4266 296 4267 89 4267 289 4267 669 4268 289 4268 284 4268 705 4269 669 4269 284 4269 702 4270 705 4270 284 4270 89 4271 91 4271 284 4271 289 4272 89 4272 284 4272 682 4273 702 4273 299 4273 702 4274 284 4274 299 4274 91 4275 125 4275 299 4275 284 4276 91 4276 299 4276 682 4277 299 4277 277 4277 644 4278 682 4278 277 4278 621 4279 644 4279 277 4279 596 4280 621 4280 277 4280 116 4281 596 4281 277 4281 299 4282 125 4282 277 4282 125 4283 116 4283 277 4283 768 4284 776 4284 810 4284 672 4285 706 4285 776 4285 810 4286 820 4286 842 4286 826 4287 856 4287 820 4287 747 4288 753 4288 820 4288 820 4289 753 4289 826 4289 826 4290 847 4290 856 4290 826 4291 753 4291 805 4291 711 4292 751 4292 753 4292 835 4293 805 4293 796 4293 796 4294 805 4294 771 4294 805 4295 751 4295 771 4295 681 4296 776 4296 768 4296 672 4297 776 4297 681 4297 820 4298 776 4298 765 4298 810 4299 776 4299 820 4299 706 4300 765 4300 776 4300 842 4301 820 4301 856 4301 751 4302 805 4302 753 4302 835 4303 847 4303 805 4303 751 4304 711 4304 675 4304 826 4305 805 4305 847 4305 706 4306 747 4306 765 4306 765 4307 747 4307 820 4307 879 4308 945 4308 941 4308 793 4309 842 4309 879 4309 879 4310 842 4310 945 4310 842 4311 856 4311 945 4311 856 4312 847 4312 916 4312 916 4313 945 4313 856 4313 905 4314 916 4314 835 4314 835 4315 916 4315 847 4315 945 4316 1050 4316 941 4316 945 4317 1048 4317 1050 4317 1048 4318 1112 4318 1050 4318 916 4319 1048 4319 945 4319 916 4320 981 4320 1048 4320 905 4321 981 4321 916 4321 981 4322 1059 4322 1048 4322 1112 4323 1232 4323 1229 4323 1048 4324 1232 4324 1112 4324 1145 4325 1059 4325 1025 4325 1059 4326 1241 4326 1048 4326 1048 4327 1241 4327 1232 4327 1145 4328 1243 4328 1241 4328 981 4329 1025 4329 1059 4329 905 4330 1025 4330 981 4330 1059 4331 1145 4331 1241 4331 1103 4332 1025 4332 1064 4332 1103 4333 1145 4333 1025 4333 1246 4334 1145 4334 1103 4334 1246 4335 1243 4335 1145 4335 1025 4336 1030 4336 1064 4336 995 4337 1033 4337 1030 4337 835 4338 891 4338 905 4338 817 4339 891 4339 818 4339 818 4340 891 4340 835 4340 905 4341 958 4341 1025 4341 995 4342 958 4342 891 4342 891 4343 958 4343 905 4343 1025 4344 958 4344 1030 4344 1030 4345 958 4345 995 4345 1133 4346 1107 4346 1226 4346 1226 4347 1107 4347 1238 4347 1238 4348 1107 4348 1201 4348 1066 4349 1107 4349 1133 4349 1066 4350 1035 4350 1107 4350 1033 4351 995 4351 1066 4351 1066 4352 995 4352 1035 4352 993 4353 904 4353 934 4353 1244 4354 1238 4354 1201 4354 904 4355 1003 4355 891 4355 993 4356 1003 4356 904 4356 1094 4357 1003 4357 993 4357 1094 4358 1201 4358 1107 4358 1035 4359 1003 4359 1107 4359 1107 4360 1003 4360 1094 4360 1003 4361 995 4361 891 4361 1035 4362 995 4362 1003 4362 1017 4363 927 4363 942 4363 927 4364 1017 4364 934 4364 1017 4365 993 4365 934 4365 1113 4366 1094 4366 1017 4366 1236 4367 1094 4367 1113 4367 1017 4368 1094 4368 993 4368 1244 4369 1201 4369 1236 4369 1236 4370 1201 4370 1094 4370 1342 4371 1484 4371 1362 4371 1909 4372 2044 4372 1889 4372 1244 4373 1342 4373 1362 4373 1236 4374 1342 4374 1244 4374 1760 4375 1484 4375 1767 4375 1767 4376 1909 4376 1828 4376 1828 4377 1909 4377 1889 4377 2027 4378 2075 4378 1909 4378 1909 4379 2075 4379 2044 4379 2210 4380 2213 4380 2075 4380 2075 4381 2208 4381 2044 4381 2213 4382 2208 4382 2075 4382 2027 4383 2210 4383 2075 4383 2417 4384 2511 4384 2507 4384 2575 4385 2637 4385 2567 4385 2744 4386 2732 4386 2748 4386 2748 4387 2732 4387 2728 4387 2732 4388 2690 4388 2728 4388 2690 4389 2655 4389 2728 4389 2436 4390 2326 4390 2371 4390 2326 4391 2208 4391 2213 4391 2138 4392 2195 4392 2223 4392 2575 4393 2567 4393 2511 4393 2725 4394 2689 4394 2742 4394 2727 4395 2689 4395 2666 4395 2684 4396 2619 4396 2647 4396 2520 4397 2619 4397 2576 4397 2179 4398 2223 4398 2228 4398 2138 4399 2223 4399 2179 4399 2310 4400 2223 4400 2195 4400 2310 4401 2325 4401 2223 4401 2427 4402 2325 4402 2417 4402 2417 4403 2325 4403 2310 4403 2417 4404 2493 4404 2427 4404 2507 4405 2493 4405 2417 4405 2511 4406 2567 4406 2507 4406 2637 4407 2635 4407 2567 4407 2637 4408 2689 4408 2635 4408 2666 4409 2689 4409 2637 4409 2727 4410 2742 4410 2689 4410 2750 4411 2742 4411 2727 4411 2741 4412 2750 4412 2727 4412 2744 4413 2750 4413 2741 4413 2744 4414 2759 4414 2767 4414 2748 4415 2759 4415 2744 4415 2655 4416 2684 4416 2728 4416 2728 4417 2684 4417 2740 4417 2628 4418 2684 4418 2655 4418 2576 4419 2619 4419 2628 4419 2647 4420 2619 4420 2622 4420 2520 4421 2532 4421 2619 4421 2437 4422 2532 4422 2520 4422 2436 4423 2437 4423 2520 4423 2371 4424 2437 4424 2436 4424 2326 4425 2316 4425 2371 4425 2326 4426 2213 4426 2316 4426 2228 4427 2325 4427 2330 4427 2223 4428 2325 4428 2228 4428 2330 4429 2325 4429 2427 4429 2493 4430 2507 4430 2583 4430 2507 4431 2567 4431 2583 4431 2635 4432 2583 4432 2567 4432 2583 4433 2635 4433 2659 4433 2635 4434 2689 4434 2659 4434 2659 4435 2689 4435 2725 4435 2767 4436 2742 4436 2750 4436 2744 4437 2767 4437 2750 4437 2764 4438 2759 4438 2748 4438 2764 4439 2748 4439 2740 4439 2728 4440 2740 4440 2748 4440 2619 4441 2684 4441 2628 4441 2619 4442 2532 4442 2622 4442 2622 4443 2532 4443 2514 4443 2437 4444 2514 4444 2532 4444 2437 4445 2371 4445 2316 4445 2213 4446 2210 4446 2316 4446 2231 4447 2405 4447 2271 4447 2271 4448 2405 4448 2506 4448 2271 4449 2506 4449 2479 4449 2479 4450 2506 4450 2683 4450 2610 4451 2683 4451 2506 4451 2610 4452 2685 4452 2683 4452 2685 4453 2801 4453 2683 4453 2685 4454 2743 4454 2801 4454 2351 4455 2347 4455 2209 4455 2427 4456 2470 4456 2330 4456 2493 4457 2547 4457 2427 4457 2427 4458 2547 4458 2470 4458 2583 4459 2547 4459 2493 4459 2583 4460 2640 4460 2547 4460 2583 4461 2659 4461 2640 4461 2759 4462 2795 4462 2767 4462 2764 4463 2795 4463 2759 4463 2684 4464 2753 4464 2740 4464 2647 4465 2693 4465 2684 4465 2647 4466 2622 4466 2693 4466 2514 4467 2557 4467 2622 4467 2437 4468 2415 4468 2514 4468 2514 4469 2415 4469 2502 4469 2316 4470 2415 4470 2437 4470 2316 4471 2322 4471 2415 4471 2210 4472 2322 4472 2316 4472 2210 4473 2241 4473 2322 4473 2228 4474 2267 4474 2189 4474 2330 4475 2267 4475 2228 4475 2231 4476 2352 4476 2405 4476 2267 4477 2352 4477 2231 4477 2330 4478 2352 4478 2267 4478 2428 4479 2405 4479 2352 4479 2405 4480 2428 4480 2506 4480 2470 4481 2428 4481 2330 4481 2428 4482 2525 4482 2506 4482 2428 4483 2470 4483 2525 4483 2470 4484 2547 4484 2525 4484 2506 4485 2525 4485 2610 4485 2610 4486 2547 4486 2640 4486 2640 4487 2685 4487 2610 4487 2640 4488 2743 4488 2685 4488 2640 4489 2725 4489 2743 4489 2659 4490 2725 4490 2640 4490 2764 4491 2791 4491 2808 4491 2228 4492 2189 4492 2179 4492 2267 4493 2231 4493 2189 4493 2428 4494 2352 4494 2330 4494 2525 4495 2547 4495 2610 4495 2757 4496 2743 4496 2725 4496 2757 4497 2794 4497 2743 4497 2757 4498 2725 4498 2742 4498 2767 4499 2757 4499 2742 4499 2794 4500 2757 4500 2767 4500 2794 4501 2795 4501 2812 4501 2812 4502 2795 4502 2808 4502 2740 4503 2753 4503 2764 4503 2764 4504 2753 4504 2791 4504 2755 4505 2791 4505 2753 4505 2693 4506 2753 4506 2684 4506 2622 4507 2662 4507 2693 4507 2622 4508 2557 4508 2662 4508 2514 4509 2502 4509 2557 4509 2322 4510 2463 4510 2415 4510 2241 4511 2173 4511 2261 4511 2743 4512 2812 4512 2801 4512 2794 4513 2812 4513 2743 4513 2795 4514 2794 4514 2767 4514 2764 4515 2808 4515 2795 4515 2791 4516 2817 4516 2808 4516 2753 4517 2693 4517 2755 4517 2502 4518 2415 4518 2463 4518 2322 4519 2241 4519 2261 4519 2347 4520 2261 4520 2209 4520 2801 4521 2812 4521 2845 4521 2845 4522 2812 4522 2808 4522 2755 4523 2817 4523 2791 4523 2755 4524 2730 4524 2817 4524 2662 4525 2730 4525 2755 4525 2662 4526 2755 4526 2693 4526 2730 4527 2554 4527 2351 4527 2554 4528 2557 4528 2463 4528 2463 4529 2557 4529 2502 4529 2347 4530 2554 4530 2463 4530 2351 4531 2554 4531 2347 4531 2261 4532 2463 4532 2322 4532 2347 4533 2463 4533 2261 4533 2808 4534 2817 4534 2845 4534 2730 4535 2662 4535 2554 4535 2554 4536 2662 4536 2557 4536 1342 4537 1489 4537 1484 4537 1767 4538 1489 4538 1954 4538 1342 4539 1236 4539 1489 4539 2210 4540 2027 4540 2241 4540 2261 4541 2173 4541 2209 4541 1909 4542 1767 4542 2027 4542 1484 4543 1489 4543 1767 4543 2119 4544 2173 4544 2241 4544 2027 4545 2119 4545 2241 4545 2173 4546 1954 4546 2209 4546 2119 4547 1954 4547 2173 4547 1954 4548 2027 4548 1767 4548 1954 4549 2119 4549 2027 4549 1150 4550 1113 4550 1020 4550 1236 4551 1113 4551 1234 4551 1020 4552 1113 4552 1017 4552 1234 4553 1113 4553 1150 4553 1494 4554 1393 4554 1397 4554 1393 4555 1344 4555 1292 4555 1344 4556 1329 4556 1292 4556 1329 4557 1275 4557 1292 4557 1234 4558 1150 4558 1275 4558 1317 4559 1311 4559 1275 4559 1317 4560 1275 4560 1329 4560 1292 4561 1275 4561 1202 4561 1292 4562 1202 4562 1393 4562 1393 4563 1202 4563 1397 4563 1150 4564 1032 4564 1275 4564 1275 4565 1032 4565 1202 4565 1020 4566 1032 4566 1150 4566 996 4567 950 4567 921 4567 1020 4568 950 4568 1032 4568 1032 4569 950 4569 996 4569 1017 4570 942 4570 1020 4570 1020 4571 942 4571 950 4571 921 4572 873 4572 851 4572 851 4573 844 4573 761 4573 873 4574 844 4574 851 4574 942 4575 844 4575 950 4575 927 4576 844 4576 942 4576 761 4577 736 4577 693 4577 844 4578 736 4578 761 4578 778 4579 736 4579 844 4579 693 4580 664 4580 670 4580 670 4581 664 4581 627 4581 754 4582 736 4582 778 4582 707 4583 736 4583 735 4583 735 4584 736 4584 754 4584 736 4585 664 4585 693 4585 707 4586 664 4586 736 4586 950 4587 873 4587 921 4587 844 4588 873 4588 950 4588 525 4589 527 4589 650 4589 527 4590 516 4590 667 4590 667 4591 516 4591 642 4591 618 4592 663 4592 556 4592 650 4593 667 4593 735 4593 650 4594 527 4594 667 4594 642 4595 707 4595 667 4595 667 4596 707 4596 735 4596 642 4597 663 4597 707 4597 642 4598 606 4598 663 4598 707 4599 663 4599 664 4599 516 4600 506 4600 642 4600 642 4601 506 4601 606 4601 556 4602 663 4602 606 4602 435 4603 556 4603 506 4603 506 4604 556 4604 606 4604 705 4605 702 4605 787 4605 767 4606 621 4606 734 4606 621 4607 596 4607 734 4607 734 4608 596 4608 650 4608 818 4609 789 4609 817 4609 789 4610 790 4610 817 4610 789 4611 743 4611 790 4611 790 4612 743 4612 705 4612 790 4613 787 4613 817 4613 790 4614 705 4614 787 4614 767 4615 801 4615 740 4615 767 4616 740 4616 644 4616 734 4617 778 4617 767 4617 734 4618 754 4618 778 4618 735 4619 754 4619 734 4619 705 4620 743 4620 669 4620 814 4621 817 4621 787 4621 682 4622 787 4622 702 4622 787 4623 740 4623 814 4623 682 4624 740 4624 787 4624 814 4625 740 4625 801 4625 644 4626 740 4626 682 4626 532 4627 525 4627 596 4627 778 4628 801 4628 767 4628 767 4629 644 4629 621 4629 650 4630 735 4630 734 4630 525 4631 650 4631 596 4631 904 4632 817 4632 934 4632 817 4633 814 4633 934 4633 817 4634 904 4634 891 4634 801 4635 854 4635 814 4635 814 4636 854 4636 934 4636 778 4637 854 4637 801 4637 927 4638 854 4638 844 4638 934 4639 854 4639 927 4639 844 4640 854 4640 778 4640 789 4641 796 4641 743 4641 743 4642 704 4642 669 4642 796 4643 704 4643 743 4643 675 4644 771 4644 751 4644 818 4645 796 4645 789 4645 771 4646 704 4646 796 4646 818 4647 835 4647 796 4647 704 4648 771 4648 675 4648 1613 4649 1653 4649 1494 4649 1613 4650 1781 4650 1653 4650 1613 4651 1791 4651 1781 4651 1791 4652 1849 4652 1781 4652 1791 4653 1880 4653 1849 4653 1880 4654 1964 4654 1849 4654 1880 4655 2040 4655 1964 4655 1964 4656 2040 4656 2112 4656 2264 4657 2186 4657 2760 4657 2682 4658 2599 4658 2339 4658 2339 4659 2760 4659 2682 4659 2760 4660 2339 4660 2264 4660 2112 4661 2760 4661 2186 4661 2040 4662 2760 4662 2112 4662 2754 4663 2751 4663 2807 4663 2697 4664 2749 4664 2751 4664 2675 4665 2749 4665 2697 4665 2599 4666 2682 4666 2675 4666 2749 4667 2797 4667 2751 4667 2751 4668 2797 4668 2807 4668 2675 4669 2682 4669 2749 4669 2807 4670 2797 4670 2873 4670 2797 4671 2749 4671 2875 4671 2682 4672 2862 4672 2749 4672 2760 4673 2862 4673 2682 4673 2797 4674 2875 4674 2873 4674 2873 4675 2875 4675 2922 4675 2922 4676 2875 4676 3007 4676 2875 4677 2862 4677 3007 4677 2862 4678 2875 4678 2749 4678 3007 4679 3920 4679 4104 4679 3007 4680 3019 4680 3920 4680 3920 4681 3019 4681 4072 4681 4072 4682 3019 4682 3094 4682 3094 4683 2037 4683 2050 4683 3019 4684 2037 4684 3094 4684 2114 4685 2037 4685 3019 4685 2114 4686 2040 4686 2037 4686 1791 4687 1755 4687 1880 4687 2050 4688 2037 4688 1850 4688 1880 4689 1850 4689 2040 4689 2040 4690 1850 4690 2037 4690 1880 4691 1738 4691 1850 4691 1755 4692 1738 4692 1880 4692 2141 4693 2079 4693 2122 4693 2141 4694 3094 4694 2079 4694 2079 4695 3094 4695 2050 4695 3802 4696 3094 4696 2141 4696 3845 4697 3876 4697 3802 4697 3802 4698 3876 4698 3094 4698 3876 4699 3899 4699 3094 4699 2060 4700 2085 4700 2079 4700 2055 4701 2079 4701 2050 4701 2060 4702 2079 4702 2055 4702 1850 4703 2055 4703 2050 4703 1850 4704 1843 4704 2055 4704 1850 4705 1738 4705 1843 4705 1709 4706 1843 4706 1738 4706 2055 4707 1680 4707 2060 4707 1843 4708 1680 4708 2055 4708 1709 4709 1680 4709 1843 4709 1680 4710 1692 4710 2060 4710 2177 4711 2141 4711 2135 4711 2079 4712 2085 4712 2122 4712 2122 4713 2135 4713 2141 4713 2085 4714 2135 4714 2122 4714 3802 4715 2177 4715 3785 4715 3802 4716 2141 4716 2177 4716 3802 4717 3839 4717 3845 4717 3839 4718 3802 4718 3785 4718 3871 4719 3845 4719 3839 4719 3871 4720 3876 4720 3845 4720 3871 4721 3889 4721 3876 4721 3896 4722 3899 4722 3876 4722 3889 4723 3896 4723 3876 4723 4189 4724 4111 4724 4196 4724 4072 4725 4111 4725 4189 4725 3896 4726 4111 4726 3899 4726 3899 4727 4111 4727 4072 4727 4111 4728 4208 4728 4196 4728 3889 4729 4208 4729 3896 4729 3896 4730 4208 4730 4111 4730 4227 4731 3889 4731 4265 4731 3889 4732 4227 4732 4208 4732 3899 4733 4072 4733 3094 4733 3920 4734 4072 4734 4098 4734 4178 4735 4098 4735 4189 4735 4189 4736 4098 4736 4072 4736 4178 4737 4189 4737 4329 4737 4299 4738 4208 4738 4227 4738 4196 4739 4233 4739 4189 4739 4265 4740 4299 4740 4227 4740 4208 4741 4283 4741 4233 4741 4208 4742 4233 4742 4196 4742 4329 4743 4189 4743 4233 4743 4299 4744 4265 4744 4328 4744 4208 4745 4299 4745 4283 4745 3007 4746 2862 4746 3019 4746 2760 4747 3019 4747 2862 4747 2040 4748 2114 4748 2760 4748 2760 4749 2114 4749 3019 4749 4853 4750 5157 4750 5119 4750 4818 4751 5184 4751 5157 4751 4554 4752 4547 4752 4266 4752 4554 4753 4666 4753 4547 4753 4818 4754 4666 4754 4554 4754 4818 4755 4853 4755 4666 4755 5157 4756 4853 4756 4818 4756 5060 4757 5036 4757 4821 4757 4666 4758 4646 4758 4547 4758 4547 4759 4646 4759 4532 4759 5060 4760 4840 4760 5103 4760 5103 4761 4840 4761 5119 4761 4853 4762 4840 4762 4666 4762 5119 4763 4840 4763 4853 4763 4666 4764 4840 4764 4646 4764 4821 4765 4840 4765 5060 4765 4840 4766 4821 4766 4646 4766 4646 4767 4821 4767 4691 4767 5138 4768 5119 4768 5157 4768 5138 4769 5103 4769 5119 4769 5094 4770 5060 4770 5103 4770 5184 4771 5138 4771 5157 4771 5036 4772 5060 4772 5094 4772 5036 4773 5094 4773 5051 4773 5103 4774 5138 4774 5094 4774 5185 4775 5184 4775 5199 4775 5154 4776 5184 4776 5185 4776 5154 4777 5127 4777 5138 4777 5138 4778 5127 4778 5094 4778 5094 4779 5127 4779 5096 4779 5094 4780 5096 4780 5051 4780 5138 4781 5184 4781 5154 4781 4398 4782 4232 4782 4174 4782 4443 4783 4415 4783 4458 4783 4458 4784 4415 4784 4398 4784 4415 4785 4232 4785 4398 4785 4232 4786 4136 4786 4174 4786 4232 4787 4415 4787 4379 4787 4415 4788 4440 4788 4379 4788 4443 4789 4440 4789 4415 4789 4232 4790 4379 4790 4204 4790 4204 4791 4379 4791 4294 4791 4379 4792 4440 4792 4294 4792 4442 4793 4441 4793 4443 4793 4443 4794 4441 4794 4440 4794 4418 4795 4441 4795 4442 4795 4418 4796 4400 4796 4441 4796 4250 4797 4400 4797 4418 4797 4250 4798 4220 4798 4400 4798 4418 4799 4442 4799 4450 4799 4216 4800 4250 4800 4407 4800 4418 4801 4407 4801 4250 4801 4407 4802 4418 4802 4450 4802 4149 4803 4216 4803 4139 4803 4250 4804 4216 4804 4149 4804 4103 4805 4216 4805 4175 4805 4103 4806 4139 4806 4216 4806 4216 4807 4331 4807 4175 4807 4216 4808 4467 4808 4331 4808 4407 4809 4467 4809 4216 4809 4450 4810 4467 4810 4407 4810 4450 4811 4442 4811 4461 4811 4443 4812 4458 4812 4461 4812 4442 4813 4443 4813 4461 4813 4175 4814 4123 4814 4103 4814 4175 4815 4179 4815 4123 4815 4123 4816 4203 4816 4130 4816 4179 4817 4203 4817 4123 4817 4527 4818 4350 4818 4468 4818 4455 4819 4350 4819 4527 4819 4179 4820 4350 4820 4203 4820 4203 4821 4350 4821 4455 4821 4468 4822 4350 4822 4331 4822 4331 4823 4350 4823 4175 4823 4175 4824 4350 4824 4179 4824 4573 4825 4447 4825 4565 4825 4211 4826 4326 4826 4447 4826 4447 4827 4446 4827 4565 4827 4326 4828 4446 4828 4447 4828 4130 4829 4177 4829 4211 4829 4211 4830 4177 4830 4326 4830 4446 4831 4493 4831 4565 4831 4446 4832 4362 4832 4493 4832 4326 4833 4362 4833 4446 4833 4565 4834 4493 4834 4581 4834 4326 4835 4177 4835 4362 4835 4203 4836 4177 4836 4130 4836 4362 4837 4177 4837 4203 4837 4203 4838 4455 4838 4362 4838 4362 4839 4455 4839 4493 4839 4581 4840 4493 4840 4527 4840 4455 4841 4527 4841 4493 4841 4259 4842 4447 4842 4573 4842 4211 4843 4447 4843 4259 4843 4163 4844 4259 4844 4197 4844 4259 4845 4235 4845 4197 4845 4259 4846 4291 4846 4235 4846 4259 4847 4325 4847 4291 4847 4325 4848 4259 4848 4429 4848 4018 4849 4211 4849 4109 4849 4109 4850 4211 4850 4163 4850 4259 4851 4163 4851 4211 4851 4087 4852 4164 4852 4129 4852 4325 4853 4129 4853 4291 4853 4291 4854 4129 4854 4164 4854 4016 4855 4061 4855 3930 4855 4061 4856 4087 4856 3930 4856 4087 4857 4133 4857 4164 4857 4016 4858 4163 4858 4061 4858 4061 4859 4197 4859 4087 4859 4163 4860 4197 4860 4061 4860 4164 4861 4133 4861 4291 4861 4197 4862 4235 4862 4133 4862 4133 4863 4235 4863 4291 4863 4197 4864 4133 4864 4087 4864 4016 4865 4109 4865 4163 4865 4016 4866 3981 4866 4109 4866 3904 4867 3981 4867 4016 4867 4109 4868 3981 4868 4018 4868 3981 4869 3915 4869 4018 4869 4018 4870 3776 4870 3682 4870 3915 4871 3776 4871 4018 4871 3733 4872 3776 4872 3874 4872 3682 4873 3776 4873 3733 4873 3981 4874 3874 4874 3915 4874 3915 4875 3874 4875 3776 4875 3874 4876 3815 4876 3733 4876 3733 4877 3815 4877 3726 4877 3981 4878 3815 4878 3874 4878 3827 4879 3726 4879 3815 4879 3930 4880 3904 4880 4016 4880 3981 4881 3904 4881 3815 4881 3815 4882 3904 4882 3827 4882 3904 4883 3930 4883 3827 4883 4451 4884 4445 4884 4454 4884 4358 4885 4403 4885 4451 4885 4451 4886 4403 4886 4445 4886 4358 4887 4298 4887 4403 4887 4194 4888 4298 4888 4358 4888 4194 4889 4199 4889 4298 4889 4194 4890 4129 4890 4199 4890 4120 4891 4129 4891 4194 4891 4120 4892 4087 4892 4129 4892 3998 4893 4087 4893 4120 4893 3998 4894 3930 4894 4087 4894 3998 4895 3849 4895 3930 4895 3849 4896 3827 4896 3930 4896 3737 4897 3827 4897 3849 4897 3737 4898 3726 4898 3827 4898 3737 4899 3688 4899 3726 4899 3644 4900 3688 4900 3737 4900 3644 4901 3640 4901 3688 4901 3644 4902 3599 4902 3640 4902 3564 4903 3599 4903 3644 4903 3564 4904 3561 4904 3599 4904 3514 4905 3529 4905 3564 4905 3564 4906 3529 4906 3561 4906 3514 4907 3485 4907 3529 4907 3473 4908 3485 4908 3514 4908 3473 4909 3448 4909 3485 4909 3473 4910 3418 4910 3448 4910 3418 4911 3413 4911 3448 4911 3376 4912 3413 4912 3418 4912 3376 4913 3372 4913 3413 4913 3363 4914 3372 4914 3376 4914 3363 4915 3365 4915 3372 4915 3372 4916 3365 4916 3278 4916 3387 4917 3364 4917 3367 4917 3365 4918 3367 4918 3278 4918 3278 4919 3367 4919 3338 4919 3338 4920 3367 4920 3364 4920 3371 4921 3364 4921 3388 4921 3338 4922 3364 4922 3371 4922 3436 4923 3388 4923 3387 4923 3364 4924 3387 4924 3388 4924 3371 4925 3436 4925 3434 4925 3388 4926 3436 4926 3371 4926 3436 4927 3488 4927 3434 4927 3434 4928 3488 4928 3483 4928 3488 4929 3579 4929 3483 4929 3483 4930 3579 4930 3645 4930 3514 4931 3511 4931 3473 4931 3514 4932 3563 4932 3511 4932 3564 4933 3563 4933 3514 4933 3473 4934 3454 4934 3418 4934 3511 4935 3454 4935 3473 4935 3564 4936 3637 4936 3563 4936 3644 4937 3637 4937 3564 4937 3454 4938 3423 4938 3418 4938 3418 4939 3423 4939 3376 4939 3644 4940 3710 4940 3637 4940 3376 4941 3423 4941 3363 4941 3737 4942 3710 4942 3644 4942 3423 4943 3414 4943 3363 4943 3363 4944 3414 4944 3370 4944 3737 4945 3771 4945 3710 4945 3849 4946 3771 4946 3737 4946 3370 4947 3440 4947 3401 4947 3414 4948 3440 4948 3370 4948 3849 4949 3886 4949 3771 4949 3849 4950 3998 4950 3886 4950 3401 4951 3481 4951 3436 4951 3440 4952 3481 4952 3401 4952 3998 4953 4005 4953 3886 4953 3998 4954 4120 4954 4005 4954 3481 4955 3530 4955 3436 4955 3436 4956 3530 4956 3488 4956 4120 4957 4101 4957 4005 4957 4120 4958 4194 4958 4101 4958 3530 4959 3579 4959 3488 4959 4101 4960 4194 4960 4154 4960 3530 4961 3596 4961 3579 4961 4194 4962 4358 4962 4154 4962 4154 4963 4358 4963 4202 4963 3596 4964 3639 4964 3579 4964 3686 4965 3639 4965 3596 4965 4358 4966 4451 4966 4202 4966 4202 4967 4451 4967 4285 4967 3686 4968 3718 4968 3639 4968 4285 4969 4451 4969 4320 4969 3755 4970 3718 4970 3686 4970 4451 4971 4444 4971 4320 4971 3755 4972 3744 4972 3718 4972 3875 4973 3818 4973 3755 4973 3755 4974 3818 4974 3744 4974 4444 4975 4354 4975 4320 4975 4320 4976 4354 4976 4207 4976 3875 4977 3912 4977 3818 4977 4013 4978 3912 4978 3875 4978 4207 4979 4354 4979 4159 4979 4013 4980 4089 4980 3912 4980 4354 4981 4176 4981 4159 4981 4107 4982 4089 4982 4013 4982 4159 4983 4176 4983 4107 4983 4176 4984 4089 4984 4107 4984 3639 4985 3645 4985 3579 4985 3639 4986 3718 4986 3645 4986 3718 4987 3744 4987 3645 4987 4089 4988 4080 4988 3912 4988 4089 4989 4166 4989 4080 4989 4176 4990 4166 4990 4089 4990 4176 4991 4260 4991 4166 4991 4354 4992 4260 4992 4176 4992 4354 4993 4422 4993 4260 4993 4444 4994 4422 4994 4354 4994 4444 4995 4454 4995 4422 4995 4451 4996 4454 4996 4444 4996 4138 4997 4166 4997 4249 4997 4138 4998 4080 4998 4166 4998 3982 4999 3912 4999 4080 4999 3982 5000 3877 5000 3912 5000 3877 5001 3818 5001 3912 5001 3818 5002 3821 5002 3744 5002 3877 5003 3821 5003 3818 5003 3724 5004 3744 5004 3821 5004 3562 5005 3724 5005 3614 5005 3744 5006 3724 5006 3562 5006 4091 5007 3893 5007 3901 5007 4085 5008 3821 5008 3877 5008 3687 5009 3614 5009 3724 5009 3890 5010 3893 5010 4045 5010 3893 5011 4091 5011 4045 5011 4085 5012 3902 5012 3821 5012 3724 5013 3902 5013 3687 5013 3821 5014 3902 5014 3724 5014 3870 5015 3890 5015 3869 5015 3890 5016 3901 5016 3893 5016 3870 5017 3902 5017 3890 5017 3890 5018 3902 5018 3901 5018 3823 5019 3836 5019 3786 5019 3870 5020 3836 5020 3823 5020 3869 5021 3836 5021 3870 5021 3775 5022 3823 5022 3786 5022 3775 5023 3786 5023 2174 5023 2165 5024 3775 5024 2174 5024 2124 5025 2088 5025 2082 5025 2088 5026 2124 5026 2129 5026 2124 5027 2165 5027 2129 5027 2165 5028 2174 5028 2129 5028 4080 5029 4121 5029 3982 5029 4121 5030 3877 5030 3982 5030 4209 5031 4094 5031 4187 5031 4219 5032 4094 5032 4209 5032 4187 5033 4094 5033 4085 5033 4085 5034 4094 5034 3902 5034 4094 5035 3901 5035 3902 5035 4219 5036 4091 5036 4094 5036 4094 5037 4091 5037 3901 5037 4219 5038 4264 5038 4091 5038 4264 5039 4045 5039 4091 5039 4279 5040 3890 5040 4264 5040 4297 5041 3890 5041 4279 5041 4264 5042 3890 5042 4045 5042 4121 5043 4085 5043 3877 5043 4187 5044 4085 5044 4121 5044 4538 5045 4392 5045 4463 5045 4546 5046 4392 5046 4538 5046 4249 5047 4392 5047 4546 5047 4138 5048 4249 5048 4475 5048 4260 5049 4249 5049 4166 5049 4260 5050 4392 5050 4249 5050 4422 5051 4392 5051 4260 5051 4422 5052 4463 5052 4392 5052 4454 5053 4463 5053 4422 5053 4454 5054 4470 5054 4463 5054 4445 5055 4470 5055 4454 5055 4470 5056 4403 5056 4429 5056 4445 5057 4403 5057 4470 5057 4298 5058 4429 5058 4403 5058 4429 5059 4336 5059 4325 5059 4336 5060 4184 5060 4325 5060 4336 5061 4199 5061 4184 5061 4129 5062 4184 5062 4199 5062 4298 5063 4336 5063 4429 5063 4199 5064 4336 5064 4298 5064 4325 5065 4184 5065 4129 5065 4573 5066 4680 5066 4259 5066 4259 5067 4680 5067 4429 5067 4470 5068 4429 5068 4679 5068 4735 5069 4679 5069 4680 5069 4680 5070 4679 5070 4429 5070 4770 5071 4735 5071 4680 5071 4775 5072 4770 5072 4680 5072 4573 5073 4775 5073 4680 5073 4573 5074 4724 5074 4775 5074 4880 5075 4775 5075 4838 5075 4775 5076 4724 5076 4838 5076 4838 5077 4724 5077 4817 5077 4565 5078 4717 5078 4573 5078 4573 5079 4717 5079 4724 5079 4817 5080 4724 5080 4811 5080 4811 5081 4717 5081 4828 5081 4724 5082 4717 5082 4811 5082 4828 5083 4717 5083 4865 5083 4717 5084 4581 5084 4865 5084 4565 5085 4581 5085 4717 5085 5016 5086 5084 5086 5088 5086 5016 5087 5011 5087 5084 5087 5016 5088 4947 5088 5011 5088 5084 5089 5011 5089 5063 5089 5063 5090 5011 5090 5015 5090 4770 5091 4857 5091 4843 5091 4843 5092 4857 5092 4907 5092 4907 5093 4857 5093 4947 5093 5011 5094 4946 5094 5015 5094 4947 5095 4946 5095 5011 5095 4947 5096 4857 5096 4946 5096 4880 5097 4857 5097 4775 5097 4946 5098 4857 5098 4880 5098 4775 5099 4857 5099 4770 5099 4776 5100 4581 5100 4591 5100 4591 5101 4581 5101 4527 5101 4938 5102 4894 5102 4776 5102 4581 5103 4894 5103 4865 5103 4776 5104 4894 5104 4581 5104 4171 5105 4080 5105 4138 5105 4785 5106 4809 5106 5069 5106 5069 5107 4809 5107 5029 5107 5029 5108 4809 5108 4991 5108 4618 5109 4809 5109 4785 5109 4991 5110 4780 5110 4947 5110 4809 5111 4780 5111 4991 5111 4947 5112 4753 5112 4907 5112 4780 5113 4753 5113 4947 5113 4809 5114 4584 5114 4780 5114 4780 5115 4584 5115 4753 5115 4618 5116 4584 5116 4809 5116 4279 5117 4492 5117 4297 5117 4264 5118 4479 5118 4279 5118 4618 5119 4479 5119 4584 5119 4270 5120 4479 5120 4264 5120 4279 5121 4479 5121 4492 5121 4492 5122 4479 5122 4618 5122 4726 5123 4546 5123 4538 5123 4479 5124 4270 5124 4584 5124 4546 5125 4475 5125 4249 5125 4171 5126 4373 5126 4187 5126 4171 5127 4138 5127 4373 5127 4373 5128 4138 5128 4475 5128 4907 5129 4701 5129 4801 5129 4753 5130 4701 5130 4907 5130 4801 5131 4701 5131 4726 5131 4726 5132 4701 5132 4546 5132 4753 5133 4593 5133 4701 5133 4584 5134 4569 5134 4753 5134 4753 5135 4569 5135 4593 5135 4701 5136 4593 5136 4546 5136 4546 5137 4593 5137 4475 5137 4593 5138 4569 5138 4475 5138 4270 5139 4482 5139 4584 5139 4584 5140 4482 5140 4569 5140 4187 5141 4482 5141 4209 5141 4209 5142 4482 5142 4270 5142 4482 5143 4373 5143 4569 5143 4569 5144 4373 5144 4475 5144 4187 5145 4373 5145 4482 5145 3014 5146 3687 5146 2042 5146 3408 5147 3687 5147 3014 5147 3363 5148 3367 5148 3365 5148 3370 5149 3367 5149 3363 5149 3401 5150 3387 5150 3370 5150 3370 5151 3387 5151 3367 5151 3401 5152 3436 5152 3387 5152 3414 5153 3415 5153 3416 5153 3414 5154 3416 5154 3427 5154 3440 5155 3414 5155 3427 5155 3440 5156 3427 5156 3449 5156 3481 5157 3440 5157 3449 5157 3481 5158 3449 5158 3490 5158 3530 5159 3481 5159 3490 5159 3530 5160 3490 5160 3536 5160 3596 5161 3530 5161 3536 5161 3596 5162 3536 5162 3598 5162 3596 5163 3598 5163 3658 5163 3686 5164 3596 5164 3658 5164 3686 5165 3658 5165 3701 5165 3755 5166 3686 5166 3754 5166 3686 5167 3701 5167 3754 5167 3875 5168 3755 5168 3819 5168 3755 5169 3754 5169 3819 5169 3875 5170 3819 5170 3883 5170 4013 5171 3875 5171 3999 5171 3875 5172 3883 5172 3999 5172 4013 5173 3999 5173 4095 5173 4107 5174 4013 5174 4095 5174 4159 5175 4107 5175 4145 5175 4107 5176 4095 5176 4145 5176 4207 5177 4159 5177 4201 5177 4159 5178 4145 5178 4201 5178 4207 5179 4201 5179 4261 5179 4320 5180 4207 5180 4261 5180 4320 5181 4261 5181 4319 5181 4320 5182 4319 5182 4312 5182 4285 5183 4320 5183 4312 5183 4285 5184 4312 5184 4247 5184 4202 5185 4285 5185 4247 5185 4202 5186 4247 5186 4181 5186 4154 5187 4202 5187 4181 5187 4154 5188 4181 5188 4119 5188 4101 5189 4154 5189 4119 5189 4101 5190 4119 5190 4065 5190 4005 5191 4101 5191 4065 5191 4005 5192 4065 5192 3965 5192 3886 5193 4005 5193 3965 5193 3886 5194 3965 5194 3878 5194 3771 5195 3886 5195 3878 5195 3771 5196 3878 5196 3769 5196 3771 5197 3769 5197 3722 5197 3710 5198 3771 5198 3722 5198 3710 5199 3722 5199 3679 5199 3637 5200 3710 5200 3679 5200 3637 5201 3679 5201 3619 5201 3563 5202 3637 5202 3619 5202 3563 5203 3619 5203 3588 5203 3563 5204 3588 5204 3557 5204 3511 5205 3563 5205 3557 5205 3511 5206 3557 5206 3523 5206 3511 5207 3523 5207 3484 5207 3454 5208 3511 5208 3484 5208 3454 5209 3484 5209 3446 5209 3423 5210 3454 5210 3446 5210 3423 5211 3446 5211 3420 5211 3423 5212 3420 5212 3415 5212 3414 5213 3423 5213 3415 5213 3490 5214 3429 5214 3480 5214 3490 5215 3480 5215 3536 5215 3598 5216 3536 5216 3559 5216 3536 5217 3480 5217 3559 5217 3480 5218 3611 5218 3559 5218 3559 5219 3611 5219 3636 5219 3598 5220 3559 5220 3636 5220 3658 5221 3636 5221 3701 5221 3754 5222 3701 5222 3762 5222 3611 5223 3762 5223 3701 5223 4036 5224 3999 5224 3883 5224 3887 5225 4036 5225 3883 5225 3999 5226 4036 5226 4095 5226 4095 5227 4036 5227 4122 5227 4195 5228 4322 5228 4201 5228 4319 5229 4261 5229 4364 5229 4319 5230 4364 5230 4312 5230 4364 5231 4346 5231 4312 5231 4346 5232 4247 5232 4312 5232 3658 5233 3598 5233 3636 5233 3762 5234 3887 5234 3819 5234 3754 5235 3762 5235 3819 5235 3887 5236 3883 5236 3819 5236 4095 5237 4122 5237 4145 5237 4122 5238 4195 5238 4145 5238 4201 5239 4145 5239 4195 5239 4364 5240 4261 5240 4322 5240 4261 5241 4201 5241 4322 5241 3701 5242 3636 5242 3611 5242 4181 5243 4247 5243 4241 5243 4247 5244 4346 5244 4241 5244 4346 5245 4218 5245 4217 5245 4241 5246 4346 5246 4217 5246 4119 5247 4181 5247 4180 5247 4156 5248 4119 5248 4180 5248 4180 5249 4181 5249 4241 5249 4217 5250 4180 5250 4241 5250 4218 5251 4156 5251 4217 5251 4156 5252 4180 5252 4217 5252 4119 5253 4156 5253 4218 5253 3965 5254 4026 5254 3878 5254 3965 5255 4096 5255 4026 5255 3965 5256 4113 5256 4096 5256 4065 5257 4113 5257 3965 5257 4093 5258 4026 5258 4151 5258 4026 5259 4096 5259 4151 5259 4151 5260 4113 5260 4193 5260 4096 5261 4113 5261 4151 5261 4193 5262 4167 5262 4218 5262 4125 5263 4167 5263 4113 5263 4113 5264 4167 5264 4193 5264 4119 5265 4125 5265 4065 5265 4065 5266 4125 5266 4113 5266 4218 5267 4125 5267 4119 5267 4167 5268 4125 5268 4218 5268 3769 5269 3756 5269 3722 5269 3722 5270 3756 5270 3734 5270 3734 5271 3756 5271 3773 5271 3987 5272 3898 5272 4026 5272 3850 5273 3898 5273 3987 5273 3878 5274 3898 5274 3769 5274 4026 5275 3898 5275 3878 5275 3773 5276 3756 5276 3850 5276 3850 5277 3756 5277 3769 5277 3850 5278 3769 5278 3898 5278 3679 5279 3722 5279 3641 5279 3619 5280 3679 5280 3641 5280 3722 5281 3734 5281 3641 5281 3772 5282 3425 5282 3641 5282 3734 5283 3772 5283 3641 5283 3641 5284 3425 5284 3619 5284 3425 5285 3588 5285 3619 5285 3300 5286 3374 5286 3337 5286 3425 5287 3520 5287 3588 5287 3337 5288 3419 5288 3425 5288 3337 5289 3374 5289 3419 5289 3272 5290 3334 5290 3300 5290 3300 5291 3334 5291 3374 5291 3588 5292 3520 5292 3557 5292 3374 5293 3557 5293 3419 5293 3374 5294 3523 5294 3557 5294 3334 5295 3523 5295 3374 5295 3334 5296 3484 5296 3523 5296 3311 5297 3328 5297 3271 5297 3420 5298 3328 5298 3311 5298 3419 5299 3520 5299 3425 5299 3557 5300 3520 5300 3419 5300 3328 5301 3361 5301 3330 5301 3328 5302 3446 5302 3361 5302 3420 5303 3446 5303 3328 5303 3330 5304 3271 5304 3328 5304 3272 5305 3271 5305 3330 5305 3272 5306 3361 5306 3334 5306 3330 5307 3361 5307 3272 5307 3484 5308 3361 5308 3446 5308 3334 5309 3361 5309 3484 5309 4316 5310 3772 5310 4046 5310 3772 5311 3205 5311 3425 5311 4316 5312 3205 5312 3772 5312 3205 5313 3337 5313 3425 5313 4151 5314 4316 5314 4093 5314 4151 5315 4375 5315 4316 5315 4193 5316 4375 5316 4151 5316 4193 5317 4218 5317 4375 5317 4346 5318 4486 5318 4218 5318 4218 5319 4486 5319 4375 5319 4093 5320 4316 5320 4046 5320 4375 5321 4515 5321 4316 5321 4600 5322 4316 5322 4515 5322 4600 5323 4509 5323 4316 5323 4509 5324 4242 5324 4316 5324 4536 5325 4486 5325 4501 5325 4515 5326 4486 5326 4536 5326 4515 5327 4375 5327 4486 5327 4536 5328 4590 5328 4515 5328 4590 5329 4761 5329 4515 5329 4771 5330 4761 5330 4590 5330 4771 5331 4869 5331 4761 5331 4761 5332 4869 5332 4859 5332 4866 5333 4761 5333 4859 5333 4778 5334 4536 5334 4501 5334 4590 5335 4536 5335 4778 5335 4778 5336 4771 5336 4590 5336 4484 5337 4391 5337 4548 5337 4391 5338 4152 5338 4449 5338 4000 5339 3879 5339 4048 5339 4160 5340 3968 5340 4206 5340 4000 5341 4048 5341 4092 5341 4092 5342 4048 5342 4185 5342 4185 5343 4048 5343 3906 5343 3906 5344 4048 5344 3879 5344 3906 5345 4160 5345 4185 5345 3906 5346 3968 5346 4160 5346 4206 5347 4097 5347 4238 5347 3968 5348 4097 5348 4206 5348 4097 5349 4255 5349 4238 5349 4317 5350 4112 5350 4334 5350 4255 5351 4112 5351 4317 5351 4097 5352 4044 5352 4255 5352 4044 5353 4112 5353 4255 5353 4334 5354 4060 5354 4335 5354 4112 5355 4060 5355 4334 5355 4112 5356 3865 5356 4060 5356 4112 5357 3867 5357 3865 5357 3867 5358 3787 5358 3795 5358 4044 5359 3787 5359 3867 5359 3867 5360 4112 5360 4044 5360 3864 5361 3852 5361 3856 5361 3852 5362 3865 5362 3853 5362 3864 5363 3865 5363 3852 5363 3853 5364 3865 5364 3857 5364 3865 5365 3867 5365 3857 5365 3797 5366 3794 5366 3864 5366 3796 5367 3788 5367 3780 5367 3795 5368 3787 5368 3782 5368 3782 5369 3788 5369 3795 5369 3668 5370 3788 5370 3782 5370 3661 5371 3660 5371 3668 5371 3660 5372 3672 5372 3668 5372 3660 5373 3663 5373 3672 5373 3672 5374 3675 5374 3678 5374 3671 5375 3675 5375 3672 5375 3671 5376 3672 5376 3663 5376 3768 5377 3765 5377 3678 5377 3675 5378 3768 5378 3678 5378 3796 5379 3780 5379 3794 5379 3768 5380 3794 5380 3780 5380 3768 5381 3780 5381 3765 5381 3765 5382 3780 5382 3678 5382 3678 5383 3780 5383 3672 5383 3672 5384 3788 5384 3668 5384 3780 5385 3788 5385 3672 5385 3622 5386 3671 5386 3669 5386 3622 5387 3669 5387 3663 5387 3622 5388 3663 5388 3660 5388 3625 5389 3622 5389 3660 5389 3610 5390 3607 5390 3602 5390 3607 5391 3622 5391 3618 5391 3607 5392 3610 5392 3622 5392 3515 5393 3602 5393 3512 5393 3512 5394 3602 5394 3607 5394 3515 5395 3512 5395 3509 5395 3507 5396 3509 5396 3512 5396 3503 5397 3507 5397 3510 5397 3498 5398 3503 5398 3494 5398 3502 5399 3503 5399 3498 5399 3507 5400 3503 5400 3502 5400 3503 5401 3492 5401 3494 5401 3492 5402 3503 5402 3497 5402 3509 5403 3507 5403 3502 5403 3459 5404 3509 5404 3502 5404 3462 5405 3459 5405 3502 5405 3460 5406 3451 5406 3459 5406 3447 5407 3444 5407 3435 5407 3459 5408 3451 5408 3447 5408 3447 5409 3451 5409 3444 5409 3435 5410 3317 5410 3314 5410 3435 5411 3444 5411 3317 5411 3314 5412 3306 5412 3301 5412 3314 5413 3317 5413 3306 5413 3301 5414 3306 5414 3296 5414 3296 5415 3303 5415 3298 5415 3296 5416 3306 5416 3303 5416 3255 5417 3250 5417 3301 5417 3255 5418 3301 5418 3296 5418 3235 5419 3232 5419 3069 5419 3251 5420 3235 5420 3250 5420 3235 5421 3251 5421 3232 5421 3069 5422 3232 5422 3078 5422 3069 5423 3059 5423 3040 5423 3059 5424 3044 5424 3040 5424 3069 5425 3078 5425 3059 5425 3038 5426 3045 5426 3047 5426 3036 5427 3024 5427 3031 5427 3044 5428 3024 5428 3036 5428 3024 5429 3045 5429 3023 5429 3044 5430 3045 5430 3024 5430 3023 5431 3045 5431 3030 5431 3045 5432 3038 5432 3030 5432 3044 5433 3036 5433 3040 5433 3040 5434 3036 5434 2988 5434 3040 5435 2988 5435 2983 5435 2804 5436 2966 5436 2953 5436 2953 5437 2966 5437 2979 5437 2983 5438 2979 5438 2966 5438 2804 5439 2953 5439 2805 5439 2804 5440 2789 5440 2784 5440 2805 5441 2789 5441 2804 5441 2781 5442 2786 5442 2788 5442 2779 5443 2770 5443 2774 5443 2789 5444 2770 5444 2779 5444 2770 5445 2786 5445 2769 5445 2789 5446 2786 5446 2770 5446 2769 5447 2786 5447 2773 5447 2786 5448 2781 5448 2773 5448 2789 5449 2779 5449 2784 5449 2709 5450 2784 5450 2779 5450 2713 5451 2709 5451 2779 5451 2711 5452 2705 5452 2709 5452 2694 5453 2678 5453 2661 5453 2709 5454 2705 5454 2694 5454 2694 5455 2705 5455 2678 5455 2661 5456 2490 5456 2485 5456 2678 5457 2490 5457 2661 5457 2485 5458 2465 5458 2460 5458 2465 5459 2485 5459 2490 5459 2467 5460 2457 5460 2461 5460 2457 5461 2467 5461 2468 5461 2456 5462 2446 5462 2450 5462 2465 5463 2446 5463 2456 5463 2446 5464 2461 5464 2447 5464 2465 5465 2461 5465 2446 5465 2447 5466 2461 5466 2452 5466 2461 5467 2457 5467 2452 5467 2465 5468 2456 5468 2460 5468 2385 5469 2382 5469 2460 5469 2385 5470 2460 5470 2456 5470 2450 5471 2385 5471 2456 5471 2393 5472 2385 5472 2450 5472 2393 5473 2396 5473 2385 5473 2396 5474 2384 5474 2385 5474 2384 5475 2394 5475 2378 5475 2396 5476 2394 5476 2384 5476 2394 5477 2390 5477 2378 5477 2390 5478 2383 5478 2378 5478 2452 5479 2457 5479 2390 5479 2457 5480 2383 5480 2390 5480 2375 5481 2468 5481 2374 5481 2383 5482 2457 5482 2375 5482 2375 5483 2457 5483 2468 5483 2384 5484 2378 5484 2373 5484 2383 5485 2375 5485 2378 5485 2346 5486 2373 5486 2185 5486 2185 5487 2373 5487 2166 5487 2373 5488 2161 5488 2166 5488 2373 5489 2378 5489 2161 5489 2375 5490 2161 5490 2378 5490 2164 5491 2161 5491 2375 5491 2164 5492 2263 5492 2167 5492 2375 5493 2263 5493 2164 5493 2374 5494 2263 5494 2375 5494 2167 5495 2263 5495 2374 5495 3098 5496 3047 5496 3246 5496 3098 5497 2980 5497 3047 5497 3098 5498 2788 5498 2980 5498 3510 5499 3613 5499 3453 5499 3453 5500 3613 5500 3592 5500 3098 5501 3453 5501 3592 5501 3303 5502 3453 5502 3246 5502 3246 5503 3453 5503 3098 5503 2468 5504 2788 5504 3098 5504 2700 5505 2788 5505 2468 5505 3615 5506 3618 5506 3623 5506 3624 5507 3618 5507 3622 5507 3512 5508 3607 5508 3507 5508 3607 5509 3618 5509 3507 5509 3507 5510 3618 5510 3510 5510 3615 5511 3510 5511 3618 5511 3510 5512 3615 5512 3613 5512 3625 5513 3633 5513 3624 5513 3630 5514 3633 5514 3625 5514 3633 5515 3618 5515 3624 5515 3633 5516 3632 5516 3618 5516 3632 5517 3629 5517 3618 5517 3629 5518 3623 5518 3618 5518 3623 5519 3668 5519 3615 5519 3661 5520 3668 5520 3623 5520 3668 5521 3613 5521 3615 5521 3667 5522 3613 5522 3668 5522 3968 5523 3787 5523 4097 5523 3968 5524 3751 5524 3787 5524 3968 5525 3723 5525 3751 5525 3906 5526 3723 5526 3968 5526 3787 5527 3751 5527 3667 5527 3613 5528 3751 5528 3592 5528 3667 5529 3751 5529 3613 5529 3592 5530 3723 5530 3558 5530 3751 5531 3723 5531 3592 5531 3787 5532 4044 5532 4097 5532 3782 5533 3667 5533 3668 5533 3787 5534 3667 5534 3782 5534 3475 5535 3404 5535 3560 5535 3558 5536 3560 5536 3404 5536 3906 5537 3760 5537 3723 5537 3879 5538 3760 5538 3906 5538 3558 5539 3723 5539 3560 5539 3560 5540 3723 5540 3760 5540 4486 5541 4346 5541 4501 5541 4364 5542 4501 5542 4346 5542 4484 5543 4501 5543 4364 5543 4391 5544 4484 5544 4322 5544 4322 5545 4484 5545 4364 5545 4195 5546 4391 5546 4322 5546 4152 5547 4391 5547 4195 5547 4122 5548 4152 5548 4195 5548 4092 5549 4152 5549 4122 5549 4122 5550 4036 5550 4092 5550 4036 5551 4000 5551 4092 5551 4036 5552 3879 5552 4000 5552 3887 5553 3879 5553 4036 5553 3760 5554 3879 5554 3887 5554 3887 5555 3762 5555 3760 5555 3660 5556 3650 5556 3654 5556 3660 5557 3651 5557 3650 5557 3651 5558 3661 5558 3655 5558 3660 5559 3661 5559 3651 5559 3630 5560 3660 5560 3654 5560 3630 5561 3625 5561 3660 5561 3650 5562 3630 5562 3654 5562 3650 5563 3633 5563 3630 5563 3650 5564 3632 5564 3633 5564 3650 5565 3651 5565 3632 5565 3651 5566 3629 5566 3632 5566 3655 5567 3629 5567 3651 5567 3655 5568 3623 5568 3629 5568 3661 5569 3623 5569 3655 5569 3452 5570 3510 5570 3453 5570 3510 5571 3461 5571 3503 5571 3452 5572 3461 5572 3510 5572 3460 5573 3455 5573 3451 5573 3455 5574 3461 5574 3452 5574 3444 5575 3451 5575 3317 5575 3317 5576 3451 5576 3306 5576 3306 5577 3455 5577 3303 5577 3451 5578 3455 5578 3306 5578 3452 5579 3303 5579 3455 5579 3303 5580 3452 5580 3453 5580 3462 5581 3471 5581 3460 5581 3466 5582 3471 5582 3462 5582 3471 5583 3455 5583 3460 5583 3471 5584 3470 5584 3455 5584 3470 5585 3467 5585 3455 5585 3467 5586 3461 5586 3455 5586 3497 5587 3503 5587 3467 5587 3503 5588 3461 5588 3467 5588 3497 5589 3470 5589 3492 5589 3497 5590 3467 5590 3470 5590 3471 5591 3492 5591 3470 5591 3494 5592 3492 5592 3471 5592 3494 5593 3471 5593 3498 5593 3498 5594 3471 5594 3466 5594 3466 5595 3502 5595 3498 5595 3466 5596 3462 5596 3502 5596 3303 5597 3246 5597 3298 5597 3298 5598 3246 5598 3254 5598 3251 5599 3254 5599 3246 5599 3078 5600 3044 5600 3059 5600 3232 5601 3251 5601 3078 5601 3078 5602 3251 5602 3044 5602 3251 5603 3045 5603 3044 5603 3246 5604 3045 5604 3251 5604 3246 5605 3047 5605 3045 5605 3250 5606 3255 5606 3251 5606 3255 5607 3264 5607 3251 5607 3259 5608 3264 5608 3255 5608 3264 5609 3263 5609 3251 5609 3251 5610 3263 5610 3254 5610 3263 5611 3260 5611 3254 5611 3288 5612 3298 5612 3260 5612 3298 5613 3254 5613 3260 5613 3296 5614 3286 5614 3290 5614 3296 5615 3285 5615 3286 5615 3285 5616 3298 5616 3288 5616 3296 5617 3298 5617 3285 5617 3264 5618 3285 5618 3263 5618 3286 5619 3285 5619 3264 5619 3286 5620 3264 5620 3290 5620 3290 5621 3264 5621 3259 5621 3259 5622 3296 5622 3290 5622 3259 5623 3255 5623 3296 5623 3288 5624 3263 5624 3285 5624 3288 5625 3260 5625 3263 5625 3038 5626 3047 5626 2980 5626 3038 5627 2980 5627 2987 5627 2981 5628 2987 5628 2980 5628 2953 5629 2979 5629 2805 5629 2805 5630 2979 5630 2789 5630 2979 5631 2786 5631 2789 5631 2979 5632 2981 5632 2786 5632 2980 5633 2786 5633 2981 5633 2980 5634 2788 5634 2786 5634 2983 5635 2988 5635 2979 5635 2988 5636 2998 5636 2979 5636 2993 5637 2998 5637 2988 5637 2998 5638 2981 5638 2979 5638 2998 5639 2997 5639 2981 5639 2997 5640 2994 5640 2981 5640 2994 5641 2987 5641 2981 5641 3030 5642 3038 5642 2994 5642 3038 5643 2987 5643 2994 5643 3030 5644 2997 5644 3023 5644 3030 5645 2994 5645 2997 5645 2998 5646 3023 5646 2997 5646 3024 5647 3023 5647 2998 5647 3024 5648 2998 5648 3031 5648 3031 5649 2998 5649 2993 5649 2993 5650 3036 5650 3031 5650 2993 5651 2988 5651 3036 5651 2788 5652 2700 5652 2781 5652 2710 5653 2781 5653 2700 5653 2705 5654 2710 5654 2700 5654 2678 5655 2705 5655 2490 5655 2490 5656 2705 5656 2465 5656 2705 5657 2461 5657 2465 5657 2700 5658 2461 5658 2705 5658 2467 5659 2461 5659 2700 5659 2468 5660 2467 5660 2700 5660 2713 5661 2722 5661 2711 5661 2717 5662 2722 5662 2713 5662 2722 5663 2705 5663 2711 5663 2722 5664 2721 5664 2705 5664 2705 5665 2721 5665 2710 5665 2721 5666 2718 5666 2710 5666 2773 5667 2781 5667 2718 5667 2781 5668 2710 5668 2718 5668 2773 5669 2721 5669 2769 5669 2773 5670 2718 5670 2721 5670 2722 5671 2769 5671 2721 5671 2770 5672 2769 5672 2722 5672 2770 5673 2722 5673 2774 5673 2774 5674 2722 5674 2717 5674 2717 5675 2779 5675 2774 5675 2717 5676 2713 5676 2779 5676 2452 5677 2394 5677 2447 5677 2452 5678 2390 5678 2394 5678 2446 5679 2394 5679 2396 5679 2446 5680 2447 5680 2394 5680 2450 5681 2396 5681 2393 5681 2446 5682 2396 5682 2450 5682 3797 5683 3807 5683 3796 5683 3804 5684 3807 5684 3797 5684 3807 5685 3788 5685 3796 5685 3807 5686 3809 5686 3788 5686 3809 5687 3805 5687 3788 5687 3805 5688 3795 5688 3788 5688 3857 5689 3795 5689 3805 5689 3867 5690 3795 5690 3857 5690 3853 5691 3805 5691 3809 5691 3857 5692 3805 5692 3853 5692 3852 5693 3809 5693 3807 5693 3852 5694 3853 5694 3809 5694 3852 5695 3804 5695 3856 5695 3852 5696 3807 5696 3804 5696 3804 5697 3864 5697 3856 5697 3804 5698 3797 5698 3864 5698 4093 5699 3987 5699 4026 5699 3987 5700 3772 5700 3773 5700 3773 5701 3772 5701 3734 5701 4046 5702 3772 5702 3987 5702 3773 5703 3850 5703 3987 5703 4046 5704 3987 5704 4093 5704 3205 5705 3300 5705 3337 5705 3300 5706 3205 5706 3272 5706 3205 5707 3215 5707 3272 5707 4081 5708 3319 5708 4316 5708 4316 5709 3319 5709 3205 5709 3415 5710 3420 5710 3311 5710 3427 5711 3416 5711 3358 5711 3415 5712 3311 5712 3416 5712 3311 5713 3358 5713 3416 5713 3490 5714 3449 5714 3429 5714 3429 5715 3428 5715 3400 5715 3428 5716 3396 5716 3400 5716 3400 5717 3396 5717 3358 5717 3429 5718 3449 5718 3428 5718 3427 5719 3433 5719 3449 5719 3449 5720 3433 5720 3428 5720 3428 5721 3433 5721 3396 5721 3358 5722 3396 5722 3427 5722 3433 5723 3427 5723 3396 5723 3277 5724 3217 5724 3323 5724 3268 5725 3217 5725 3277 5725 3268 5726 3230 5726 3217 5726 3244 5727 3230 5727 3268 5727 4103 5728 3873 5728 3021 5728 2972 5729 2952 5729 2934 5729 2973 5730 2972 5730 2934 5730 2934 5731 2952 5731 2885 5731 2973 5732 3018 5732 2972 5732 2952 5733 2938 5733 2885 5733 3016 5734 3018 5734 2973 5734 2885 5735 2938 5735 2883 5735 3016 5736 3830 5736 3018 5736 3907 5737 3831 5737 3830 5737 3907 5738 3900 5738 3831 5738 3907 5739 3971 5739 3900 5739 3900 5740 3971 5740 3919 5740 2938 5741 3173 5741 2883 5741 2883 5742 3173 5742 3122 5742 3971 5743 4012 5743 3919 5743 3122 5744 3173 5744 3166 5744 3173 5745 3209 5745 3166 5745 3237 5746 3166 5746 3209 5746 3237 5747 3223 5747 3166 5747 3276 5748 3223 5748 3237 5748 3276 5749 3279 5749 3223 5749 4012 5750 4071 5750 3919 5750 4012 5751 4118 5751 4071 5751 3276 5752 3928 5752 3279 5752 4071 5753 4118 5753 4039 5753 3928 5754 3988 5754 3279 5754 4118 5755 4099 5755 4039 5755 4099 5756 4075 5756 4039 5756 4039 5757 3988 5757 3928 5757 4039 5758 4075 5758 3988 5758 3830 5759 3831 5759 3018 5759 3122 5760 3132 5760 2880 5760 2883 5761 3122 5761 2880 5761 3141 5762 3132 5762 3165 5762 3132 5763 3181 5763 3165 5763 3234 5764 3279 5764 3280 5764 3234 5765 3223 5765 3279 5765 3181 5766 3223 5766 3234 5766 3181 5767 3166 5767 3223 5767 3132 5768 3166 5768 3181 5768 3132 5769 3122 5769 3166 5769 3209 5770 3173 5770 3177 5770 3209 5771 3177 5771 3212 5771 3209 5772 3212 5772 3233 5772 3237 5773 3209 5773 3233 5773 3276 5774 3237 5774 3275 5774 3237 5775 3233 5775 3275 5775 3177 5776 3173 5776 2939 5776 2939 5777 3173 5777 2938 5777 3018 5778 3048 5778 3004 5778 2972 5779 3018 5779 3004 5779 2972 5780 3004 5780 2976 5780 2972 5781 2976 5781 2947 5781 2952 5782 2972 5782 2947 5782 2938 5783 2952 5783 2947 5783 2938 5784 2947 5784 2939 5784 3018 5785 3779 5785 3048 5785 3831 5786 3779 5786 3018 5786 3919 5787 3922 5787 3909 5787 3900 5788 3919 5788 3909 5788 3900 5789 3909 5789 3846 5789 3831 5790 3900 5790 3846 5790 3831 5791 3846 5791 3779 5791 3922 5792 3919 5792 4071 5792 3922 5793 4071 5793 4070 5793 4039 5794 3928 5794 3934 5794 4039 5795 3934 5795 4020 5795 4039 5796 4020 5796 4070 5796 4071 5797 4039 5797 4070 5797 3934 5798 3928 5798 3275 5798 3275 5799 3928 5799 3276 5799 1225 5800 1230 5800 1258 5800 1262 5801 1225 5801 1258 5801 1343 5802 1262 5802 1307 5802 1262 5803 1258 5803 1307 5803 1343 5804 1307 5804 1359 5804 1493 5805 1343 5805 1477 5805 1343 5806 1359 5806 1477 5806 1493 5807 1477 5807 1677 5807 1715 5808 1493 5808 1677 5808 1715 5809 1677 5809 1820 5809 1839 5810 1715 5810 1820 5810 1839 5811 1820 5811 1907 5811 2022 5812 1839 5812 1907 5812 2022 5813 1907 5813 2067 5813 2182 5814 2022 5814 2067 5814 2182 5815 2067 5815 2194 5815 2276 5816 2182 5816 2194 5816 2276 5817 2194 5817 2273 5817 2276 5818 2273 5818 2368 5818 2418 5819 2276 5819 2368 5819 2418 5820 2368 5820 2472 5820 2504 5821 2418 5821 2472 5821 2504 5822 2472 5822 2528 5822 2560 5823 2504 5823 2528 5823 2560 5824 2528 5824 2566 5824 2573 5825 2560 5825 2574 5825 2560 5826 2566 5826 2574 5826 2354 5827 2398 5827 2278 5827 2354 5828 2440 5828 2398 5828 2440 5829 2517 5829 2475 5829 2680 5830 2632 5830 2584 5830 2778 5831 2752 5831 2707 5831 2798 5832 2792 5832 2752 5832 2798 5833 2799 5833 2792 5833 2813 5834 2793 5834 2803 5834 2762 5835 2793 5835 2813 5835 2736 5836 2731 5836 2761 5836 2476 5837 2512 5837 2564 5837 2206 5838 2260 5838 2292 5838 2476 5839 2473 5839 2367 5839 2205 5840 2315 5840 2278 5840 2278 5841 2315 5841 2354 5841 2491 5842 2440 5842 2404 5842 2440 5843 2522 5843 2517 5843 2517 5844 2522 5844 2572 5844 2522 5845 2584 5845 2572 5845 2584 5846 2654 5846 2680 5846 2680 5847 2746 5847 2707 5847 2707 5848 2746 5848 2778 5848 2778 5849 2798 5849 2752 5849 2798 5850 2815 5850 2799 5850 2827 5851 2813 5851 2803 5851 2813 5852 2796 5852 2762 5852 2762 5853 2796 5853 2761 5853 2736 5854 2698 5854 2652 5854 2698 5855 2623 5855 2652 5855 2623 5856 2536 5856 2564 5856 2564 5857 2536 5857 2476 5857 2536 5858 2473 5858 2476 5858 2473 5859 2356 5859 2367 5859 2367 5860 2356 5860 2292 5860 2404 5861 2354 5861 2315 5861 2440 5862 2354 5862 2404 5862 2491 5863 2522 5863 2440 5863 2739 5864 2680 5864 2654 5864 2790 5865 2746 5865 2739 5865 2739 5866 2746 5866 2680 5866 2778 5867 2746 5867 2790 5867 2810 5868 2778 5868 2790 5868 2810 5869 2798 5869 2778 5869 2815 5870 2798 5870 2810 5870 2828 5871 2813 5871 2827 5871 2761 5872 2796 5872 2780 5872 2736 5873 2761 5873 2780 5873 2698 5874 2650 5874 2623 5874 2650 5875 2571 5875 2623 5875 2623 5876 2571 5876 2536 5876 2516 5877 2536 5877 2571 5877 2516 5878 2473 5878 2536 5878 2411 5879 2473 5879 2516 5879 2411 5880 2356 5880 2473 5880 2324 5881 2356 5881 2411 5881 2324 5882 2292 5882 2356 5882 2239 5883 2292 5883 2324 5883 2292 5884 2239 5884 2206 5884 2827 5885 2803 5885 2815 5885 2815 5886 2803 5886 2799 5886 2094 5887 1687 5887 1928 5887 2095 5888 1703 5888 2094 5888 2094 5889 1703 5889 1687 5889 1732 5890 1687 5890 1700 5890 1928 5891 1687 5891 1732 5891 2370 5892 2366 5892 2369 5892 2362 5893 2370 5893 2369 5893 2362 5894 2369 5894 2343 5894 2329 5895 2362 5895 2343 5895 2286 5896 2329 5896 2343 5896 2133 5897 2175 5897 2056 5897 1813 5898 1857 5898 1790 5898 1626 5899 1723 5899 1554 5899 1485 5900 1554 5900 1487 5900 1464 5901 1485 5901 1462 5901 1485 5902 1487 5902 1462 5902 2829 5903 3051 5903 2822 5903 4477 5904 4510 5904 4416 5904 4750 5905 4630 5905 4703 5905 4630 5906 4550 5906 4552 5906 4552 5907 4550 5907 4477 5907 4477 5908 4550 5908 4510 5908 4711 5909 4568 5909 4550 5909 4550 5910 4568 5910 4510 5910 4510 5911 4568 5911 4528 5911 4750 5912 4550 5912 4630 5912 4711 5913 4550 5913 4760 5913 4760 5914 4550 5914 4750 5914 4750 5915 4881 5915 4760 5915 4918 5916 4881 5916 4750 5916 4760 5917 4881 5917 4711 5917 4557 5918 4636 5918 4611 5918 4636 5919 4806 5919 4611 5919 5023 5920 4806 5920 4962 5920 4962 5921 4806 5921 4928 5921 4918 5922 4827 5922 5023 5922 4611 5923 4827 5923 4703 5923 4806 5924 4827 5924 4611 5924 5023 5925 4827 5925 4806 5925 4827 5926 4750 5926 4703 5926 4918 5927 4750 5927 4827 5927 5254 5928 5228 5928 5258 5928 5254 5929 5198 5929 5228 5929 5228 5930 5198 5930 5158 5930 5023 5931 5059 5931 4918 5931 5021 5932 5198 5932 5149 5932 5198 5933 5057 5933 5158 5933 5158 5934 5057 5934 5101 5934 5254 5935 5149 5935 5198 5935 5059 5936 4987 5936 4918 5936 5057 5937 4987 5937 5101 5937 5101 5938 4987 5938 5059 5938 4918 5939 4987 5939 4881 5939 5021 5940 4881 5940 4987 5940 5021 5941 5057 5941 5198 5941 4987 5942 5057 5942 5021 5942 5701 5943 5232 5943 5161 5943 5712 5944 5731 5944 5420 5944 5712 5945 5420 5945 5427 5945 5712 5946 5427 5946 5428 5946 5754 5947 5712 5947 5428 5947 5427 5948 5422 5948 5428 5948 5703 5949 5754 5949 5425 5949 5754 5950 5428 5950 5425 5950 5425 5951 5393 5951 5703 5951 5759 5952 5704 5952 5630 5952 5704 5953 5703 5953 5630 5953 5382 5954 5759 5954 5630 5954 5380 5955 5382 5955 5630 5955 5393 5956 5380 5956 5630 5956 5703 5957 5393 5957 5630 5957 5714 5958 5759 5958 5570 5958 5759 5959 5382 5959 5570 5959 5337 5960 5300 5960 5570 5960 5382 5961 5337 5961 5570 5961 5701 5962 5714 5962 5546 5962 5232 5963 5701 5963 5546 5963 5714 5964 5570 5964 5546 5964 5570 5965 5300 5965 5546 5965 5266 5966 5232 5966 5546 5966 5300 5967 5266 5967 5546 5967 3659 5968 3626 5968 3665 5968 3620 5969 3665 5969 3626 5969 3626 5970 3635 5970 3620 5970 3621 5971 3616 5971 3620 5971 3635 5972 3621 5972 3620 5972 3621 5973 3635 5973 3612 5973 3635 5974 3628 5974 3612 5974 3606 5975 3603 5975 3612 5975 3628 5976 3617 5976 3612 5976 3612 5977 3617 5977 3606 5977 3603 5978 3606 5978 3513 5978 3606 5979 3517 5979 3513 5979 3603 5980 3513 5980 3508 5980 3612 5981 3603 5981 3508 5981 3612 5982 3508 5982 3621 5982 3621 5983 3508 5983 3504 5983 3506 5984 3621 5984 3504 5984 3616 5985 3621 5985 3506 5985 3506 5986 3666 5986 3616 5986 3662 5987 3617 5987 3628 5987 3657 5988 3662 5988 3628 5988 3659 5989 3657 5989 3656 5989 3656 5990 3657 5990 3653 5990 3653 5991 3657 5991 3648 5991 3657 5992 3649 5992 3648 5992 3649 5993 3657 5993 3652 5993 3627 5994 3626 5994 3656 5994 3656 5995 3626 5995 3659 5995 3626 5996 3627 5996 3635 5996 3631 5997 3628 5997 3634 5997 3634 5998 3628 5998 3635 5998 3628 5999 3631 5999 3652 5999 3628 6000 3652 6000 3657 6000 3631 6001 3649 6001 3652 6001 3634 6002 3649 6002 3631 6002 3648 6003 3634 6003 3635 6003 3648 6004 3649 6004 3634 6004 3635 6005 3653 6005 3648 6005 3627 6006 3653 6006 3635 6006 3627 6007 3656 6007 3653 6007 3505 6008 3457 6008 3465 6008 3499 6009 3505 6009 3465 6009 3468 6010 3495 6010 3499 6010 3465 6011 3468 6011 3499 6011 3468 6012 3493 6012 3495 6012 3472 6013 3493 6013 3468 6013 3491 6014 3472 6014 3469 6014 3491 6015 3493 6015 3472 6015 3469 6016 3496 6016 3491 6016 3464 6017 3496 6017 3469 6017 3464 6018 3500 6018 3496 6018 3500 6019 3464 6019 3463 6019 3294 6020 3308 6020 3247 6020 3294 6021 3247 6021 3258 6021 3291 6022 3294 6022 3258 6022 3248 6023 3258 6023 3247 6023 3256 6024 3257 6024 3253 6024 3257 6025 3262 6025 3253 6025 3261 6026 3258 6026 3265 6026 3262 6027 3248 6027 3253 6027 3265 6028 3248 6028 3262 6028 3258 6029 3248 6029 3265 6029 3258 6030 3261 6030 3291 6030 3293 6031 3295 6031 3289 6031 3289 6032 3295 6032 3284 6032 3295 6033 3287 6033 3284 6033 3287 6034 3295 6034 3291 6034 3295 6035 3294 6035 3291 6035 3257 6036 3295 6036 3293 6036 3257 6037 3256 6037 3295 6037 3262 6038 3289 6038 3284 6038 3257 6039 3289 6039 3262 6039 3257 6040 3293 6040 3289 6040 3284 6041 3265 6041 3262 6041 3284 6042 3287 6042 3265 6042 3261 6043 3287 6043 3291 6043 3265 6044 3287 6044 3261 6044 3037 6045 2984 6045 2991 6045 3034 6046 3037 6046 2991 6046 3043 6047 3037 6047 3034 6047 3035 6048 3022 6048 3032 6048 3029 6049 3043 6049 3034 6049 3025 6050 3043 6050 3029 6050 3022 6051 3043 6051 3025 6051 3032 6052 2989 6052 3035 6052 2990 6053 2986 6053 2989 6053 2990 6054 2995 6054 2986 6054 2995 6055 3000 6055 2986 6055 2996 6056 2991 6056 2999 6056 3000 6057 2991 6057 2986 6057 2999 6058 2991 6058 3000 6058 2986 6059 2982 6059 2989 6059 2982 6060 2985 6060 2989 6060 2984 6061 2977 6061 2991 6061 2977 6062 2986 6062 2991 6062 2958 6063 2977 6063 2984 6063 2955 6064 2977 6064 2958 6064 2800 6065 2955 6065 2811 6065 2811 6066 2955 6066 2958 6066 2955 6067 2800 6067 2785 6067 2977 6068 2955 6068 2785 6068 2977 6069 2785 6069 2986 6069 2986 6070 2785 6070 2782 6070 2787 6071 2986 6071 2782 6071 2982 6072 2986 6072 2787 6072 3042 6073 2985 6073 3046 6073 3035 6074 2985 6074 3042 6074 3035 6075 2989 6075 2985 6075 2996 6076 3029 6076 3034 6076 2991 6077 2996 6077 3034 6077 2999 6078 3025 6078 2996 6078 2996 6079 3025 6079 3029 6079 3022 6080 2999 6080 3000 6080 3022 6081 3025 6081 2999 6081 2995 6082 3022 6082 3000 6082 2990 6083 3032 6083 2995 6083 2995 6084 3032 6084 3022 6084 3032 6085 2990 6085 2989 6085 2776 6086 2783 6086 2703 6086 2776 6087 2703 6087 2715 6087 2706 6088 2715 6088 2703 6088 2783 6089 2776 6089 2785 6089 2720 6090 2772 6090 2776 6090 2715 6091 2720 6091 2776 6091 2723 6092 2771 6092 2720 6092 2720 6093 2771 6093 2772 6093 2768 6094 2723 6094 2724 6094 2768 6095 2771 6095 2723 6095 2719 6096 2768 6096 2724 6096 2716 6097 2775 6097 2719 6097 2719 6098 2775 6098 2768 6098 2775 6099 2716 6099 2714 6099 2466 6100 2359 6100 2389 6100 2453 6101 2466 6101 2389 6101 2454 6102 2455 6102 2449 6102 2451 6103 2459 6103 2453 6103 2448 6104 2459 6104 2451 6104 2455 6105 2459 6105 2449 6105 2449 6106 2459 6106 2448 6106 2454 6107 2388 6107 2386 6107 2392 6108 2449 6108 2397 6108 2388 6109 2454 6109 2392 6109 2392 6110 2454 6110 2449 6110 2449 6111 2395 6111 2397 6111 2449 6112 2448 6112 2395 6112 2395 6113 2451 6113 2391 6113 2395 6114 2448 6114 2451 6114 2391 6115 2451 6115 2453 6115 2389 6116 2391 6116 2453 6116 2777 6117 2714 6117 2787 6117 2787 6118 2714 6118 2702 6118 3501 6119 3463 6119 3506 6119 3463 6120 3456 6120 3506 6120 3105 6121 3096 6121 3106 6121 3096 6122 3101 6122 3106 6122 3096 6123 3097 6123 3101 6123 3097 6124 3108 6124 3101 6124 3081 6125 3062 6125 3058 6125 3282 6126 3216 6126 3221 6126 3267 6127 3228 6127 3329 6127 3329 6128 3228 6128 3282 6128 3228 6129 3216 6129 3282 6129 3228 6130 3010 6130 3216 6130 3157 6131 3218 6131 3221 6131 3216 6132 3115 6132 3221 6132 3010 6133 3115 6133 3216 6133 3060 6134 3115 6134 3010 6134 3221 6135 3115 6135 3157 6135 3157 6136 3115 6136 3060 6136 5374 6137 5333 6137 5344 6137 5383 6138 5358 6138 5374 6138 5358 6139 5333 6139 5374 6139 5376 6140 5412 6140 5361 6140 5376 6141 5361 6141 5333 6141 5361 6142 5306 6142 5333 6142 5361 6143 5336 6143 5306 6143 5354 6144 5263 6144 5284 6144 5263 6145 5338 6145 5273 6145 5376 6146 5333 6146 5358 6146 5284 6147 5336 6147 5354 6147 5415 6148 5383 6148 5419 6148 5383 6149 5376 6149 5358 6149 5415 6150 5376 6150 5383 6150 5415 6151 5409 6151 5376 6151 5423 6152 5361 6152 5412 6152 5410 6153 5361 6153 5423 6153 5361 6154 5410 6154 5394 6154 5336 6155 5361 6155 5394 6155 5394 6156 5388 6156 5336 6156 5336 6157 5284 6157 5306 6157 5336 6158 5388 6158 5354 6158 5338 6159 5263 6159 5354 6159 5376 6160 5409 6160 5412 6160 5567 6161 5566 6161 5507 6161 5579 6162 5519 6162 5566 6162 5566 6163 5519 6163 5507 6163 5478 6164 5464 6164 5443 6164 5507 6165 5464 6165 5478 6165 5519 6166 5464 6166 5507 6166 5579 6167 5521 6167 5519 6167 5584 6168 5521 6168 5579 6168 5464 6169 5436 6169 5443 6169 5521 6170 5464 6170 5519 6170 5521 6171 5487 6171 5464 6171 5584 6172 5564 6172 5521 6172 5464 6173 5459 6173 5436 6173 5564 6174 5517 6174 5521 6174 5487 6175 5459 6175 5464 6175 5521 6176 5517 6176 5487 6176 5517 6177 5459 6177 5487 6177 5564 6178 5565 6178 5517 6178 5517 6179 5493 6179 5459 6179 5565 6180 5493 6180 5517 6180 5493 6181 5436 6181 5459 6181 5565 6182 5550 6182 5493 6182 5550 6183 5508 6183 5493 6183 5493 6184 5457 6184 5436 6184 5508 6185 5457 6185 5493 6185 5550 6186 5556 6186 5508 6186 5436 6187 5457 6187 5438 6187 5591 6188 5527 6188 5556 6188 5508 6189 5472 6189 5457 6189 5556 6190 5527 6190 5508 6190 5527 6191 5472 6191 5508 6191 5592 6192 5527 6192 5591 6192 5514 6193 5477 6193 5527 6193 5592 6194 5551 6194 5527 6194 5472 6195 5438 6195 5457 6195 5527 6196 5477 6196 5472 6196 5551 6197 5514 6197 5527 6197 5477 6198 5438 6198 5472 6198 5551 6199 5499 6199 5514 6199 5499 6200 5477 6200 5514 6200 5571 6201 5499 6201 5551 6201 5571 6202 5523 6202 5499 6202 5499 6203 5467 6203 5477 6203 5477 6204 5467 6204 5438 6204 5523 6205 5501 6205 5499 6205 5571 6206 5555 6206 5523 6206 5501 6207 5467 6207 5499 6207 5467 6208 5448 6208 5438 6208 5501 6209 5484 6209 5467 6209 5555 6210 5501 6210 5523 6210 5577 6211 5535 6211 5555 6211 5535 6212 5501 6212 5555 6212 5484 6213 5448 6213 5467 6213 5535 6214 5484 6214 5501 6214 5582 6215 5535 6215 5577 6215 5484 6216 5480 6216 5448 6216 5535 6217 5480 6217 5484 6217 5480 6218 5456 6218 5448 6218 5582 6219 5520 6219 5535 6219 5520 6220 5480 6220 5535 6220 5582 6221 5569 6221 5520 6221 5520 6222 5456 6222 5480 6222 5569 6223 5503 6223 5520 6223 5520 6224 5503 6224 5456 6224 5580 6225 5530 6225 5569 6225 5569 6226 5530 6226 5503 6226 5503 6227 5463 6227 5456 6227 5530 6228 5497 6228 5503 6228 5503 6229 5497 6229 5463 6229 5463 6230 5453 6230 5456 6230 5580 6231 5548 6231 5530 6231 5548 6232 5497 6232 5530 6232 5497 6233 5453 6233 5463 6233 5497 6234 5461 6234 5453 6234 5557 6235 5497 6235 5548 6235 5557 6236 5498 6236 5497 6236 5497 6237 5498 6237 5461 6237 5576 6238 5498 6238 5557 6238 5453 6239 5461 6239 5445 6239 5498 6240 5445 6240 5461 6240 5444 6241 5445 6241 5454 6241 5444 6242 5453 6242 5445 6242 5444 6243 5456 6243 5453 6243 5437 6244 5443 6244 5451 6244 5444 6245 5448 6245 5456 6245 5451 6246 5443 6246 5452 6246 5443 6247 5436 6247 5452 6247 5452 6248 5436 6248 5447 6248 5447 6249 5436 6249 5435 6249 5444 6250 5438 6250 5448 6250 5449 6251 5438 6251 5444 6251 5435 6252 5436 6252 5449 6252 5436 6253 5438 6253 5449 6253 5505 6254 5494 6254 5454 6254 5596 6255 5540 6255 5549 6255 5540 6256 5505 6256 5549 6256 5540 6257 5494 6257 5505 6257 5494 6258 5444 6258 5454 6258 5596 6259 5583 6259 5540 6259 5540 6260 5491 6260 5494 6260 5583 6261 5526 6261 5540 6261 5491 6262 5444 6262 5494 6262 5540 6263 5526 6263 5491 6263 5583 6264 5575 6264 5526 6264 5491 6265 5449 6265 5444 6265 5526 6266 5479 6266 5491 6266 5575 6267 5534 6267 5526 6267 5479 6268 5449 6268 5491 6268 5534 6269 5479 6269 5526 6269 5586 6270 5531 6270 5575 6270 5575 6271 5531 6271 5534 6271 5534 6272 5531 6272 5479 6272 5531 6273 5466 6273 5479 6273 5479 6274 5466 6274 5449 6274 5586 6275 5538 6275 5531 6275 5538 6276 5489 6276 5531 6276 5531 6277 5489 6277 5466 6277 5597 6278 5538 6278 5586 6278 5466 6279 5435 6279 5449 6279 5597 6280 5536 6280 5538 6280 5538 6281 5536 6281 5489 6281 5597 6282 5589 6282 5536 6282 5536 6283 5473 6283 5489 6283 5489 6284 5473 6284 5466 6284 5589 6285 5528 6285 5536 6285 5466 6286 5473 6286 5435 6286 5536 6287 5528 6287 5473 6287 5595 6288 5528 6288 5589 6288 5528 6289 5465 6289 5473 6289 5595 6290 5542 6290 5528 6290 5465 6291 5435 6291 5473 6291 5495 6292 5465 6292 5528 6292 5542 6293 5495 6293 5528 6293 5574 6294 5542 6294 5595 6294 5574 6295 5513 6295 5542 6295 5542 6296 5513 6296 5495 6296 5495 6297 5447 6297 5465 6297 5465 6298 5447 6298 5435 6298 5598 6299 5539 6299 5574 6299 5513 6300 5481 6300 5495 6300 5574 6301 5539 6301 5513 6301 5495 6302 5481 6302 5447 6302 5539 6303 5481 6303 5513 6303 5539 6304 5524 6304 5481 6304 5598 6305 5524 6305 5539 6305 5481 6306 5452 6306 5447 6306 5598 6307 5578 6307 5524 6307 5524 6308 5485 6308 5481 6308 5485 6309 5452 6309 5481 6309 5578 6310 5533 6310 5524 6310 5524 6311 5533 6311 5485 6311 5588 6312 5533 6312 5578 6312 5533 6313 5483 6313 5485 6313 5588 6314 5537 6314 5533 6314 5485 6315 5451 6315 5452 6315 5537 6316 5483 6316 5533 6316 5483 6317 5451 6317 5485 6317 5594 6318 5537 6318 5588 6318 5537 6319 5502 6319 5483 6319 5594 6320 5543 6320 5537 6320 5543 6321 5502 6321 5537 6321 5470 6322 5451 6322 5483 6322 5502 6323 5470 6323 5483 6323 5573 6324 5543 6324 5594 6324 5510 6325 5470 6325 5502 6325 5543 6326 5510 6326 5502 6326 5470 6327 5437 6327 5451 6327 5573 6328 5510 6328 5543 6328 5471 6329 5437 6329 5470 6329 5510 6330 5471 6330 5470 6330 5558 6331 5510 6331 5573 6331 5510 6332 5504 6332 5471 6332 5558 6333 5504 6333 5510 6333 5567 6334 5504 6334 5558 6334 5507 6335 5504 6335 5567 6335 5471 6336 5443 6336 5437 6336 5507 6337 5478 6337 5504 6337 5504 6338 5478 6338 5471 6338 5478 6339 5443 6339 5471 6339 196 6340 113 6340 94 6340 176 6341 113 6341 196 6341 176 6342 98 6342 113 6342 197 6343 98 6343 176 6343 197 6344 97 6344 98 6344 213 6345 97 6345 197 6345 177 6346 97 6346 213 6346 177 6347 105 6347 97 6347 200 6348 105 6348 177 6348 200 6349 111 6349 105 6349 172 6350 111 6350 200 6350 179 6351 102 6351 172 6351 172 6352 102 6352 111 6352 170 6353 102 6353 179 6353 170 6354 93 6354 102 6354 221 6355 93 6355 170 6355 221 6356 96 6356 93 6356 208 6357 96 6357 221 6357 207 6358 96 6358 208 6358 207 6359 95 6359 96 6359 218 6360 95 6360 207 6360 185 6361 95 6361 218 6361 185 6362 88 6362 95 6362 205 6363 88 6363 185 6363 192 6364 88 6364 205 6364 192 6365 99 6365 88 6365 220 6366 120 6366 101 6366 180 6367 120 6367 220 6367 183 6368 120 6368 180 6368 183 6369 110 6369 120 6369 187 6370 110 6370 183 6370 187 6371 108 6371 110 6371 188 6372 108 6372 187 6372 182 6373 108 6373 188 6373 182 6374 103 6374 108 6374 181 6375 103 6375 182 6375 199 6376 103 6376 181 6376 199 6377 100 6377 103 6377 209 6378 100 6378 199 6378 217 6379 109 6379 209 6379 209 6380 109 6380 100 6380 175 6381 109 6381 217 6381 175 6382 115 6382 109 6382 212 6383 115 6383 175 6383 212 6384 104 6384 115 6384 215 6385 104 6385 212 6385 173 6386 104 6386 215 6386 173 6387 107 6387 104 6387 191 6388 107 6388 173 6388 210 6389 107 6389 191 6389 210 6390 94 6390 107 6390 211 6391 94 6391 210 6391 196 6392 94 6392 211 6392 196 6393 211 6393 252 6393 252 6394 294 6394 301 6394 211 6395 210 6395 252 6395 210 6396 251 6396 252 6396 294 6397 335 6397 301 6397 251 6398 294 6398 252 6398 294 6399 336 6399 335 6399 191 6400 251 6400 210 6400 294 6401 317 6401 336 6401 251 6402 276 6402 294 6402 191 6403 234 6403 251 6403 276 6404 317 6404 294 6404 234 6405 276 6405 251 6405 173 6406 234 6406 191 6406 234 6407 283 6407 276 6407 173 6408 215 6408 234 6408 276 6409 283 6409 317 6409 215 6410 257 6410 234 6410 234 6411 257 6411 283 6411 283 6412 305 6412 317 6412 305 6413 336 6413 317 6413 257 6414 305 6414 283 6414 212 6415 257 6415 215 6415 212 6416 272 6416 257 6416 305 6417 326 6417 336 6417 257 6418 272 6418 305 6418 175 6419 229 6419 212 6419 212 6420 229 6420 272 6420 272 6421 326 6421 305 6421 229 6422 278 6422 272 6422 175 6423 217 6423 229 6423 272 6424 278 6424 326 6424 217 6425 278 6425 229 6425 278 6426 323 6426 326 6426 217 6427 258 6427 278 6427 258 6428 311 6428 278 6428 278 6429 311 6429 323 6429 217 6430 209 6430 258 6430 258 6431 281 6431 311 6431 209 6432 260 6432 258 6432 258 6433 260 6433 281 6433 209 6434 199 6434 260 6434 181 6435 227 6435 199 6435 311 6436 327 6436 323 6436 199 6437 227 6437 260 6437 260 6438 297 6438 281 6438 281 6439 297 6439 311 6439 182 6440 227 6440 181 6440 297 6441 327 6441 311 6441 227 6442 297 6442 260 6442 227 6443 256 6443 297 6443 182 6444 256 6444 227 6444 182 6445 188 6445 256 6445 256 6446 290 6446 297 6446 290 6447 327 6447 297 6447 188 6448 240 6448 256 6448 256 6449 240 6449 290 6449 290 6450 331 6450 327 6450 188 6451 187 6451 240 6451 187 6452 263 6452 240 6452 240 6453 263 6453 290 6453 263 6454 298 6454 290 6454 290 6455 298 6455 331 6455 187 6456 243 6456 263 6456 183 6457 243 6457 187 6457 243 6458 298 6458 263 6458 298 6459 325 6459 331 6459 243 6460 285 6460 298 6460 183 6461 237 6461 243 6461 298 6462 285 6462 325 6462 243 6463 237 6463 285 6463 180 6464 237 6464 183 6464 237 6465 253 6465 285 6465 180 6466 253 6466 237 6466 285 6467 310 6467 325 6467 253 6468 310 6468 285 6468 180 6469 220 6469 253 6469 310 6470 340 6470 325 6470 220 6471 287 6471 253 6471 287 6472 310 6472 253 6472 287 6473 340 6473 310 6473 192 6474 233 6474 273 6474 273 6475 302 6475 319 6475 233 6476 267 6476 273 6476 302 6477 332 6477 319 6477 192 6478 205 6478 233 6478 267 6479 302 6479 273 6479 205 6480 267 6480 233 6480 302 6481 303 6481 332 6481 267 6482 303 6482 302 6482 205 6483 232 6483 267 6483 205 6484 185 6484 232 6484 232 6485 303 6485 267 6485 303 6486 330 6486 332 6486 232 6487 282 6487 303 6487 185 6488 242 6488 232 6488 282 6489 330 6489 303 6489 242 6490 282 6490 232 6490 185 6491 218 6491 242 6491 282 6492 306 6492 330 6492 242 6493 264 6493 282 6493 264 6494 306 6494 282 6494 218 6495 264 6495 242 6495 306 6496 337 6496 330 6496 207 6497 264 6497 218 6497 208 6498 269 6498 207 6498 207 6499 269 6499 264 6499 264 6500 269 6500 306 6500 269 6501 313 6501 306 6501 306 6502 313 6502 337 6502 313 6503 339 6503 337 6503 208 6504 221 6504 269 6504 170 6505 244 6505 221 6505 269 6506 291 6506 313 6506 221 6507 244 6507 269 6507 244 6508 291 6508 269 6508 291 6509 308 6509 313 6509 170 6510 236 6510 244 6510 308 6511 339 6511 313 6511 244 6512 308 6512 291 6512 179 6513 236 6513 170 6513 244 6514 236 6514 308 6514 308 6515 329 6515 339 6515 236 6516 261 6516 308 6516 179 6517 261 6517 236 6517 261 6518 295 6518 308 6518 295 6519 329 6519 308 6519 172 6520 225 6520 179 6520 179 6521 225 6521 261 6521 225 6522 271 6522 261 6522 261 6523 271 6523 295 6523 172 6524 200 6524 225 6524 200 6525 249 6525 225 6525 225 6526 249 6526 271 6526 271 6527 334 6527 295 6527 295 6528 334 6528 329 6528 200 6529 224 6529 249 6529 307 6530 334 6530 271 6530 200 6531 177 6531 224 6531 249 6532 307 6532 271 6532 224 6533 270 6533 249 6533 249 6534 270 6534 307 6534 177 6535 213 6535 224 6535 270 6536 288 6536 307 6536 224 6537 213 6537 270 6537 307 6538 328 6538 334 6538 213 6539 250 6539 270 6539 288 6540 328 6540 307 6540 197 6541 250 6541 213 6541 250 6542 288 6542 270 6542 197 6543 238 6543 250 6543 238 6544 288 6544 250 6544 288 6545 322 6545 328 6545 238 6546 286 6546 288 6546 176 6547 238 6547 197 6547 288 6548 286 6548 322 6548 245 6549 286 6549 238 6549 176 6550 245 6550 238 6550 176 6551 196 6551 245 6551 245 6552 301 6552 286 6552 252 6553 245 6553 196 6553 286 6554 301 6554 322 6554 252 6555 301 6555 245 6555 301 6556 335 6556 322 6556 329 6557 340 6557 339 6557 339 6558 340 6558 337 6558 337 6559 340 6559 330 6559 330 6560 340 6560 332 6560 332 6561 340 6561 319 6561 334 6562 325 6562 329 6562 329 6563 325 6563 340 6563 334 6564 331 6564 325 6564 334 6565 327 6565 331 6565 328 6566 327 6566 334 6566 328 6567 323 6567 327 6567 328 6568 326 6568 323 6568 322 6569 326 6569 328 6569 336 6570 326 6570 335 6570 335 6571 326 6571 322 6571 1355 6572 1125 6572 960 6572 1583 6573 1345 6573 1355 6573 1355 6574 1345 6574 1125 6574 1584 6575 1345 6575 1583 6575 1391 6576 1345 6576 1584 6576 1081 6577 1345 6577 1391 6577 1125 6578 1345 6578 1081 6578 418 6579 390 6579 393 6579 444 6580 418 6580 393 6580 444 6581 393 6581 462 6581 390 6582 418 6582 378 6582 378 6583 418 6583 396 6583 418 6584 444 6584 415 6584 390 6585 378 6585 353 6585 353 6586 378 6586 347 6586 355 6587 347 6587 378 6587 360 6588 355 6588 396 6588 396 6589 355 6589 378 6589 360 6590 396 6590 359 6590 396 6591 418 6591 415 6591 396 6592 415 6592 359 6592 359 6593 415 6593 365 6593 2438 6594 2441 6594 2439 6594 2438 6595 2432 6595 2441 6595 2413 6596 2432 6596 2438 6596 2413 6597 2407 6597 2432 6597 2345 6598 2349 6598 2413 6598 2413 6599 2349 6599 2407 6599 2290 6600 2304 6600 2345 6600 2345 6601 2304 6601 2349 6601 2290 6602 2234 6602 2304 6602 2211 6603 2234 6603 2290 6603 2211 6604 2171 6604 2234 6604 2080 6605 2171 6605 2211 6605 2080 6606 2069 6606 2171 6606 1912 6607 1931 6607 2080 6607 2080 6608 1931 6608 2069 6608 1827 6609 1833 6609 1912 6609 1912 6610 1833 6610 1931 6610 1748 6611 1754 6611 1827 6611 1827 6612 1754 6612 1833 6612 1531 6613 1541 6613 1748 6613 1748 6614 1541 6614 1754 6614 1425 6615 1418 6615 1531 6615 1531 6616 1418 6616 1541 6616 1386 6617 1418 6617 1425 6617 1386 6618 1375 6618 1418 6618 1367 6619 1375 6619 1386 6619 1367 6620 1371 6620 1375 6620 1407 6621 1405 6621 1367 6621 1367 6622 1405 6622 1371 6622 1467 6623 1458 6623 1407 6623 1407 6624 1458 6624 1405 6624 1563 6625 1551 6625 1467 6625 1467 6626 1551 6626 1458 6626 1563 6627 1761 6627 1551 6627 1751 6628 1761 6628 1563 6628 1829 6629 1761 6629 1751 6629 1829 6630 1846 6630 1761 6630 1922 6631 1846 6631 1829 6631 1922 6632 1942 6632 1846 6632 1922 6633 2058 6633 1942 6633 2089 6634 2058 6634 1922 6634 2089 6635 2139 6635 2058 6635 2212 6636 2139 6636 2089 6636 2212 6637 2219 6637 2139 6637 2212 6638 2277 6638 2219 6638 2293 6639 2277 6639 2212 6639 2361 6640 2355 6640 2293 6640 2293 6641 2355 6641 2277 6641 2422 6642 2425 6642 2361 6642 2361 6643 2425 6643 2355 6643 2439 6644 2425 6644 2422 6644 2439 6645 2441 6645 2425 6645 1748 6646 1425 6646 1531 6646 1827 6647 1912 6647 1748 6647 1748 6648 1367 6648 1425 6648 1912 6649 1367 6649 1748 6649 1425 6650 1367 6650 1386 6650 2080 6651 2211 6651 1912 6651 1407 6652 1563 6652 1467 6652 1367 6653 1563 6653 1407 6653 1563 6654 1922 6654 1751 6654 1751 6655 1922 6655 1829 6655 2345 6656 2413 6656 2290 6656 2290 6657 2413 6657 2211 6657 2211 6658 2413 6658 1912 6658 2439 6659 2422 6659 2438 6659 2438 6660 2422 6660 2413 6660 1367 6661 2293 6661 1563 6661 1563 6662 2293 6662 1922 6662 1922 6663 2293 6663 2089 6663 2089 6664 2293 6664 2212 6664 1912 6665 2293 6665 1367 6665 2413 6666 2293 6666 1912 6666 2422 6667 2293 6667 2413 6667 2361 6668 2293 6668 2422 6668 1761 6669 1458 6669 1551 6669 1846 6670 1942 6670 1761 6670 1942 6671 2058 6671 1761 6671 1405 6672 1375 6672 1371 6672 1458 6673 1375 6673 1405 6673 1761 6674 1418 6674 1458 6674 1458 6675 1418 6675 1375 6675 2139 6676 2219 6676 2058 6676 2277 6677 1833 6677 2219 6677 2219 6678 1833 6678 2058 6678 1418 6679 1833 6679 1541 6679 1541 6680 1833 6680 1754 6680 2058 6681 1833 6681 1761 6681 1761 6682 1833 6682 1418 6682 2425 6683 2441 6683 2355 6683 1833 6684 2069 6684 1931 6684 2441 6685 2432 6685 2355 6685 2355 6686 2432 6686 2277 6686 2277 6687 2171 6687 1833 6687 1833 6688 2171 6688 2069 6688 2171 6689 2304 6689 2234 6689 2432 6690 2304 6690 2277 6690 2349 6691 2304 6691 2407 6691 2277 6692 2304 6692 2171 6692 2407 6693 2304 6693 2432 6693 2959 6694 2053 6694 2957 6694 2043 6695 2053 6695 2959 6695 1952 6696 2043 6696 1842 6696 1842 6697 1513 6697 1594 6697 2043 6698 1513 6698 1842 6698 1538 6699 1753 6699 1597 6699 1538 6700 1816 6700 1753 6700 1511 6701 1816 6701 1538 6701 1513 6702 1816 6702 1511 6702 2043 6703 1816 6703 1513 6703 3090 6704 3111 6704 3067 6704 3067 6705 3111 6705 3008 6705 3008 6706 3111 6706 2959 6706 1816 6707 2941 6707 2840 6707 3111 6708 2941 6708 2959 6708 2043 6709 2941 6709 1816 6709 2959 6710 2941 6710 2043 6710 2941 6711 2894 6711 2840 6711 2840 6712 2855 6712 2806 6712 2894 6713 2855 6713 2840 6713 2894 6714 2895 6714 2855 6714 2941 6715 2895 6715 2894 6715 2941 6716 2943 6716 2895 6716 1771 6717 1544 6717 1629 6717 1771 6718 1815 6718 1544 6718 1815 6719 1508 6719 1544 6719 1508 6720 1585 6720 1514 6720 1508 6721 1805 6721 1585 6721 2895 6722 2943 6722 2855 6722 2855 6723 2943 6723 2806 6723 2806 6724 2943 6724 1815 6724 1508 6725 2053 6725 1805 6725 1877 6726 2053 6726 1959 6726 1805 6727 2053 6727 1877 6727 2943 6728 2053 6728 1815 6728 1815 6729 2053 6729 1508 6729 3107 6730 2957 6730 2943 6730 2943 6731 2957 6731 2053 6731 3102 6732 2957 6732 3107 6732 3102 6733 3009 6733 2957 6733 3083 6734 3050 6734 3102 6734 3102 6735 3050 6735 3009 6735 1815 6736 1816 6736 2806 6736 2806 6737 1816 6737 2840 6737 1511 6738 1544 6738 1508 6738 1538 6739 1544 6739 1511 6739 1538 6740 1629 6740 1544 6740 1597 6741 1629 6741 1538 6741 1753 6742 1629 6742 1597 6742 1753 6743 1771 6743 1629 6743 1753 6744 1815 6744 1771 6744 1816 6745 1815 6745 1753 6745 1508 6746 1513 6746 1511 6746 1508 6747 1514 6747 1513 6747 1513 6748 1585 6748 1594 6748 1513 6749 1514 6749 1585 6749 1842 6750 1805 6750 1877 6750 1594 6751 1585 6751 1842 6751 1842 6752 1585 6752 1805 6752 1952 6753 1959 6753 2043 6753 2043 6754 1959 6754 2053 6754 1842 6755 1877 6755 1952 6755 1952 6756 1877 6756 1959 6756 3090 6757 3102 6757 3111 6757 3111 6758 3102 6758 3107 6758 3090 6759 3083 6759 3102 6759 3067 6760 3083 6760 3090 6760 3067 6761 3050 6761 3083 6761 3008 6762 3009 6762 3067 6762 3067 6763 3009 6763 3050 6763 3008 6764 2959 6764 3009 6764 2959 6765 2957 6765 3009 6765 2941 6766 3111 6766 2943 6766 3111 6767 3107 6767 2943 6767 190 6768 33 6768 83 6768 190 6769 161 6769 33 6769 275 6770 161 6770 190 6770 320 6771 161 6771 275 6771 161 6772 341 6772 160 6772 320 6773 341 6773 161 6773 341 6774 300 6774 160 6774 160 6775 169 6775 78 6775 160 6776 241 6776 169 6776 300 6777 241 6777 160 6777 161 6778 156 6778 33 6778 153 6779 160 6779 44 6779 153 6780 44 6780 50 6780 142 6781 153 6781 50 6781 142 6782 50 6782 38 6782 155 6783 142 6783 38 6783 155 6784 38 6784 45 6784 138 6785 155 6785 45 6785 138 6786 45 6786 37 6786 138 6787 37 6787 49 6787 154 6788 138 6788 49 6788 141 6789 154 6789 40 6789 154 6790 49 6790 40 6790 156 6791 141 6791 51 6791 141 6792 40 6792 51 6792 33 6793 156 6793 51 6793 1557 6794 1652 6794 1122 6794 1627 6795 1652 6795 1557 6795 1652 6796 1250 6796 1122 6796 1122 6797 1250 6797 794 6797 1250 6798 870 6798 794 6798 794 6799 870 6799 430 6799 870 6800 582 6800 430 6800 430 6801 582 6801 394 6801 582 6802 387 6802 394 6802 4 6803 344 6803 70 6803 582 6804 571 6804 387 6804 571 6805 528 6805 387 6805 344 6806 398 6806 70 6806 387 6807 528 6807 344 6807 344 6808 528 6808 398 6808 70 6809 83 6809 4 6809 83 6810 33 6810 4 6810 1627 6811 4303 6811 1652 6811 4366 6812 4303 6812 1627 6812 4366 6813 4639 6813 4303 6813 4639 6814 4558 6814 4303 6814 4639 6815 4842 6815 4558 6815 4639 6816 4788 6816 4842 6816 4842 6817 5324 6817 5215 6817 4788 6818 5324 6818 4842 6818 5324 6819 5378 6819 5215 6819 5378 6820 5381 6820 5215 6820 5215 6821 5381 6821 5219 6821 5219 6822 5381 6822 5247 6822 5381 6823 5414 6823 5247 6823 5247 6824 5414 6824 5345 6824 5414 6825 5700 6825 5345 6825 5414 6826 5753 6826 5700 6826 5753 6827 5739 6827 5700 6827 5700 6828 5739 6828 5686 6828 641 6829 783 6829 677 6829 783 6830 885 6830 677 6830 677 6831 885 6831 684 6831 721 6832 868 6832 709 6832 582 6833 870 6833 731 6833 731 6834 870 6834 795 6834 795 6835 870 6835 840 6835 870 6836 1022 6836 840 6836 840 6837 1022 6837 907 6837 1022 6838 1058 6838 907 6838 907 6839 1058 6839 985 6839 1322 6840 1058 6840 1022 6840 1322 6841 1350 6841 1058 6841 1058 6842 1057 6842 985 6842 1350 6843 1057 6843 1058 6843 1679 6844 1691 6844 1322 6844 1350 6845 1332 6845 1057 6845 1322 6846 1704 6846 1350 6846 1691 6847 1704 6847 1322 6847 885 6848 915 6848 684 6848 684 6849 915 6849 697 6849 1332 6850 1287 6850 1057 6850 1057 6851 1287 6851 1188 6851 1708 6852 1716 6852 1704 6852 1704 6853 1716 6853 1350 6853 1350 6854 1716 6854 1332 6854 1188 6855 1287 6855 1231 6855 997 6856 915 6856 885 6856 697 6857 931 6857 721 6857 915 6858 931 6858 697 6858 721 6859 931 6859 868 6859 868 6860 931 6860 1019 6860 1716 6861 1717 6861 1332 6861 1332 6862 1717 6862 1287 6862 1717 6863 1261 6863 1287 6863 1287 6864 1261 6864 1231 6864 997 6865 1061 6865 915 6865 1717 6866 1713 6866 1261 6866 1061 6867 1088 6867 915 6867 1126 6868 1088 6868 1061 6868 915 6869 1088 6869 931 6869 1720 6870 1713 6870 1717 6870 1263 6871 1384 6871 1222 6871 1261 6872 1384 6872 1263 6872 931 6873 1088 6873 1019 6873 1019 6874 1088 6874 1233 6874 1222 6875 1286 6875 1126 6875 1126 6876 1286 6876 1088 6876 1713 6877 1384 6877 1261 6877 1088 6878 1286 6878 1233 6878 1233 6879 1286 6879 1361 6879 1384 6880 1286 6880 1222 6880 1711 6881 1384 6881 1713 6881 1384 6882 1529 6882 1286 6882 1711 6883 1529 6883 1384 6883 1710 6884 1529 6884 1711 6884 1286 6885 1529 6885 1361 6885 641 6886 677 6886 684 6886 697 6887 721 6887 696 6887 709 6888 696 6888 721 6888 585 6889 577 6889 582 6889 577 6890 571 6890 582 6890 583 6891 571 6891 577 6891 641 6892 571 6892 583 6892 641 6893 612 6893 571 6893 684 6894 612 6894 641 6894 684 6895 697 6895 612 6895 697 6896 696 6896 612 6896 612 6897 696 6897 639 6897 696 6898 645 6898 639 6898 696 6899 648 6899 645 6899 584 6900 578 6900 574 6900 600 6901 584 6901 574 6901 648 6902 701 6902 649 6902 649 6903 701 6903 636 6903 696 6904 701 6904 648 6904 578 6905 580 6905 574 6905 579 6906 580 6906 578 6906 579 6907 587 6907 580 6907 701 6908 699 6908 636 6908 636 6909 699 6909 616 6909 699 6910 689 6910 616 6910 616 6911 689 6911 600 6911 689 6912 683 6912 600 6912 600 6913 654 6913 584 6913 683 6914 654 6914 600 6914 1010 6915 1056 6915 1061 6915 783 6916 852 6916 885 6916 1182 6917 1222 6917 1110 6917 1010 6918 997 6918 929 6918 1110 6919 1126 6919 1056 6919 852 6920 929 6920 885 6920 1010 6921 1061 6921 997 6921 1224 6922 1263 6922 1211 6922 1211 6923 1222 6923 1182 6923 1126 6924 1061 6924 1056 6924 1261 6925 1263 6925 1224 6925 929 6926 997 6926 885 6926 1211 6927 1263 6927 1222 6927 1222 6928 1126 6928 1110 6928 792 6929 641 6929 674 6929 674 6930 641 6930 583 6930 792 6931 783 6931 641 6931 937 6932 929 6932 887 6932 792 6933 887 6933 852 6933 937 6934 1010 6934 929 6934 792 6935 852 6935 783 6935 929 6936 852 6936 887 6936 1194 6937 1097 6937 1143 6937 1027 6938 955 6938 994 6938 583 6939 690 6939 674 6939 577 6940 690 6940 583 6940 1182 6941 1194 6941 1211 6941 1194 6942 1110 6942 1097 6942 1182 6943 1110 6943 1194 6943 1162 6944 1143 6944 1077 6944 1097 6945 1110 6945 1027 6945 1027 6946 1110 6946 1056 6946 1143 6947 1097 6947 1077 6947 1027 6948 1056 6948 1010 6948 1077 6949 1097 6949 994 6949 1027 6950 994 6950 1097 6950 937 6951 955 6951 1010 6951 994 6952 920 6952 1077 6952 955 6953 887 6953 888 6953 937 6954 887 6954 955 6954 955 6955 920 6955 994 6955 888 6956 920 6956 955 6956 830 6957 887 6957 792 6957 887 6958 830 6958 888 6958 830 6959 920 6959 888 6959 830 6960 823 6960 920 6960 830 6961 792 6961 748 6961 748 6962 823 6962 830 6962 674 6963 748 6963 792 6963 748 6964 674 6964 690 6964 748 6965 690 6965 823 6965 690 6966 688 6966 823 6966 577 6967 679 6967 688 6967 585 6968 679 6968 577 6968 690 6969 577 6969 688 6969 1211 6970 1194 6970 1224 6970 1193 6971 1143 6971 1162 6971 955 6972 1027 6972 1010 6972 1194 6973 1193 6973 1224 6973 1193 6974 1194 6974 1143 6974 840 6975 866 6975 795 6975 1142 6976 1117 6976 1060 6976 1206 6977 1162 6977 1142 6977 731 6978 795 6978 869 6978 869 6979 679 6979 731 6979 894 6980 866 6980 840 6980 679 6981 869 6981 952 6981 928 6982 869 6982 866 6982 959 6983 978 6983 928 6983 928 6984 952 6984 869 6984 1049 6985 978 6985 959 6985 978 6986 952 6986 928 6986 978 6987 1049 6987 1060 6987 978 6988 1054 6988 952 6988 1060 6989 1054 6989 978 6989 1142 6990 1049 6990 1093 6990 1060 6991 1049 6991 1142 6991 1093 6992 1166 6992 1142 6992 1142 6993 1166 6993 1198 6993 1060 6994 1117 6994 1054 6994 1142 6995 1198 6995 1206 6995 1162 6996 1117 6996 1142 6996 1162 6997 1054 6997 1117 6997 679 6998 585 6998 731 6998 928 6999 866 6999 894 6999 928 7000 894 7000 959 7000 795 7001 866 7001 869 7001 1206 7002 1198 7002 1215 7002 1224 7003 1206 7003 1215 7003 1224 7004 1193 7004 1206 7004 1206 7005 1193 7005 1162 7005 823 7006 1162 7006 920 7006 952 7007 1162 7007 679 7007 1054 7008 1162 7008 952 7008 679 7009 1162 7009 688 7009 688 7010 1162 7010 823 7010 1162 7011 1077 7011 920 7011 840 7012 907 7012 894 7012 1049 7013 1057 7013 1093 7013 1198 7014 1231 7014 1215 7014 1049 7015 985 7015 1057 7015 959 7016 985 7016 1049 7016 1198 7017 1166 7017 1231 7017 894 7018 907 7018 959 7018 1215 7019 1257 7019 1224 7019 959 7020 907 7020 985 7020 1093 7021 1057 7021 1188 7021 1215 7022 1231 7022 1257 7022 1224 7023 1257 7023 1261 7023 1093 7024 1188 7024 1166 7024 1166 7025 1188 7025 1231 7025 1261 7026 1257 7026 1231 7026 582 7027 731 7027 585 7027 571 7028 612 7028 566 7028 447 7029 510 7029 426 7029 515 7030 457 7030 443 7030 515 7031 531 7031 457 7031 490 7032 438 7032 526 7032 534 7033 441 7033 425 7033 534 7034 509 7034 441 7034 504 7035 419 7035 398 7035 504 7036 566 7036 552 7036 504 7037 479 7037 419 7037 552 7038 479 7038 504 7038 419 7039 479 7039 459 7039 560 7040 479 7040 552 7040 459 7041 479 7041 560 7041 552 7042 609 7042 560 7042 442 7043 424 7043 503 7043 639 7044 609 7044 612 7044 560 7045 555 7045 503 7045 503 7046 555 7046 442 7046 609 7047 619 7047 560 7047 639 7048 619 7048 609 7048 555 7049 619 7049 598 7049 619 7050 639 7050 598 7050 598 7051 513 7051 510 7051 645 7052 598 7052 639 7052 514 7053 594 7053 592 7053 648 7054 594 7054 645 7054 648 7055 620 7055 592 7055 473 7056 500 7056 547 7056 620 7057 648 7057 649 7057 597 7058 515 7058 547 7058 547 7059 620 7059 597 7059 515 7060 597 7060 531 7060 597 7061 603 7061 531 7061 526 7062 438 7062 452 7062 562 7063 526 7063 452 7063 564 7064 562 7064 616 7064 526 7065 562 7065 564 7065 490 7066 425 7066 438 7066 564 7067 490 7067 526 7067 534 7068 490 7068 564 7068 534 7069 425 7069 490 7069 550 7070 534 7070 564 7070 504 7071 398 7071 528 7071 552 7072 566 7072 612 7072 424 7073 459 7073 503 7073 619 7074 555 7074 560 7074 442 7075 511 7075 447 7075 511 7076 510 7076 447 7076 555 7077 510 7077 511 7077 598 7078 510 7078 555 7078 510 7079 513 7079 426 7079 598 7080 645 7080 594 7080 455 7081 514 7081 500 7081 592 7082 500 7082 514 7082 648 7083 592 7083 594 7083 592 7084 620 7084 547 7084 473 7085 547 7085 443 7085 443 7086 547 7086 515 7086 597 7087 620 7087 636 7087 636 7088 620 7088 649 7088 457 7089 531 7089 452 7089 603 7090 597 7090 636 7090 603 7091 616 7091 562 7091 636 7092 616 7092 603 7092 600 7093 564 7093 616 7093 600 7094 550 7094 564 7094 397 7095 441 7095 509 7095 528 7096 566 7096 504 7096 503 7097 459 7097 560 7097 442 7098 555 7098 511 7098 426 7099 513 7099 455 7099 594 7100 513 7100 598 7100 513 7101 514 7101 455 7101 594 7102 514 7102 513 7102 547 7103 500 7103 592 7103 509 7104 534 7104 550 7104 574 7105 550 7105 600 7105 612 7106 609 7106 552 7106 603 7107 562 7107 531 7107 571 7108 566 7108 528 7108 531 7109 562 7109 452 7109 441 7110 397 7110 64 7110 425 7111 441 7111 64 7111 425 7112 64 7112 72 7112 438 7113 425 7113 72 7113 438 7114 72 7114 85 7114 443 7115 457 7115 75 7115 457 7116 66 7116 75 7116 443 7117 75 7117 65 7117 473 7118 443 7118 65 7118 426 7119 455 7119 68 7119 426 7120 68 7120 79 7120 447 7121 426 7121 79 7121 447 7122 79 7122 67 7122 424 7123 84 7123 74 7123 459 7124 424 7124 74 7124 419 7125 459 7125 81 7125 459 7126 74 7126 81 7126 419 7127 81 7127 70 7127 398 7128 419 7128 70 7128 452 7129 438 7129 85 7129 457 7130 452 7130 85 7130 66 7131 457 7131 85 7131 68 7132 455 7132 255 7132 500 7133 473 7133 255 7133 455 7134 500 7134 255 7134 473 7135 65 7135 255 7135 65 7136 68 7136 255 7136 442 7137 447 7137 84 7137 424 7138 442 7138 84 7138 447 7139 67 7139 84 7139 72 7140 78 7140 82 7140 64 7141 78 7141 72 7141 82 7142 71 7142 72 7142 72 7143 71 7143 85 7143 85 7144 71 7144 66 7144 71 7145 73 7145 66 7145 66 7146 73 7146 75 7146 73 7147 80 7147 75 7147 75 7148 80 7148 65 7148 65 7149 80 7149 68 7149 80 7150 69 7150 68 7150 68 7151 69 7151 79 7151 79 7152 69 7152 67 7152 69 7153 76 7153 67 7153 67 7154 76 7154 84 7154 76 7155 77 7155 84 7155 77 7156 74 7156 84 7156 77 7157 81 7157 74 7157 77 7158 83 7158 81 7158 83 7159 70 7159 81 7159 202 7160 69 7160 189 7160 189 7161 69 7161 80 7161 219 7162 69 7162 202 7162 204 7163 69 7163 219 7163 203 7164 76 7164 204 7164 204 7165 76 7165 69 7165 195 7166 76 7166 203 7166 195 7167 77 7167 76 7167 216 7168 77 7168 195 7168 194 7169 77 7169 216 7169 194 7170 83 7170 77 7170 190 7171 83 7171 194 7171 190 7172 194 7172 275 7172 194 7173 230 7173 275 7173 275 7174 315 7174 320 7174 216 7175 230 7175 194 7175 230 7176 266 7176 275 7176 266 7177 315 7177 275 7177 230 7178 216 7178 266 7178 315 7179 324 7179 320 7179 266 7180 279 7180 315 7180 195 7181 268 7181 216 7181 216 7182 268 7182 266 7182 279 7183 324 7183 315 7183 268 7184 279 7184 266 7184 203 7185 268 7185 195 7185 279 7186 268 7186 324 7186 268 7187 318 7187 324 7187 204 7188 259 7188 203 7188 203 7189 259 7189 268 7189 259 7190 318 7190 268 7190 318 7191 333 7191 324 7191 204 7192 219 7192 259 7192 259 7193 292 7193 318 7193 292 7194 333 7194 318 7194 219 7195 247 7195 259 7195 202 7196 247 7196 219 7196 247 7197 292 7197 259 7197 189 7198 247 7198 202 7198 247 7199 280 7199 292 7199 280 7200 333 7200 292 7200 312 7201 333 7201 280 7201 341 7202 333 7202 338 7202 338 7203 333 7203 321 7203 341 7204 324 7204 333 7204 341 7205 320 7205 324 7205 189 7206 231 7206 247 7206 231 7207 280 7207 247 7207 189 7208 198 7208 231 7208 198 7209 246 7209 231 7209 231 7210 246 7210 280 7210 246 7211 312 7211 280 7211 312 7212 321 7212 333 7212 246 7213 293 7213 312 7213 312 7214 293 7214 321 7214 174 7215 239 7215 198 7215 198 7216 239 7216 246 7216 246 7217 239 7217 293 7217 293 7218 338 7218 321 7218 174 7219 206 7219 239 7219 239 7220 265 7220 293 7220 239 7221 206 7221 265 7221 265 7222 304 7222 293 7222 293 7223 304 7223 338 7223 206 7224 254 7224 265 7224 254 7225 304 7225 265 7225 186 7226 254 7226 206 7226 304 7227 316 7227 338 7227 254 7228 316 7228 304 7228 186 7229 214 7229 254 7229 214 7230 262 7230 254 7230 254 7231 262 7231 316 7231 316 7232 341 7232 338 7232 201 7233 262 7233 214 7233 262 7234 300 7234 316 7234 201 7235 241 7235 262 7235 241 7236 300 7236 262 7236 169 7237 241 7237 201 7237 300 7238 341 7238 316 7238 169 7239 82 7239 78 7239 201 7240 82 7240 169 7240 214 7241 82 7241 201 7241 186 7242 71 7242 214 7242 214 7243 71 7243 82 7243 206 7244 71 7244 186 7244 174 7245 71 7245 206 7245 174 7246 73 7246 71 7246 198 7247 73 7247 174 7247 198 7248 80 7248 73 7248 189 7249 80 7249 198 7249 160 7250 78 7250 44 7250 44 7251 78 7251 15 7251 78 7252 64 7252 15 7252 397 7253 346 7253 64 7253 64 7254 346 7254 15 7254 397 7255 509 7255 346 7255 346 7256 509 7256 383 7256 509 7257 550 7257 383 7257 550 7258 574 7258 383 7258 383 7259 580 7259 406 7259 574 7260 580 7260 383 7260 580 7261 1006 7261 406 7261 1006 7262 773 7262 406 7262 1006 7263 1223 7263 773 7263 1006 7264 1388 7264 1223 7264 1388 7265 1564 7265 1223 7265 1388 7266 1665 7266 1564 7266 1665 7267 1646 7267 1564 7267 5368 7268 5416 7268 5271 7268 5416 7269 5384 7269 5271 7269 5368 7270 5697 7270 5416 7270 5727 7271 5697 7271 5681 7271 5271 7272 5384 7272 5221 7272 5697 7273 5744 7273 5416 7273 5727 7274 5744 7274 5697 7274 5384 7275 5207 7275 5221 7275 5384 7276 5365 7276 5207 7276 5365 7277 4860 7277 5207 7277 5207 7278 4860 7278 4820 7278 4820 7279 4860 7279 4559 7279 1665 7280 4348 7280 1646 7280 4288 7281 4348 7281 1665 7281 4860 7282 4604 7282 4559 7282 4559 7283 4604 7283 4288 7283 4604 7284 4348 7284 4288 7284 5390 7285 5319 7285 5389 7285 5406 7286 5370 7286 5355 7286 5416 7287 5429 7287 5397 7287 5384 7288 5397 7288 5373 7288 5429 7289 5426 7289 5398 7289 5356 7290 5329 7290 5339 7290 5411 7291 5395 7291 5402 7291 5347 7292 5319 7292 5318 7292 5323 7293 5352 7293 5349 7293 5352 7294 5364 7294 5349 7294 5364 7295 5366 7295 5349 7295 5381 7296 5366 7296 5387 7296 5416 7297 5397 7297 5384 7297 5429 7298 5398 7298 5397 7298 5398 7299 5373 7299 5397 7299 5398 7300 5386 7300 5373 7300 5373 7301 5386 7301 5353 7301 5417 7302 5398 7302 5426 7302 5386 7303 5398 7303 5417 7303 5353 7304 5399 7304 5357 7304 5399 7305 5407 7305 5357 7305 5353 7306 5357 7306 5339 7306 5339 7307 5357 7307 5356 7307 5392 7308 5356 7308 5357 7308 5402 7309 5356 7309 5392 7309 5402 7310 5395 7310 5356 7310 5395 7311 5329 7311 5356 7311 5391 7312 5329 7312 5395 7312 5318 7313 5329 7313 5391 7313 5347 7314 5318 7314 5391 7314 5391 7315 5389 7315 5347 7315 5421 7316 5389 7316 5391 7316 5319 7317 5347 7317 5389 7317 5319 7318 5390 7318 5350 7318 5350 7319 5390 7319 5403 7319 5319 7320 5350 7320 5323 7320 5355 7321 5350 7321 5406 7321 5406 7322 5350 7322 5403 7322 5355 7323 5323 7323 5350 7323 5406 7324 5404 7324 5370 7324 5352 7325 5355 7325 5370 7325 5323 7326 5355 7326 5352 7326 5370 7327 5404 7327 5352 7327 5404 7328 5408 7328 5352 7328 5413 7329 5352 7329 5408 7329 5364 7330 5352 7330 5413 7330 5413 7331 5418 7331 5364 7331 5364 7332 5418 7332 5387 7332 5364 7333 5387 7333 5366 7333 5418 7334 5424 7334 5387 7334 5414 7335 5387 7335 5424 7335 5414 7336 5381 7336 5387 7336 5417 7337 5399 7337 5386 7337 5386 7338 5399 7338 5353 7338 5407 7339 5392 7339 5357 7339 5309 7340 5381 7340 5378 7340 5309 7341 5366 7341 5381 7341 5309 7342 5349 7342 5366 7342 5309 7343 5290 7343 5349 7343 5290 7344 5287 7344 5349 7344 5349 7345 5287 7345 5323 7345 5287 7346 5319 7346 5323 7346 5287 7347 5286 7347 5319 7347 5319 7348 5286 7348 5318 7348 5318 7349 5286 7349 5329 7349 5329 7350 5286 7350 5339 7350 5286 7351 5289 7351 5339 7351 5384 7352 5343 7352 5365 7352 5373 7353 5343 7353 5384 7353 5339 7354 5292 7354 5353 7354 5289 7355 5292 7355 5339 7355 5353 7356 5343 7356 5373 7356 5353 7357 5308 7357 5343 7357 5292 7358 5308 7358 5353 7358 5324 7359 5315 7359 5378 7359 5378 7360 5341 7360 5309 7360 5341 7361 5315 7361 5294 7361 5341 7362 5378 7362 5315 7362 5291 7363 5341 7363 5294 7363 5341 7364 5291 7364 5309 7364 5291 7365 5280 7365 5309 7365 5280 7366 5260 7366 5309 7366 5309 7367 5260 7367 5290 7367 5270 7368 5286 7368 5274 7368 5274 7369 5286 7369 5287 7369 5287 7370 5290 7370 5252 7370 5276 7371 5286 7371 5270 7371 5286 7372 5276 7372 5289 7372 5289 7373 5276 7373 5277 7373 5260 7374 5257 7374 5290 7374 5257 7375 5252 7375 5290 7375 5287 7376 5252 7376 5274 7376 5277 7377 5292 7377 5289 7377 5292 7378 5277 7378 5261 7378 5308 7379 5292 7379 5261 7379 5308 7380 5261 7380 5285 7380 4637 7381 4773 7381 4635 7381 4635 7382 4773 7382 4772 7382 5274 7383 5008 7383 5270 7383 4981 7384 5008 7384 5274 7384 4772 7385 5008 7385 4981 7385 4773 7386 5008 7386 4772 7386 4891 7387 5008 7387 4773 7387 3957 7388 4128 7388 3956 7388 4110 7389 4128 7389 3957 7389 4256 7390 4128 7390 4110 7390 4256 7391 4370 7391 4128 7391 4128 7392 4370 7392 4228 7392 4370 7393 4560 7393 4228 7393 4228 7394 4601 7394 4426 7394 4560 7395 4601 7395 4228 7395 4426 7396 4601 7396 4460 7396 4601 7397 4637 7397 4460 7397 4460 7398 4635 7398 4457 7398 4637 7399 4635 7399 4460 7399 4635 7400 4629 7400 4457 7400 4344 7401 3954 7401 3955 7401 4457 7402 4629 7402 4431 7402 4629 7403 4602 7403 4431 7403 4431 7404 4602 7404 4344 7404 4602 7405 4556 7405 4344 7405 4556 7406 4357 7406 4344 7406 3954 7407 4357 7407 4086 7407 4344 7408 4357 7408 3954 7408 4086 7409 4357 7409 4308 7409 4431 7410 4344 7410 4389 7410 4382 7411 4439 7411 4431 7411 4389 7412 4382 7412 4431 7412 4439 7413 4457 7413 4431 7413 4460 7414 4457 7414 4439 7414 4432 7415 4460 7415 4439 7415 4228 7416 4135 7416 4128 7416 4135 7417 4228 7417 4134 7417 4426 7418 4460 7418 4432 7418 4332 7419 4228 7419 4426 7419 4432 7420 4332 7420 4426 7420 4134 7421 4228 7421 4332 7421 3952 7422 4128 7422 4135 7422 3956 7423 4128 7423 3952 7423 4134 7424 3952 7424 4135 7424 4134 7425 3945 7425 3952 7425 3952 7426 3945 7426 3944 7426 3956 7427 3952 7427 3944 7427 3957 7428 3956 7428 3944 7428 3953 7429 3957 7429 3944 7429 3953 7430 3944 7430 3942 7430 3953 7431 3942 7431 3947 7431 3947 7432 3942 7432 3936 7432 3947 7433 3936 7433 3935 7433 3743 7434 3936 7434 3942 7434 3749 7435 3923 7435 3743 7435 3743 7436 3923 7436 3936 7436 3923 7437 3929 7437 3935 7437 3923 7438 3935 7438 3936 7438 3891 7439 3844 7439 3847 7439 3891 7440 3847 7440 3908 7440 3923 7441 3891 7441 3908 7441 3923 7442 3908 7442 3929 7442 3908 7443 3958 7443 3929 7443 4040 7444 3958 7444 3933 7444 3759 7445 3811 7445 3847 7445 3958 7446 3908 7446 3933 7446 3933 7447 3908 7447 3811 7447 3908 7448 3847 7448 3811 7448 3929 7449 3958 7449 4040 7449 3935 7450 4053 7450 3947 7450 4053 7451 3935 7451 4047 7451 3929 7452 3994 7452 3935 7452 4047 7453 3994 7453 4040 7453 3935 7454 3994 7454 4047 7454 4074 7455 3947 7455 4063 7455 3953 7456 3947 7456 4074 7456 4063 7457 3947 7457 4053 7457 3994 7458 3929 7458 4040 7458 3953 7459 4074 7459 3957 7459 3957 7460 4074 7460 4110 7460 4074 7461 4063 7461 4110 7461 4110 7462 4257 7462 4256 7462 4063 7463 4257 7463 4110 7463 4063 7464 4302 7464 4257 7464 4053 7465 4302 7465 4063 7465 4047 7466 4268 7466 4053 7466 4053 7467 4268 7467 4302 7467 4047 7468 4313 7468 4268 7468 4256 7469 4343 7469 4370 7469 4256 7470 4257 7470 4343 7470 4365 7471 4343 7471 4302 7471 4257 7472 4302 7472 4343 7472 4302 7473 4360 7473 4365 7473 4268 7474 4313 7474 4360 7474 4268 7475 4360 7475 4302 7475 4359 7476 4360 7476 4313 7476 4295 7477 4300 7477 4377 7477 4304 7478 4388 7478 4315 7478 4359 7479 4314 7479 4386 7479 4393 7480 4330 7480 4378 7480 4376 7481 4301 7481 4348 7481 4417 7482 4388 7482 4376 7482 4388 7483 4301 7483 4376 7483 4313 7484 4269 7484 4359 7484 4386 7485 4314 7485 4369 7485 4295 7486 4369 7486 4314 7486 4295 7487 4377 7487 4369 7487 4393 7488 4377 7488 4330 7488 4330 7489 4377 7489 4300 7489 4378 7490 4330 7490 4315 7490 4378 7491 4315 7491 4388 7491 4304 7492 4301 7492 4388 7492 4269 7493 4314 7493 4359 7493 5008 7494 5276 7494 5270 7494 5261 7495 4897 7495 5285 7495 4897 7496 5030 7496 5285 7496 5030 7497 5082 7497 5285 7497 5285 7498 5082 7498 5293 7498 5082 7499 5086 7499 5293 7499 5086 7500 5078 7500 5293 7500 4608 7501 4360 7501 4652 7501 4365 7502 4360 7502 4608 7502 4773 7503 4748 7503 4891 7503 4637 7504 4748 7504 4773 7504 5276 7505 5089 7505 5277 7505 5008 7506 5089 7506 5276 7506 4601 7507 4748 7507 4637 7507 4748 7508 4802 7508 4891 7508 4891 7509 4802 7509 5008 7509 4802 7510 4831 7510 5008 7510 5008 7511 4831 7511 5089 7511 4831 7512 5261 7512 5089 7512 5089 7513 5261 7513 5277 7513 4748 7514 4659 7514 4802 7514 4802 7515 4659 7515 4831 7515 4601 7516 4659 7516 4748 7516 4601 7517 4560 7517 4659 7517 4659 7518 4614 7518 4831 7518 4831 7519 4614 7519 4698 7519 4831 7520 4874 7520 5261 7520 5261 7521 4874 7521 4897 7521 4560 7522 4614 7522 4659 7522 4698 7523 4614 7523 4634 7523 4897 7524 4874 7524 4789 7524 4789 7525 4874 7525 4698 7525 4698 7526 4874 7526 4831 7526 4370 7527 4614 7527 4560 7527 4343 7528 4614 7528 4370 7528 4343 7529 4608 7529 4614 7529 4614 7530 4608 7530 4634 7530 5293 7531 5045 7531 5346 7531 5078 7532 5045 7532 5293 7532 4343 7533 4365 7533 4608 7533 4652 7534 4585 7534 4758 7534 4824 7535 4822 7535 4943 7535 4943 7536 4822 7536 5012 7536 5365 7537 4996 7537 4860 7537 5045 7538 4996 7538 5346 7538 5346 7539 4996 7539 5365 7539 5012 7540 4996 7540 5045 7540 4360 7541 4585 7541 4652 7541 4386 7542 4585 7542 4359 7542 4824 7543 4609 7543 4822 7543 4758 7544 4609 7544 4824 7544 4360 7545 4359 7545 4585 7545 4822 7546 4742 7546 5012 7546 5012 7547 4742 7547 4996 7547 4996 7548 4742 7548 4860 7548 4585 7549 4609 7549 4758 7549 4609 7550 4742 7550 4822 7550 4386 7551 4609 7551 4585 7551 4377 7552 4609 7552 4369 7552 4369 7553 4609 7553 4386 7553 4609 7554 4570 7554 4742 7554 4742 7555 4604 7555 4860 7555 4742 7556 4561 7556 4604 7556 4570 7557 4561 7557 4742 7557 4377 7558 4570 7558 4609 7558 4378 7559 4570 7559 4393 7559 4393 7560 4570 7560 4377 7560 4604 7561 4417 7561 4348 7561 4561 7562 4417 7562 4604 7562 4348 7563 4417 7563 4376 7563 4378 7564 4388 7564 4570 7564 4570 7565 4388 7565 4561 7565 4388 7566 4417 7566 4561 7566 5343 7567 5346 7567 5365 7567 5308 7568 5285 7568 5343 7568 5285 7569 5293 7569 5343 7569 5293 7570 5346 7570 5343 7570 4924 7571 4941 7571 4896 7571 5065 7572 5028 7572 5045 7572 5065 7573 5031 7573 5028 7573 4608 7574 4622 7574 4617 7574 4632 7575 4622 7575 4608 7575 4608 7576 4652 7576 4632 7576 5012 7577 4971 7577 4943 7577 5019 7578 4971 7578 5012 7578 5028 7579 5019 7579 5045 7579 5045 7580 5078 7580 5065 7580 4652 7581 4686 7581 4655 7581 4652 7582 4739 7582 4686 7582 4739 7583 4652 7583 4758 7583 4943 7584 4971 7584 4924 7584 4941 7585 4971 7585 4965 7585 4965 7586 4998 7586 4995 7586 4998 7587 4971 7587 5019 7587 4998 7588 5028 7588 4995 7588 5028 7589 4998 7589 5019 7589 4995 7590 5028 7590 5031 7590 5012 7591 5045 7591 5019 7591 5065 7592 5056 7592 5031 7592 5053 7593 5038 7593 5061 7593 4632 7594 4652 7594 4655 7594 4739 7595 4715 7595 4686 7595 4759 7596 4715 7596 4739 7596 4759 7597 4739 7597 4824 7597 4846 7598 4800 7598 4824 7598 4800 7599 4852 7599 4812 7599 4846 7600 4852 7600 4800 7600 4846 7601 4896 7601 4852 7601 4846 7602 4924 7602 4896 7602 4852 7603 4896 7603 4889 7603 4943 7604 4924 7604 4846 7604 4896 7605 4941 7605 4889 7605 4924 7606 4971 7606 4941 7606 4971 7607 4998 7607 4965 7607 5056 7608 5078 7608 5061 7608 5061 7609 5078 7609 5086 7609 4759 7610 4824 7610 4800 7610 5038 7611 5031 7611 5056 7611 5056 7612 5061 7612 5038 7612 5065 7613 5078 7613 5056 7613 4758 7614 4824 7614 4739 7614 4824 7615 4943 7615 4846 7615 4698 7616 4634 7616 4660 7616 4745 7617 4698 7617 4695 7617 4789 7618 4826 7618 4897 7618 4745 7619 4789 7619 4698 7619 4660 7620 4695 7620 4698 7620 4617 7621 4634 7621 4608 7621 4992 7622 5030 7622 4950 7622 4950 7623 4897 7623 4903 7623 4897 7624 4826 7624 4845 7624 5053 7625 5061 7625 5070 7625 5061 7626 5086 7626 5070 7626 5086 7627 5082 7627 5070 7627 5070 7628 5048 7628 5053 7628 5070 7629 5034 7629 5048 7629 5082 7630 5042 7630 5070 7630 5042 7631 5034 7631 5070 7631 5030 7632 5042 7632 5082 7632 5042 7633 5013 7633 5034 7633 5042 7634 4992 7634 5013 7634 4950 7635 4977 7635 4992 7635 4992 7636 4977 7636 5013 7636 4897 7637 4950 7637 5030 7637 4897 7638 4845 7638 4903 7638 5030 7639 4992 7639 5042 7639 5035 7640 5048 7640 5000 7640 5035 7641 5053 7641 5048 7641 5000 7642 5034 7642 5013 7642 5000 7643 5013 7643 4944 7643 4944 7644 4977 7644 4937 7644 5034 7645 5000 7645 5048 7645 4944 7646 5013 7646 4977 7646 4870 7647 4903 7647 4845 7647 4944 7648 4937 7648 4870 7648 4870 7649 4845 7649 4784 7649 4870 7650 4937 7650 4903 7650 4784 7651 4845 7651 4826 7651 4937 7652 4977 7652 4950 7652 4903 7653 4937 7653 4950 7653 4656 7654 4668 7654 4617 7654 4784 7655 4826 7655 4789 7655 4709 7656 4784 7656 4745 7656 4709 7657 4745 7657 4695 7657 4784 7658 4789 7658 4745 7658 4709 7659 4695 7659 4660 7659 4709 7660 4660 7660 4668 7660 4668 7661 4634 7661 4617 7661 4668 7662 4660 7662 4634 7662 4876 7663 4656 7663 4765 7663 4765 7664 4656 7664 4704 7664 4704 7665 4656 7665 4665 7665 4668 7666 4784 7666 4709 7666 4979 7667 5035 7667 4876 7667 4876 7668 5035 7668 4656 7668 4784 7669 4944 7669 4870 7669 4656 7670 4944 7670 4668 7670 4668 7671 4944 7671 4784 7671 5000 7672 4944 7672 5035 7672 5035 7673 4944 7673 4656 7673 4704 7674 4715 7674 4733 7674 4704 7675 4665 7675 4686 7675 4704 7676 4733 7676 4765 7676 4704 7677 4686 7677 4715 7677 4979 7678 4876 7678 4965 7678 4665 7679 4622 7679 4655 7679 4876 7680 4765 7680 4812 7680 4979 7681 4965 7681 4995 7681 4876 7682 4889 7682 4941 7682 4876 7683 4812 7683 4889 7683 4876 7684 4941 7684 4965 7684 5035 7685 4979 7685 5031 7685 4665 7686 4655 7686 4686 7686 4979 7687 4995 7687 5031 7687 5035 7688 5031 7688 5038 7688 4765 7689 4733 7689 4812 7689 5035 7690 5038 7690 5053 7690 4889 7691 4812 7691 4852 7691 4665 7692 4656 7692 4622 7692 4812 7693 4733 7693 4800 7693 4800 7694 4733 7694 4759 7694 4656 7695 4617 7695 4622 7695 4759 7696 4733 7696 4715 7696 4655 7697 4622 7697 4632 7697 1631 7698 1647 7698 2006 7698 1631 7699 2006 7699 1911 7699 1639 7700 1631 7700 1911 7700 1668 7701 1639 7701 1911 7701 1658 7702 1668 7702 1900 7702 1668 7703 1911 7703 1900 7703 1667 7704 1658 7704 1896 7704 1658 7705 1900 7705 1896 7705 3933 7706 4300 7706 4295 7706 4040 7707 3933 7707 4295 7707 4040 7708 4295 7708 4314 7708 4047 7709 4040 7709 4269 7709 4040 7710 4314 7710 4269 7710 4047 7711 4269 7711 4313 7711 1646 7712 4348 7712 3642 7712 4301 7713 4304 7713 3642 7713 4348 7714 4301 7714 3642 7714 4304 7715 4315 7715 3531 7715 3642 7716 4304 7716 3531 7716 1643 7717 1646 7717 1984 7717 1628 7718 1643 7718 1984 7718 1659 7719 1628 7719 1984 7719 1646 7720 3642 7720 1984 7720 1647 7721 1649 7721 2170 7721 2126 7722 2006 7722 2170 7722 2006 7723 1647 7723 2170 7723 2126 7724 2170 7724 2565 7724 2170 7725 2072 7725 2565 7725 3811 7726 2126 7726 2565 7726 3811 7727 2565 7727 3486 7727 2565 7728 3531 7728 3486 7728 4315 7729 4330 7729 3777 7729 3531 7730 4315 7730 3777 7730 3777 7731 4330 7731 3811 7731 4330 7732 4300 7732 3811 7732 4300 7733 3933 7733 3811 7733 2170 7734 1649 7734 2072 7734 1659 7735 1984 7735 2072 7735 1649 7736 1659 7736 2072 7736 2072 7737 1984 7737 2738 7737 2565 7738 2072 7738 2738 7738 1984 7739 3642 7739 2738 7739 3642 7740 3531 7740 2738 7740 3531 7741 2565 7741 2738 7741 3486 7742 3531 7742 3777 7742 3811 7743 3486 7743 3777 7743 1582 7744 1643 7744 1628 7744 1646 7745 1643 7745 1564 7745 1564 7746 1643 7746 1582 7746 1567 7747 1582 7747 1628 7747 1610 7748 1569 7748 1562 7748 1628 7749 1588 7749 1567 7749 1588 7750 1628 7750 1659 7750 1649 7751 1610 7751 1588 7751 1588 7752 1610 7752 1562 7752 1610 7753 1631 7753 1569 7753 1647 7754 1631 7754 1610 7754 1631 7755 1577 7755 1569 7755 1577 7756 1607 7756 1574 7756 1639 7757 1668 7757 1607 7757 1588 7758 1659 7758 1649 7758 1649 7759 1647 7759 1610 7759 1577 7760 1631 7760 1639 7760 1574 7761 1607 7761 1589 7761 1589 7762 1607 7762 1658 7762 1607 7763 1668 7763 1658 7763 1577 7764 1639 7764 1607 7764 1555 7765 1600 7765 1655 7765 1655 7766 1600 7766 1657 7766 1616 7767 1657 7767 1600 7767 1589 7768 1658 7768 1667 7768 1694 7769 1611 7769 1667 7769 1694 7770 1657 7770 1616 7770 1694 7771 1616 7771 1611 7771 1667 7772 1611 7772 1589 7772 1305 7773 1165 7773 1403 7773 1403 7774 1165 7774 1176 7774 1255 7775 1165 7775 1305 7775 1036 7776 1165 7776 1255 7776 471 7777 569 7777 477 7777 471 7778 685 7778 569 7778 569 7779 544 7779 477 7779 544 7780 567 7780 477 7780 567 7781 502 7781 477 7781 567 7782 725 7782 502 7782 725 7783 880 7783 502 7783 1176 7784 1555 7784 1403 7784 406 7785 773 7785 428 7785 1223 7786 926 7786 773 7786 1564 7787 1273 7787 1223 7787 1223 7788 1273 7788 926 7788 428 7789 777 7789 471 7789 773 7790 777 7790 428 7790 926 7791 777 7791 773 7791 471 7792 777 7792 685 7792 1582 7793 1273 7793 1564 7793 1273 7794 1214 7794 926 7794 1582 7795 1567 7795 1273 7795 685 7796 777 7796 779 7796 779 7797 777 7797 878 7797 1562 7798 1390 7798 1588 7798 1588 7799 1390 7799 1567 7799 1567 7800 1390 7800 1273 7800 1390 7801 1214 7801 1273 7801 777 7802 1043 7802 878 7802 926 7803 1043 7803 777 7803 1214 7804 1043 7804 926 7804 1562 7805 1214 7805 1390 7805 1214 7806 1562 7806 1569 7806 1214 7807 1308 7807 1043 7807 1569 7808 1308 7808 1214 7808 1574 7809 1308 7809 1577 7809 1577 7810 1308 7810 1569 7810 1043 7811 1008 7811 878 7811 502 7812 803 7812 505 7812 880 7813 803 7813 502 7813 1008 7814 1260 7814 1082 7814 1082 7815 1260 7815 1159 7815 1308 7816 1260 7816 1043 7816 1043 7817 1260 7817 1008 7817 1574 7818 1260 7818 1308 7818 1574 7819 1589 7819 1260 7819 1260 7820 1240 7820 1159 7820 1176 7821 1240 7821 1555 7821 1555 7822 1240 7822 1600 7822 1611 7823 1240 7823 1589 7823 1589 7824 1240 7824 1260 7824 1611 7825 1616 7825 1240 7825 1240 7826 1616 7826 1600 7826 1247 7827 1065 7827 1255 7827 505 7828 803 7828 523 7828 1015 7829 803 7829 880 7829 824 7830 786 7830 933 7830 522 7831 786 7831 824 7831 523 7832 786 7832 522 7832 803 7833 874 7833 523 7833 523 7834 874 7834 786 7834 1015 7835 948 7835 803 7835 803 7836 948 7836 874 7836 786 7837 874 7837 933 7837 1099 7838 1165 7838 1015 7838 1015 7839 1165 7839 948 7839 1176 7840 1165 7840 1099 7840 874 7841 1036 7841 933 7841 948 7842 1036 7842 874 7842 933 7843 1036 7843 1065 7843 1065 7844 1036 7844 1255 7844 948 7845 1165 7845 1036 7845 486 7846 505 7846 523 7846 488 7847 522 7847 519 7847 486 7848 522 7848 491 7848 523 7849 522 7849 486 7849 486 7850 467 7850 505 7850 467 7851 502 7851 505 7851 467 7852 477 7852 502 7852 467 7853 433 7853 477 7853 433 7854 471 7854 477 7854 406 7855 428 7855 433 7855 428 7856 471 7856 433 7856 488 7857 491 7857 522 7857 1248 7858 1018 7858 1247 7858 522 7859 829 7859 519 7859 1018 7860 1065 7860 1247 7860 829 7861 824 7861 1018 7861 1018 7862 824 7862 1065 7862 522 7863 824 7863 829 7863 1065 7864 824 7864 933 7864 394 7865 420 7865 430 7865 420 7866 472 7866 430 7866 480 7867 472 7867 420 7867 445 7868 480 7868 420 7868 480 7869 445 7869 497 7869 445 7870 493 7870 497 7870 445 7871 474 7871 493 7871 474 7872 512 7872 493 7872 493 7873 512 7873 518 7873 474 7874 488 7874 512 7874 488 7875 519 7875 512 7875 474 7876 414 7876 434 7876 474 7877 445 7877 414 7877 414 7878 445 7878 404 7878 488 7879 474 7879 434 7879 404 7880 445 7880 402 7880 488 7881 434 7881 439 7881 402 7882 445 7882 387 7882 445 7883 420 7883 387 7883 420 7884 394 7884 387 7884 488 7885 439 7885 453 7885 488 7886 453 7886 458 7886 488 7887 458 7887 491 7887 491 7888 458 7888 450 7888 491 7889 450 7889 451 7889 491 7890 451 7890 436 7890 486 7891 491 7891 436 7891 486 7892 436 7892 432 7892 467 7893 486 7893 432 7893 467 7894 432 7894 416 7894 467 7895 416 7895 433 7895 416 7896 407 7896 433 7896 407 7897 391 7897 433 7897 391 7898 383 7898 433 7898 433 7899 383 7899 406 7899 368 7900 411 7900 395 7900 369 7901 389 7901 411 7901 371 7902 400 7902 422 7902 403 7903 458 7903 380 7903 388 7904 450 7904 403 7904 374 7905 421 7905 388 7905 349 7906 362 7906 416 7906 344 7907 345 7907 377 7907 377 7908 402 7908 387 7908 377 7909 404 7909 402 7909 411 7910 439 7910 434 7910 361 7911 422 7911 389 7911 371 7912 364 7912 400 7912 453 7913 448 7913 458 7913 374 7914 388 7914 375 7914 370 7915 386 7915 421 7915 386 7916 370 7916 357 7916 357 7917 363 7917 381 7917 377 7918 387 7918 344 7918 377 7919 345 7919 354 7919 377 7920 354 7920 404 7920 404 7921 354 7921 414 7921 354 7922 356 7922 414 7922 356 7923 395 7923 414 7923 395 7924 434 7924 414 7924 356 7925 352 7925 395 7925 368 7926 395 7926 352 7926 395 7927 411 7927 434 7927 411 7928 368 7928 369 7928 389 7929 369 7929 361 7929 422 7930 439 7930 389 7930 361 7931 373 7931 422 7931 453 7932 439 7932 422 7932 373 7933 371 7933 422 7933 400 7934 448 7934 422 7934 380 7935 400 7935 364 7935 380 7936 372 7936 403 7936 403 7937 450 7937 458 7937 403 7938 372 7938 388 7938 372 7939 375 7939 388 7939 421 7940 451 7940 388 7940 421 7941 374 7941 370 7941 421 7942 436 7942 451 7942 386 7943 436 7943 421 7943 381 7944 386 7944 357 7944 381 7945 436 7945 386 7945 432 7946 436 7946 410 7946 410 7947 436 7947 381 7947 381 7948 363 7948 410 7948 416 7949 410 7949 363 7949 363 7950 358 7950 416 7950 416 7951 432 7951 410 7951 416 7952 358 7952 349 7952 362 7953 407 7953 416 7953 391 7954 362 7954 348 7954 346 7955 383 7955 348 7955 348 7956 383 7956 391 7956 411 7957 389 7957 439 7957 422 7958 448 7958 453 7958 448 7959 400 7959 458 7959 458 7960 400 7960 380 7960 450 7961 388 7961 451 7961 362 7962 391 7962 407 7962 348 7963 15 7963 346 7963 362 7964 11 7964 348 7964 348 7965 11 7965 15 7965 349 7966 11 7966 362 7966 358 7967 11 7967 349 7967 363 7968 1 7968 358 7968 358 7969 1 7969 11 7969 374 7970 8 7970 370 7970 374 7971 14 7971 8 7971 375 7972 14 7972 374 7972 372 7973 14 7973 375 7973 372 7974 6 7974 14 7974 371 7975 7 7975 364 7975 373 7976 7 7976 371 7976 361 7977 5 7977 373 7977 373 7978 5 7978 7 7978 352 7979 16 7979 10 7979 356 7980 16 7980 352 7980 354 7981 16 7981 356 7981 354 7982 4 7982 16 7982 345 7983 4 7983 354 7983 344 7984 4 7984 345 7984 370 7985 171 7985 357 7985 357 7986 171 7986 363 7986 8 7987 171 7987 370 7987 1 7988 171 7988 8 7988 363 7989 171 7989 1 7989 7 7990 167 7990 364 7990 364 7991 167 7991 380 7991 380 7992 167 7992 372 7992 6 7993 167 7993 7 7993 372 7994 167 7994 6 7994 352 7995 168 7995 368 7995 368 7996 168 7996 369 7996 369 7997 168 7997 361 7997 361 7998 168 7998 5 7998 10 7999 168 7999 352 7999 5 8000 168 8000 10 8000 16 8001 4 8001 10 8001 5 8002 10 8002 7 8002 10 8003 14 8003 7 8003 7 8004 14 8004 6 8004 14 8005 15 8005 8 8005 8 8006 15 8006 1 8006 15 8007 11 8007 1 8007 4 8008 33 8008 51 8008 51 8009 40 8009 4 8009 4 8010 40 8010 10 8010 40 8011 49 8011 10 8011 10 8012 37 8012 14 8012 49 8013 37 8013 10 8013 37 8014 45 8014 14 8014 45 8015 38 8015 14 8015 14 8016 38 8016 15 8016 38 8017 50 8017 15 8017 50 8018 44 8018 15 8018 472 8019 631 8019 660 8019 472 8020 568 8020 631 8020 480 8021 568 8021 472 8021 480 8022 546 8022 568 8022 480 8023 572 8023 546 8023 497 8024 572 8024 480 8024 497 8025 715 8025 572 8025 493 8026 715 8026 497 8026 518 8027 966 8027 850 8027 728 8028 774 8028 660 8028 660 8029 774 8029 472 8029 472 8030 774 8030 430 8030 430 8031 774 8031 794 8031 797 8032 774 8032 728 8032 794 8033 1023 8033 1122 8033 774 8034 1023 8034 794 8034 1122 8035 1023 8035 1341 8035 774 8036 1028 8036 1023 8036 797 8037 1028 8037 774 8037 1122 8038 1341 8038 1557 8038 1557 8039 1341 8039 1559 8039 1023 8040 1558 8040 1341 8040 797 8041 893 8041 1028 8041 1341 8042 1573 8042 1559 8042 1023 8043 1028 8043 1558 8043 1341 8044 1558 8044 1573 8044 1028 8045 1335 8045 1558 8045 893 8046 1288 8046 1028 8046 1001 8047 1288 8047 893 8047 715 8048 493 8048 850 8048 850 8049 493 8049 518 8049 1558 8050 1335 8050 1595 8050 1028 8051 1288 8051 1335 8051 1001 8052 1256 8052 1288 8052 1123 8053 1256 8053 1001 8053 1335 8054 1288 8054 1595 8054 1595 8055 1288 8055 1608 8055 1619 8056 1256 8056 1612 8056 1608 8057 1256 8057 1619 8057 1288 8058 1256 8058 1608 8058 519 8059 784 8059 512 8059 829 8060 784 8060 519 8060 518 8061 889 8061 966 8061 512 8062 889 8062 518 8062 966 8063 1042 8063 1052 8063 889 8064 1042 8064 966 8064 1189 8065 1347 8065 1187 8065 1123 8066 1347 8066 1256 8066 1187 8067 1347 8067 1123 8067 784 8068 965 8068 512 8068 512 8069 965 8069 889 8069 1256 8070 1347 8070 1612 8070 1612 8071 1347 8071 1617 8071 1052 8072 1042 8072 1102 8072 784 8073 1002 8073 965 8073 1018 8074 1002 8074 829 8074 829 8075 1002 8075 784 8075 889 8076 965 8076 1042 8076 1102 8077 1315 8077 1151 8077 1042 8078 1315 8078 1102 8078 965 8079 1210 8079 1042 8079 1042 8080 1210 8080 1315 8080 1002 8081 1210 8081 965 8081 1189 8082 1315 8082 1347 8082 1151 8083 1315 8083 1189 8083 1347 8084 1315 8084 1617 8084 1002 8085 1270 8085 1210 8085 1378 8086 1210 8086 1300 8086 1603 8087 1315 8087 1378 8087 1617 8088 1315 8088 1603 8088 1270 8089 1300 8089 1210 8089 1210 8090 1378 8090 1315 8090 1018 8091 1248 8091 1002 8091 1002 8092 1248 8092 1270 8092 1619 8093 1681 8093 1608 8093 1627 8094 1609 8094 1650 8094 1573 8095 1622 8095 1598 8095 1609 8096 1627 8096 1557 8096 1559 8097 1609 8097 1557 8097 1559 8098 1573 8098 1598 8098 1573 8099 1558 8099 1622 8099 1595 8100 1608 8100 1637 8100 1698 8101 1637 8101 1681 8101 1654 8102 1650 8102 1598 8102 1622 8103 1654 8103 1598 8103 1654 8104 1622 8104 1672 8104 1672 8105 1622 8105 1678 8105 1558 8106 1595 8106 1622 8106 1622 8107 1595 8107 1678 8107 1637 8108 1678 8108 1595 8108 1637 8109 1608 8109 1681 8109 1681 8110 1619 8110 1699 8110 1650 8111 1609 8111 1598 8111 1598 8112 1609 8112 1559 8112 1678 8113 1637 8113 1698 8113 1612 8114 1683 8114 1690 8114 1676 8115 1695 8115 1617 8115 1603 8116 1676 8116 1617 8116 1619 8117 1690 8117 1699 8117 1617 8118 1683 8118 1612 8118 1603 8119 1688 8119 1676 8119 1612 8120 1690 8120 1619 8120 1683 8121 1617 8121 1695 8121 1895 8122 1901 8122 1699 8122 1895 8123 1699 8123 1690 8123 1884 8124 1895 8124 1683 8124 1895 8125 1690 8125 1683 8125 1884 8126 1683 8126 1695 8126 1860 8127 1884 8127 1676 8127 1884 8128 1695 8128 1676 8128 1860 8129 1676 8129 1688 8129 1678 8130 2009 8130 1672 8130 1678 8131 1924 8131 2009 8131 1698 8132 1924 8132 1678 8132 1698 8133 1905 8133 1924 8133 1681 8134 1905 8134 1698 8134 1681 8135 1901 8135 1905 8135 1699 8136 1901 8136 1681 8136 3927 8137 4290 8137 4310 8137 4023 8138 4290 8138 3927 8138 4023 8139 4236 8139 4290 8139 4041 8140 4236 8140 4023 8140 4041 8141 4245 8141 4236 8141 4042 8142 4245 8142 4041 8142 4042 8143 4263 8143 4245 8143 1650 8144 2487 8144 4306 8144 3835 8145 2487 8145 2125 8145 2487 8146 3646 8146 4306 8146 3835 8147 3646 8147 2487 8147 1672 8148 1867 8148 1654 8148 1654 8149 1867 8149 1650 8149 2009 8150 1867 8150 1672 8150 2487 8151 1867 8151 2125 8151 1650 8152 1867 8152 2487 8152 2125 8153 1867 8153 2009 8153 4306 8154 4082 8154 4287 8154 3927 8155 4082 8155 3835 8155 3646 8156 4082 8156 4306 8156 3835 8157 4082 8157 3646 8157 4287 8158 4082 8158 4324 8158 4324 8159 4082 8159 4318 8159 4318 8160 4082 8160 4310 8160 4310 8161 4082 8161 3927 8161 4049 8162 4042 8162 3931 8162 4059 8163 4049 8163 3940 8163 4086 8164 4059 8164 3954 8164 4059 8165 3940 8165 3954 8165 3940 8166 4049 8166 3931 8166 4023 8167 3927 8167 3969 8167 3888 8168 3918 8168 3927 8168 4041 8169 4023 8169 3969 8169 3927 8170 3918 8170 3969 8170 3918 8171 3924 8171 3969 8171 3835 8172 3888 8172 3927 8172 4041 8173 3969 8173 3924 8173 4042 8174 4041 8174 3924 8174 3931 8175 4042 8175 3924 8175 3835 8176 3764 8176 3842 8176 3888 8177 3835 8177 3842 8177 3888 8178 3842 8178 3841 8178 3888 8179 3841 8179 3895 8179 3918 8180 3888 8180 3895 8180 3918 8181 3895 8181 3921 8181 3921 8182 3924 8182 3918 8182 3921 8183 3931 8183 3924 8183 3939 8184 3931 8184 3921 8184 3955 8185 3954 8185 3946 8185 3951 8186 3955 8186 3946 8186 3943 8187 3946 8187 3939 8187 3946 8188 3954 8188 3939 8188 3954 8189 3940 8189 3939 8189 3940 8190 3931 8190 3939 8190 3946 8191 4382 8191 3951 8191 4382 8192 4389 8192 3951 8192 3955 8193 4389 8193 4344 8193 3951 8194 4389 8194 3955 8194 3944 8195 3945 8195 3740 8195 3945 8196 3961 8196 3740 8196 3945 8197 4066 8197 3961 8197 4134 8198 4332 8198 4066 8198 3962 8199 3946 8199 3943 8199 3962 8200 4067 8200 3946 8200 4439 8201 4382 8201 4067 8201 4067 8202 4382 8202 3946 8202 4066 8203 3945 8203 4134 8203 4332 8204 4067 8204 4066 8204 4432 8205 4067 8205 4332 8205 4439 8206 4067 8206 4432 8206 3943 8207 3961 8207 3962 8207 3741 8208 3961 8208 3943 8208 3740 8209 3961 8209 3741 8209 3740 8210 3942 8210 3944 8210 3743 8211 3942 8211 3740 8211 3746 8212 3743 8212 3738 8212 3746 8213 3749 8213 3743 8213 3750 8214 3749 8214 3746 8214 3743 8215 3740 8215 3738 8215 3738 8216 3740 8216 3732 8216 3732 8217 3740 8217 3727 8217 3740 8218 3729 8218 3727 8218 3740 8219 3735 8219 3729 8219 3730 8220 3741 8220 3728 8220 3736 8221 3741 8221 3730 8221 3741 8222 3742 8222 3728 8222 3728 8223 3742 8223 3731 8223 3742 8224 3739 8224 3731 8224 3742 8225 3752 8225 3739 8225 3752 8226 3747 8226 3739 8226 3752 8227 3748 8227 3747 8227 3752 8228 3753 8228 3748 8228 3736 8229 3740 8229 3741 8229 3735 8230 3740 8230 3736 8230 3749 8231 3757 8231 3844 8231 3844 8232 3891 8232 3923 8232 3749 8233 3844 8233 3923 8233 3759 8234 3847 8234 3844 8234 3757 8235 3759 8235 3844 8235 3757 8236 3749 8236 3750 8236 3757 8237 3750 8237 3759 8237 3746 8238 3696 8238 3750 8238 3700 8239 3696 8239 3746 8239 3750 8240 3696 8240 3759 8240 3696 8241 3683 8241 3759 8241 3540 8242 3587 8242 3581 8242 3683 8243 3811 8243 3759 8243 3540 8244 3535 8244 3587 8244 3587 8245 3535 8245 3597 8245 3535 8246 3522 8246 3597 8246 3340 8247 3405 8247 3397 8247 3340 8248 3333 8248 3405 8248 3405 8249 3333 8249 3432 8249 3333 8250 3322 8250 3432 8250 3129 8251 3210 8251 3202 8251 3129 8252 3118 8252 3210 8252 2854 8253 2929 8253 2918 8253 2854 8254 2849 8254 2929 8254 2929 8255 2849 8255 2950 8255 2849 8256 2826 8256 2950 8256 2611 8257 2526 8257 2624 8257 2534 8258 2526 8258 2611 8258 2526 8259 2505 8259 2624 8259 2624 8260 2505 8260 2658 8260 2232 8261 2319 8261 2303 8261 2232 8262 2220 8262 2319 8262 2220 8263 2204 8263 2319 8263 2319 8264 2204 8264 2336 8264 2204 8265 2126 8265 2336 8265 3522 8266 3811 8266 3597 8266 3432 8267 3811 8267 3522 8267 3597 8268 3811 8268 3683 8268 3322 8269 3811 8269 3432 8269 3210 8270 3164 8270 3224 8270 3118 8271 3164 8271 3210 8271 3084 8272 3164 8272 3118 8272 3224 8273 3164 8273 3322 8273 3322 8274 3164 8274 3811 8274 2950 8275 3164 8275 3084 8275 2505 8276 2126 8276 2658 8276 2658 8277 2126 8277 2826 8277 2826 8278 2126 8278 2950 8278 2336 8279 2126 8279 2505 8279 2950 8280 2126 8280 3164 8280 3164 8281 2126 8281 3811 8281 3224 8282 3322 8282 3219 8282 3219 8283 3322 8283 3324 8283 3219 8284 3324 8284 3336 8284 3207 8285 3219 8285 3336 8285 3204 8286 3207 8286 3336 8286 3333 8287 3340 8287 3336 8287 3340 8288 3342 8288 3336 8288 3340 8289 3349 8289 3342 8289 3342 8290 3349 8290 3345 8290 3349 8291 3353 8291 3345 8291 3353 8292 3357 8292 3345 8292 3357 8293 3354 8293 3345 8293 3354 8294 3350 8294 3345 8294 3356 8295 3346 8295 3351 8295 3346 8296 3355 8296 3341 8296 3356 8297 3355 8297 3346 8297 3355 8298 3352 8298 3341 8298 3332 8299 3335 8299 3331 8299 3352 8300 3348 8300 3341 8300 3341 8301 3348 8301 3332 8301 3332 8302 3339 8302 3335 8302 3348 8303 3339 8303 3332 8303 3351 8304 3346 8304 3345 8304 3350 8305 3351 8305 3345 8305 3199 8306 3345 8306 3196 8306 3199 8307 3342 8307 3345 8307 3204 8308 3342 8308 3199 8308 3204 8309 3336 8309 3342 8309 3202 8310 3199 8310 3193 8310 3202 8311 3204 8311 3199 8311 3202 8312 3207 8312 3204 8312 3210 8313 3207 8313 3202 8313 3199 8314 3196 8314 3193 8314 3193 8315 3196 8315 3189 8315 3189 8316 3196 8316 3184 8316 3196 8317 3186 8317 3184 8317 3196 8318 3191 8318 3186 8318 3187 8319 3197 8319 3185 8319 3192 8320 3197 8320 3187 8320 3197 8321 3200 8321 3185 8321 3185 8322 3200 8322 3188 8322 3200 8323 3195 8323 3188 8323 3200 8324 3211 8324 3195 8324 3211 8325 3203 8325 3195 8325 3211 8326 3206 8326 3203 8326 3211 8327 3213 8327 3206 8327 3192 8328 3196 8328 3197 8328 3191 8329 3196 8329 3192 8329 3219 8330 3207 8330 3210 8330 3219 8331 3210 8331 3224 8331 3193 8332 3129 8332 3202 8332 3193 8333 3138 8333 3129 8333 3189 8334 3138 8334 3193 8334 3189 8335 3145 8335 3138 8335 3119 8336 3129 8336 3126 8336 3118 8337 3129 8337 3119 8337 3129 8338 3138 8338 3126 8338 3138 8339 3133 8339 3126 8339 3133 8340 3138 8340 3135 8340 3138 8341 3145 8341 3135 8341 3145 8342 3149 8342 3135 8342 3149 8343 3146 8343 3135 8343 3146 8344 3142 8344 3135 8344 3148 8345 3134 8345 3143 8345 3134 8346 3147 8346 3131 8346 3148 8347 3147 8347 3134 8347 3147 8348 3144 8348 3131 8348 3116 8349 3120 8349 3112 8349 3144 8350 3136 8350 3131 8350 3131 8351 3136 8351 3116 8351 3116 8352 3127 8352 3120 8352 3136 8353 3127 8353 3116 8353 3143 8354 3134 8354 3135 8354 3142 8355 3143 8355 3135 8355 3135 8356 2914 8356 3133 8356 3133 8357 2914 8357 2917 8357 3126 8358 2917 8358 2924 8358 3133 8359 2917 8359 3126 8359 2924 8360 2936 8360 2956 8360 2924 8361 2956 8361 3088 8361 2924 8362 3088 8362 3119 8362 2924 8363 3119 8363 3126 8363 2950 8364 3084 8364 2956 8364 2956 8365 3084 8365 3088 8365 3118 8366 3119 8366 3088 8366 3084 8367 3118 8367 3088 8367 2936 8368 2924 8368 2929 8368 2936 8369 2929 8369 2950 8369 2956 8370 2936 8370 2950 8370 2918 8371 2917 8371 2912 8371 2918 8372 2924 8372 2917 8372 2929 8373 2924 8373 2918 8373 2917 8374 2914 8374 2912 8374 2912 8375 2914 8375 2905 8375 2905 8376 2914 8376 2900 8376 2914 8377 2902 8377 2900 8377 2914 8378 2908 8378 2902 8378 2903 8379 2915 8379 2901 8379 2909 8380 2915 8380 2903 8380 2915 8381 2916 8381 2901 8381 2901 8382 2916 8382 2904 8382 2916 8383 2913 8383 2904 8383 2916 8384 2930 8384 2913 8384 2930 8385 2919 8385 2913 8385 2930 8386 2925 8386 2919 8386 2930 8387 2933 8387 2925 8387 2909 8388 2914 8388 2915 8388 2908 8389 2914 8389 2909 8389 2912 8390 2854 8390 2918 8390 2912 8391 2863 8391 2854 8391 2905 8392 2863 8392 2912 8392 2905 8393 2867 8393 2863 8393 2849 8394 2854 8394 2851 8394 2854 8395 2857 8395 2851 8395 2854 8396 2863 8396 2857 8396 2857 8397 2863 8397 2859 8397 2863 8398 2867 8398 2859 8398 2867 8399 2872 8399 2859 8399 2872 8400 2869 8400 2859 8400 2869 8401 2864 8401 2859 8401 2871 8402 2860 8402 2865 8402 2860 8403 2870 8403 2856 8403 2871 8404 2870 8404 2860 8404 2870 8405 2866 8405 2856 8405 2848 8406 2850 8406 2846 8406 2866 8407 2861 8407 2856 8407 2856 8408 2861 8408 2848 8408 2848 8409 2853 8409 2850 8409 2861 8410 2853 8410 2848 8410 2865 8411 2860 8411 2859 8411 2864 8412 2865 8412 2859 8412 2859 8413 2608 8413 2857 8413 2859 8414 2603 8414 2608 8414 2857 8415 2616 8415 2851 8415 2857 8416 2608 8416 2616 8416 2621 8417 2648 8417 2831 8417 2621 8418 2831 8418 2851 8418 2616 8419 2621 8419 2851 8419 2658 8420 2826 8420 2648 8420 2648 8421 2826 8421 2831 8421 2849 8422 2851 8422 2831 8422 2826 8423 2849 8423 2831 8423 2648 8424 2621 8424 2624 8424 2648 8425 2624 8425 2658 8425 2611 8426 2608 8426 2600 8426 2611 8427 2616 8427 2608 8427 2611 8428 2621 8428 2616 8428 2624 8429 2621 8429 2611 8429 2608 8430 2603 8430 2600 8430 2600 8431 2603 8431 2594 8431 2594 8432 2603 8432 2588 8432 2603 8433 2590 8433 2588 8433 2603 8434 2596 8434 2590 8434 2591 8435 2604 8435 2589 8435 2597 8436 2604 8436 2591 8436 2604 8437 2609 8437 2589 8437 2589 8438 2609 8438 2593 8438 2609 8439 2601 8439 2593 8439 2609 8440 2627 8440 2601 8440 2627 8441 2613 8441 2601 8441 2627 8442 2620 8442 2613 8442 2627 8443 2629 8443 2620 8443 2597 8444 2603 8444 2604 8444 2596 8445 2603 8445 2597 8445 2600 8446 2534 8446 2611 8446 2600 8447 2542 8447 2534 8447 2594 8448 2542 8448 2600 8448 2594 8449 2549 8449 2542 8449 2526 8450 2534 8450 2529 8450 2534 8451 2538 8451 2529 8451 2534 8452 2542 8452 2538 8452 2538 8453 2542 8453 2539 8453 2542 8454 2549 8454 2539 8454 2549 8455 2553 8455 2539 8455 2553 8456 2550 8456 2539 8456 2550 8457 2545 8457 2539 8457 2552 8458 2540 8458 2546 8458 2540 8459 2551 8459 2537 8459 2552 8460 2551 8460 2540 8460 2551 8461 2548 8461 2537 8461 2519 8462 2527 8462 2518 8462 2548 8463 2541 8463 2537 8463 2537 8464 2541 8464 2519 8464 2519 8465 2531 8465 2527 8465 2541 8466 2531 8466 2519 8466 2546 8467 2540 8467 2539 8467 2545 8468 2546 8468 2539 8468 2539 8469 2298 8469 2538 8469 2539 8470 2296 8470 2298 8470 2538 8471 2305 8471 2529 8471 2529 8472 2305 8472 2312 8472 2538 8473 2298 8473 2305 8473 2312 8474 2328 8474 2510 8474 2312 8475 2510 8475 2529 8475 2336 8476 2505 8476 2328 8476 2328 8477 2505 8477 2510 8477 2505 8478 2526 8478 2510 8478 2526 8479 2529 8479 2510 8479 2328 8480 2312 8480 2319 8480 2328 8481 2319 8481 2336 8481 2303 8482 2305 8482 2294 8482 2305 8483 2298 8483 2294 8483 2303 8484 2312 8484 2305 8484 2319 8485 2312 8485 2303 8485 2298 8486 2296 8486 2294 8486 2294 8487 2296 8487 2285 8487 2285 8488 2296 8488 2279 8488 2296 8489 2281 8489 2279 8489 2296 8490 2288 8490 2281 8490 2282 8491 2297 8491 2280 8491 2289 8492 2297 8492 2282 8492 2297 8493 2299 8493 2280 8493 2280 8494 2300 8494 2284 8494 2299 8495 2300 8495 2280 8495 2300 8496 2295 8496 2284 8496 2300 8497 2320 8497 2295 8497 2320 8498 2308 8498 2295 8498 2320 8499 2313 8499 2308 8499 2320 8500 2323 8500 2313 8500 2289 8501 2296 8501 2297 8501 2288 8502 2296 8502 2289 8502 2294 8503 2232 8503 2303 8503 2294 8504 2242 8504 2232 8504 2285 8505 2242 8505 2294 8505 2285 8506 2245 8506 2242 8506 2221 8507 2232 8507 2229 8507 2220 8508 2232 8508 2221 8508 2232 8509 2242 8509 2229 8509 2242 8510 2235 8510 2229 8510 2235 8511 2242 8511 2238 8511 2242 8512 2245 8512 2238 8512 2245 8513 2252 8513 2238 8513 2252 8514 2249 8514 2238 8514 2249 8515 2243 8515 2238 8515 2251 8516 2237 8516 2244 8516 2237 8517 2250 8517 2233 8517 2251 8518 2250 8518 2237 8518 2250 8519 2246 8519 2233 8519 2217 8520 2224 8520 2216 8520 2246 8521 2240 8521 2233 8521 2233 8522 2240 8522 2217 8522 2217 8523 2230 8523 2224 8523 2240 8524 2230 8524 2217 8524 2244 8525 2237 8525 2238 8525 2243 8526 2244 8526 2238 8526 2235 8527 1999 8527 2000 8527 2238 8528 1999 8528 2235 8528 1809 8529 1879 8529 1593 8529 1996 8530 1981 8530 1879 8530 1999 8531 2238 8531 1996 8531 1996 8532 2238 8532 1981 8532 1521 8533 1878 8533 1540 8533 1540 8534 1878 8534 1587 8534 1998 8535 1997 8535 1980 8535 1980 8536 1997 8536 1878 8536 1878 8537 1997 8537 1587 8537 1879 8538 1809 8538 1996 8538 1998 8539 1980 8539 1981 8539 2237 8540 1998 8540 1981 8540 2238 8541 2237 8541 1981 8541 1593 8542 1879 8542 1878 8542 1539 8543 1593 8543 1878 8543 1520 8544 1539 8544 1878 8544 1521 8545 1520 8545 1878 8545 1773 8546 1832 8546 1811 8546 1773 8547 1811 8547 1809 8547 1552 8548 1539 8548 1502 8548 1502 8549 1539 8549 1520 8549 1552 8550 1593 8550 1539 8550 1773 8551 1809 8551 1552 8551 1552 8552 1809 8552 1593 8552 1543 8553 1575 8553 1599 8553 1575 8554 1540 8554 1587 8554 1543 8555 1540 8555 1575 8555 1505 8556 1540 8556 1543 8556 1521 8557 1540 8557 1505 8557 1502 8558 1521 8558 1505 8558 1520 8559 1521 8559 1502 8559 1655 8560 1832 8560 1555 8560 1859 8561 1832 8561 1655 8561 1832 8562 1773 8562 1555 8562 1555 8563 1773 8563 1403 8563 1403 8564 1773 8564 1305 8564 1859 8565 1988 8565 1832 8565 1773 8566 1552 8566 1305 8566 1988 8567 1990 8567 1832 8567 1305 8568 1552 8568 1255 8568 1552 8569 1502 8569 1255 8569 1255 8570 1502 8570 1247 8570 1502 8571 1248 8571 1247 8571 1502 8572 1505 8572 1248 8572 1248 8573 1505 8573 1270 8573 1505 8574 1543 8574 1270 8574 1270 8575 1543 8575 1300 8575 1543 8576 1599 8576 1300 8576 1300 8577 1599 8577 1378 8577 1603 8578 1860 8578 1688 8578 1378 8579 1860 8579 1603 8579 1987 8580 1986 8580 1599 8580 1378 8581 1986 8581 1860 8581 1599 8582 1986 8582 1378 8582 1811 8583 1990 8583 1994 8583 1832 8584 1990 8584 1811 8584 1811 8585 1994 8585 1809 8585 1994 8586 1996 8586 1809 8586 1994 8587 1999 8587 1996 8587 1990 8588 1999 8588 1994 8588 1990 8589 1988 8589 1999 8589 1988 8590 1992 8590 1999 8590 1999 8591 1992 8591 2000 8591 1992 8592 2004 8592 2000 8592 2229 8593 2000 8593 2012 8593 2235 8594 2000 8594 2229 8594 2012 8595 2004 8595 2011 8595 2012 8596 2000 8596 2004 8596 2071 8597 2117 8597 2045 8597 2024 8598 2071 8598 2045 8598 2024 8599 2045 8599 2012 8599 2011 8600 2024 8600 2012 8600 2024 8601 2011 8601 2006 8601 2071 8602 2024 8602 2006 8602 2011 8603 1911 8603 2006 8603 2204 8604 2071 8604 2126 8604 2006 8605 2126 8605 2071 8605 1992 8606 1859 8606 1882 8606 2004 8607 1992 8607 1882 8607 1882 8608 1896 8608 2004 8608 2011 8609 2004 8609 1951 8609 2004 8610 1896 8610 1951 8610 1900 8611 1911 8611 1951 8611 1896 8612 1900 8612 1951 8612 1951 8613 1911 8613 2011 8613 1882 8614 1694 8614 1896 8614 1896 8615 1694 8615 1667 8615 1859 8616 1657 8616 1882 8616 1882 8617 1657 8617 1694 8617 1859 8618 1655 8618 1657 8618 1992 8619 1988 8619 1859 8619 2071 8620 2204 8620 2117 8620 2117 8621 2204 8621 2202 8621 2204 8622 2220 8622 2221 8622 2204 8623 2221 8623 2202 8623 2117 8624 2202 8624 2221 8624 2012 8625 2045 8625 2229 8625 2045 8626 2117 8626 2229 8626 2117 8627 2221 8627 2229 8627 1860 8628 1986 8628 1991 8628 1884 8629 1860 8629 1991 8629 1884 8630 1991 8630 2003 8630 1895 8631 1884 8631 2003 8631 2008 8632 1901 8632 1895 8632 2003 8633 2008 8633 1895 8633 1901 8634 2008 8634 2013 8634 1924 8635 1905 8635 2015 8635 1905 8636 1901 8636 2013 8636 2015 8637 1905 8637 2013 8637 2028 8638 1924 8638 2015 8638 1924 8639 2028 8639 2009 8639 2125 8640 2009 8640 2081 8640 2028 8641 2081 8641 2009 8641 2192 8642 2125 8642 2081 8642 2192 8643 2216 8643 2323 8643 2192 8644 2323 8644 2340 8644 2125 8645 2192 8645 2340 8645 2125 8646 2340 8646 2497 8646 2323 8647 2216 8647 2224 8647 2323 8648 2224 8648 2313 8648 2497 8649 2518 8649 2656 8649 2656 8650 2518 8650 2629 8650 2125 8651 2497 8651 2656 8651 2125 8652 2656 8652 2818 8652 2629 8653 2518 8653 2620 8653 2518 8654 2527 8654 2620 8654 2818 8655 2846 8655 2949 8655 2949 8656 2846 8656 2933 8656 2125 8657 2818 8657 2949 8657 2933 8658 2846 8658 2850 8658 2933 8659 2850 8659 2925 8659 3318 8660 3331 8660 3430 8660 3430 8661 3331 8661 3410 8661 3410 8662 3331 8662 3402 8662 3331 8663 3335 8663 3402 8663 3590 8664 3533 8664 3537 8664 3590 8665 3537 8665 3586 8665 3681 8666 3694 8666 3753 8666 3681 8667 3753 8667 3764 8667 3835 8668 3681 8668 3764 8668 3694 8669 3697 8669 3748 8669 3753 8670 3694 8670 3748 8670 3112 8671 3213 8671 3163 8671 2949 8672 3077 8672 3163 8672 3229 8673 3318 8673 3163 8673 2125 8674 2949 8674 3163 8674 3213 8675 3229 8675 3163 8675 3077 8676 3112 8676 3163 8676 3213 8677 3112 8677 3120 8677 3206 8678 3213 8678 3120 8678 2125 8679 3163 8679 3518 8679 3163 8680 3318 8680 3518 8680 3600 8681 3681 8681 3518 8681 3318 8682 3430 8682 3518 8682 3835 8683 2125 8683 3518 8683 3681 8684 3835 8684 3518 8684 3533 8685 3590 8685 3518 8685 3590 8686 3600 8686 3518 8686 3320 8687 3332 8687 3331 8687 3320 8688 3331 8688 3318 8688 3341 8689 3211 8689 3200 8689 3226 8690 3332 8690 3320 8690 3211 8691 3332 8691 3226 8691 3341 8692 3332 8692 3211 8692 3346 8693 3200 8693 3197 8693 3341 8694 3200 8694 3346 8694 3196 8695 3346 8695 3197 8695 3345 8696 3346 8696 3196 8696 3226 8697 3229 8697 3213 8697 3211 8698 3226 8698 3213 8698 3320 8699 3229 8699 3226 8699 3320 8700 3318 8700 3229 8700 3136 8701 3144 8701 3195 8701 3144 8702 3188 8702 3195 8702 3127 8703 3136 8703 3203 8703 3136 8704 3195 8704 3203 8704 3120 8705 3127 8705 3206 8705 3127 8706 3203 8706 3206 8706 3147 8707 3188 8707 3144 8707 3147 8708 3185 8708 3188 8708 3185 8709 3147 8709 3148 8709 3185 8710 3148 8710 3187 8710 3192 8711 3148 8711 3143 8711 3192 8712 3187 8712 3148 8712 3142 8713 3192 8713 3143 8713 3191 8714 3192 8714 3142 8714 3186 8715 3142 8715 3146 8715 3186 8716 3191 8716 3142 8716 3186 8717 3146 8717 3149 8717 3186 8718 3149 8718 3184 8718 3145 8719 3184 8719 3149 8719 3145 8720 3189 8720 3184 8720 3112 8721 3077 8721 3080 8721 3112 8722 3080 8722 3116 8722 3131 8723 2930 8723 2916 8723 2930 8724 3080 8724 2946 8724 2930 8725 3116 8725 3080 8725 3131 8726 3116 8726 2930 8726 3134 8727 2916 8727 2915 8727 3131 8728 2916 8728 3134 8728 2914 8729 3134 8729 2915 8729 3135 8730 3134 8730 2914 8730 2946 8731 2949 8731 2933 8731 2930 8732 2946 8732 2933 8732 2946 8733 3077 8733 2949 8733 3080 8734 3077 8734 2946 8734 2861 8735 2866 8735 2913 8735 2866 8736 2904 8736 2913 8736 2853 8737 2861 8737 2919 8737 2861 8738 2913 8738 2919 8738 2850 8739 2853 8739 2925 8739 2853 8740 2919 8740 2925 8740 2870 8741 2904 8741 2866 8741 2870 8742 2901 8742 2904 8742 2901 8743 2870 8743 2871 8743 2901 8744 2871 8744 2903 8744 2909 8745 2871 8745 2865 8745 2909 8746 2903 8746 2871 8746 2864 8747 2909 8747 2865 8747 2908 8748 2909 8748 2864 8748 2902 8749 2864 8749 2869 8749 2902 8750 2908 8750 2864 8750 2902 8751 2869 8751 2872 8751 2902 8752 2872 8752 2900 8752 2867 8753 2900 8753 2872 8753 2867 8754 2905 8754 2900 8754 2846 8755 2818 8755 2819 8755 2846 8756 2819 8756 2848 8756 2856 8757 2627 8757 2609 8757 2627 8758 2819 8758 2663 8758 2627 8759 2848 8759 2819 8759 2856 8760 2848 8760 2627 8760 2860 8761 2609 8761 2604 8761 2856 8762 2609 8762 2860 8762 2603 8763 2860 8763 2604 8763 2859 8764 2860 8764 2603 8764 2627 8765 2663 8765 2656 8765 2627 8766 2656 8766 2629 8766 2663 8767 2818 8767 2656 8767 2819 8768 2818 8768 2663 8768 2541 8769 2548 8769 2601 8769 2548 8770 2593 8770 2601 8770 2531 8771 2541 8771 2613 8771 2541 8772 2601 8772 2613 8772 2527 8773 2531 8773 2620 8773 2531 8774 2613 8774 2620 8774 2551 8775 2593 8775 2548 8775 2551 8776 2589 8776 2593 8776 2589 8777 2551 8777 2552 8777 2589 8778 2552 8778 2591 8778 2597 8779 2552 8779 2546 8779 2597 8780 2591 8780 2552 8780 2545 8781 2597 8781 2546 8781 2596 8782 2597 8782 2545 8782 2590 8783 2545 8783 2550 8783 2590 8784 2596 8784 2545 8784 2590 8785 2550 8785 2553 8785 2590 8786 2553 8786 2588 8786 2549 8787 2588 8787 2553 8787 2549 8788 2594 8788 2588 8788 2518 8789 2497 8789 2498 8789 2518 8790 2498 8790 2519 8790 2320 8791 2498 8791 2333 8791 2320 8792 2519 8792 2498 8792 2300 8793 2519 8793 2320 8793 2537 8794 2519 8794 2300 8794 2540 8795 2299 8795 2297 8795 2537 8796 2299 8796 2540 8796 2537 8797 2300 8797 2299 8797 2296 8798 2540 8798 2297 8798 2539 8799 2540 8799 2296 8799 2333 8800 2340 8800 2323 8800 2320 8801 2333 8801 2323 8801 2498 8802 2340 8802 2333 8802 2498 8803 2497 8803 2340 8803 2240 8804 2246 8804 2295 8804 2246 8805 2284 8805 2295 8805 2230 8806 2240 8806 2308 8806 2240 8807 2295 8807 2308 8807 2224 8808 2230 8808 2313 8808 2230 8809 2308 8809 2313 8809 2250 8810 2284 8810 2246 8810 2250 8811 2280 8811 2284 8811 2280 8812 2250 8812 2251 8812 2280 8813 2251 8813 2282 8813 2289 8814 2251 8814 2244 8814 2289 8815 2282 8815 2251 8815 2243 8816 2289 8816 2244 8816 2288 8817 2289 8817 2243 8817 2281 8818 2243 8818 2249 8818 2281 8819 2288 8819 2243 8819 2281 8820 2249 8820 2252 8820 2281 8821 2252 8821 2279 8821 2252 8822 2285 8822 2279 8822 2245 8823 2285 8823 2252 8823 2216 8824 2192 8824 2200 8824 2216 8825 2200 8825 2217 8825 2019 8826 2109 8826 2046 8826 2109 8827 2217 8827 2200 8827 2019 8828 2217 8828 2109 8828 2001 8829 2217 8829 2019 8829 2233 8830 2217 8830 2001 8830 2237 8831 2001 8831 1998 8831 2233 8832 2001 8832 2237 8832 1991 8833 1986 8833 2003 8833 1993 8834 1997 8834 1987 8834 1987 8835 1997 8835 1986 8835 1997 8836 2001 8836 1986 8836 1986 8837 2001 8837 2003 8837 2003 8838 2001 8838 2008 8838 1997 8839 1998 8839 2001 8839 1997 8840 1993 8840 1587 8840 1587 8841 1993 8841 1575 8841 1599 8842 1993 8842 1987 8842 1575 8843 1993 8843 1599 8843 2019 8844 2008 8844 2001 8844 2019 8845 2013 8845 2008 8845 2019 8846 2015 8846 2013 8846 2028 8847 2015 8847 2019 8847 2028 8848 2019 8848 2046 8848 2081 8849 2028 8849 2046 8849 2081 8850 2046 8850 2109 8850 2109 8851 2192 8851 2081 8851 2200 8852 2192 8852 2109 8852 3841 8853 3764 8853 3761 8853 3841 8854 3842 8854 3764 8854 3939 8855 3752 8855 3742 8855 3752 8856 3841 8856 3761 8856 3752 8857 3921 8857 3841 8857 3939 8858 3921 8858 3752 8858 3921 8859 3895 8859 3841 8859 3943 8860 3742 8860 3741 8860 3939 8861 3742 8861 3943 8861 3752 8862 3761 8862 3753 8862 3761 8863 3764 8863 3753 8863 3696 8864 3700 8864 3698 8864 3700 8865 3703 8865 3698 8865 3700 8866 3707 8866 3703 8866 3703 8867 3707 8867 3704 8867 3707 8868 3712 8868 3704 8868 3712 8869 3716 8869 3704 8869 3716 8870 3713 8870 3704 8870 3713 8871 3708 8871 3704 8871 3715 8872 3705 8872 3709 8872 3705 8873 3714 8873 3702 8873 3715 8874 3714 8874 3705 8874 3714 8875 3711 8875 3702 8875 3695 8876 3697 8876 3694 8876 3711 8877 3706 8877 3702 8877 3702 8878 3706 8878 3695 8878 3695 8879 3699 8879 3697 8879 3706 8880 3699 8880 3695 8880 3709 8881 3705 8881 3704 8881 3708 8882 3709 8882 3704 8882 3577 8883 3704 8883 3575 8883 3577 8884 3703 8884 3704 8884 3582 8885 3703 8885 3577 8885 3585 8886 3698 8886 3582 8886 3582 8887 3698 8887 3703 8887 3581 8888 3582 8888 3573 8888 3582 8889 3577 8889 3573 8889 3581 8890 3585 8890 3582 8890 3587 8891 3585 8891 3581 8891 3577 8892 3575 8892 3573 8892 3573 8893 3575 8893 3570 8893 3570 8894 3575 8894 3565 8894 3575 8895 3567 8895 3565 8895 3575 8896 3571 8896 3567 8896 3568 8897 3576 8897 3566 8897 3572 8898 3576 8898 3568 8898 3576 8899 3578 8899 3566 8899 3566 8900 3578 8900 3569 8900 3578 8901 3574 8901 3569 8901 3578 8902 3589 8902 3574 8902 3589 8903 3583 8903 3574 8903 3589 8904 3586 8904 3583 8904 3589 8905 3590 8905 3586 8905 3572 8906 3575 8906 3576 8906 3571 8907 3575 8907 3572 8907 3594 8908 3690 8908 3698 8908 3585 8909 3594 8909 3698 8909 3696 8910 3698 8910 3690 8910 3683 8911 3696 8911 3690 8911 3597 8912 3683 8912 3690 8912 3594 8913 3597 8913 3690 8913 3594 8914 3585 8914 3587 8914 3594 8915 3587 8915 3597 8915 3573 8916 3540 8916 3581 8916 3573 8917 3547 8917 3540 8917 3570 8918 3547 8918 3573 8918 3570 8919 3552 8919 3547 8919 3535 8920 3540 8920 3538 8920 3540 8921 3542 8921 3538 8921 3540 8922 3547 8922 3542 8922 3542 8923 3547 8923 3544 8923 3547 8924 3552 8924 3544 8924 3552 8925 3556 8925 3544 8925 3556 8926 3553 8926 3544 8926 3553 8927 3548 8927 3544 8927 3555 8928 3545 8928 3549 8928 3545 8929 3554 8929 3541 8929 3555 8930 3554 8930 3545 8930 3554 8931 3551 8931 3541 8931 3534 8932 3537 8932 3533 8932 3551 8933 3546 8933 3541 8933 3541 8934 3546 8934 3534 8934 3534 8935 3539 8935 3537 8935 3546 8936 3539 8936 3534 8936 3549 8937 3545 8937 3544 8937 3548 8938 3549 8938 3544 8938 3394 8939 3544 8939 3392 8939 3394 8940 3542 8940 3544 8940 3398 8941 3542 8941 3394 8941 3403 8942 3538 8942 3398 8942 3398 8943 3538 8943 3542 8943 3397 8944 3398 8944 3389 8944 3398 8945 3394 8945 3389 8945 3397 8946 3403 8946 3398 8946 3405 8947 3403 8947 3397 8947 3394 8948 3392 8948 3389 8948 3389 8949 3392 8949 3383 8949 3383 8950 3392 8950 3377 8950 3392 8951 3379 8951 3377 8951 3392 8952 3385 8952 3379 8952 3380 8953 3393 8953 3378 8953 3386 8954 3393 8954 3380 8954 3393 8955 3395 8955 3378 8955 3378 8956 3395 8956 3382 8956 3395 8957 3390 8957 3382 8957 3395 8958 3406 8958 3390 8958 3406 8959 3399 8959 3390 8959 3406 8960 3402 8960 3399 8960 3406 8961 3410 8961 3402 8961 3386 8962 3392 8962 3393 8962 3385 8963 3392 8963 3386 8963 3417 8964 3528 8964 3538 8964 3403 8965 3417 8965 3538 8965 3535 8966 3538 8966 3528 8966 3522 8967 3535 8967 3528 8967 3432 8968 3522 8968 3528 8968 3417 8969 3432 8969 3528 8969 3417 8970 3403 8970 3405 8970 3417 8971 3405 8971 3432 8971 3389 8972 3340 8972 3397 8972 3389 8973 3349 8973 3340 8973 3383 8974 3349 8974 3389 8974 3383 8975 3353 8975 3349 8975 3353 8976 3377 8976 3357 8976 3353 8977 3383 8977 3377 8977 3379 8978 3354 8978 3357 8978 3379 8979 3357 8979 3377 8979 3379 8980 3350 8980 3354 8980 3379 8981 3385 8981 3350 8981 3350 8982 3386 8982 3351 8982 3385 8983 3386 8983 3350 8983 3386 8984 3356 8984 3351 8984 3386 8985 3380 8985 3356 8985 3378 8986 3355 8986 3356 8986 3378 8987 3356 8987 3380 8987 3355 8988 3382 8988 3352 8988 3355 8989 3378 8989 3382 8989 3348 8990 3352 8990 3390 8990 3352 8991 3382 8991 3390 8991 3339 8992 3348 8992 3399 8992 3348 8993 3390 8993 3399 8993 3335 8994 3339 8994 3402 8994 3339 8995 3399 8995 3402 8995 3406 8996 3424 8996 3410 8996 3424 8997 3430 8997 3410 8997 3541 8998 3406 8998 3395 8998 3424 8999 3534 8999 3519 8999 3406 9000 3534 9000 3424 9000 3541 9001 3534 9001 3406 9001 3545 9002 3395 9002 3393 9002 3541 9003 3395 9003 3545 9003 3392 9004 3545 9004 3393 9004 3544 9005 3545 9005 3392 9005 3519 9006 3430 9006 3424 9006 3519 9007 3518 9007 3430 9007 3533 9008 3518 9008 3519 9008 3533 9009 3519 9009 3534 9009 3546 9010 3551 9010 3574 9010 3551 9011 3569 9011 3574 9011 3539 9012 3546 9012 3583 9012 3546 9013 3574 9013 3583 9013 3537 9014 3539 9014 3586 9014 3539 9015 3583 9015 3586 9015 3554 9016 3569 9016 3551 9016 3554 9017 3566 9017 3569 9017 3566 9018 3554 9018 3555 9018 3566 9019 3555 9019 3568 9019 3572 9020 3555 9020 3549 9020 3572 9021 3568 9021 3555 9021 3548 9022 3572 9022 3549 9022 3571 9023 3572 9023 3548 9023 3567 9024 3548 9024 3553 9024 3567 9025 3571 9025 3548 9025 3567 9026 3553 9026 3556 9026 3567 9027 3556 9027 3565 9027 3552 9028 3565 9028 3556 9028 3552 9029 3570 9029 3565 9029 3589 9030 3601 9030 3600 9030 3589 9031 3600 9031 3590 9031 3702 9032 3589 9032 3578 9032 3601 9033 3695 9033 3685 9033 3589 9034 3695 9034 3601 9034 3702 9035 3695 9035 3589 9035 3705 9036 3578 9036 3576 9036 3702 9037 3578 9037 3705 9037 3575 9038 3705 9038 3576 9038 3704 9039 3705 9039 3575 9039 3601 9040 3681 9040 3600 9040 3685 9041 3681 9041 3601 9041 3694 9042 3681 9042 3685 9042 3694 9043 3685 9043 3695 9043 3706 9044 3711 9044 3739 9044 3711 9045 3731 9045 3739 9045 3699 9046 3706 9046 3747 9046 3706 9047 3739 9047 3747 9047 3697 9048 3699 9048 3748 9048 3699 9049 3747 9049 3748 9049 3714 9050 3731 9050 3711 9050 3714 9051 3728 9051 3731 9051 3728 9052 3714 9052 3715 9052 3728 9053 3715 9053 3730 9053 3736 9054 3715 9054 3709 9054 3736 9055 3730 9055 3715 9055 3708 9056 3736 9056 3709 9056 3735 9057 3736 9057 3708 9057 3729 9058 3708 9058 3713 9058 3729 9059 3735 9059 3708 9059 3729 9060 3713 9060 3716 9060 3729 9061 3716 9061 3727 9061 3727 9062 3712 9062 3732 9062 3727 9063 3716 9063 3712 9063 3738 9064 3700 9064 3746 9064 3738 9065 3707 9065 3700 9065 3732 9066 3707 9066 3738 9066 3732 9067 3712 9067 3707 9067 1981 9068 1969 9068 1975 9068 1975 9069 1969 9069 1972 9069 1970 9070 1980 9070 1973 9070 1981 9071 1980 9071 1969 9071 1969 9072 1980 9072 1970 9072 1890 9073 1975 9073 1972 9073 1879 9074 1981 9074 1890 9074 1890 9075 1981 9075 1975 9075 1890 9076 1893 9076 1879 9076 1892 9077 1886 9077 1894 9077 1886 9078 1878 9078 1894 9078 1894 9079 1878 9079 1893 9079 1893 9080 1878 9080 1879 9080 1886 9081 1973 9081 1878 9081 1878 9082 1973 9082 1980 9082 1892 9083 1973 9083 1886 9083 1970 9084 1892 9084 1894 9084 1973 9085 1892 9085 1970 9085 1970 9086 1894 9086 1969 9086 1969 9087 1894 9087 1893 9087 1972 9088 1893 9088 1890 9088 1969 9089 1893 9089 1972 9089 3324 9090 3322 9090 3333 9090 3336 9091 3324 9091 3333 9091 3970 9092 4067 9092 3962 9092 3970 9093 4058 9093 4067 9093 3970 9094 4054 9094 4058 9094 3972 9095 3975 9095 3966 9095 3966 9096 3975 9096 3961 9096 3970 9097 3962 9097 3974 9097 3974 9098 3962 9098 3975 9098 3975 9099 3962 9099 3961 9099 3966 9100 4056 9100 3972 9100 3961 9101 4066 9101 3966 9101 3966 9102 4066 9102 4056 9102 4066 9103 4052 9103 4056 9103 4050 9104 4058 9104 4054 9104 4050 9105 4067 9105 4058 9105 4066 9106 4067 9106 4052 9106 4052 9107 4067 9107 4050 9107 4052 9108 3972 9108 4056 9108 4052 9109 3975 9109 3972 9109 3975 9110 4052 9110 4050 9110 3975 9111 4050 9111 3974 9111 4054 9112 3974 9112 4050 9112 4054 9113 3970 9113 3974 9113 4049 9114 4263 9114 4042 9114 4049 9115 4253 9115 4263 9115 4059 9116 4239 9116 4049 9116 4049 9117 4239 9117 4253 9117 4086 9118 4251 9118 4059 9118 4059 9119 4251 9119 4239 9119 4086 9120 4308 9120 4251 9120 4357 9121 4372 9121 4308 9121 4308 9122 4338 9122 4251 9122 4338 9123 4342 9123 4239 9123 4342 9124 4349 9124 4327 9124 4338 9125 4308 9125 4372 9125 4338 9126 4239 9126 4251 9126 4327 9127 4349 9127 4253 9127 4253 9128 4349 9128 4263 9128 4263 9129 4349 9129 4341 9129 4341 9130 4245 9130 4263 9130 4307 9131 4341 9131 4355 9131 4307 9132 4355 9132 4356 9132 4356 9133 4290 9133 4307 9133 4307 9134 4290 9134 4236 9134 4356 9135 4310 9135 4290 9135 4387 9136 4310 9136 4356 9136 4310 9137 4387 9137 4318 9137 4390 9138 4318 9138 4387 9138 4390 9139 4396 9139 4318 9139 4380 9140 4324 9140 4396 9140 4324 9141 4380 9141 4287 9141 4327 9142 4239 9142 4342 9142 4327 9143 4253 9143 4239 9143 4341 9144 4307 9144 4245 9144 4307 9145 4236 9145 4245 9145 4380 9146 4306 9146 4287 9146 4396 9147 4324 9147 4318 9147 4380 9148 4366 9148 4306 9148 4306 9149 4366 9149 1627 9149 4306 9150 1627 9150 1650 9150 5315 9151 5189 9151 5294 9151 5189 9152 5231 9152 5294 9152 5231 9153 5244 9153 5294 9153 5244 9154 5178 9154 5294 9154 5178 9155 5291 9155 5294 9155 5178 9156 5074 9156 5291 9156 5280 9157 4994 9157 5260 9157 4994 9158 4911 9158 5260 9158 5324 9159 4923 9159 5315 9159 4788 9160 4923 9160 5324 9160 4366 9161 4380 9161 4639 9161 5142 9162 5315 9162 5085 9162 5085 9163 5315 9163 5004 9163 5189 9164 5315 9164 5142 9164 4380 9165 4396 9165 4639 9165 4639 9166 4396 9166 4788 9166 4788 9167 4682 9167 4923 9167 5315 9168 4855 9168 5004 9168 4923 9169 4855 9169 5315 9169 5004 9170 4855 9170 4883 9170 4682 9171 4855 9171 4923 9171 4396 9172 4682 9172 4788 9172 4396 9173 4387 9173 4682 9173 4390 9174 4387 9174 4396 9174 4682 9175 4626 9175 4855 9175 4855 9176 4626 9176 4883 9176 4387 9177 4626 9177 4682 9177 5074 9178 5280 9178 5291 9178 4994 9179 5280 9179 5074 9179 4356 9180 4626 9180 4387 9180 4883 9181 4673 9181 4783 9181 4626 9182 4673 9182 4883 9182 4783 9183 4673 9183 4714 9183 4626 9184 4355 9184 4341 9184 4356 9185 4355 9185 4626 9185 4341 9186 4673 9186 4626 9186 5274 9187 5252 9187 4981 9187 4911 9188 4888 9188 5260 9188 4341 9189 4349 9189 4673 9189 4714 9190 4577 9190 4670 9190 4349 9191 4577 9191 4673 9191 4673 9192 4577 9192 4714 9192 4746 9193 4888 9193 4798 9193 4798 9194 4888 9194 4911 9194 4888 9195 4875 9195 5260 9195 5260 9196 4875 9196 5257 9196 4746 9197 4875 9197 4888 9197 5257 9198 4867 9198 5252 9198 4875 9199 4867 9199 5257 9199 5252 9200 4867 9200 4981 9200 4338 9201 4577 9201 4342 9201 4349 9202 4342 9202 4577 9202 4867 9203 4834 9203 4981 9203 4746 9204 4696 9204 4875 9204 4700 9205 4606 9205 4746 9205 4670 9206 4606 9206 4700 9206 4606 9207 4696 9207 4746 9207 4875 9208 4696 9208 4867 9208 4834 9209 4772 9209 4981 9209 4556 9210 4606 9210 4357 9210 4577 9211 4372 9211 4670 9211 4338 9212 4372 9212 4577 9212 4670 9213 4372 9213 4606 9213 4696 9214 4602 9214 4867 9214 4867 9215 4602 9215 4834 9215 4606 9216 4556 9216 4696 9216 4556 9217 4602 9217 4696 9217 4629 9218 4635 9218 4772 9218 4372 9219 4357 9219 4606 9219 4834 9220 4629 9220 4772 9220 4602 9221 4629 9221 4834 9221 4914 9222 4905 9222 4864 9222 4844 9223 4803 9223 4864 9223 4844 9224 4883 9224 4783 9224 5226 9225 5244 9225 5212 9225 5179 9226 5171 9226 5212 9226 5081 9227 5108 9227 5085 9227 4905 9228 4883 9228 4844 9228 4783 9229 4803 9229 4844 9229 5143 9230 5171 9230 5179 9230 5150 9231 5143 9231 5116 9231 5143 9232 5091 9232 5116 9232 5143 9233 5108 9233 5091 9233 5108 9234 5081 9234 5091 9234 5047 9235 5004 9235 4964 9235 4864 9236 4905 9236 4844 9236 4670 9237 4683 9237 4697 9237 4683 9238 4670 9238 4677 9238 5202 9239 5150 9239 5173 9239 5171 9240 5143 9240 5150 9240 5189 9241 5179 9241 5231 9241 5179 9242 5142 9242 5143 9242 5143 9243 5142 9243 5108 9243 5179 9244 5189 9244 5142 9244 5091 9245 5081 9245 5052 9245 5052 9246 5026 9246 5001 9246 5004 9247 5047 9247 5085 9247 4964 9248 4914 9248 4960 9248 4670 9249 4697 9249 4714 9249 5202 9250 5173 9250 5180 9250 5212 9251 5202 9251 5226 9251 5244 9252 5231 9252 5212 9252 5179 9253 5212 9253 5231 9253 5142 9254 5085 9254 5108 9254 5085 9255 5047 9255 5081 9255 5081 9256 5047 9256 5026 9256 5081 9257 5026 9257 5052 9257 5026 9258 4960 9258 5001 9258 5026 9259 5047 9259 4964 9259 4803 9260 4783 9260 4763 9260 4730 9261 4763 9261 4783 9261 4783 9262 4714 9262 4730 9262 4714 9263 4697 9263 4730 9263 5171 9264 5150 9264 5202 9264 5171 9265 5202 9265 5212 9265 4964 9266 4960 9266 5026 9266 5004 9267 4905 9267 4964 9267 4964 9268 4905 9268 4914 9268 4883 9269 4905 9269 5004 9269 4746 9270 4725 9270 4700 9270 4746 9271 4798 9271 4725 9271 4670 9272 4700 9272 4677 9272 4798 9273 4762 9273 4725 9273 4911 9274 4930 9274 4847 9274 5195 9275 5226 9275 5186 9275 5195 9276 5244 9276 5226 9276 4911 9277 4847 9277 4798 9277 4930 9278 4994 9278 4959 9278 5076 9279 5074 9279 5178 9279 5144 9280 5130 9280 5195 9280 5178 9281 5195 9281 5130 9281 5195 9282 5186 9282 5144 9282 5180 9283 5186 9283 5202 9283 4930 9284 4911 9284 4994 9284 4994 9285 5033 9285 4959 9285 5033 9286 4994 9286 5074 9286 5033 9287 5074 9287 5076 9287 5178 9288 5130 9288 5076 9288 5195 9289 5178 9289 5244 9289 5186 9290 5226 9290 5202 9290 4997 9291 4959 9291 5033 9291 4805 9292 4810 9292 4882 9292 4997 9293 5033 9293 5076 9293 5099 9294 5144 9294 5186 9294 4997 9295 5076 9295 5099 9295 5180 9296 5162 9296 5186 9296 5162 9297 5099 9297 5186 9297 5099 9298 5076 9298 5144 9298 4882 9299 4810 9299 4847 9299 4718 9300 4677 9300 4700 9300 4997 9301 4882 9301 4959 9301 4882 9302 4847 9302 4959 9302 5144 9303 5076 9303 5130 9303 4757 9304 4718 9304 4725 9304 4718 9305 4700 9305 4725 9305 4757 9306 4725 9306 4762 9306 4757 9307 4762 9307 4805 9307 4805 9308 4762 9308 4810 9308 4959 9309 4847 9309 4930 9309 4810 9310 4762 9310 4798 9310 4847 9311 4810 9311 4798 9311 4805 9312 4718 9312 4757 9312 4882 9313 4718 9313 4805 9313 4882 9314 5162 9314 4718 9314 5099 9315 5162 9315 4997 9315 4997 9316 5162 9316 4882 9316 4804 9317 5014 9317 4902 9317 4718 9318 5097 9318 4720 9318 5162 9319 5097 9319 4718 9319 4720 9320 5014 9320 4749 9320 5097 9321 5014 9321 4720 9321 4749 9322 5014 9322 4804 9322 5162 9323 5180 9323 5173 9323 5097 9324 5162 9324 5150 9324 5097 9325 5150 9325 5116 9325 5097 9326 5116 9326 5091 9326 5162 9327 5173 9327 5150 9327 5014 9328 5097 9328 5091 9328 5014 9329 5091 9329 5052 9329 5014 9330 5052 9330 5001 9330 5014 9331 5001 9331 4902 9331 4902 9332 5001 9332 4960 9332 4804 9333 4902 9333 4864 9333 4902 9334 4960 9334 4914 9334 4804 9335 4864 9335 4803 9335 4864 9336 4902 9336 4914 9336 4749 9337 4804 9337 4763 9337 4720 9338 4749 9338 4697 9338 4749 9339 4730 9339 4697 9339 4804 9340 4803 9340 4763 9340 4749 9341 4763 9341 4730 9341 4718 9342 4720 9342 4683 9342 4677 9343 4718 9343 4683 9343 4720 9344 4697 9344 4683 9344 745 9345 713 9345 749 9345 849 9346 797 9346 791 9346 930 9347 983 9347 912 9347 1063 9348 1092 9348 1129 9348 1123 9349 1129 9349 1187 9349 676 9350 631 9350 647 9350 631 9351 676 9351 710 9351 660 9352 631 9352 713 9352 710 9353 713 9353 631 9353 749 9354 713 9354 710 9354 745 9355 660 9355 713 9355 1184 9356 1187 9356 1170 9356 1189 9357 1187 9357 1184 9357 640 9358 676 9358 647 9358 568 9359 610 9359 631 9359 745 9360 791 9360 728 9360 853 9361 912 9361 849 9361 1063 9362 1129 9362 1123 9362 1129 9363 1170 9363 1187 9363 610 9364 629 9364 640 9364 610 9365 568 9365 629 9365 647 9366 610 9366 640 9366 610 9367 647 9367 631 9367 745 9368 785 9368 791 9368 791 9369 797 9369 728 9369 849 9370 785 9370 813 9370 853 9371 849 9371 813 9371 791 9372 785 9372 849 9372 895 9373 930 9373 912 9373 975 9374 1001 9374 893 9374 983 9375 1016 9375 975 9375 1123 9376 1001 9376 1063 9376 660 9377 745 9377 728 9377 749 9378 785 9378 745 9378 849 9379 893 9379 797 9379 895 9380 912 9380 853 9380 849 9381 912 9381 893 9381 983 9382 975 9382 912 9382 912 9383 975 9383 893 9383 975 9384 1016 9384 1001 9384 1063 9385 1001 9385 1016 9385 568 9386 546 9386 573 9386 1052 9387 1024 9387 966 9387 990 9388 966 9388 1024 9388 910 9389 990 9389 957 9389 798 9390 850 9390 859 9390 760 9391 665 9391 708 9391 723 9392 638 9392 665 9392 625 9393 568 9393 573 9393 990 9394 910 9394 966 9394 910 9395 850 9395 966 9395 910 9396 859 9396 850 9396 708 9397 715 9397 850 9397 760 9398 708 9398 798 9398 723 9399 665 9399 760 9399 546 9400 572 9400 665 9400 638 9401 546 9401 665 9401 638 9402 573 9402 546 9402 638 9403 625 9403 573 9403 798 9404 708 9404 850 9404 715 9405 708 9405 572 9405 708 9406 665 9406 572 9406 568 9407 625 9407 629 9407 653 9408 629 9408 625 9408 653 9409 625 9409 638 9409 746 9410 653 9410 638 9410 746 9411 723 9411 841 9411 875 9412 746 9412 841 9412 746 9413 638 9413 723 9413 875 9414 841 9414 859 9414 875 9415 859 9415 910 9415 1055 9416 980 9416 1024 9416 723 9417 760 9417 841 9417 1055 9418 1024 9418 1052 9418 980 9419 875 9419 910 9419 841 9420 760 9420 798 9420 980 9421 910 9421 957 9421 1102 9422 1055 9422 1052 9422 841 9423 798 9423 859 9423 1116 9424 1055 9424 1102 9424 1189 9425 1131 9425 1116 9425 980 9426 957 9426 1024 9426 1116 9427 1102 9427 1151 9427 1116 9428 1151 9428 1189 9428 957 9429 990 9429 1024 9429 875 9430 653 9430 746 9430 875 9431 1131 9431 653 9431 1116 9432 1131 9432 1055 9432 1055 9433 1131 9433 980 9433 980 9434 1131 9434 875 9434 1131 9435 1053 9435 653 9435 653 9436 1053 9436 756 9436 883 9437 1053 9437 991 9437 1100 9438 1053 9438 1131 9438 756 9439 1053 9439 883 9439 883 9440 991 9440 954 9440 883 9441 954 9441 895 9441 883 9442 853 9442 813 9442 756 9443 883 9443 813 9443 883 9444 895 9444 853 9444 756 9445 813 9445 785 9445 756 9446 785 9446 749 9446 991 9447 1026 9447 983 9447 991 9448 983 9448 954 9448 1053 9449 1063 9449 1026 9449 991 9450 1053 9450 1026 9450 749 9451 710 9451 756 9451 1131 9452 1189 9452 1184 9452 653 9453 756 9453 710 9453 653 9454 710 9454 676 9454 1131 9455 1184 9455 1170 9455 653 9456 676 9456 640 9456 1131 9457 1170 9457 1100 9457 1100 9458 1092 9458 1053 9458 895 9459 954 9459 930 9459 1063 9460 1053 9460 1092 9460 653 9461 640 9461 629 9461 1100 9462 1170 9462 1129 9462 1092 9463 1100 9463 1129 9463 983 9464 930 9464 954 9464 1016 9465 983 9465 1026 9465 1063 9466 1016 9466 1026 9466 628 9467 557 9467 569 9467 712 9468 732 9468 763 9468 878 9469 862 9469 779 9469 1192 9470 1159 9470 1240 9470 591 9471 589 9471 607 9471 569 9472 557 9472 544 9472 628 9473 589 9473 557 9473 685 9474 635 9474 569 9474 1008 9475 1082 9475 1009 9475 1106 9476 1082 9476 1128 9476 1082 9477 1106 9477 1085 9477 557 9478 589 9478 544 9478 607 9479 589 9479 630 9479 628 9480 630 9480 589 9480 657 9481 630 9481 628 9481 770 9482 732 9482 685 9482 763 9483 732 9483 770 9483 770 9484 808 9484 763 9484 685 9485 779 9485 770 9485 770 9486 858 9486 808 9486 779 9487 858 9487 770 9487 858 9488 779 9488 862 9488 858 9489 862 9489 906 9489 906 9490 932 9490 969 9490 1009 9491 878 9491 1008 9491 1037 9492 1009 9492 1082 9492 1037 9493 1082 9493 1085 9493 1082 9494 1159 9494 1128 9494 544 9495 589 9495 591 9495 680 9496 685 9496 732 9496 932 9497 906 9497 862 9497 862 9498 878 9498 932 9498 932 9499 878 9499 1009 9499 932 9500 1009 9500 969 9500 1009 9501 1011 9501 969 9501 1009 9502 1037 9502 1011 9502 732 9503 712 9503 680 9503 680 9504 635 9504 685 9504 657 9505 680 9505 712 9505 680 9506 628 9506 569 9506 680 9507 569 9507 635 9507 628 9508 680 9508 657 9508 1190 9509 1176 9509 1144 9509 1176 9510 1099 9510 1144 9510 1240 9511 1190 9511 1192 9511 1176 9512 1190 9512 1240 9512 1099 9513 1015 9513 1079 9513 998 9514 880 9514 944 9514 1015 9515 880 9515 998 9515 897 9516 944 9516 880 9516 897 9517 827 9517 867 9517 880 9518 827 9518 897 9518 880 9519 725 9519 827 9519 755 9520 827 9520 668 9520 725 9521 668 9521 827 9521 725 9522 567 9522 668 9522 668 9523 593 9523 671 9523 593 9524 668 9524 567 9524 593 9525 633 9525 671 9525 633 9526 593 9526 607 9526 544 9527 593 9527 567 9527 755 9528 806 9528 827 9528 755 9529 668 9529 727 9529 668 9530 671 9530 727 9530 806 9531 867 9531 827 9531 607 9532 593 9532 591 9532 593 9533 544 9533 591 9533 1120 9534 1190 9534 1144 9534 719 9535 819 9535 727 9535 1127 9536 1192 9536 1120 9536 944 9537 992 9537 998 9537 607 9538 659 9538 633 9538 659 9539 719 9539 633 9539 719 9540 727 9540 671 9540 719 9541 671 9541 633 9541 992 9542 944 9542 897 9542 819 9543 890 9543 834 9543 992 9544 897 9544 890 9544 992 9545 1070 9545 1079 9545 819 9546 834 9546 727 9546 890 9547 867 9547 834 9547 1070 9548 1120 9548 1144 9548 890 9549 897 9549 867 9549 992 9550 1079 9550 998 9550 1120 9551 1192 9551 1190 9551 727 9552 834 9552 755 9552 806 9553 755 9553 834 9553 1079 9554 1070 9554 1099 9554 1070 9555 1144 9555 1099 9555 867 9556 806 9556 834 9556 998 9557 1079 9557 1015 9557 899 9558 659 9558 804 9558 804 9559 659 9559 737 9559 1127 9560 1120 9560 1072 9560 1072 9561 1120 9561 984 9561 984 9562 1120 9562 899 9562 899 9563 1120 9563 659 9563 819 9564 992 9564 890 9564 659 9565 1070 9565 719 9565 819 9566 1070 9566 992 9566 719 9567 1070 9567 819 9567 1120 9568 1070 9568 659 9568 659 9569 607 9569 630 9569 804 9570 763 9570 808 9570 659 9571 630 9571 657 9571 659 9572 657 9572 737 9572 737 9573 712 9573 804 9573 804 9574 712 9574 763 9574 737 9575 657 9575 712 9575 804 9576 808 9576 855 9576 804 9577 855 9577 899 9577 984 9578 899 9578 969 9578 899 9579 906 9579 969 9579 1072 9580 984 9580 1011 9580 899 9581 855 9581 906 9581 984 9582 969 9582 1011 9582 906 9583 855 9583 858 9583 855 9584 808 9584 858 9584 1072 9585 1011 9585 1073 9585 1127 9586 1153 9586 1185 9586 1127 9587 1072 9587 1153 9587 1072 9588 1073 9588 1085 9588 1072 9589 1085 9589 1106 9589 1153 9590 1072 9590 1106 9590 1073 9591 1011 9591 1037 9591 1192 9592 1127 9592 1185 9592 1073 9593 1037 9593 1085 9593 1106 9594 1128 9594 1153 9594 1153 9595 1128 9595 1159 9595 1153 9596 1159 9596 1185 9596 1185 9597 1159 9597 1192 9597 5753 9598 5414 9598 5424 9598 5764 9599 5753 9599 5424 9599 5744 9600 5763 9600 5429 9600 5744 9601 5429 9601 5416 9601 5706 9602 5764 9602 5600 9602 5764 9603 5424 9603 5600 9603 5408 9604 5706 9604 5600 9604 5413 9605 5408 9605 5600 9605 5418 9606 5413 9606 5600 9606 5424 9607 5418 9607 5600 9607 5760 9608 5706 9608 5599 9608 5406 9609 5760 9609 5599 9609 5706 9610 5408 9610 5599 9610 5404 9611 5406 9611 5599 9611 5408 9612 5404 9612 5599 9612 5760 9613 5406 9613 5403 9613 5756 9614 5760 9614 5403 9614 5756 9615 5403 9615 5634 9615 5738 9616 5756 9616 5634 9616 5403 9617 5390 9617 5634 9617 5390 9618 5389 9618 5634 9618 5738 9619 5634 9619 5421 9619 5634 9620 5389 9620 5421 9620 5738 9621 5421 9621 5631 9621 5755 9622 5738 9622 5631 9622 5391 9623 5395 9623 5631 9623 5421 9624 5391 9624 5631 9624 5402 9625 5752 9625 5755 9625 5631 9626 5395 9626 5411 9626 5755 9627 5631 9627 5411 9627 5402 9628 5755 9628 5411 9628 5399 9629 5716 9629 5629 9629 5716 9630 5752 9630 5629 9630 5407 9631 5399 9631 5629 9631 5392 9632 5407 9632 5629 9632 5402 9633 5392 9633 5629 9633 5752 9634 5402 9634 5629 9634 5716 9635 5399 9635 5763 9635 5399 9636 5417 9636 5426 9636 5763 9637 5399 9637 5426 9637 5429 9638 5763 9638 5426 9638 5744 9639 5727 9639 5763 9639 5763 9640 5727 9640 5716 9640 5716 9641 5735 9641 5752 9641 5752 9642 5724 9642 5755 9642 5724 9643 5738 9643 5755 9643 5756 9644 5722 9644 5760 9644 5706 9645 5739 9645 5764 9645 5760 9646 5739 9646 5706 9646 5739 9647 5753 9647 5764 9647 5727 9648 5735 9648 5716 9648 5735 9649 5724 9649 5752 9649 5724 9650 5721 9650 5738 9650 5738 9651 5726 9651 5756 9651 5721 9652 5726 9652 5738 9652 5726 9653 5722 9653 5756 9653 5722 9654 5723 9654 5760 9654 5723 9655 5739 9655 5760 9655 5604 9656 5721 9656 5724 9656 5616 9657 5735 9657 5727 9657 5618 9658 5614 9658 5723 9658 5614 9659 5739 9659 5723 9659 5618 9660 5723 9660 5722 9660 5605 9661 5618 9661 5722 9661 5605 9662 5722 9662 5726 9662 5611 9663 5605 9663 5726 9663 5611 9664 5726 9664 5721 9664 5604 9665 5611 9665 5721 9665 5622 9666 5604 9666 5724 9666 5622 9667 5724 9667 5735 9667 5616 9668 5622 9668 5735 9668 5552 9669 5614 9669 5490 9669 5490 9670 5614 9670 5441 9670 5552 9671 5739 9671 5614 9671 5686 9672 5739 9672 5552 9672 5614 9673 5455 9673 5441 9673 5614 9674 5616 9674 5455 9674 5616 9675 5506 9675 5455 9675 5616 9676 5544 9676 5506 9676 5616 9677 5681 9677 5544 9677 5553 9678 5682 9678 5593 9678 5554 9679 5691 9679 5553 9679 5553 9680 5691 9680 5682 9680 5587 9681 5691 9681 5554 9681 5587 9682 5689 9682 5691 9682 5545 9683 5689 9683 5587 9683 5562 9684 5684 9684 5545 9684 5545 9685 5684 9685 5689 9685 5585 9686 5684 9686 5562 9686 5585 9687 5681 9687 5684 9687 5544 9688 5681 9688 5585 9688 5572 9689 5686 9689 5552 9689 5561 9690 5686 9690 5572 9690 5561 9691 5683 9691 5686 9691 5560 9692 5683 9692 5561 9692 5581 9693 5683 9693 5560 9693 5581 9694 5688 9694 5683 9694 5563 9695 5688 9695 5581 9695 5559 9696 5692 9696 5563 9696 5563 9697 5692 9697 5688 9697 5547 9698 5692 9698 5559 9698 5547 9699 5682 9699 5692 9699 5593 9700 5682 9700 5547 9700 5685 9701 5686 9701 5694 9701 5686 9702 5683 9702 5694 9702 5700 9703 5686 9703 5685 9703 5694 9704 5683 9704 5695 9704 5683 9705 5688 9705 5695 9705 5695 9706 5688 9706 5690 9706 5688 9707 5692 9707 5690 9707 5690 9708 5692 9708 5687 9708 5692 9709 5682 9709 5687 9709 5687 9710 5682 9710 5699 9710 5682 9711 5691 9711 5699 9711 5699 9712 5691 9712 5693 9712 5691 9713 5689 9713 5693 9713 5693 9714 5689 9714 5698 9714 5689 9715 5684 9715 5698 9715 5698 9716 5684 9716 5696 9716 5684 9717 5681 9717 5696 9717 5681 9718 5697 9718 5696 9718 5700 9719 5360 9719 5345 9719 5685 9720 5360 9720 5700 9720 5685 9721 5313 9721 5360 9721 5694 9722 5313 9722 5685 9722 5694 9723 5314 9723 5313 9723 5694 9724 5362 9724 5314 9724 5690 9725 5321 9725 5695 9725 5690 9726 5310 9726 5321 9726 5687 9727 5310 9727 5690 9727 5687 9728 5305 9728 5310 9728 5699 9729 5331 9729 5311 9729 5693 9730 5331 9730 5699 9730 5693 9731 5328 9731 5331 9731 5693 9732 5340 9732 5328 9732 5696 9733 5326 9733 5698 9733 5696 9734 5363 9734 5326 9734 5696 9735 5369 9735 5363 9735 5697 9736 5369 9736 5696 9736 5697 9737 5368 9737 5369 9737 5695 9738 5327 9738 5694 9738 5694 9739 5327 9739 5362 9739 5321 9740 5327 9740 5695 9740 5687 9741 5377 9741 5305 9741 5311 9742 5377 9742 5699 9742 5699 9743 5377 9743 5687 9743 5693 9744 5698 9744 5340 9744 5698 9745 5332 9745 5340 9745 5326 9746 5332 9746 5698 9746 5206 9747 5176 9747 5168 9747 5168 9748 5160 9748 5182 9748 5169 9749 5223 9749 5201 9749 5201 9750 5223 9750 5281 9750 5188 9751 5166 9751 5183 9751 5253 9752 5314 9752 5362 9752 5242 9753 5183 9753 5209 9753 5208 9754 5241 9754 5271 9754 5241 9755 5245 9755 5288 9755 5192 9756 5245 9756 5241 9756 5326 9757 5251 9757 5332 9757 5176 9758 5206 9758 5245 9758 5245 9759 5206 9759 5251 9759 5251 9760 5268 9760 5340 9760 5168 9761 5218 9761 5206 9761 5248 9762 5268 9762 5218 9762 5218 9763 5182 9763 5248 9763 5268 9764 5248 9764 5331 9764 5331 9765 5248 9765 5311 9765 5281 9766 5377 9766 5311 9766 5223 9767 5305 9767 5281 9767 5281 9768 5305 9768 5377 9768 5223 9769 5169 9769 5165 9769 5305 9770 5225 9770 5310 9770 5310 9771 5240 9771 5278 9771 5225 9772 5165 9772 5188 9772 5253 9773 5321 9773 5240 9773 5240 9774 5188 9774 5236 9774 5183 9775 5236 9775 5188 9775 5253 9776 5236 9776 5314 9776 5242 9777 5314 9777 5236 9777 5236 9778 5213 9778 5242 9778 5313 9779 5279 9779 5360 9779 5360 9780 5279 9780 5345 9780 5209 9781 5247 9781 5279 9781 5368 9782 5288 9782 5369 9782 5271 9783 5288 9783 5368 9783 5241 9784 5288 9784 5271 9784 5369 9785 5288 9785 5363 9785 5241 9786 5208 9786 5192 9786 5326 9787 5288 9787 5245 9787 5363 9788 5288 9788 5326 9788 5192 9789 5176 9789 5245 9789 5251 9790 5340 9790 5332 9790 5251 9791 5206 9791 5268 9791 5340 9792 5268 9792 5328 9792 5206 9793 5218 9793 5268 9793 5328 9794 5268 9794 5331 9794 5168 9795 5182 9795 5218 9795 5201 9796 5248 9796 5182 9796 5201 9797 5281 9797 5248 9797 5248 9798 5281 9798 5311 9798 5160 9799 5201 9799 5182 9799 5169 9800 5201 9800 5160 9800 5305 9801 5223 9801 5225 9801 5165 9802 5225 9802 5223 9802 5225 9803 5240 9803 5310 9803 5188 9804 5240 9804 5225 9804 5310 9805 5278 9805 5321 9805 5166 9806 5188 9806 5165 9806 5236 9807 5253 9807 5240 9807 5362 9808 5327 9808 5253 9808 5183 9809 5213 9809 5236 9809 5242 9810 5313 9810 5314 9810 5242 9811 5279 9811 5313 9811 5209 9812 5279 9812 5242 9812 5345 9813 5279 9813 5247 9813 5209 9814 5219 9814 5247 9814 5208 9815 5271 9815 5221 9815 5245 9816 5251 9816 5326 9816 5278 9817 5240 9817 5321 9817 5321 9818 5253 9818 5327 9818 5183 9819 5242 9819 5213 9819 5214 9820 5197 9820 5215 9820 5214 9821 5215 9821 5217 9821 5183 9822 5147 9822 5209 9822 5131 9823 5147 9823 5183 9823 5147 9824 5163 9824 5209 9824 5122 9825 5131 9825 5183 9825 5120 9826 5122 9826 5183 9826 5163 9827 5210 9827 5209 9827 5120 9828 5183 9828 5166 9828 5209 9829 5210 9829 5219 9829 5217 9830 5215 9830 5219 9830 5210 9831 5217 9831 5219 9831 5120 9832 5166 9832 5165 9832 5120 9833 5165 9833 5121 9833 5121 9834 5165 9834 5169 9834 5121 9835 5169 9835 5160 9835 5121 9836 5160 9836 5168 9836 5121 9837 5168 9837 5176 9837 5123 9838 5121 9838 5176 9838 5128 9839 5123 9839 5176 9839 5128 9840 5176 9840 5192 9840 5133 9841 5128 9841 5192 9841 5140 9842 5133 9842 5192 9842 5192 9843 5208 9843 5174 9843 5140 9844 5192 9844 5174 9844 5208 9845 5221 9845 5174 9845 5174 9846 5221 9846 5196 9846 5196 9847 5221 9847 5207 9847 5163 9848 5147 9848 5141 9848 5147 9849 5126 9849 5141 9849 5131 9850 5125 9850 5147 9850 5125 9851 5126 9851 5147 9851 5121 9852 5123 9852 5098 9852 5123 9853 5128 9853 5098 9853 5098 9854 5128 9854 5102 9854 5128 9855 5133 9855 5102 9855 5133 9856 5140 9856 5129 9856 5174 9857 5196 9857 5152 9857 5152 9858 5196 9858 5170 9858 5170 9859 5196 9859 5167 9859 5120 9860 5121 9860 5104 9860 5104 9861 5121 9861 5098 9861 5129 9862 5140 9862 5146 9862 5140 9863 5174 9863 5146 9863 4599 9864 4727 9864 4588 9864 4898 9865 5098 9865 4951 9865 4597 9866 4747 9866 4599 9866 5098 9867 4919 9867 5104 9867 4747 9868 4727 9868 4599 9868 4919 9869 4898 9869 4747 9869 4747 9870 4898 9870 4727 9870 5098 9871 4898 9871 4919 9871 5197 9872 5049 9872 5215 9872 5215 9873 5049 9873 4842 9873 5049 9874 5003 9874 4842 9874 5003 9875 4948 9875 4842 9875 5141 9876 5022 9876 5163 9876 5126 9877 5022 9877 5141 9877 5126 9878 4885 9878 5022 9878 4613 9879 4624 9879 4563 9879 4842 9880 4579 9880 4558 9880 4948 9881 4752 9881 4842 9881 4558 9882 4284 9882 4303 9882 4842 9883 4752 9883 4579 9883 4558 9884 4579 9884 4284 9884 4284 9885 4579 9885 4277 9885 4948 9886 4731 9886 4752 9886 4908 9887 4731 9887 4948 9887 4813 9888 4731 9888 4908 9888 4579 9889 4541 9889 4272 9889 4752 9890 4541 9890 4579 9890 4752 9891 4537 9891 4541 9891 4731 9892 4537 9892 4752 9892 4813 9893 4790 9893 4731 9893 4731 9894 4790 9894 4537 9894 4728 9895 4551 9895 4790 9895 4790 9896 4551 9896 4537 9896 5126 9897 4895 9897 4885 9897 5125 9898 4895 9898 5126 9898 4728 9899 4676 9899 4551 9899 4563 9900 4676 9900 4640 9900 4823 9901 4895 9901 4743 9901 4885 9902 4895 9902 4823 9902 5131 9903 4868 9903 5125 9903 5125 9904 4868 9904 4895 9904 4613 9905 4563 9905 4640 9905 5131 9906 4850 9906 4868 9906 5120 9907 4850 9907 5122 9907 5122 9908 4850 9908 5131 9908 4895 9909 4868 9909 4743 9909 5104 9910 4850 9910 5120 9910 4868 9911 4723 9911 4743 9911 4919 9912 4825 9912 5104 9912 5104 9913 4825 9913 4850 9913 4868 9914 4850 9914 4723 9914 4747 9915 4825 9915 4919 9915 4743 9916 4723 9916 4681 9916 4850 9917 4643 9917 4723 9917 4681 9918 4576 9918 4645 9918 4723 9919 4576 9919 4681 9919 4645 9920 4576 9920 4624 9920 4723 9921 4643 9921 4576 9921 4850 9922 4580 9922 4643 9922 4825 9923 4580 9923 4850 9923 4576 9924 4643 9924 4529 9924 4825 9925 4747 9925 4580 9925 4529 9926 4643 9926 4580 9926 4747 9927 4597 9927 4580 9927 4674 9928 4624 9928 4651 9928 4719 9929 4681 9929 4674 9929 5009 9930 5022 9930 4920 9930 4854 9931 4781 9931 4799 9931 5148 9932 5163 9932 5062 9932 5210 9933 5163 9933 5148 9933 4651 9934 4624 9934 4613 9934 4674 9935 4645 9935 4624 9935 4799 9936 4781 9936 4755 9936 4755 9937 4743 9937 4719 9937 4920 9938 5022 9938 4885 9938 5009 9939 5163 9939 5022 9939 5062 9940 5163 9940 5009 9940 4743 9941 4681 9941 4719 9941 4920 9942 4885 9942 4854 9942 4854 9943 4885 9943 4781 9943 4674 9944 4681 9944 4645 9944 4755 9945 4781 9945 4743 9945 4885 9946 4823 9946 4781 9946 4823 9947 4743 9947 4781 9947 5210 9948 5105 9948 5217 9948 5062 9949 5020 9949 5105 9949 4954 9950 5020 9950 5062 9950 4954 9951 4879 9951 4934 9951 4719 9952 4708 9952 4766 9952 4708 9953 4672 9953 4713 9953 5210 9954 5148 9954 5105 9954 5080 9955 5214 9955 5217 9955 5105 9956 5148 9956 5062 9956 5105 9957 5080 9957 5217 9957 5105 9958 5020 9958 5080 9958 4954 9959 5062 9959 5009 9959 5214 9960 5080 9960 4934 9960 5020 9961 4934 9961 5080 9961 4954 9962 4920 9962 4879 9962 4879 9963 4920 9963 4854 9963 4879 9964 4836 9964 4934 9964 4879 9965 4854 9965 4836 9965 4836 9966 4854 9966 4799 9966 4766 9967 4799 9967 4755 9967 4836 9968 4799 9968 4766 9968 4766 9969 4787 9969 4836 9969 4719 9970 4766 9970 4755 9970 4836 9971 4787 9971 4934 9971 4708 9972 4787 9972 4766 9972 4787 9973 4708 9973 4713 9973 4708 9974 4719 9974 4674 9974 4708 9975 4674 9975 4672 9975 4954 9976 5009 9976 4920 9976 4651 9977 4672 9977 4674 9977 4669 9978 4672 9978 4651 9978 4713 9979 4672 9979 4669 9979 4669 9980 4693 9980 4713 9980 4954 9981 4934 9981 5020 9981 4690 9982 4692 9982 4667 9982 4690 9983 4734 9983 4692 9983 4931 9984 4956 9984 4856 9984 5003 9985 5049 9985 4956 9985 4667 9986 4664 9986 4690 9986 4690 9987 4716 9987 4734 9987 4734 9988 4710 9988 4692 9988 4734 9989 4716 9989 4754 9989 4734 9990 4754 9990 4777 9990 4777 9991 4754 9991 4797 9991 4734 9992 4815 9992 4710 9992 4777 9993 4815 9993 4734 9993 4856 9994 4861 9994 4931 9994 4931 9995 4861 9995 4939 9995 4856 9996 4922 9996 4815 9996 4956 9997 4922 9997 4856 9997 4956 9998 4931 9998 5003 9998 4956 9999 5002 9999 4922 9999 5049 10000 5002 10000 4956 10000 5197 10001 5002 10001 5049 10001 5197 10002 5153 10002 5002 10002 4856 10003 4797 10003 4861 10003 4931 10004 4939 10004 5003 10004 5153 10005 5197 10005 5214 10005 4667 10006 4654 10006 4664 10006 4856 10007 4777 10007 4797 10007 4777 10008 4856 10008 4815 10008 4651 10009 4667 10009 4669 10009 4654 10010 4667 10010 4651 10010 4693 10011 4669 10011 4692 10011 4692 10012 4669 10012 4667 10012 4693 10013 4692 10013 4710 10013 4939 10014 4948 10014 5003 10014 4939 10015 4908 10015 4948 10015 4861 10016 4908 10016 4939 10016 4861 10017 4839 10017 4908 10017 4861 10018 4797 10018 4839 10018 4754 10019 4790 10019 4797 10019 4839 10020 4813 10020 4908 10020 4797 10021 4813 10021 4839 10021 4797 10022 4790 10022 4813 10022 4716 10023 4728 10023 4754 10023 4690 10024 4676 10024 4716 10024 4716 10025 4676 10025 4728 10025 4754 10026 4728 10026 4790 10026 4664 10027 4640 10027 4690 10027 4640 10028 4676 10028 4690 10028 4654 10029 4613 10029 4664 10029 4664 10030 4613 10030 4640 10030 4651 10031 4613 10031 4654 10031 4710 10032 4713 10032 4693 10032 4787 10033 5153 10033 4934 10033 4710 10034 5153 10034 4713 10034 5002 10035 5153 10035 4922 10035 4713 10036 5153 10036 4787 10036 4922 10037 5153 10037 4815 10037 4815 10038 5153 10038 4710 10038 5214 10039 4934 10039 5153 10039 1704 10040 1691 10040 1983 10040 1704 10041 1983 10041 1904 10041 1708 10042 1704 10042 1904 10042 1708 10043 1904 10043 1885 10043 1716 10044 1708 10044 1885 10044 1717 10045 1716 10045 1883 10045 1716 10046 1885 10046 1883 10046 4001 10047 4252 10047 4240 10047 4057 10048 4001 10048 4240 10048 4057 10049 4240 10049 4226 10049 4062 10050 4057 10050 4226 10050 4062 10051 4226 10051 4225 10051 1662 10052 4284 10052 1870 10052 2110 10053 1870 10053 3880 10053 1870 10054 4284 10054 4078 10054 1870 10055 4078 10055 3880 10055 1666 10056 1662 10056 1870 10056 1679 10057 1666 10057 1870 10057 1691 10058 1679 10058 1870 10058 2110 10059 1983 10059 1870 10059 1983 10060 1691 10060 1870 10060 4284 10061 4277 10061 4078 10061 4272 10062 4252 10062 4078 10062 4277 10063 4272 10063 4078 10063 4001 10064 3880 10064 4078 10064 4252 10065 4001 10065 4078 10065 1955 10066 1904 10066 2023 10066 1885 10067 1904 10067 1955 10067 1866 10068 1925 10068 1916 10068 1873 10069 1925 10069 1866 10069 1873 10070 1876 10070 1925 10070 1885 10071 1955 10071 1936 10071 1883 10072 1936 10072 1876 10072 1876 10073 1936 10073 1925 10073 1885 10074 1936 10074 1883 10074 1876 10075 1717 10075 1883 10075 1876 10076 1720 10076 1717 10076 1873 10077 1713 10077 1876 10077 1876 10078 1713 10078 1720 10078 1873 10079 1711 10079 1713 10079 1866 10080 1710 10080 1873 10080 1873 10081 1710 10081 1711 10081 1710 10082 1866 10082 1529 10082 1866 10083 1916 10083 1529 10083 1533 10084 1474 10084 1361 10084 1361 10085 1474 10085 1303 10085 1529 10086 1533 10086 1361 10086 1474 10087 1423 10087 1303 10087 1303 10088 1423 10088 1281 10088 1916 10089 1913 10089 1529 10089 1529 10090 1913 10090 1533 10090 1423 10091 1277 10091 1281 10091 1421 10092 1277 10092 1423 10092 1277 10093 1421 10093 1296 10093 1421 10094 1461 10094 1296 10094 1296 10095 1461 10095 1338 10095 1338 10096 1461 10096 1427 10096 1461 10097 1605 10097 1427 10097 1605 10098 1784 10098 1427 10098 1784 10099 1707 10099 1427 10099 1784 10100 1864 10100 1707 10100 1914 10101 1915 10101 1784 10101 1784 10102 1915 10102 1864 10102 919 10103 881 10103 709 10103 1108 10104 881 10104 919 10104 1277 10105 1098 10105 1281 10105 1281 10106 1098 10106 1108 10106 709 10107 881 10107 701 10107 1098 10108 881 10108 1108 10108 999 10109 881 10109 1098 10109 881 10110 717 10110 701 10110 701 10111 717 10111 699 10111 699 10112 720 10112 689 10112 720 10113 683 10113 689 10113 694 10114 654 10114 683 10114 709 10115 701 10115 696 10115 709 10116 868 10116 919 10116 1019 10117 1091 10117 868 10117 868 10118 1091 10118 919 10118 1091 10119 1108 10119 919 10119 1019 10120 1233 10120 1091 10120 1361 10121 1303 10121 1233 10121 1091 10122 1303 10122 1108 10122 1233 10123 1303 10123 1091 10123 1303 10124 1281 10124 1108 10124 1178 10125 1239 10125 1209 10125 1228 10126 1209 10126 1266 10126 1228 10127 1266 10127 1269 10127 584 10128 654 10128 703 10128 812 10129 703 10129 772 10129 812 10130 863 10130 911 10130 812 10131 772 10131 863 10131 1096 10132 1044 10132 1101 10132 1044 10133 987 10133 1031 10133 703 10134 654 10134 772 10134 1031 10135 1101 10135 1044 10135 911 10136 938 10136 987 10136 863 10137 938 10137 911 10137 987 10138 938 10138 1031 10138 1209 10139 1239 10139 1266 10139 694 10140 772 10140 654 10140 1178 10141 1175 10141 1239 10141 1096 10142 1175 10142 1178 10142 1096 10143 1101 10143 1175 10143 694 10144 863 10144 772 10144 584 10145 716 10145 578 10145 775 10146 864 10146 716 10146 877 10147 964 10147 864 10147 1209 10148 1177 10148 1140 10148 584 10149 703 10149 716 10149 655 10150 578 10150 800 10150 775 10151 716 10151 703 10151 578 10152 716 10152 800 10152 877 10153 775 10153 812 10153 864 10154 775 10154 877 10154 864 10155 800 10155 716 10155 911 10156 964 10156 877 10156 987 10157 964 10157 911 10157 964 10158 967 10158 864 10158 864 10159 967 10159 800 10159 987 10160 1044 10160 964 10160 964 10161 1044 10161 1051 10161 1051 10162 1044 10162 1096 10162 964 10163 1051 10163 967 10163 1051 10164 1096 10164 1140 10164 1140 10165 1096 10165 1178 10165 1140 10166 1121 10166 1051 10166 1209 10167 1140 10167 1178 10167 1051 10168 1121 10168 967 10168 1177 10169 1121 10169 1140 10169 703 10170 812 10170 775 10170 911 10171 877 10171 812 10171 1121 10172 1177 10172 1171 10172 1208 10173 1209 10173 1228 10173 1208 10174 1177 10174 1209 10174 1208 10175 1171 10175 1177 10175 1212 10176 1169 10176 1171 10176 1021 10177 977 10177 1084 10177 587 10178 579 10178 714 10178 1213 10179 1169 10179 1212 10179 1213 10180 1174 10180 1169 10180 1119 10181 1169 10181 1174 10181 1171 10182 1169 10182 1075 10182 1169 10183 1119 10183 1084 10183 1084 10184 1119 10184 1080 10184 1084 10185 1075 10185 1169 10185 1084 10186 1080 10186 1021 10186 1084 10187 977 10187 1075 10187 886 10188 961 10188 902 10188 977 10189 961 10189 886 10189 831 10190 886 10190 902 10190 886 10191 908 10191 977 10191 848 10192 908 10192 886 10192 831 10193 758 10193 886 10193 886 10194 758 10194 848 10194 831 10195 762 10195 758 10195 848 10196 825 10196 908 10196 758 10197 825 10197 848 10197 758 10198 587 10198 714 10198 758 10199 714 10199 825 10199 714 10200 655 10200 825 10200 714 10201 579 10201 655 10201 578 10202 655 10202 579 10202 1228 10203 1212 10203 1208 10203 977 10204 1021 10204 961 10204 1075 10205 977 10205 908 10205 762 10206 615 10206 758 10206 615 10207 587 10207 758 10207 1213 10208 1212 10208 1228 10208 1171 10209 1208 10209 1212 10209 587 10210 615 10210 580 10210 615 10211 750 10211 580 10211 683 10212 863 10212 694 10212 720 10213 863 10213 683 10213 717 10214 918 10214 699 10214 881 10215 918 10215 717 10215 1254 10216 1327 10216 1200 10216 1254 10217 1377 10217 1327 10217 1269 10218 1377 10218 1254 10218 845 10219 1012 10219 750 10219 580 10220 1012 10220 1006 10220 750 10221 1012 10221 580 10221 1388 10222 1660 10222 1665 10222 1006 10223 1012 10223 1388 10223 1396 10224 1660 10224 1388 10224 1012 10225 1396 10225 1388 10225 1012 10226 970 10226 1195 10226 917 10227 970 10227 845 10227 845 10228 970 10228 1012 10228 1012 10229 1195 10229 1396 10229 974 10230 970 10230 917 10230 1195 10231 1402 10231 1396 10231 970 10232 1309 10232 1195 10232 1041 10233 1309 10233 974 10233 974 10234 1309 10234 970 10234 1195 10235 1309 10235 1402 10235 1330 10236 1309 10236 1041 10236 1041 10237 1135 10237 1330 10237 720 10238 938 10238 863 10238 699 10239 857 10239 720 10239 918 10240 857 10240 699 10240 720 10241 857 10241 938 10241 1135 10242 1327 10242 1330 10242 1200 10243 1327 10243 1135 10243 1136 10244 1005 10244 918 10244 857 10245 1005 10245 938 10245 918 10246 1005 10246 857 10246 1031 10247 1005 10247 1101 10247 938 10248 1005 10248 1031 10248 1266 10249 1377 10249 1269 10249 1326 10250 1377 10250 1266 10250 1276 10251 1175 10251 1136 10251 1136 10252 1175 10252 1005 10252 1005 10253 1175 10253 1101 10253 1276 10254 1326 10254 1175 10254 1239 10255 1326 10255 1266 10255 1175 10256 1326 10256 1239 10256 1967 10257 2121 10257 1673 10257 1684 10258 1967 10258 1673 10258 1684 10259 1887 10259 1967 10259 1682 10260 1887 10260 1684 10260 1689 10261 1875 10261 1682 10261 1682 10262 1875 10262 1887 10262 1697 10263 1875 10263 1689 10263 3868 10264 4275 10264 4273 10264 3993 10265 4275 10265 3868 10265 3993 10266 4267 10266 4275 10266 4051 10267 4267 10267 3993 10267 4051 10268 4258 10268 4267 10268 4069 10269 4258 10269 4051 10269 4069 10270 4262 10270 4258 10270 1663 10271 1976 10271 1669 10271 1669 10272 1976 10272 1660 10272 1660 10273 1976 10273 1665 10273 1670 10274 1976 10274 1663 10274 2091 10275 2353 10275 1976 10275 1976 10276 2353 10276 1665 10276 1673 10277 2152 10277 1670 10277 2121 10278 2152 10278 1673 10278 2091 10279 2559 10279 2353 10279 2121 10280 2559 10280 2152 10280 2152 10281 2559 10281 2091 10281 3868 10282 2559 10282 2121 10282 1665 10283 3162 10283 4288 10283 2353 10284 3162 10284 1665 10284 3162 10285 3643 10285 4288 10285 2559 10286 3487 10286 3482 10286 3868 10287 3487 10287 2559 10287 3816 10288 4008 10288 3643 10288 3643 10289 4008 10289 4288 10289 4288 10290 4008 10290 4289 10290 4289 10291 4008 10291 4286 10291 4286 10292 4008 10292 4280 10292 4273 10293 3799 10293 3868 10293 1670 10294 2091 10294 1976 10294 2152 10295 2091 10295 1670 10295 2559 10296 2653 10296 2353 10296 2353 10297 2653 10297 3162 10297 3482 10298 2653 10298 2559 10298 3162 10299 2653 10299 3482 10299 3162 10300 3482 10300 3643 10300 3487 10301 3684 10301 3482 10301 3482 10302 3684 10302 3643 10302 3868 10303 3684 10303 3487 10303 3643 10304 3684 10304 3816 10304 3799 10305 3684 10305 3868 10305 3816 10306 3684 10306 3799 10306 4280 10307 3816 10307 4273 10307 4273 10308 3816 10308 3799 10308 4008 10309 3816 10309 4280 10309 1875 10310 1934 10310 1887 10310 2007 10311 1887 10311 1934 10311 1915 10312 1923 10312 1864 10312 1923 10313 1872 10313 1864 10313 1923 10314 1875 10314 1872 10314 1923 10315 1934 10315 1875 10315 2087 10316 2057 10316 2116 10316 2007 10317 2057 10317 2087 10317 2007 10318 2021 10318 2057 10318 2007 10319 1960 10319 2021 10319 1934 10320 1960 10320 2007 10320 1934 10321 1933 10321 1960 10321 1887 10322 2007 10322 1967 10322 1967 10323 2087 10323 2121 10323 2087 10324 1967 10324 2007 10324 3840 10325 3868 10325 2087 10325 3868 10326 2121 10326 2087 10326 3872 10327 2074 10327 3834 10327 3838 10328 3840 10328 2087 10328 3838 10329 2116 10329 3872 10329 2087 10330 2116 10330 3838 10330 2074 10331 3872 10331 2116 10331 3872 10332 3834 10332 3866 10332 3989 10333 3985 10333 3996 10333 3985 10334 3916 10334 3949 10334 3872 10335 3916 10335 3913 10335 3881 10336 3872 10336 3913 10336 3916 10337 3872 10337 3866 10337 3996 10338 4011 10338 3989 10338 3916 10339 3985 10339 3989 10339 3938 10340 3916 10340 3989 10340 3913 10341 3916 10341 3938 10341 3838 10342 3872 10342 3881 10342 4011 10343 4024 10343 4007 10343 4011 10344 4019 10344 4024 10344 3881 10345 3840 10345 3838 10345 3881 10346 3894 10346 3840 10346 3913 10347 3894 10347 3881 10347 3913 10348 3937 10348 3894 10348 3938 10349 3937 10349 3913 10349 3989 10350 3937 10350 3938 10350 3989 10351 4007 10351 3937 10351 4011 10352 4007 10352 3989 10352 4084 10353 4024 10353 4033 10353 4084 10354 4076 10354 4024 10354 4076 10355 4069 10355 4024 10355 4069 10356 4007 10356 4024 10356 4051 10357 4007 10357 4069 10357 3993 10358 3937 10358 4051 10358 4051 10359 3937 10359 4007 10359 3868 10360 3937 10360 3993 10360 3868 10361 3894 10361 3937 10361 3894 10362 3868 10362 3840 10362 4076 10363 4084 10363 4243 10363 4084 10364 4237 10364 4243 10364 4076 10365 4243 10365 4248 10365 4076 10366 4248 10366 4262 10366 4069 10367 4076 10367 4262 10367 4032 10368 4529 10368 4035 10368 4083 10369 4529 10369 4032 10369 4234 10370 4529 10370 4083 10370 4529 10371 4427 10371 4035 10371 4529 10372 4469 10372 4427 10372 4529 10373 4580 10373 4469 10373 4469 10374 4580 10374 4502 10374 4580 10375 4597 10375 4502 10375 4502 10376 4597 10376 4522 10376 4597 10377 4599 10377 4521 10377 4599 10378 4588 10378 4521 10378 4521 10379 4588 10379 4480 10379 4034 10380 4168 10380 4033 10380 4588 10381 4549 10381 4480 10381 4168 10382 4084 10382 4033 10382 4549 10383 4518 10383 4480 10383 4480 10384 4518 10384 4345 10384 4345 10385 4518 10385 4168 10385 4168 10386 4237 10386 4084 10386 4518 10387 4237 10387 4168 10387 4597 10388 4521 10388 4522 10388 4579 10389 4272 10389 4277 10389 4537 10390 4226 10390 4240 10390 4252 10391 4272 10391 4541 10391 4541 10392 4537 10392 4252 10392 4537 10393 4240 10393 4252 10393 4537 10394 4551 10394 4226 10394 4551 10395 4225 10395 4226 10395 4551 10396 4563 10396 4225 10396 4676 10397 4563 10397 4551 10397 4224 10398 4563 10398 4231 10398 4225 10399 4563 10399 4224 10399 4624 10400 4530 10400 4563 10400 4563 10401 4530 10401 4231 10401 4231 10402 4530 10402 4230 10402 4576 10403 4471 10403 4624 10403 4530 10404 4471 10404 4230 10404 4624 10405 4471 10405 4530 10405 4529 10406 4471 10406 4576 10406 4230 10407 4471 10407 4234 10407 4471 10408 4529 10408 4234 10408 4068 10409 4062 10409 4225 10409 4068 10410 4225 10410 4224 10410 4073 10411 4068 10411 4231 10411 4068 10412 4224 10412 4231 10412 4073 10413 4231 10413 4230 10413 4083 10414 4073 10414 4230 10414 4083 10415 4230 10415 4234 10415 4057 10416 4004 10416 3980 10416 4062 10417 4004 10417 4057 10417 4073 10418 4017 10418 4068 10418 4073 10419 4029 10419 4017 10419 4073 10420 4083 10420 4029 10420 4083 10421 4032 10421 4029 10421 4062 10422 4017 10422 4004 10422 4068 10423 4017 10423 4062 10423 4057 10424 3980 10424 4001 10424 3843 10425 3880 10425 3911 10425 4001 10426 3911 10426 3880 10426 3980 10427 3911 10427 4001 10427 2110 10428 3880 10428 2083 10428 3880 10429 3843 10429 2083 10429 3843 10430 2098 10430 2083 10430 3837 10431 2098 10431 3843 10431 3843 10432 3882 10432 3837 10432 3911 10433 3882 10433 3843 10433 3911 10434 3917 10434 3882 10434 3980 10435 3917 10435 3911 10435 3980 10436 3964 10436 3917 10436 3980 10437 3992 10437 3964 10437 4004 10438 3992 10438 3980 10438 4004 10439 4006 10439 3992 10439 3926 10440 3848 10440 3910 10440 3925 10441 3964 10441 3992 10441 3992 10442 3973 10442 3925 10442 3910 10443 3925 10443 3973 10443 3925 10444 3910 10444 3903 10444 3910 10445 3884 10445 3903 10445 3903 10446 3884 10446 3862 10446 3837 10447 3882 10447 3862 10447 3848 10448 3862 10448 3884 10448 4006 10449 3995 10449 3992 10449 3917 10450 3964 10450 3925 10450 3917 10451 3925 10451 3903 10451 3882 10452 3903 10452 3862 10452 3992 10453 3995 10453 3973 10453 3910 10454 3848 10454 3884 10454 3910 10455 3973 10455 3926 10455 3903 10456 3882 10456 3917 10456 4021 10457 3995 10457 4006 10457 4003 10458 3995 10458 4021 10458 4003 10459 3973 10459 3995 10459 3977 10460 3973 10460 4003 10460 3977 10461 3926 10461 3973 10461 4017 10462 4006 10462 4004 10462 4035 10463 4031 10463 4032 10463 4029 10464 4006 10464 4017 10464 4032 10465 4006 10465 4029 10465 4031 10466 4006 10466 4032 10466 4030 10467 4006 10467 4031 10467 4021 10468 4006 10468 4030 10468 4425 10469 4021 10469 4030 10469 4464 10470 4021 10470 4425 10470 4464 10471 4003 10471 4021 10471 4464 10472 3977 10472 4003 10472 4464 10473 4466 10473 3977 10473 4137 10474 3986 10474 4399 10474 4466 10475 3986 10475 3977 10475 4399 10476 3986 10476 4466 10476 1921 10477 1506 10477 1561 10477 1935 10478 1506 10478 1921 10478 1963 10479 1506 10479 1935 10479 3986 10480 1499 10480 3977 10480 1963 10481 1499 10481 1506 10481 3977 10482 1499 10482 1963 10482 1499 10483 1965 10483 1527 10483 3986 10484 1965 10484 1499 10484 1965 10485 1801 10485 1527 10485 1963 10486 2010 10486 2077 10486 1963 10487 2077 10487 3977 10487 3977 10488 2077 10488 3848 10488 3977 10489 3848 10489 3926 10489 3848 10490 2120 10490 3862 10490 3848 10491 2077 10491 2120 10491 3837 10492 2113 10492 2098 10492 3862 10493 2113 10493 3837 10493 3862 10494 2120 10494 2113 10494 2010 10495 1979 10495 2030 10495 2113 10496 2065 10496 2041 10496 2077 10497 2065 10497 2120 10497 2030 10498 2041 10498 2065 10498 1962 10499 1946 10499 1949 10499 1962 10500 1979 10500 2010 10500 1949 10501 1946 10501 1939 10501 2113 10502 2120 10502 2065 10502 1949 10503 2002 10503 1979 10503 1979 10504 1962 10504 1949 10504 2041 10505 2030 10505 2002 10505 2030 10506 2077 10506 2010 10506 2098 10507 2113 10507 2041 10507 2077 10508 2030 10508 2065 10508 2002 10509 2030 10509 1979 10509 1955 10510 1939 10510 1936 10510 1955 10511 1949 10511 1939 10511 1955 10512 2002 10512 1949 10512 2023 10513 2002 10513 1955 10513 2023 10514 2041 10514 2002 10514 2083 10515 2041 10515 2023 10515 2083 10516 2098 10516 2041 10516 1936 10517 1939 10517 1925 10517 1913 10518 1916 10518 1918 10518 1921 10519 1919 10519 1939 10519 1916 10520 1925 10520 1939 10520 1918 10521 1916 10521 1939 10521 1919 10522 1918 10522 1939 10522 1946 10523 1921 10523 1939 10523 1946 10524 1935 10524 1921 10524 1962 10525 1935 10525 1946 10525 1962 10526 1963 10526 1935 10526 2010 10527 1963 10527 1962 10527 1533 10528 1913 10528 1550 10528 1913 10529 1918 10529 1550 10529 1561 10530 1919 10530 1921 10530 1542 10531 1919 10531 1561 10531 1542 10532 1918 10532 1919 10532 1550 10533 1918 10533 1542 10533 1500 10534 1542 10534 1504 10534 1500 10535 1550 10535 1542 10535 1542 10536 1528 10536 1504 10536 1542 10537 1561 10537 1528 10537 1722 10538 1537 10538 1566 10538 1475 10539 1499 10539 1527 10539 1428 10540 1432 10540 1441 10540 1482 10541 1506 10541 1499 10541 1465 10542 1435 10542 1440 10542 1440 10543 1463 10543 1465 10543 1440 10544 1476 10544 1463 10544 1792 10545 1778 10545 1634 10545 1634 10546 1722 10546 1566 10546 1446 10547 1495 10547 1478 10547 1469 10548 1446 10548 1439 10548 1441 10549 1439 10549 1428 10549 1452 10550 1456 10550 1473 10550 1452 10551 1441 10551 1456 10551 1439 10552 1441 10552 1452 10552 1499 10553 1473 10553 1482 10553 1456 10554 1441 10554 1448 10554 1432 10555 1448 10555 1441 10555 1473 10556 1448 10556 1482 10556 1456 10557 1448 10557 1473 10557 1465 10558 1506 10558 1482 10558 1465 10559 1463 10559 1506 10559 1504 10560 1463 10560 1476 10560 1504 10561 1476 10561 1500 10561 1463 10562 1528 10562 1506 10562 1634 10563 1778 10563 1722 10563 1801 10564 1792 10564 1634 10564 1801 10565 1634 10565 1527 10565 1537 10566 1478 10566 1566 10566 1566 10567 1478 10567 1495 10567 1566 10568 1495 10568 1634 10568 1634 10569 1495 10569 1527 10569 1469 10570 1495 10570 1446 10570 1495 10571 1469 10571 1527 10571 1469 10572 1475 10572 1527 10572 1439 10573 1475 10573 1469 10573 1428 10574 1439 10574 1446 10574 1483 10575 1452 10575 1473 10575 1483 10576 1473 10576 1499 10576 1430 10577 1448 10577 1432 10577 1435 10578 1448 10578 1430 10578 1448 10579 1465 10579 1482 10579 1435 10580 1465 10580 1448 10580 1452 10581 1475 10581 1439 10581 1499 10582 1475 10582 1483 10582 1483 10583 1475 10583 1452 10583 1506 10584 1528 10584 1561 10584 1504 10585 1528 10585 1463 10585 1605 10586 1722 10586 1784 10586 1784 10587 1722 10587 1778 10587 1428 10588 1446 10588 1421 10588 1461 10589 1421 10589 1446 10589 1446 10590 1478 10590 1461 10590 1478 10591 1537 10591 1461 10591 1605 10592 1461 10592 1537 10592 1537 10593 1722 10593 1605 10593 1474 10594 1500 10594 1476 10594 1440 10595 1423 10595 1474 10595 1476 10596 1440 10596 1474 10596 1435 10597 1423 10597 1440 10597 1435 10598 1430 10598 1423 10598 1432 10599 1423 10599 1430 10599 1423 10600 1432 10600 1421 10600 1428 10601 1421 10601 1432 10601 1533 10602 1500 10602 1474 10602 1533 10603 1550 10603 1500 10603 1914 10604 1929 10604 1920 10604 1915 10605 1914 10605 1920 10605 1915 10606 1920 10606 1923 10606 1923 10607 1920 10607 1926 10607 1929 10608 1914 10608 1798 10608 1914 10609 1784 10609 1798 10609 1929 10610 1941 10610 1920 10610 1965 10611 1941 10611 1929 10611 1965 10612 1968 10612 1941 10612 1968 10613 1940 10613 1941 10613 1940 10614 1968 10614 1974 10614 1974 10615 1953 10615 1940 10615 1941 10616 1940 10616 1920 10616 3986 10617 1968 10617 1965 10617 3979 10618 1968 10618 3986 10618 3963 10619 3693 10619 3984 10619 3949 10620 3411 10620 3963 10620 1974 10621 2274 10621 1971 10621 3411 10622 1995 10622 2523 10622 3949 10623 1995 10623 3411 10623 1971 10624 2523 10624 1995 10624 2274 10625 2523 10625 1971 10625 3693 10626 3179 10626 3984 10626 3984 10627 3179 10627 3979 10627 3979 10628 3179 10628 1968 10628 1974 10629 3179 10629 2274 10629 1968 10630 3179 10630 1974 10630 3411 10631 3693 10631 3963 10631 3411 10632 3442 10632 3693 10632 3411 10633 3071 10633 3442 10633 2523 10634 3071 10634 3411 10634 2523 10635 2726 10635 3071 10635 3442 10636 3071 10636 3179 10636 3071 10637 2726 10637 3179 10637 2523 10638 2274 10638 2726 10638 3693 10639 3442 10639 3179 10639 2726 10640 2274 10640 3179 10640 1940 10641 1926 10641 1920 10641 1940 10642 1943 10642 1926 10642 1953 10643 1943 10643 1940 10643 1953 10644 1971 10644 1943 10644 1974 10645 1971 10645 1953 10645 1943 10646 1971 10646 1966 10646 1966 10647 1971 10647 1995 10647 1926 10648 1943 10648 1933 10648 1933 10649 1943 10649 1956 10649 1943 10650 1966 10650 1956 10650 3866 10651 2409 10651 3949 10651 3949 10652 2409 10652 1995 10652 3914 10653 3866 10653 3949 10653 3916 10654 3914 10654 3949 10654 2409 10655 2074 10655 1995 10655 1995 10656 2074 10656 2026 10656 3834 10657 3758 10657 3814 10657 3834 10658 3638 10658 3758 10658 3834 10659 2967 10659 3638 10659 2074 10660 2967 10660 3834 10660 3814 10661 3817 10661 3834 10661 3834 10662 3817 10662 3826 10662 3866 10663 3814 10663 3810 10663 3814 10664 3766 10664 3790 10664 3758 10665 3766 10665 3814 10665 3758 10666 3674 10666 3725 10666 3638 10667 3674 10667 3758 10667 3638 10668 3160 10668 3526 10668 2967 10669 3160 10669 3638 10669 3866 10670 3914 10670 3916 10670 3866 10671 3824 10671 3822 10671 3834 10672 3824 10672 3866 10672 3826 10673 3824 10673 3834 10673 3824 10674 3820 10674 3822 10674 3817 10675 3820 10675 3826 10675 3826 10676 3820 10676 3824 10676 3822 10677 3820 10677 3866 10677 3817 10678 3866 10678 3820 10678 3817 10679 3814 10679 3866 10679 3790 10680 3810 10680 3814 10680 3866 10681 3810 10681 3790 10681 3790 10682 3778 10682 3866 10682 3866 10683 3778 10683 3774 10683 3790 10684 3767 10684 3778 10684 3766 10685 3767 10685 3790 10685 3774 10686 3767 10686 3866 10686 3778 10687 3767 10687 3774 10687 3766 10688 3866 10688 3767 10688 3766 10689 3758 10689 3866 10689 3725 10690 3866 10690 3758 10690 3725 10691 3721 10691 3866 10691 3866 10692 3721 10692 3717 10692 3674 10693 3689 10693 3725 10693 3717 10694 3689 10694 3866 10694 3725 10695 3689 10695 3721 10695 3721 10696 3689 10696 3717 10696 3674 10697 3866 10697 3689 10697 3674 10698 3638 10698 3866 10698 3526 10699 3866 10699 3638 10699 3412 10700 3474 10700 3476 10700 3476 10701 3474 10701 3526 10701 3526 10702 2409 10702 3866 10702 3412 10703 2409 10703 3474 10703 3474 10704 2409 10704 3526 10704 3476 10705 3283 10705 3412 10705 3160 10706 3283 10706 3526 10706 3412 10707 3283 10707 2409 10707 3526 10708 3283 10708 3476 10708 3160 10709 2409 10709 3283 10709 3160 10710 2967 10710 2409 10710 2651 10711 2409 10711 2967 10711 2409 10712 2555 10712 2477 10712 2651 10713 2555 10713 2409 10713 2651 10714 2478 10714 2555 10714 2555 10715 2478 10715 2477 10715 2478 10716 2424 10716 2477 10716 2477 10717 2424 10717 2409 10717 2424 10718 2363 10718 2409 10718 2651 10719 2363 10719 2478 10719 2967 10720 2363 10720 2651 10720 2478 10721 2363 10721 2424 10721 2409 10722 2363 10722 2074 10722 2074 10723 2363 10723 2967 10723 2057 10724 2074 10724 2116 10724 2057 10725 2026 10725 2074 10725 2021 10726 2026 10726 2057 10726 1960 10727 2026 10727 2021 10727 2026 10728 1966 10728 1995 10728 1956 10729 2026 10729 1960 10729 2026 10730 1956 10730 1966 10730 1960 10731 1933 10731 1956 10731 1926 10732 1933 10732 1923 10732 1933 10733 1934 10733 1923 10733 3985 10734 3991 10734 3996 10734 3985 10735 3963 10735 3991 10735 3949 10736 3963 10736 3985 10736 4027 10737 4019 10737 4010 10737 4010 10738 3991 10738 3984 10738 3991 10739 3963 10739 3984 10739 4011 10740 4010 10740 4019 10740 3996 10741 4010 10741 4011 10741 3996 10742 3991 10742 4010 10742 4034 10743 4025 10743 4022 10743 4034 10744 4033 10744 4025 10744 4033 10745 4027 10745 4025 10745 4033 10746 4024 10746 4027 10746 4024 10747 4019 10747 4027 10747 4142 10748 4168 10748 4034 10748 4022 10749 4142 10749 4034 10749 3997 10750 4022 10750 4025 10750 3997 10751 3986 10751 4022 10751 3979 10752 3986 10752 3997 10752 4022 10753 4157 10753 4142 10753 3986 10754 4157 10754 4022 10754 3986 10755 4137 10755 4157 10755 4173 10756 4157 10756 4172 10756 4142 10757 4157 10757 4173 10757 4173 10758 4168 10758 4142 10758 4168 10759 4173 10759 4345 10759 4345 10760 4173 10760 4323 10760 4512 10761 4521 10761 4504 10761 4480 10762 4495 10762 4521 10762 4521 10763 4495 10763 4504 10763 4495 10764 4480 10764 4456 10764 4345 10765 4456 10765 4480 10765 4323 10766 4456 10766 4345 10766 4469 10767 4490 10767 4465 10767 4502 10768 4490 10768 4469 10768 4490 10769 4502 10769 4513 10769 4522 10770 4513 10770 4502 10770 4513 10771 4522 10771 4506 10771 4506 10772 4522 10772 4514 10772 4522 10773 4521 10773 4514 10773 4512 10774 4514 10774 4521 10774 4427 10775 4401 10775 4035 10775 4035 10776 4401 10776 4031 10776 4411 10777 4031 10777 4401 10777 4411 10778 4030 10778 4031 10778 4425 10779 4030 10779 4411 10779 4433 10780 4411 10780 4401 10780 4465 10781 4459 10781 4433 10781 4433 10782 4428 10782 4411 10782 4459 10783 4428 10783 4433 10783 4428 10784 4425 10784 4411 10784 4399 10785 4198 10785 4137 10785 4399 10786 4466 10786 4462 10786 4464 10787 4472 10787 4466 10787 4466 10788 4472 10788 4481 10788 4404 10789 4198 10789 4419 10789 4221 10790 4198 10790 4404 10790 4323 10791 4221 10791 4404 10791 4399 10792 4419 10792 4198 10792 4404 10793 4476 10793 4456 10793 4462 10794 4419 10794 4399 10794 4419 10795 4462 10795 4476 10795 4512 10796 4503 10796 4514 10796 4505 10797 4513 10797 4506 10797 4513 10798 4505 10798 4490 10798 4505 10799 4487 10799 4490 10799 4487 10800 4464 10800 4425 10800 4487 10801 4459 10801 4490 10801 4425 10802 4428 10802 4487 10802 4157 10803 4198 10803 4221 10803 4476 10804 4495 10804 4456 10804 4476 10805 4504 10805 4495 10805 4428 10806 4459 10806 4487 10806 4465 10807 4490 10807 4459 10807 4157 10808 4221 10808 4172 10808 4157 10809 4137 10809 4198 10809 4323 10810 4404 10810 4456 10810 4476 10811 4404 10811 4419 10811 4462 10812 4488 10812 4476 10812 4466 10813 4488 10813 4462 10813 4488 10814 4512 10814 4504 10814 4488 10815 4491 10815 4512 10815 4466 10816 4491 10816 4488 10816 4491 10817 4497 10817 4512 10817 4466 10818 4481 10818 4497 10818 4512 10819 4497 10819 4503 10819 4514 10820 4503 10820 4500 10820 4499 10821 4506 10821 4483 10821 4506 10822 4499 10822 4505 10822 4499 10823 4487 10823 4505 10823 4323 10824 4172 10824 4221 10824 4173 10825 4172 10825 4323 10825 4476 10826 4488 10826 4504 10826 4497 10827 4491 10827 4466 10827 4498 10828 4506 10828 4514 10828 4478 10829 4483 10829 4498 10829 4483 10830 4478 10830 4472 10830 4498 10831 4483 10831 4506 10831 4472 10832 4487 10832 4499 10832 4464 10833 4487 10833 4472 10833 4497 10834 4481 10834 4503 10834 4478 10835 4500 10835 4481 10835 4472 10836 4478 10836 4481 10836 4514 10837 4500 10837 4498 10837 4500 10838 4478 10838 4498 10838 4499 10839 4483 10839 4472 10839 4503 10840 4481 10840 4500 10840 4433 10841 4469 10841 4465 10841 4433 10842 4427 10842 4469 10842 4401 10843 4427 10843 4433 10843 3997 10844 3984 10844 3979 10844 4027 10845 4010 10845 4025 10845 4010 10846 3997 10846 4025 10846 3997 10847 4010 10847 3984 10847 1792 10848 1929 10848 1798 10848 1792 10849 1965 10849 1929 10849 1801 10850 1965 10850 1792 10850 1785 10851 1778 10851 1798 10851 1778 10852 1792 10852 1798 10852 1785 10853 1784 10853 1778 10853 1798 10854 1784 10854 1785 10854 1872 10855 1875 10855 1697 10855 1872 10856 1697 10856 1702 10856 1864 10857 1872 10857 1696 10857 1872 10858 1702 10858 1696 10858 1864 10859 1696 10859 1707 10859 1983 10860 2023 10860 1904 10860 2110 10861 2083 10861 1983 10861 1983 10862 2083 10862 2023 10862 5207 10863 5117 10863 5167 10863 5207 10864 5046 10864 5117 10864 4967 10865 4820 10865 4961 10865 4988 10866 4820 10866 4967 10866 5046 10867 4820 10867 4988 10867 5207 10868 4820 10868 5046 10868 4796 10869 4545 10869 4741 10869 4566 10870 4598 10870 4631 10870 4689 10871 4566 10871 4631 10871 4741 10872 4566 10872 4689 10872 4545 10873 4566 10873 4741 10873 4559 10874 4288 10874 4289 10874 4961 10875 4744 10875 4862 10875 4820 10876 4744 10876 4961 10876 4862 10877 4744 10877 4796 10877 4796 10878 4744 10878 4545 10878 4820 10879 4605 10879 4744 10879 4519 10880 4605 10880 4286 10880 4545 10881 4605 10881 4519 10881 4744 10882 4605 10882 4545 10882 4286 10883 4605 10883 4289 10883 4289 10884 4605 10884 4559 10884 4559 10885 4605 10885 4820 10885 5196 10886 5207 10886 5167 10886 5156 10887 5170 10887 5167 10887 5109 10888 5170 10888 5156 10888 5109 10889 5152 10889 5170 10889 5109 10890 5100 10890 5152 10890 5039 10891 5100 10891 5109 10891 5039 10892 4952 10892 4985 10892 5039 10893 5064 10893 5100 10893 5039 10894 4985 10894 5064 10894 4952 10895 4926 10895 4985 10895 4952 10896 4884 10896 4926 10896 4884 10897 4835 10897 4871 10897 4985 10898 5018 10898 5064 10898 4884 10899 4871 10899 4926 10899 4782 10900 4768 10900 4835 10900 4985 10901 4926 10901 5018 10901 4675 10902 4694 10902 4738 10902 4835 10903 4833 10903 4871 10903 4835 10904 4768 10904 4833 10904 4627 10905 4623 10905 4675 10905 4738 10906 4768 10906 4782 10906 4738 10907 4694 10907 4768 10907 4871 10908 4833 10908 4926 10908 4607 10909 4583 10909 4627 10909 4607 10910 4572 10910 4583 10910 4589 10911 4572 10911 4607 10911 4627 10912 4583 10912 4623 10912 4567 10913 4589 10913 4587 10913 4675 10914 4623 10914 4694 10914 4589 10915 4567 10915 4572 10915 5098 10916 5102 10916 4951 10916 5146 10917 5018 10917 4926 10917 5146 10918 5064 10918 5018 10918 5146 10919 5100 10919 5064 10919 5174 10920 5100 10920 5146 10920 4623 10921 4583 10921 4596 10921 5174 10922 5152 10922 5100 10922 5102 10923 4915 10923 4951 10923 4951 10924 4915 10924 4832 10924 5129 10925 4915 10925 5133 10925 5133 10926 4915 10926 5102 10926 4768 10927 4915 10927 4833 10927 4832 10928 4915 10928 4729 10928 4833 10929 4915 10929 5129 10929 4694 10930 4751 10930 4768 10930 4915 10931 4751 10931 4729 10931 4729 10932 4751 10932 4650 10932 4768 10933 4751 10933 4915 10933 5129 10934 4926 10934 4833 10934 5146 10935 4926 10935 5129 10935 4751 10936 4596 10936 4650 10936 4623 10937 4596 10937 4694 10937 4650 10938 4596 10938 4549 10938 4694 10939 4596 10939 4751 10939 4898 10940 4722 10940 4727 10940 4727 10941 4722 10941 4588 10941 4898 10942 4832 10942 4722 10942 4951 10943 4832 10943 4898 10943 4832 10944 4729 10944 4722 10944 4722 10945 4729 10945 4588 10945 4588 10946 4650 10946 4549 10946 4729 10947 4650 10947 4588 10947 4549 10948 4596 10948 4518 10948 4572 10949 4248 10949 4243 10949 4598 10950 4258 10950 4262 10950 4519 10951 4273 10951 4545 10951 4545 10952 4273 10952 4275 10952 4286 10953 4280 10953 4519 10953 4596 10954 4494 10954 4518 10954 4583 10955 4494 10955 4596 10955 4572 10956 4494 10956 4583 10956 4243 10957 4494 10957 4572 10957 4518 10958 4494 10958 4237 10958 4237 10959 4494 10959 4243 10959 4574 10960 4262 10960 4567 10960 4598 10961 4262 10961 4574 10961 4572 10962 4262 10962 4248 10962 4567 10963 4262 10963 4572 10963 4598 10964 4566 10964 4258 10964 4258 10965 4566 10965 4267 10965 4566 10966 4545 10966 4267 10966 4545 10967 4275 10967 4267 10967 4273 10968 4519 10968 4280 10968 4594 10969 4574 10969 4587 10969 4851 10970 4862 10970 4795 10970 4961 10971 4862 10971 4851 10971 4862 10972 4796 10972 4795 10972 4732 10973 4796 10973 4741 10973 4795 10974 4796 10974 4732 10974 4594 10975 4586 10975 4574 10975 4678 10976 4732 10976 4689 10976 4625 10977 4586 10977 4594 10977 4732 10978 4741 10978 4689 10978 4653 10979 4689 10979 4631 10979 4678 10980 4689 10980 4653 10980 4653 10981 4631 10981 4625 10981 4625 10982 4631 10982 4586 10982 4574 10983 4567 10983 4587 10983 4631 10984 4598 10984 4586 10984 4598 10985 4574 10985 4586 10985 4988 10986 4893 10986 4892 10986 4893 10987 4792 10987 4892 10987 4707 10988 4658 10988 4721 10988 5046 10989 4978 10989 5055 10989 4988 10990 4978 10990 5046 10990 4988 10991 4967 10991 4893 10991 4978 10992 4988 10992 4892 10992 4893 10993 4851 10993 4792 10993 4892 10994 4808 10994 4978 10994 4792 10995 4851 10995 4795 10995 4792 10996 4808 10996 4892 10996 4732 10997 4792 10997 4795 10997 4707 10998 4792 10998 4732 10998 4707 10999 4721 10999 4792 10999 4792 11000 4721 11000 4808 11000 4732 11001 4678 11001 4707 11001 4707 11002 4678 11002 4658 11002 4653 11003 4658 11003 4678 11003 4625 11004 4658 11004 4653 11004 4658 11005 4625 11005 4612 11005 4658 11006 4662 11006 4721 11006 4612 11007 4662 11007 4658 11007 4594 11008 4612 11008 4625 11008 4628 11009 4662 11009 4612 11009 4628 11010 4641 11010 4662 11010 5167 11011 5117 11011 5132 11011 5046 11012 5095 11012 5117 11012 5095 11013 5046 11013 5055 11013 4851 11014 4893 11014 4961 11014 4961 11015 4893 11015 4967 11015 5117 11016 5095 11016 5132 11016 4612 11017 4594 11017 4587 11017 4587 11018 4610 11018 4612 11018 4612 11019 4610 11019 4628 11019 4684 11020 4712 11020 4649 11020 4684 11021 4740 11021 4712 11021 4740 11022 4830 11022 4764 11022 4993 11023 5007 11023 4917 11023 4607 11024 4649 11024 4620 11024 4627 11025 4649 11025 4607 11025 4620 11026 4644 11026 4610 11026 4641 11027 4644 11027 4685 11027 4627 11028 4675 11028 4649 11028 4649 11029 4644 11029 4620 11029 4649 11030 4685 11030 4644 11030 4684 11031 4649 11031 4675 11031 4712 11032 4685 11032 4649 11032 4675 11033 4740 11033 4684 11033 4685 11034 4712 11034 4764 11034 4740 11035 4782 11035 4830 11035 4830 11036 4782 11036 4835 11036 4830 11037 4837 11037 4764 11037 4884 11038 4830 11038 4835 11038 4830 11039 4884 11039 4917 11039 4837 11040 4912 11040 4764 11040 4917 11041 4884 11041 4952 11041 4917 11042 4837 11042 4830 11042 4917 11043 4912 11043 4837 11043 4917 11044 4952 11044 4993 11044 5007 11045 4912 11045 4917 11045 5075 11046 4993 11046 5039 11046 5007 11047 4993 11047 5075 11047 5075 11048 5039 11048 5109 11048 5007 11049 5044 11049 4912 11049 5075 11050 5044 11050 5007 11050 4675 11051 4738 11051 4740 11051 4993 11052 4952 11052 5039 11052 4628 11053 4644 11053 4641 11053 4782 11054 4740 11054 4738 11054 4740 11055 4764 11055 4712 11055 5132 11056 5109 11056 5156 11056 5132 11057 5075 11057 5109 11057 5075 11058 5132 11058 5044 11058 5044 11059 5095 11059 5055 11059 4589 11060 4610 11060 4587 11060 4589 11061 4607 11061 4620 11061 4620 11062 4610 11062 4589 11062 4628 11063 4610 11063 4644 11063 5167 11064 5132 11064 5156 11064 5044 11065 5132 11065 5095 11065 4764 11066 4641 11066 4685 11066 4912 11067 4641 11067 4764 11067 4641 11068 4721 11068 4662 11068 4912 11069 5044 11069 4641 11069 4641 11070 4808 11070 4721 11070 5044 11071 5055 11071 4641 11071 5055 11072 4978 11072 4641 11072 4978 11073 4808 11073 4641 11073 1660 11074 1396 11074 1669 11074 1396 11075 1663 11075 1669 11075 1402 11076 1673 11076 1670 11076 1276 11077 1427 11077 1326 11077 1402 11078 1670 11078 1396 11078 1396 11079 1670 11079 1663 11079 1402 11080 1309 11080 1673 11080 1684 11081 1309 11081 1682 11081 1682 11082 1309 11082 1330 11082 1309 11083 1684 11083 1673 11083 1682 11084 1327 11084 1689 11084 1330 11085 1327 11085 1682 11085 1689 11086 1327 11086 1697 11086 1697 11087 1377 11087 1702 11087 1327 11088 1377 11088 1697 11088 1702 11089 1377 11089 1696 11089 1427 11090 1696 11090 1326 11090 1326 11091 1696 11091 1377 11091 1707 11092 1696 11092 1427 11092 1338 11093 1427 11093 1276 11093 999 11094 918 11094 881 11094 918 11095 1141 11095 1136 11095 1098 11096 1141 11096 999 11096 999 11097 1141 11097 918 11097 1338 11098 1136 11098 1296 11098 1296 11099 1141 11099 1277 11099 1141 11100 1296 11100 1136 11100 1136 11101 1338 11101 1276 11101 1098 11102 1277 11102 1141 11102 762 11103 750 11103 615 11103 762 11104 831 11104 750 11104 831 11105 845 11105 750 11105 902 11106 845 11106 831 11106 902 11107 917 11107 845 11107 961 11108 917 11108 902 11108 1080 11109 1067 11109 1021 11109 961 11110 974 11110 917 11110 961 11111 1021 11111 974 11111 1080 11112 1119 11112 1067 11112 1213 11113 1200 11113 1174 11113 1021 11114 1067 11114 974 11114 1213 11115 1254 11115 1200 11115 1119 11116 1135 11116 1067 11116 1067 11117 1041 11117 974 11117 1174 11118 1135 11118 1119 11118 1200 11119 1135 11119 1174 11119 1067 11120 1135 11120 1041 11120 1213 11121 1228 11121 1254 11121 1228 11122 1269 11122 1254 11122 967 11123 655 11123 800 11123 967 11124 1121 11124 655 11124 655 11125 908 11125 825 11125 1121 11126 1171 11126 655 11126 655 11127 1075 11127 908 11127 1171 11128 1075 11128 655 11128 1652 11129 4284 11129 1662 11129 1652 11130 4303 11130 4284 11130 1250 11131 1022 11131 870 11131 1022 11132 1250 11132 1322 11132 1652 11133 1662 11133 1250 11133 1250 11134 1666 11134 1322 11134 1662 11135 1666 11135 1250 11135 1666 11136 1679 11136 1322 11136 5593 11137 5547 11137 5553 11137 5553 11138 5547 11138 5509 11138 5462 11139 5439 11139 5446 11139 5547 11140 5511 11140 5509 11140 5475 11141 5439 11141 5462 11141 5511 11142 5475 11142 5509 11142 5559 11143 5511 11143 5547 11143 5460 11144 5439 11144 5475 11144 5511 11145 5460 11145 5475 11145 5559 11146 5512 11146 5511 11146 5563 11147 5512 11147 5559 11147 5512 11148 5460 11148 5511 11148 5581 11149 5529 11149 5563 11149 5512 11150 5482 11150 5460 11150 5563 11151 5529 11151 5512 11151 5529 11152 5482 11152 5512 11152 5460 11153 5450 11153 5439 11153 5482 11154 5450 11154 5460 11154 5529 11155 5492 11155 5482 11155 5581 11156 5560 11156 5529 11156 5560 11157 5492 11157 5529 11157 5492 11158 5450 11158 5482 11158 5500 11159 5468 11159 5492 11159 5561 11160 5500 11160 5560 11160 5560 11161 5500 11161 5492 11161 5492 11162 5468 11162 5450 11162 5468 11163 5441 11163 5450 11163 5572 11164 5500 11164 5561 11164 5500 11165 5490 11165 5468 11165 5572 11166 5490 11166 5500 11166 5552 11167 5490 11167 5572 11167 5490 11168 5441 11168 5468 11168 5585 11169 5522 11169 5544 11169 5506 11170 5476 11170 5455 11170 5544 11171 5522 11171 5506 11171 5522 11172 5476 11172 5506 11172 5585 11173 5562 11173 5522 11173 5476 11174 5440 11174 5455 11174 5562 11175 5545 11175 5522 11175 5545 11176 5496 11176 5522 11176 5469 11177 5440 11177 5476 11177 5522 11178 5496 11178 5476 11178 5496 11179 5469 11179 5476 11179 5532 11180 5496 11180 5545 11180 5587 11181 5532 11181 5545 11181 5496 11182 5486 11182 5469 11182 5532 11183 5486 11183 5496 11183 5469 11184 5446 11184 5440 11184 5486 11185 5446 11185 5469 11185 5587 11186 5554 11186 5532 11186 5554 11187 5515 11187 5532 11187 5532 11188 5515 11188 5486 11188 5486 11189 5474 11189 5446 11189 5515 11190 5474 11190 5486 11190 5474 11191 5462 11191 5446 11191 5553 11192 5515 11192 5554 11192 5515 11193 5462 11193 5474 11193 5509 11194 5515 11194 5553 11194 5475 11195 5462 11195 5509 11195 5509 11196 5462 11196 5515 11196 5439 11197 5440 11197 5446 11197 5439 11198 5455 11198 5440 11198 5441 11199 5455 11199 5450 11199 5450 11200 5455 11200 5439 11200 5727 11201 5681 11201 5616 11201 5616 11202 5604 11202 5622 11202 5616 11203 5611 11203 5604 11203 5611 11204 5614 11204 5605 11204 5605 11205 5614 11205 5618 11205 5616 11206 5614 11206 5611 11206 161 11207 141 11207 156 11207 138 11208 160 11208 155 11208 155 11209 160 11209 142 11209 142 11210 160 11210 153 11210 141 11211 160 11211 154 11211 154 11212 160 11212 138 11212 161 11213 160 11213 141 11213 3065 11214 3057 11214 3056 11214 3056 11215 3057 11215 3066 11215 3113 11216 3057 11216 3074 11216 3172 11217 3057 11217 3113 11217 3066 11218 3167 11218 3100 11218 3057 11219 3167 11219 3066 11219 3172 11220 3167 11220 3057 11220 3172 11221 4148 11221 3167 11221 4213 11222 4436 11222 4148 11222 4367 11223 4436 11223 4213 11223 4436 11224 4438 11224 4148 11224 4148 11225 4146 11225 3167 11225 4438 11226 4146 11226 4148 11226 4438 11227 4205 11227 4146 11227 4438 11228 4352 11228 4205 11228 3113 11229 3169 11229 3172 11229 3113 11230 3099 11230 3169 11230 3074 11231 3099 11231 3113 11231 3074 11232 3065 11232 3099 11232 3057 11233 3065 11233 3074 11233 4148 11234 3169 11234 4182 11234 3172 11235 3169 11235 4148 11235 4367 11236 4437 11236 4436 11236 4367 11237 4351 11237 4437 11237 4213 11238 4351 11238 4367 11238 4213 11239 4182 11239 4351 11239 4148 11240 4182 11240 4213 11240 4438 11241 4437 11241 4435 11241 4436 11242 4437 11242 4438 11242 4205 11243 4158 11243 4146 11243 4205 11244 4212 11244 4158 11244 4352 11245 4212 11245 4205 11245 4352 11246 4368 11246 4212 11246 4438 11247 4368 11247 4352 11247 4438 11248 4435 11248 4368 11248 3175 11249 3167 11249 4146 11249 4158 11250 3175 11250 4146 11250 3066 11251 3075 11251 3056 11251 3100 11252 3075 11252 3066 11252 3100 11253 3114 11253 3075 11253 3167 11254 3114 11254 3100 11254 3167 11255 3175 11255 3114 11255 3114 11256 3056 11256 3075 11256 3114 11257 3175 11257 3056 11257 3175 11258 3065 11258 3056 11258 3175 11259 3169 11259 3065 11259 3065 11260 3169 11260 3099 11260 4212 11261 4368 11261 4158 11261 4368 11262 4435 11262 4158 11262 4158 11263 4182 11263 3175 11263 3175 11264 4182 11264 3169 11264 4435 11265 4182 11265 4158 11265 4435 11266 4437 11266 4182 11266 4437 11267 4351 11267 4182 11267 2888 11268 2886 11268 2882 11268 2882 11269 2886 11269 2884 11269 2931 11270 2928 11270 2888 11270 2888 11271 2928 11271 2886 11271 2975 11272 2971 11272 2931 11272 2931 11273 2971 11273 2928 11273 3049 11274 3033 11274 2975 11274 2975 11275 3033 11275 2971 11275 3240 11276 3292 11276 3194 11276 3194 11277 3292 11277 3140 11277 3292 11278 3948 11278 3140 11278 3948 11279 2882 11279 3140 11279 2882 11280 2931 11280 2888 11280 2931 11281 3049 11281 2975 11281 2882 11282 3049 11282 2931 11282 4090 11283 4114 11283 4043 11283 4043 11284 4114 11284 3948 11284 3948 11285 3049 11285 2882 11285 4114 11286 3049 11286 3948 11286 4114 11287 4015 11287 3049 11287 4015 11288 3828 11288 3049 11288 4015 11289 3905 11289 3828 11289 3978 11290 3905 11290 4015 11290 4114 11291 4100 11291 4115 11291 4090 11292 4100 11292 4114 11292 4043 11293 4100 11293 4090 11293 4043 11294 4038 11294 4100 11294 3948 11295 4038 11295 4043 11295 3948 11296 3950 11296 4038 11296 3948 11297 3297 11297 3950 11297 2971 11298 3033 11298 2928 11298 2928 11299 2884 11299 2886 11299 3033 11300 2884 11300 2928 11300 3033 11301 3813 11301 2884 11301 3983 11302 4014 11302 3897 11302 3897 11303 4014 11303 3813 11303 3130 11304 3238 11304 3183 11304 3130 11305 3297 11305 3238 11305 2884 11306 3297 11306 3130 11306 3813 11307 3297 11307 2884 11307 3813 11308 4115 11308 3297 11308 4014 11309 4115 11309 3813 11309 4115 11310 3950 11310 3297 11310 4100 11311 3950 11311 4115 11311 4100 11312 4038 11312 3950 11312 4015 11313 4115 11313 4014 11313 4114 11314 4115 11314 4015 11314 3905 11315 3897 11315 3828 11315 3828 11316 3897 11316 3813 11316 3978 11317 3897 11317 3905 11317 3978 11318 3983 11318 3897 11318 4015 11319 3983 11319 3978 11319 4015 11320 4014 11320 3983 11320 3813 11321 3049 11321 3828 11321 3813 11322 3033 11322 3049 11322 3130 11323 3140 11323 2882 11323 2884 11324 3130 11324 2882 11324 3240 11325 3297 11325 3292 11325 3240 11326 3238 11326 3297 11326 3194 11327 3238 11327 3240 11327 3194 11328 3183 11328 3238 11328 3140 11329 3183 11329 3194 11329 3140 11330 3130 11330 3183 11330 3948 11331 3292 11331 3297 11331 2615 11332 2642 11332 2646 11332 2615 11333 2586 11333 2642 11333 2524 11334 2586 11334 2615 11334 2524 11335 2515 11335 2586 11335 2414 11336 2515 11336 2524 11336 2414 11337 2408 11337 2515 11337 2311 11338 2408 11338 2414 11338 2311 11339 2265 11339 2408 11339 2198 11340 2265 11340 2311 11340 2198 11341 2132 11341 2265 11341 2038 11342 2132 11342 2198 11342 2038 11343 1978 11343 2132 11343 1834 11344 1978 11344 2038 11344 1834 11345 1841 11345 1978 11345 1834 11346 1714 11346 1841 11346 1553 11347 1714 11347 1834 11347 1553 11348 1457 11348 1714 11348 1399 11349 1457 11349 1553 11349 1294 11350 1313 11350 1399 11350 1399 11351 1313 11351 1457 11351 1204 11352 1313 11352 1294 11352 1204 11353 1196 11353 1313 11353 1138 11354 1196 11354 1204 11354 1138 11355 1118 11355 1196 11355 1114 11356 1118 11356 1138 11356 1114 11357 1130 11357 1118 11357 1137 11358 1130 11358 1114 11358 1203 11359 1197 11359 1137 11359 1137 11360 1197 11360 1130 11360 1295 11361 1312 11361 1203 11361 1203 11362 1312 11362 1197 11362 1429 11363 1312 11363 1295 11363 1429 11364 1496 11364 1312 11364 1734 11365 1496 11365 1429 11365 1734 11366 1789 11366 1496 11366 1800 11367 1789 11367 1734 11367 1800 11368 1932 11368 1789 11368 1950 11369 1932 11369 1800 11369 1950 11370 2131 11370 1932 11370 2137 11371 2131 11371 1950 11371 2137 11372 2253 11372 2131 11372 2256 11373 2253 11373 2137 11373 2256 11374 2341 11374 2253 11374 2344 11375 2341 11375 2256 11375 2344 11376 2471 11376 2341 11376 2474 11377 2471 11377 2344 11377 2544 11378 2533 11378 2474 11378 2474 11379 2533 11379 2471 11379 2614 11380 2585 11380 2544 11380 2544 11381 2585 11381 2533 11381 2614 11382 2634 11382 2585 11382 2646 11383 2634 11383 2614 11383 2646 11384 2642 11384 2634 11384 1294 11385 1138 11385 1204 11385 1399 11386 1114 11386 1294 11386 1553 11387 1114 11387 1399 11387 1834 11388 1114 11388 1553 11388 1294 11389 1114 11389 1138 11389 2038 11390 2198 11390 1834 11390 2198 11391 1203 11391 1834 11391 1114 11392 1203 11392 1137 11392 1834 11393 1203 11393 1114 11393 2311 11394 2414 11394 2198 11394 1203 11395 1429 11395 1295 11395 1203 11396 1734 11396 1429 11396 2524 11397 2615 11397 2414 11397 1734 11398 1950 11398 1800 11398 1734 11399 2137 11399 1950 11399 2646 11400 2614 11400 2615 11400 2137 11401 2344 11401 2256 11401 2614 11402 2544 11402 2615 11402 1734 11403 2474 11403 2137 11403 2137 11404 2474 11404 2344 11404 2414 11405 2474 11405 2198 11405 2198 11406 2474 11406 1203 11406 1203 11407 2474 11407 1734 11407 2615 11408 2474 11408 2414 11408 2544 11409 2474 11409 2615 11409 1496 11410 1789 11410 1312 11410 1312 11411 1118 11411 1197 11411 1197 11412 1118 11412 1130 11412 1789 11413 2253 11413 1312 11413 1932 11414 2253 11414 1789 11414 2131 11415 2253 11415 1932 11415 1118 11416 1313 11416 1196 11416 2341 11417 2471 11417 2253 11417 2471 11418 2533 11418 2253 11418 1118 11419 1714 11419 1313 11419 1313 11420 1714 11420 1457 11420 2533 11421 2585 11421 2253 11421 2253 11422 2585 11422 1312 11422 2634 11423 2642 11423 2585 11423 1118 11424 2132 11424 1714 11424 2585 11425 2132 11425 1312 11425 1714 11426 2132 11426 1841 11426 1841 11427 2132 11427 1978 11427 1312 11428 2132 11428 1118 11428 2586 11429 2515 11429 2642 11429 2642 11430 2515 11430 2585 11430 2132 11431 2408 11431 2265 11431 2585 11432 2408 11432 2132 11432 2515 11433 2408 11433 2585 11433 3384 11434 3391 11434 3369 11434 3369 11435 3391 11435 3368 11435 3426 11436 3391 11436 3384 11436 3426 11437 3445 11437 3391 11437 3479 11438 3445 11438 3426 11438 3479 11439 3489 11439 3445 11439 3527 11440 3489 11440 3479 11440 3527 11441 3550 11441 3489 11441 3580 11442 3550 11442 3527 11442 3580 11443 3608 11443 3550 11443 3647 11444 3608 11444 3580 11444 3647 11445 3720 11445 3608 11445 3719 11446 3720 11446 3647 11446 3812 11447 3720 11447 3719 11447 3812 11448 3832 11448 3720 11448 3812 11449 3990 11449 3832 11449 4002 11450 3990 11450 3812 11450 4141 11451 4132 11451 4002 11451 4002 11452 4132 11452 3990 11452 4276 11453 4254 11453 4141 11453 4141 11454 4254 11454 4132 11454 4421 11455 4413 11455 4276 11455 4276 11456 4413 11456 4254 11456 4448 11457 4452 11457 4421 11457 4421 11458 4452 11458 4413 11458 4420 11459 4452 11459 4448 11459 4420 11460 4384 11460 4452 11460 4229 11461 4384 11461 4420 11461 4229 11462 4191 11462 4384 11462 4117 11463 4191 11463 4229 11463 4117 11464 4105 11464 4191 11464 3959 11465 4105 11465 4117 11465 3959 11466 3932 11466 4105 11466 3833 11467 3932 11467 3959 11467 3833 11468 3789 11468 3932 11468 3745 11469 3789 11469 3833 11469 3745 11470 3691 11470 3789 11470 3676 11471 3691 11471 3745 11471 3595 11472 3691 11472 3676 11472 3595 11473 3591 11473 3691 11473 3524 11474 3591 11474 3595 11474 3524 11475 3525 11475 3591 11475 3524 11476 3477 11476 3525 11476 3478 11477 3477 11477 3524 11477 3421 11478 3477 11478 3478 11478 3421 11479 3422 11479 3477 11479 3375 11480 3381 11480 3421 11480 3421 11481 3381 11481 3422 11481 3375 11482 3368 11482 3381 11482 3369 11483 3368 11483 3375 11483 3478 11484 3375 11484 3421 11484 3676 11485 3745 11485 3595 11485 3524 11486 3369 11486 3478 11486 3478 11487 3369 11487 3375 11487 3369 11488 3426 11488 3384 11488 3524 11489 3426 11489 3369 11489 3833 11490 4117 11490 3745 11490 3959 11491 4117 11491 3833 11491 3745 11492 4117 11492 3595 11492 3426 11493 3527 11493 3479 11493 3426 11494 3580 11494 3527 11494 3426 11495 3647 11495 3580 11495 4117 11496 4448 11496 3595 11496 4420 11497 4448 11497 4229 11497 4229 11498 4448 11498 4117 11498 3595 11499 4448 11499 3524 11499 3719 11500 4002 11500 3812 11500 3647 11501 4002 11501 3719 11501 3524 11502 4141 11502 3426 11502 4276 11503 4141 11503 4421 11503 4448 11504 4141 11504 3524 11504 3426 11505 4141 11505 3647 11505 4421 11506 4141 11506 4448 11506 3647 11507 4141 11507 4002 11507 3489 11508 3391 11508 3445 11508 3608 11509 3832 11509 3550 11509 3720 11510 3832 11510 3608 11510 3368 11511 3422 11511 3381 11511 3391 11512 3422 11512 3368 11512 3391 11513 3591 11513 3422 11513 3477 11514 3591 11514 3525 11514 3422 11515 3591 11515 3477 11515 3391 11516 3691 11516 3591 11516 3550 11517 3691 11517 3489 11517 3489 11518 3691 11518 3391 11518 3832 11519 4452 11519 3550 11519 4132 11520 4452 11520 3990 11520 4254 11521 4452 11521 4132 11521 4413 11522 4452 11522 4254 11522 3990 11523 4452 11523 3832 11523 3550 11524 4452 11524 3691 11524 3691 11525 3932 11525 3789 11525 4452 11526 4191 11526 3691 11526 3691 11527 4191 11527 3932 11527 4384 11528 4191 11528 4452 11528 4191 11529 4105 11529 3932 11529</p>
        </triangles>
      </mesh>
    </geometry>
  </library_geometries>
  <library_materials>
    <material id="mat_gimbal" name="gimbal">
      <instance_effect url="#effect_gimbal"/>
    </material>
  </library_materials>
  <library_visual_scenes>
    <visual_scene id="scene">
      <node id="node0" name="node0">
        <instance_geometry url="#geometry0">
          <bind_material>
            <technique_common>
              <instance_material symbol="ref_gimbal" target="#mat_gimbal"/>
            </technique_common>
          </bind_material>
        </instance_geometry>
      </node>
    </visual_scene>
  </library_visual_scenes>
  <scene>
    <instance_visual_scene url="#scene"/>
  </scene>
</COLLADA>
